code,name,fund_type,规模(亿),window,strategy,annualized_return_pct,max_drawdown_pct,sharpe_ratio,win_rate_pct,total_return_pct,vs_lump_sum_pct,score
501046,财通多策略福鑫定开混合,混合型-灵活,3.35,0.25y,价值平均法,148.67,6.46,4.96,100.0,57.69,-15.31,77.5
006502,财通集成电路产业股票A,股票型,5.05,0.25y,价值平均法,140.64,6.27,4.947,100.0,55.13,-14.53,74.63
004320,前海开源沪港深乐享生活,混合型-灵活,10.57,0.25y,价值平均法,143.82,8.13,4.711,100.0,56.15,-11.94,74.46
018816,方正富邦核心优势混合C,混合型-偏股,5.54,0.25y,价值平均法,160.3,16.79,3.619,66.7,61.34,6.01,74.33
006503,财通集成电路产业股票C,股票型,8.0,0.25y,价值平均法,139.93,6.28,4.93,100.0,54.9,-14.45,74.31
001480,财通成长优选混合A,混合型-灵活,21.89,0.25y,价值平均法,136.69,6.23,4.879,100.0,53.85,-14.96,72.93
021528,财通成长优选混合C,混合型-灵活,11.17,0.25y,价值平均法,136.34,6.24,4.875,100.0,53.73,-14.87,72.79
014915,财通匠心优选一年持有混合A,混合型-偏股,2.43,0.25y,价值平均法,143.09,6.44,4.931,66.7,55.92,-14.65,72.06
001986,前海开源人工智能主题混合A,混合型-灵活,5.48,0.25y,价值平均法,133.24,8.98,4.249,66.7,52.72,-5.9,66.3
720001,财通价值动量混合A,混合型-灵活,27.22,0.25y,价值平均法,106.25,5.19,4.723,100.0,43.61,-14.08,61.68
002692,富国创新科技混合A,混合型-偏股,45.78,0.25y,价值平均法,106.71,6.16,4.711,100.0,43.77,-17.0,60.89
002770,安信新回报混合A,混合型-灵活,2.03,0.25y,价值平均法,119.31,11.0,4.306,66.7,48.09,-4.76,60.89
011120,富国创新科技混合C,混合型-偏股,32.83,0.25y,价值平均法,106.34,6.19,4.698,100.0,43.65,-16.94,60.7
001170,宏利复兴混合A,混合型-灵活,13.02,0.25y,价值平均法,103.18,6.58,4.524,100.0,42.54,-12.03,59.36
017612,宏利复兴混合C,混合型-灵活,18.61,0.25y,价值平均法,103.02,6.57,4.521,100.0,42.48,-11.98,59.3
016558,安信洞见成长混合A,混合型-偏股,3.83,0.25y,价值平均法,115.69,11.65,4.149,66.7,46.86,-4.59,59.06
005825,申万菱信智能驱动股票A,股票型,3.91,0.25y,价值平均法,114.98,10.3,4.044,66.7,46.62,-3.12,58.94
015159,申万菱信智能驱动股票C,股票型,12.82,0.25y,价值平均法,114.7,10.32,4.035,66.7,46.53,-3.08,58.82
001184,易方达新常态灵活配置混合,混合型-灵活,28.84,0.25y,价值平均法,105.49,6.41,5.004,66.7,43.35,-11.97,58.2
021523,财通价值动量混合C,混合型-灵活,4.2,0.25y,价值平均法,105.96,5.23,4.713,66.7,43.51,-14.04,58.19
001048,富国新兴产业股票A,股票型,66.66,0.25y,价值平均法,108.29,6.98,4.528,66.7,44.32,-8.15,58.18
011369,华商均衡成长混合A,混合型-偏股,26.39,0.25y,价值平均法,98.78,7.11,4.984,100.0,40.99,-18.55,57.96
015686,富国新兴产业股票C,股票型,20.43,0.25y,价值平均法,107.81,7.03,4.513,66.7,44.16,-8.09,57.95
011370,华商均衡成长混合C,混合型-偏股,43.04,0.25y,价值平均法,98.36,7.11,4.97,100.0,40.84,-18.47,57.77
162201,宏利成长混合,混合型-灵活,20.57,0.25y,价值平均法,99.2,6.62,4.38,100.0,41.14,-10.34,57.63
001437,易方达瑞享混合I,混合型-灵活,31.99,0.25y,价值平均法,101.03,7.41,4.11,100.0,41.78,-10.4,57.32
001198,东方惠新灵活配置混合A,混合型-灵活,2.26,0.25y,价值平均法,114.64,13.75,3.339,66.7,46.5,3.66,57.18
002163,东方惠新灵活配置混合C,混合型-灵活,2.64,0.25y,价值平均法,114.42,13.77,3.332,66.7,46.43,3.69,57.08
001753,红土创新新兴产业混合A,混合型-灵活,15.31,0.25y,价值平均法,104.66,6.17,4.54,66.7,43.06,-9.7,57.07
008326,东财通信A,指数型-股票,3.04,0.25y,价值平均法,102.73,6.44,4.665,66.7,42.38,-12.22,56.26
008327,东财通信C,指数型-股票,11.67,0.25y,价值平均法,102.54,6.45,4.658,66.7,42.32,-12.19,56.17
019830,华夏数字产业混合C,混合型-偏股,6.17,0.25y,价值平均法,104.58,6.54,4.215,66.7,43.03,-11.31,55.88
001956,国联安科技动力,股票型,6.8,0.25y,价值平均法,101.11,10.49,3.706,100.0,41.81,-8.09,55.77
001194,景顺长城稳健回报混合A,混合型-灵活,29.0,0.25y,价值平均法,94.65,6.83,4.307,100.0,39.52,-9.2,55.75
008734,交银科锐科技创新混合A,混合型-偏股,2.75,0.25y,价值平均法,104.67,9.59,4.132,66.7,43.06,-1.04,55.71
001407,景顺长城稳健回报混合C,混合型-灵活,24.22,0.25y,价值平均法,94.45,6.83,4.302,100.0,39.45,-9.2,55.66
000688,景顺长城研究精选股票A,股票型,19.9,0.25y,价值平均法,94.03,7.02,4.36,100.0,39.29,-8.93,55.59
257070,国联安优选行业混合,混合型-偏股,7.24,0.25y,价值平均法,105.86,8.25,3.726,66.7,43.48,-4.4,55.16
003853,金鹰信息产业股票A,股票型,5.15,0.25y,价值平均法,105.42,11.42,3.823,66.7,43.33,1.2,55.09
005885,金鹰信息产业股票C,股票型,3.67,0.25y,价值平均法,105.14,11.44,3.813,66.7,43.23,1.24,54.96
008382,融通产业趋势股票,股票型,3.56,0.25y,价值平均法,106.71,9.11,3.82,66.7,43.78,-10.55,54.86
005844,东方人工智能主题混合A,混合型-偏股,10.29,0.25y,价值平均法,109.76,15.91,3.299,66.7,44.83,0.43,54.76
002892,华夏移动互联混合美元现汇,QDII-混合灵活,6.69,0.25y,价值平均法,106.48,12.58,3.717,66.7,43.7,-2.35,54.69
002893,华夏移动互联混合美元现钞,QDII-混合灵活,6.69,0.25y,价值平均法,106.48,12.58,3.717,66.7,43.7,-2.35,54.69
000390,华商优势行业混合A,混合型-灵活,82.05,0.25y,价值平均法,90.19,6.3,4.678,100.0,37.91,-14.66,54.66
001877,宝盈国家安全沪港深股票A,股票型,5.26,0.25y,价值平均法,103.36,8.97,4.126,66.7,42.6,-8.06,54.66
017811,东方人工智能主题混合C,混合型-偏股,97.6,0.25y,价值平均法,109.49,15.93,3.29,66.7,44.74,0.47,54.64
005914,景顺长城智能生活混合A,混合型-偏股,6.81,0.25y,价值平均法,91.98,6.7,4.227,100.0,38.56,-9.57,54.55
013613,宝盈国家安全沪港深股票C,股票型,2.35,0.25y,价值平均法,102.94,9.0,4.112,66.7,42.46,-8.0,54.47
001075,宝盈转型动力混合A,混合型-灵活,13.21,0.25y,价值平均法,101.38,7.78,4.171,66.7,41.91,-7.86,54.4
015389,宝盈转型动力混合C,混合型-灵活,13.81,0.25y,价值平均法,101.03,7.8,4.158,66.7,41.79,-7.8,54.24
013389,华夏成长先锋一年持有混合A,混合型-偏股,5.86,0.25y,价值平均法,101.0,8.72,4.024,66.7,41.78,-2.52,54.14
005774,华夏产业升级混合A,混合型-偏股,2.41,0.25y,价值平均法,100.54,11.79,4.163,66.7,41.61,-0.3,53.94
001438,易方达瑞享混合E,混合型-灵活,24.93,0.25y,价值平均法,100.88,7.42,4.105,66.7,41.73,-10.38,53.92
014023,宏利景气领航两年持有混合,混合型-偏股,6.18,0.25y,价值平均法,93.46,8.23,4.07,100.0,39.09,-12.86,53.87
009867,工银创新精选一年定开混合A,混合型-偏股,3.43,0.25y,价值平均法,100.11,8.98,4.026,66.7,41.46,-2.18,53.78
016370,信澳业绩驱动混合A,混合型-偏股,8.76,0.25y,价值平均法,95.02,9.61,3.767,100.0,39.65,-12.06,53.45
016371,信澳业绩驱动混合C,混合型-偏股,28.5,0.25y,价值平均法,94.61,9.63,3.755,100.0,39.5,-12.0,53.27
513310,中韩半导体ETF华泰柏瑞,指数型-海外股票,52.15,0.25y,价值平均法,110.43,19.78,2.623,66.7,45.06,1.78,53.17
019829,华夏数字产业混合A,混合型-偏股,3.57,0.25y,价值平均法,105.02,6.52,4.228,33.3,43.19,-11.37,52.74
000697,汇添富移动互联股票A,股票型,26.24,0.25y,价值平均法,98.58,9.31,3.976,66.7,40.92,-5.28,52.7
570008,诺德周期策略混合,混合型-偏股,9.08,0.25y,价值平均法,99.64,8.48,3.783,66.7,41.29,-6.74,52.68
011815,恒越优势精选混合A,混合型-偏股,6.33,0.25y,价值平均法,96.75,10.12,4.122,66.7,40.27,-1.46,52.6
460007,华泰柏瑞行业领先混合,混合型-偏股,2.65,0.25y,价值平均法,88.69,7.08,4.09,100.0,37.36,-12.27,52.54
015199,汇添富移动互联股票D,股票型,3.58,0.25y,价值平均法,98.2,9.35,3.967,66.7,40.78,-5.25,52.53
015198,汇添富移动互联股票C,股票型,6.88,0.25y,价值平均法,98.14,9.36,3.96,66.7,40.76,-5.22,52.49
002891,华夏移动互联混合人民币,QDII-混合灵活,6.69,0.25y,价值平均法,101.19,12.61,3.593,66.7,41.84,-1.96,52.48
001521,国寿安保成长优选股票A,股票型,2.99,0.25y,价值平均法,95.52,13.28,4.536,66.7,39.83,-5.1,52.37
010020,华夏线上经济主题精选混合,混合型-偏股,11.64,0.25y,价值平均法,98.13,10.24,3.87,66.7,40.76,-3.44,52.26
519644,银河智联混合A,混合型-灵活,3.71,0.25y,价值平均法,98.88,9.69,3.742,66.7,41.02,-4.6,52.21
017730,嘉实全球产业升级股票发起式(QDII)A,QDII-普通股票,9.22,0.25y,价值平均法,91.82,8.1,4.48,66.7,38.5,-1.47,52.13
011891,易方达先锋成长混合A,混合型-偏股,20.9,0.25y,价值平均法,98.38,8.07,3.871,66.7,40.85,-12.13,52.0
018998,景顺长城研究精选股票C,股票型,18.49,0.25y,价值平均法,93.48,7.09,4.342,66.7,39.1,-8.9,51.99
009491,宝盈创新驱动股票A,股票型,7.46,0.25y,价值平均法,96.33,7.88,3.92,66.7,40.12,-6.68,51.96
017102,大摩数字经济混合A,混合型-偏股,46.08,0.25y,价值平均法,97.31,10.16,3.97,66.7,40.47,-6.28,51.94
017731,嘉实全球产业升级股票发起式(QDII)C,QDII-普通股票,11.5,0.25y,价值平均法,91.39,8.14,4.462,66.7,38.34,-1.42,51.91
009644,东方阿尔法优势产业混合A,混合型-偏股,13.11,0.25y,价值平均法,97.94,8.81,3.807,66.7,40.69,-7.94,51.9
011892,易方达先锋成长混合C,混合型-偏股,23.2,0.25y,价值平均法,98.1,8.08,3.863,66.7,40.75,-12.09,51.88
159582,半导体ETF博时,指数型-股票,3.35,0.25y,价值平均法,100.72,14.66,3.354,66.7,41.68,1.77,51.86
588810,科创芯片ETF富国,指数型-股票,5.2,0.25y,价值平均法,100.76,14.32,3.21,66.7,41.69,4.55,51.82
010115,易方达远见成长混合A,混合型-偏股,29.33,0.25y,价值平均法,97.93,8.08,3.856,66.7,40.69,-12.09,51.8
017103,大摩数字经济混合C,混合型-偏股,30.94,0.25y,价值平均法,96.89,10.21,3.955,66.7,40.32,-6.22,51.75
009645,东方阿尔法优势产业混合C,混合型-偏股,11.75,0.25y,价值平均法,97.58,8.83,3.795,66.7,40.56,-7.89,51.73
018777,金信精选成长混合C,混合型-偏股,2.32,0.25y,价值平均法,100.99,14.8,3.318,66.7,41.77,0.51,51.73
011412,易方达远见成长混合C,混合型-偏股,22.95,0.25y,价值平均法,97.62,8.08,3.848,66.7,40.58,-12.05,51.67
561980,半导体设备ETF招商,指数型-股票,32.73,0.25y,价值平均法,100.28,14.76,3.325,66.7,41.52,1.81,51.62
560780,半导体设备ETF广发,指数型-股票,33.61,0.25y,价值平均法,100.97,15.3,3.209,66.7,41.76,2.62,51.61
588990,科创芯片ETF博时,指数型-股票,4.8,0.25y,价值平均法,100.21,14.39,3.193,66.7,41.49,4.6,51.58
562590,半导体设备ETF华夏,指数型-股票,24.77,0.25y,价值平均法,100.82,15.26,3.212,66.7,41.71,2.57,51.57
159327,半导体设备ETF万家,指数型-股票,9.52,0.25y,价值平均法,100.61,15.17,3.234,66.7,41.64,2.45,51.54
501085,财通科创主题灵活配置混合(LOF),混合型-灵活,2.45,0.25y,价值平均法,84.22,7.85,4.322,100.0,35.73,-9.37,51.49
588890,科创芯片ETF南方,指数型-股票,16.69,0.25y,价值平均法,100.02,14.47,3.178,66.7,41.43,4.66,51.47
159558,半导体设备ETF易方达,指数型-股票,46.4,0.25y,价值平均法,100.42,15.24,3.207,66.7,41.57,2.55,51.41
007872,金信稳健策略混合A,混合型-灵活,10.38,0.25y,价值平均法,100.25,14.85,3.298,66.7,41.51,0.47,51.4
007490,南方信息创新混合A,混合型-偏股,31.49,0.25y,价值平均法,99.52,13.03,3.337,66.7,41.25,-0.25,51.35
013841,银华集成电路混合C,混合型-偏股,52.92,0.25y,价值平均法,100.79,14.59,3.136,66.7,41.7,1.25,51.29
016667,景顺长城全球半导体芯片股票A(QDII-LOF)(美元现汇),QDII-普通股票,5.12,0.25y,价值平均法,94.68,11.17,3.778,66.7,39.53,2.92,51.24
588200,科创芯片ETF嘉实,指数型-股票,386.07,0.25y,价值平均法,99.32,14.44,3.167,66.7,41.18,4.6,51.18
007491,南方信息创新混合C,混合型-偏股,27.56,0.25y,价值平均法,99.01,13.07,3.319,66.7,41.07,-0.16,51.12
021594,上银数字经济混合发起式C,混合型-偏股,2.51,0.25y,价值平均法,97.13,12.69,3.53,66.7,40.4,0.74,51.1
010415,华泰柏瑞质量精选混合A,混合型-偏股,8.47,0.25y,价值平均法,86.91,7.57,3.966,100.0,36.72,-16.49,50.98
008528,华泰柏瑞质量成长A,混合型-偏股,14.95,0.25y,价值平均法,87.67,8.08,3.755,100.0,36.99,-13.2,50.92
588290,科创芯片ETF华安,指数型-股票,36.04,0.25y,价值平均法,98.48,14.34,3.173,66.7,40.88,4.47,50.89
010416,华泰柏瑞质量精选混合C,混合型-偏股,13.2,0.25y,价值平均法,86.61,7.57,3.955,100.0,36.61,-16.43,50.85
011452,华泰柏瑞质量成长C,混合型-偏股,76.48,0.25y,价值平均法,87.43,8.09,3.748,100.0,36.91,-13.16,50.82
007349,华夏科技创新混合A,混合型-偏股,8.4,0.25y,价值平均法,92.95,8.81,3.896,66.7,38.9,-2.84,50.77
519770,交银优择回报灵活配置混合A,混合型-灵活,14.7,0.25y,价值平均法,95.6,12.45,3.719,66.7,39.86,-2.0,50.76
009970,财通内需增长12个月定开混合,混合型-偏股,2.12,0.25y,价值平均法,95.97,11.18,3.909,66.7,39.99,-10.03,50.75
519771,交银优择回报灵活配置混合C,混合型-灵活,15.49,0.25y,价值平均法,95.46,12.46,3.713,66.7,39.81,-1.98,50.7
009994,嘉实创新先锋混合A,混合型-偏股,16.9,0.25y,价值平均法,96.94,12.76,3.207,66.7,40.33,5.3,50.67
010557,汇添富数字生活六个月持有混合,混合型-偏股,27.21,0.25y,价值平均法,94.05,10.91,3.824,66.7,39.3,-2.74,50.6
011665,汇添富数字经济引领发展三年持有混合A,混合型-偏股,30.72,0.25y,价值平均法,93.96,10.96,3.818,66.7,39.27,-2.71,50.54
519773,交银数据产业灵活配置混合A,混合型-灵活,5.09,0.25y,价值平均法,101.6,11.14,3.91,33.3,41.99,0.39,50.53
001144,大成互联网思维混合A,混合型-灵活,3.76,0.25y,价值平均法,91.46,8.68,4.008,66.7,38.37,-4.9,50.32
159325,半导体ETF南方,指数型-股票,3.4,0.25y,价值平均法,97.2,15.43,3.044,66.7,40.43,6.79,50.24
018291,广发新兴成长混合C,混合型-灵活,4.08,0.25y,价值平均法,85.55,8.35,3.694,100.0,36.22,-9.97,50.23
011399,汇添富数字未来混合A,混合型-偏股,47.51,0.25y,价值平均法,93.82,10.04,3.783,66.7,39.22,-6.43,50.19
006265,红土创新新科技股票A,股票型,6.17,0.25y,价值平均法,88.08,5.97,4.242,66.7,37.14,-9.61,50.09
008980,中邮科技创新精选混合A,混合型-偏股,3.14,0.25y,价值平均法,91.84,9.22,3.587,66.7,38.51,2.68,50.04
011400,汇添富数字未来混合C,混合型-偏股,21.36,0.25y,价值平均法,93.47,10.07,3.771,66.7,39.09,-6.37,50.03
008981,中邮科技创新精选混合C,混合型-偏股,3.46,0.25y,价值平均法,91.65,9.24,3.579,66.7,38.44,2.71,49.95
008988,大成科技创新混合A,混合型-偏股,10.93,0.25y,价值平均法,93.03,9.26,3.774,66.7,38.93,-8.05,49.87
050010,博时特许价值混合A,混合型-偏股,5.6,0.25y,价值平均法,91.31,9.37,3.908,66.7,38.31,-5.21,49.83
009913,中信保诚成长动力混合A,混合型-偏股,2.05,0.25y,价值平均法,89.32,10.21,4.052,66.7,37.59,0.03,49.82
012650,博时半导体主题混合A,混合型-偏股,7.82,0.25y,价值平均法,96.77,15.33,2.884,66.7,40.27,7.65,49.78
020839,南方中证半导体产业指数发起A,指数型-股票,3.09,0.25y,价值平均法,94.95,14.18,3.354,66.7,39.62,1.42,49.77
008989,大成科技创新混合C,混合型-偏股,29.82,0.25y,价值平均法,92.78,9.27,3.766,66.7,38.84,-8.01,49.76
010622,恒越成长精选混合A,混合型-偏股,4.37,0.25y,价值平均法,93.3,15.1,3.839,66.7,39.03,-4.26,49.73
005875,易方达中盘成长混合,混合型-偏股,45.21,0.25y,价值平均法,90.36,9.12,4.031,66.7,37.97,-6.63,49.69
020840,南方中证半导体产业指数发起C,指数型-股票,3.56,0.25y,价值平均法,94.75,14.2,3.346,66.7,39.55,1.45,49.68
013722,信澳景气优选混合C,混合型-偏股,5.19,0.25y,价值平均法,93.87,10.46,3.549,66.7,39.24,-5.44,49.65
010623,恒越成长精选混合C,混合型-偏股,5.88,0.25y,价值平均法,93.07,15.11,3.832,66.7,38.95,-4.24,49.63
562950,消费电子ETF易方达,指数型-股票,6.87,0.25y,价值平均法,91.67,12.24,3.637,66.7,38.45,2.68,49.61
012651,博时半导体主题混合C,混合型-偏股,6.01,0.25y,价值平均法,96.33,15.37,2.871,66.7,40.12,7.69,49.59
021533,天弘半导体设备指数C,指数型-股票,9.07,0.25y,价值平均法,94.88,14.61,3.22,66.7,39.6,2.24,49.45
005777,广发科技动力股票,股票型,22.06,0.25y,价值平均法,98.37,11.27,4.141,33.3,40.84,-5.04,49.35
020639,广发半导体设备ETF联接A,指数型-股票,2.49,0.25y,价值平均法,94.66,14.63,3.197,66.7,39.52,2.36,49.32
020640,广发半导体设备ETF联接C,指数型-股票,20.42,0.25y,价值平均法,94.47,14.64,3.19,66.7,39.45,2.4,49.24
100055,富国全球科技互联网股票(QDII)A,QDII-普通股票,12.46,0.25y,价值平均法,83.21,5.86,4.198,66.7,35.36,0.98,49.23
501079,大成科创主题混合(LOF)A,混合型-偏股,4.61,0.25y,价值平均法,88.52,7.88,3.957,66.7,37.3,-5.79,49.21
014193,汇添富中证芯片产业指数增强发起式A,指数型-股票,11.47,0.25y,价值平均法,94.94,16.0,2.973,66.7,39.62,6.71,49.19
006128,银河和美生活混合A,混合型-偏股,2.86,0.25y,价值平均法,101.17,10.7,3.599,33.3,41.83,-5.05,49.12
005819,国泰优势行业混合A,混合型-偏股,2.08,0.25y,价值平均法,94.86,12.35,2.854,66.7,39.59,5.4,49.08
159994,通信ETF银华,指数型-股票,20.37,0.25y,价值平均法,86.96,5.86,3.897,66.7,36.74,-7.35,49.08
501225,景顺长城全球半导体芯片股票A(QDII-LOF)(人民币),QDII-普通股票,5.12,0.25y,价值平均法,89.82,11.17,3.614,66.7,37.78,3.28,49.08
012921,易方达全球成长精选混合(QDII)美元现汇A,QDII-混合偏股,37.05,0.25y,价值平均法,86.37,8.56,4.276,66.7,36.52,-5.4,49.07
016372,信澳匠心严选一年持有混合A,混合型-偏股,2.78,0.25y,价值平均法,92.25,10.33,3.536,66.7,38.65,-5.47,49.04
013369,汇添富自主核心科技一年持有混合A,混合型-偏股,3.19,0.25y,价值平均法,90.75,9.86,3.779,66.7,38.11,-7.46,48.98
010418,财通景气行业混合A,混合型-偏股,2.97,0.25y,价值平均法,90.67,10.68,3.934,66.7,38.08,-9.92,48.94
017488,嘉实信息产业股票发起式A,股票型,10.83,0.25y,价值平均法,89.69,7.93,3.788,66.7,37.73,-8.53,48.94
012923,易方达全球成长精选混合(QDII)美元现汇C,QDII-混合偏股,61.61,0.25y,价值平均法,86.05,8.55,4.263,66.7,36.4,-5.33,48.93
481015,工银主题策略混合A,混合型-偏股,8.65,0.25y,价值平均法,93.29,13.23,3.388,66.7,39.03,-3.15,48.89
021608,南方上证科创板芯片ETF发起联接C,指数型-股票,9.81,0.25y,价值平均法,92.79,13.77,3.209,66.7,38.85,3.67,48.88
016500,华夏半导体龙头混合发起A,混合型-偏股,2.18,0.25y,价值平均法,93.55,14.3,3.156,66.7,39.12,2.64,48.87
561100,消费电子ETF富国,指数型-股票,5.21,0.25y,价值平均法,89.93,12.36,3.585,66.7,37.81,2.75,48.84
016234,财通景气行业混合C,混合型-偏股,3.49,0.25y,价值平均法,90.39,10.7,3.924,66.7,37.98,-9.88,48.82
013085,申万菱信乐同混合A,混合型-偏股,5.33,0.25y,价值平均法,91.58,12.31,3.38,66.7,38.41,1.46,48.81
020464,招商中证半导体产业ETF发起式联接A,指数型-股票,2.17,0.25y,价值平均法,92.26,13.78,3.354,66.7,38.66,1.16,48.8
022364,永赢科技智选混合发起A,混合型-偏股,66.37,0.25y,价值平均法,84.09,5.94,4.241,66.7,35.68,-7.67,48.77
013312,工银主题策略混合C,混合型-偏股,2.4,0.25y,价值平均法,93.0,13.26,3.377,66.7,38.92,-3.1,48.76
016501,华夏半导体龙头混合发起C,混合型-偏股,3.66,0.25y,价值平均法,93.28,14.33,3.147,66.7,39.03,2.67,48.75
017489,嘉实信息产业股票发起式C,股票型,12.79,0.25y,价值平均法,89.27,7.94,3.775,66.7,37.58,-8.47,48.75
022184,富国全球科技互联网股票(QDII)C,QDII-普通股票,8.34,0.25y,价值平均法,82.11,5.88,4.181,66.7,34.95,0.97,48.75
013086,申万菱信乐同混合C,混合型-偏股,3.76,0.25y,价值平均法,91.35,12.33,3.371,66.7,38.33,1.51,48.7
020465,招商中证半导体产业ETF发起式联接C,指数型-股票,11.83,0.25y,价值平均法,92.01,13.8,3.345,66.7,38.57,1.19,48.69
020357,华夏半导体材料设备ETF联接C,指数型-股票,15.7,0.25y,价值平均法,92.91,14.53,3.164,66.7,38.89,2.47,48.62
022365,永赢科技智选混合发起C,混合型-偏股,108.52,0.25y,价值平均法,83.72,5.97,4.224,66.7,35.54,-7.6,48.58
014854,嘉实中证半导体指数增强发起式A,指数型-股票,8.21,0.25y,价值平均法,91.82,13.66,3.326,66.7,38.5,1.07,48.57
014855,嘉实中证半导体指数增强发起式C,指数型-股票,46.02,0.25y,价值平均法,91.66,13.67,3.32,66.7,38.44,1.09,48.5
020670,易方达科创芯片ETF联接A,指数型-股票,6.3,0.25y,价值平均法,91.83,13.86,3.196,66.7,38.5,3.7,48.5
000823,银华高端制造业混合A,混合型-灵活,2.83,0.25y,价值平均法,85.84,9.03,4.117,66.7,36.32,-4.88,48.42
020671,易方达科创芯片ETF联接C,指数型-股票,12.4,0.25y,价值平均法,91.63,13.87,3.189,66.7,38.43,3.72,48.41
159967,创业板成长ETF华夏,指数型-股票,34.86,0.25y,价值平均法,77.74,6.67,3.91,100.0,33.32,-9.2,48.4
018147,建信新兴市场混合(QDII)C,QDII-混合偏股,34.49,0.25y,价值平均法,88.97,9.44,3.464,66.7,37.47,-1.43,48.21
016664,天弘全球高端制造混合(QDII)A,QDII-混合偏股,5.61,0.25y,价值平均法,89.56,11.58,3.532,66.7,37.68,-2.25,48.17
017559,华安上证科创板芯片ETF发起式联接A,指数型-股票,4.66,0.25y,价值平均法,90.93,13.66,3.182,66.7,38.18,3.65,48.15
017469,嘉实上证科创板芯片ETF发起联接A,指数型-股票,15.98,0.25y,价值平均法,91.12,13.83,3.151,66.7,38.25,3.84,48.14
021224,华宝上证科创板芯片ETF发起式联接A,指数型-股票,2.22,0.25y,价值平均法,90.85,13.59,3.176,66.7,38.15,3.61,48.11
001513,易方达信息产业混合A,混合型-偏股,52.1,0.25y,价值平均法,85.81,9.18,4.043,66.7,36.31,-5.83,48.1
017560,华安上证科创板芯片ETF发起式联接C,指数型-股票,7.06,0.25y,价值平均法,90.8,13.68,3.177,66.7,38.13,3.67,48.09
010391,易方达战略新兴产业股票A,股票型,43.61,0.25y,价值平均法,88.5,11.15,3.725,66.7,37.3,-4.65,48.08
016665,天弘全球高端制造混合(QDII)C,QDII-混合偏股,14.25,0.25y,价值平均法,89.36,11.6,3.526,66.7,37.61,-2.23,48.08
017470,嘉实上证科创板芯片ETF发起联接C,指数型-股票,76.84,0.25y,价值平均法,90.96,13.84,3.145,66.7,38.19,3.86,48.07
020628,汇添富科创芯片ETF联接A,指数型-股票,8.99,0.25y,价值平均法,90.82,13.74,3.154,66.7,38.14,3.81,48.05
021225,华宝上证科创板芯片ETF发起式联接C,指数型-股票,5.88,0.25y,价值平均法,90.72,13.6,3.171,66.7,38.1,3.62,48.05
561600,消费电子ETF平安,指数型-股票,2.33,0.25y,价值平均法,88.11,12.38,3.529,66.7,37.15,2.8,48.03
013840,银华集成电路混合A,混合型-偏股,26.25,0.25y,价值平均法,100.94,14.58,3.141,33.3,41.75,1.22,48.02
020629,汇添富科创芯片ETF联接C,指数型-股票,21.39,0.25y,价值平均法,90.67,13.75,3.149,66.7,38.08,3.83,47.98
019024,易方达信息行业精选股票C,股票型,19.26,0.25y,价值平均法,85.98,9.5,3.962,66.7,36.37,-5.77,47.9
005851,财通新视野灵活配置混合A,混合型-灵活,6.55,0.25y,价值平均法,88.27,10.83,3.856,66.7,37.21,-9.56,47.88
009023,鹏华稳健回报混合A,混合型-偏股,5.42,0.25y,价值平均法,85.82,9.93,3.793,66.7,36.32,-0.56,47.86
017511,鹏华稳健回报混合C,混合型-偏股,5.13,0.25y,价值平均法,85.56,9.96,3.782,66.7,36.22,-0.52,47.74
588750,科创芯片ETF汇添富,指数型-股票,45.7,0.25y,价值平均法,98.99,14.41,3.166,33.3,41.06,4.6,47.73
159310,芯片ETF天弘,指数型-股票,10.54,0.25y,价值平均法,91.18,14.87,2.904,66.7,38.27,6.38,47.71
005959,财通新视野灵活配置混合C,混合型-灵活,8.29,0.25y,价值平均法,87.74,10.87,3.838,66.7,37.02,-9.48,47.64
009707,工银新兴制造混合A,混合型-偏股,36.17,0.25y,价值平均法,90.59,12.85,2.99,66.7,38.05,3.74,47.64
012456,鹏扬数字经济先锋混合A,混合型-偏股,2.62,0.25y,价值平均法,88.46,14.31,3.652,66.7,37.28,-3.79,47.62
002051,诺安创新驱动混合C,混合型-灵活,2.46,0.25y,价值平均法,89.94,13.46,3.119,66.7,37.82,3.31,47.61
011488,申万菱信乐享混合A,混合型-偏股,6.63,0.25y,价值平均法,85.68,12.58,3.866,66.7,36.27,-0.87,47.6
017745,嘉实绿色主题股票发起式C,股票型,5.31,0.25y,价值平均法,91.38,15.13,2.808,66.7,38.34,7.19,47.6
519089,新华优选成长混合,混合型-偏股,3.58,0.25y,价值平均法,84.97,9.39,3.892,66.7,36.0,-3.95,47.55
009708,工银新兴制造混合C,混合型-偏股,33.41,0.25y,价值平均法,90.28,12.88,2.98,66.7,37.94,3.77,47.5
516640,芯片ETF富国,指数型-股票,12.99,0.25y,价值平均法,90.74,14.94,2.885,66.7,38.11,6.45,47.5
159665,半导体龙头ETF工银,指数型-股票,3.83,0.25y,价值平均法,90.63,16.02,2.855,66.7,38.07,7.2,47.38
001037,国投瑞银锐意改革混合A,混合型-灵活,2.77,0.25y,价值平均法,86.78,11.99,3.733,66.7,36.67,-5.61,47.26
159599,芯片ETF东财,指数型-股票,11.11,0.25y,价值平均法,90.13,14.89,2.879,66.7,37.89,6.38,47.26
009995,嘉实创新先锋混合C,混合型-偏股,10.73,0.25y,价值平均法,96.67,12.79,3.198,33.3,40.24,5.33,47.2
516920,芯片ETF汇添富,指数型-股票,6.25,0.25y,价值平均法,89.85,14.88,2.876,66.7,37.78,6.37,47.15
008086,华夏中证5G通信主题ETF联接A,指数型-股票,18.97,0.25y,价值平均法,81.23,5.55,3.903,66.7,34.62,-7.19,47.07
515260,电子ETF华宝,指数型-股票,4.45,0.25y,价值平均法,85.38,12.2,3.591,66.7,36.15,1.33,47.06
012920,易方达全球成长精选混合(QDII)人民币A,QDII-混合偏股,37.05,0.25y,价值平均法,81.91,8.84,4.138,66.7,34.87,-4.87,47.05
501205,鹏华创新未来混合(LOF)C,混合型-偏股,17.62,0.25y,价值平均法,97.95,14.43,3.254,33.3,40.7,-0.74,47.03
310358,申万菱信新经济混合A,混合型-灵活,15.91,0.25y,价值平均法,85.04,14.08,3.787,66.7,36.03,-1.24,46.99
018897,易方达消费电子ETF联接C,指数型-股票,3.29,0.25y,价值平均法,84.53,11.67,3.614,66.7,35.84,2.26,46.97
159995,芯片ETF华夏,指数型-股票,229.03,0.25y,价值平均法,89.74,16.22,2.806,66.7,37.75,7.38,46.94
012922,易方达全球成长精选混合(QDII)人民币C,QDII-混合偏股,61.61,0.25y,价值平均法,81.58,8.85,4.124,66.7,34.75,-4.82,46.9
159801,芯片ETF广发,指数型-股票,38.57,0.25y,价值平均法,89.53,16.22,2.804,66.7,37.67,7.37,46.86
012477,富国匠心精选12个月持有混合A,混合型-偏股,4.47,0.25y,价值平均法,78.39,5.5,4.251,66.7,33.56,-7.93,46.79
512480,半导体ETF国联安,指数型-股票,199.06,0.25y,价值平均法,88.68,14.52,2.924,66.7,37.36,5.45,46.78
001070,建信信息产业股票A,股票型,4.29,0.25y,价值平均法,87.18,16.35,3.466,66.7,36.81,-1.64,46.75
010363,信澳匠心臻选两年持有期混合,混合型-偏股,12.12,0.25y,价值平均法,86.31,12.39,3.468,66.7,36.5,-3.94,46.55
159813,半导体ETF鹏华,指数型-股票,57.0,0.25y,价值平均法,88.73,16.13,2.8,66.7,37.38,7.29,46.55
009318,南方成长先锋混合A,混合型-偏股,35.75,0.25y,价值平均法,80.76,10.61,4.192,66.7,34.45,-4.09,46.53
008889,银华中证5G通信主题ETF联接A,指数型-股票,3.93,0.25y,价值平均法,80.09,5.76,3.858,66.7,34.2,-6.74,46.45
008555,华商龙头优势混合,混合型-偏股,9.82,0.25y,价值平均法,82.88,7.7,3.817,66.7,35.23,-9.36,46.44
007639,汇添富竞争优势灵活配置混合,混合型-灵活,25.8,0.25y,价值平均法,89.62,15.99,2.64,66.7,37.7,6.01,46.36
009319,南方成长先锋混合C,混合型-偏股,6.75,0.25y,价值平均法,80.38,10.64,4.173,66.7,34.31,-4.03,46.34
010106,华夏核心科技6个月定开混合A,混合型-偏股,3.91,0.25y,价值平均法,84.06,10.45,3.337,66.7,35.67,0.88,46.13
020662,中加科技创新混合发起式C,混合型-偏股,2.03,0.25y,价值平均法,84.77,8.89,3.279,66.7,35.93,-3.22,46.12
000969,前海开源大安全混合,混合型-灵活,3.25,0.25y,价值平均法,79.37,11.23,4.511,66.7,33.93,-10.84,46.06
000742,国泰新经济灵活配置混合A,混合型-灵活,4.09,0.25y,价值平均法,95.09,11.75,2.896,33.3,39.68,5.07,45.98
007474,华夏创业板成长ETF联接A,指数型-股票,5.16,0.25y,价值平均法,71.16,6.32,3.871,100.0,30.83,-8.71,45.96
519674,银河创新成长混合A,混合型-偏股,97.35,0.25y,价值平均法,88.27,16.42,2.557,66.7,37.21,8.37,45.87
001105,信澳转型创新股票A,股票型,2.06,0.25y,价值平均法,91.35,11.16,3.803,33.3,38.33,-5.98,45.85
007475,华夏创业板成长ETF联接C,指数型-股票,3.11,0.25y,价值平均法,70.92,6.33,3.86,100.0,30.74,-8.67,45.85
009402,交银启明混合A,混合型-偏股,12.54,0.25y,价值平均法,83.68,9.67,3.545,66.7,35.53,-6.98,45.85
014194,汇添富中证芯片产业指数增强发起式C,指数型-股票,5.58,0.25y,价值平均法,94.74,16.02,2.965,33.3,39.55,6.74,45.76
017746,建信电子行业股票A,股票型,2.6,0.25y,价值平均法,88.18,18.01,2.643,66.7,37.18,5.89,45.71
014143,银河创新成长混合C,混合型-偏股,30.06,0.25y,价值平均法,87.88,16.46,2.544,66.7,37.07,8.42,45.7
009993,嘉实前沿创新混合,混合型-偏股,15.57,0.25y,价值平均法,87.92,7.15,3.848,33.3,37.08,-5.11,45.67
020483,中欧中证芯片产业指数发起C,指数型-股票,3.85,0.25y,价值平均法,85.54,14.23,2.909,66.7,36.21,5.71,45.66
010335,华宝竞争优势混合A,混合型-偏股,2.51,0.25y,价值平均法,85.98,13.45,2.879,66.7,36.37,3.91,45.63
014777,富国中证芯片产业ETF发起式联接C,指数型-股票,2.89,0.25y,价值平均法,85.85,14.57,2.85,66.7,36.33,6.04,45.63
010109,富国价值增长混合A,混合型-偏股,7.6,0.25y,价值平均法,80.39,6.68,3.692,66.7,34.31,-8.47,45.6
017747,建信电子行业股票C,股票型,2.94,0.25y,价值平均法,87.94,18.03,2.634,66.7,37.09,5.93,45.6
002451,平安睿享文娱混合C,混合型-灵活,4.76,0.25y,价值平均法,81.33,13.75,3.813,66.7,34.66,-2.58,45.59
012552,天弘芯片产业ETF联接A,指数型-股票,2.49,0.25y,价值平均法,85.34,14.15,2.915,66.7,36.14,5.6,45.59
021607,南方上证科创板芯片ETF发起联接A,指数型-股票,3.04,0.25y,价值平均法,92.86,13.77,3.211,33.3,38.88,3.66,45.57
213003,宝盈策略增长混合,混合型-偏股,15.02,0.25y,价值平均法,80.93,9.04,3.688,66.7,34.51,-5.58,45.45
021893,易方达半导体设备ETF联接A,指数型-股票,5.04,0.25y,价值平均法,92.96,14.54,3.202,33.3,38.91,2.3,45.38
001040,新华策略精选股票A,股票型,7.85,0.25y,价值平均法,84.6,16.61,3.447,66.7,35.87,-5.51,45.37
018412,易方达芯片ETF联接C,指数型-股票,4.69,0.25y,价值平均法,84.65,14.18,2.909,66.7,35.88,5.61,45.32
018495,融通产业趋势臻选股票C,股票型,15.45,0.25y,价值平均法,82.48,8.75,3.476,66.7,35.08,-8.18,45.3
021894,易方达半导体设备ETF联接C,指数型-股票,17.14,0.25y,价值平均法,92.76,14.56,3.194,33.3,38.84,2.33,45.29
009808,易方达创新成长混合,混合型-偏股,25.31,0.25y,价值平均法,81.53,11.23,3.67,66.7,34.73,-5.98,45.24
519158,新华趋势领航混合,混合型-偏股,4.38,0.25y,价值平均法,84.43,17.04,3.419,66.7,35.81,-5.64,45.19
005251,银华多元动力灵活配置混合,混合型-灵活,2.46,0.25y,价值平均法,80.6,11.05,3.529,66.7,34.39,-0.43,45.12
161606,融通行业景气混合A,混合型-灵活,10.26,0.25y,价值平均法,88.4,8.8,3.735,33.3,37.26,-5.56,45.06
019633,国泰半导体设备ETF联接C,指数型-股票,10.58,0.25y,价值平均法,91.97,14.36,3.21,33.3,38.55,2.02,45.03
539002,建信新兴市场混合(QDII)A,QDII-混合偏股,11.2,0.25y,价值平均法,89.21,9.42,3.474,33.3,37.55,-1.47,44.99
015968,永赢半导体产业智选混合发起C,混合型-偏股,37.51,0.25y,价值平均法,81.83,13.61,3.135,66.7,34.85,6.1,44.96
020315,嘉实前沿科技沪港深股票C,股票型,5.7,0.25y,价值平均法,81.12,9.17,3.139,66.7,34.58,2.74,44.95
009277,融通行业景气混合C,混合型-灵活,2.6,0.25y,价值平均法,88.1,8.81,3.726,33.3,37.15,-5.52,44.93
020476,泰康半导体量化选股股票发起式A,股票型,3.75,0.25y,价值平均法,83.98,15.28,2.848,66.7,35.64,5.52,44.83
013446,东财中证芯片ETF发起式联接C,指数型-股票,2.04,0.25y,价值平均法,83.51,14.26,2.843,66.7,35.47,5.82,44.76
010013,易方达信息行业精选股票A,股票型,28.87,0.25y,价值平均法,86.32,9.46,3.979,33.3,36.5,-5.85,44.73
159732,消费电子ETF华夏,指数型-股票,16.21,0.25y,价值平均法,79.95,11.37,3.419,66.7,34.15,1.22,44.73
516350,芯片ETF易方达,指数型-股票,13.76,0.25y,价值平均法,91.69,14.83,2.923,33.3,38.45,6.34,44.6
019018,易方达信息产业混合C,混合型-偏股,22.67,0.25y,价值平均法,85.45,9.22,4.023,33.3,36.18,-5.76,44.57
010392,易方达战略新兴产业股票C,股票型,21.12,0.25y,价值平均法,88.12,11.25,3.704,33.3,37.16,-4.54,44.54
008887,华夏国证半导体芯片ETF联接A,指数型-股票,34.56,0.25y,价值平均法,83.03,15.47,2.791,66.7,35.29,6.57,44.44
000411,景顺长城优质成长股票A,股票型,12.81,0.25y,价值平均法,77.2,6.94,3.593,66.7,33.12,-4.77,44.42
007300,国联安中证半导体ETF联接A,指数型-股票,11.63,0.25y,价值平均法,81.94,13.81,2.918,66.7,34.89,4.71,44.3
021500,景顺长城优质成长股票C,股票型,9.11,0.25y,价值平均法,76.89,6.98,3.584,66.7,33.0,-4.73,44.27
159546,集成电路ETF国泰,指数型-股票,2.72,0.25y,价值平均法,83.71,15.6,2.631,66.7,35.54,6.35,44.25
007301,国联安中证半导体ETF联接C,指数型-股票,20.13,0.25y,价值平均法,81.79,13.82,2.912,66.7,34.83,4.73,44.23
018993,中欧数字经济混合发起A,混合型-偏股,43.96,0.25y,价值平均法,77.84,9.4,3.625,66.7,33.36,-4.11,44.22
016485,中欧成长先锋混合A,混合型-偏股,3.73,0.25y,价值平均法,65.03,5.41,4.077,100.0,28.46,-11.51,44.21
014418,西部利得CES芯片指数增强A,指数型-股票,3.33,0.25y,价值平均法,82.04,15.38,2.852,66.7,34.92,6.01,44.18
012629,广发国证半导体芯片ETF联接A,指数型-股票,6.41,0.25y,价值平均法,82.3,15.42,2.788,66.7,35.02,6.51,44.16
012697,同泰数字经济股票C,股票型,2.07,0.25y,价值平均法,79.43,12.35,3.461,66.7,33.95,-2.94,44.12
000354,长盛城镇化主题混合A,混合型-偏股,2.51,0.25y,价值平均法,82.39,12.54,3.052,66.7,35.05,-3.72,44.08
012630,广发国证半导体芯片ETF联接C,指数型-股票,9.95,0.25y,价值平均法,82.13,15.44,2.779,66.7,34.96,6.55,44.08
014419,西部利得CES芯片指数增强C,指数型-股票,4.64,0.25y,价值平均法,81.79,15.41,2.842,66.7,34.83,6.04,44.07
519087,新华优选分红混合A,混合型-灵活,10.1,0.25y,价值平均法,80.14,14.28,3.569,66.7,34.22,-6.9,44.07
018994,中欧数字经济混合发起C,混合型-偏股,38.86,0.25y,价值平均法,77.52,9.43,3.609,66.7,33.23,-4.04,44.06
014639,兴全合衡三年持有混合A,混合型-偏股,23.59,0.25y,价值平均法,70.6,5.52,4.157,66.7,30.61,-3.01,44.03
012969,鹏华国证半导体芯片ETF联接A,指数型-股票,2.13,0.25y,价值平均法,81.9,15.39,2.784,66.7,34.87,6.52,44.01
014292,嘉实产业领先混合A,混合型-偏股,6.63,0.25y,价值平均法,77.17,9.41,3.718,66.7,33.11,-6.25,43.99
016486,中欧成长先锋混合C,混合型-偏股,4.85,0.25y,价值平均法,64.59,5.43,4.053,100.0,28.29,-11.41,43.98
021842,国富全球科技互联混合(QDII)人民币C,QDII-混合偏股,9.93,0.25y,价值平均法,81.18,14.02,3.073,66.7,34.6,0.42,43.97
012970,鹏华国证半导体芯片ETF联接C,指数型-股票,9.4,0.25y,价值平均法,81.77,15.4,2.778,66.7,34.82,6.53,43.95
001103,前海开源工业革命4.0混合,混合型-灵活,2.73,0.25y,价值平均法,72.43,10.13,4.323,66.7,31.31,-3.34,43.92
018933,长盛城镇化主题混合C,混合型-偏股,2.28,0.25y,价值平均法,82.01,12.57,3.039,66.7,34.91,-3.67,43.91
159560,芯片ETF景顺,指数型-股票,3.11,0.25y,价值平均法,89.94,14.83,2.891,33.3,37.82,6.34,43.88
011144,华安汇宏精选混合A,混合型-偏股,22.12,0.25y,价值平均法,83.52,18.78,2.558,66.7,35.47,6.53,43.84
009914,富国成长动力混合A,混合型-偏股,6.64,0.25y,价值平均法,72.59,5.74,3.899,66.7,31.37,-6.08,43.74
110015,易方达行业领先混合,混合型-偏股,10.54,0.25y,价值平均法,73.74,7.86,4.017,66.7,31.81,-7.16,43.68
011145,华安汇宏精选混合C,混合型-偏股,16.36,0.25y,价值平均法,83.14,18.81,2.545,66.7,35.33,6.57,43.67
000698,宝盈科技30混合,混合型-灵活,13.38,0.25y,价值平均法,76.98,9.15,3.549,66.7,33.04,-5.06,43.66
001036,嘉实企业变革股票,股票型,3.09,0.25y,价值平均法,76.84,12.89,3.554,66.7,32.98,0.14,43.66
008087,华夏中证5G通信主题ETF联接C,指数型-股票,23.25,0.25y,价值平均法,81.05,5.56,3.895,33.3,34.56,-7.15,43.63
001749,招商中国机遇股票A,股票型,2.5,0.25y,价值平均法,79.08,15.57,3.332,66.7,33.82,-1.28,43.57
001188,鹏华改革红利股票,股票型,2.26,0.25y,价值平均法,83.28,9.68,3.665,33.3,35.38,1.58,43.52
002910,易方达供给改革混合,混合型-灵活,53.52,0.25y,价值平均法,79.48,15.51,3.265,66.7,33.97,-2.24,43.45
540010,汇丰晋信科技先锋股票,股票型,8.08,0.25y,价值平均法,70.38,8.13,3.1,100.0,30.53,-7.09,43.41
008281,国泰CES半导体芯片行业ETF联接A,指数型-股票,14.01,0.25y,价值平均法,80.07,14.45,2.805,66.7,34.19,5.63,43.38
008282,国泰CES半导体芯片行业ETF联接C,指数型-股票,19.86,0.25y,价值平均法,79.89,14.47,2.798,66.7,34.12,5.66,43.3
001313,摩根智慧互联股票A,股票型,5.75,0.25y,价值平均法,68.52,6.93,4.554,66.7,29.81,-7.62,43.25
159997,电子ETF天弘,指数型-股票,11.29,0.25y,价值平均法,77.55,12.73,3.195,66.7,33.25,2.31,43.25
014319,德邦半导体产业混合发起式A,混合型-偏股,8.71,0.25y,价值平均法,80.54,15.55,2.862,66.7,34.37,1.62,43.21
011186,信澳至诚精选混合A,混合型-偏股,3.77,0.25y,价值平均法,82.84,17.21,2.261,66.7,35.22,8.51,43.13
014320,德邦半导体产业混合发起式C,混合型-偏股,33.99,0.25y,价值平均法,80.3,15.58,2.853,66.7,34.28,1.66,43.1
010524,银华中证5G通信主题ETF联接C,指数型-股票,9.36,0.25y,价值平均法,79.92,5.78,3.851,33.3,34.13,-6.7,43.03
630001,华商领先企业混合,混合型-灵活,9.61,0.25y,价值平均法,78.87,12.34,2.816,66.7,33.74,4.33,43.03
501082,博时科创主题灵活配置混合(LOF)A,混合型-灵活,3.86,0.25y,价值平均法,78.57,14.32,3.141,66.7,33.63,-1.27,42.99
006533,易方达科融混合,混合型-偏股,77.66,0.25y,价值平均法,54.93,3.97,4.731,100.0,24.47,-9.65,42.85
001412,德邦鑫星价值灵活配置混合A,混合型-灵活,18.53,0.25y,价值平均法,78.6,11.01,3.069,66.7,33.64,-4.4,42.84
007340,南方科技创新混合A,混合型-偏股,12.15,0.25y,价值平均法,79.96,10.68,4.181,33.3,34.15,-4.26,42.84
002112,德邦鑫星价值灵活配置混合C,混合型-灵活,68.61,0.25y,价值平均法,78.54,11.02,3.068,66.7,33.62,-4.39,42.82
017551,南方景气前瞻混合A,混合型-偏股,9.94,0.25y,价值平均法,67.65,7.21,4.485,66.7,29.48,-7.12,42.72
006615,工银战略新兴产业混合A,混合型-偏股,4.1,0.25y,价值平均法,77.94,10.6,3.187,66.7,33.39,-7.6,42.63
015692,富国通胀通缩主题轮动混合C,混合型-偏股,7.39,0.25y,价值平均法,68.46,5.74,4.099,66.7,29.79,-6.77,42.59
001416,嘉实事件驱动股票,股票型,8.0,0.25y,价值平均法,75.85,11.82,3.431,66.7,32.61,-5.22,42.56
959991,兴证资管金麒麟领先优势一年持有期混合A,混合型-偏股,3.23,0.25y,价值平均法,70.01,6.61,3.995,66.7,30.39,-7.45,42.53
002560,诺安和鑫混合A,混合型-灵活,20.53,0.25y,价值平均法,71.5,10.75,3.799,66.7,30.96,-0.01,42.52
002450,平安睿享文娱混合A,混合型-灵活,10.15,0.25y,价值平均法,81.84,13.72,3.837,33.3,34.85,-2.65,42.49
010361,嘉实品质优选股票A,股票型,14.15,0.25y,价值平均法,76.48,11.2,3.083,66.7,32.85,-0.49,42.46
630010,华商价值精选混合,混合型-偏股,3.4,0.25y,价值平均法,74.87,12.58,3.373,66.7,32.24,-0.48,42.45
006751,富国互联科技股票A,股票型,30.7,0.25y,价值平均法,72.47,6.58,3.748,66.7,31.33,-11.77,42.43
006154,华安制造先锋混合A,混合型-偏股,6.09,0.25y,价值平均法,71.81,13.94,3.875,66.7,31.08,-1.08,42.41
001042,华夏领先股票,股票型,8.31,0.25y,价值平均法,74.0,14.01,3.424,66.7,31.91,1.18,42.3
001227,中邮信息产业灵活配置混合A,混合型-灵活,8.42,0.25y,价值平均法,70.37,8.33,3.939,66.7,30.53,-5.44,42.29
011126,富国互联科技股票C,股票型,9.64,0.25y,价值平均法,72.1,6.6,3.733,66.7,31.19,-11.69,42.25
012553,天弘芯片产业ETF联接C,指数型-股票,7.4,0.25y,价值平均法,85.22,14.16,2.909,33.3,36.1,5.62,42.2
050009,博时新兴成长混合,混合型-偏股,25.34,0.25y,价值平均法,82.1,10.87,3.634,33.3,34.94,-4.92,42.17
009891,融通产业趋势臻选股票A,股票型,22.99,0.25y,价值平均法,82.89,8.73,3.49,33.3,35.24,-8.24,42.14
018411,易方达芯片ETF联接A,指数型-股票,2.79,0.25y,价值平均法,84.84,14.16,2.917,33.3,35.96,5.59,42.07
007120,睿远成长价值混合C,混合型-偏股,16.56,0.25y,价值平均法,60.67,6.97,3.936,100.0,26.75,-8.22,41.99
015967,永赢半导体产业智选混合发起A,混合型-偏股,12.48,0.25y,价值平均法,82.08,13.58,3.147,33.3,34.94,6.06,41.74
050004,博时精选混合A,混合型-偏股,16.96,0.25y,价值平均法,54.67,4.3,4.277,100.0,24.36,-7.49,41.62
001239,长盛国企改革混合,混合型-灵活,4.91,0.25y,价值平均法,72.08,13.06,3.565,66.7,31.18,-3.74,41.54
014727,易方达成长动力混合A,混合型-偏股,20.92,0.25y,价值平均法,52.0,4.13,4.693,100.0,23.29,-9.55,41.5
588780,科创芯片设计ETF国联安,指数型-股票,8.47,0.25y,价值平均法,77.9,15.57,2.393,66.7,33.38,5.39,41.46
001617,天弘中证电子ETF联接A,指数型-股票,3.13,0.25y,价值平均法,72.36,12.12,3.198,66.7,31.29,1.88,41.37
377240,摩根新兴动力混合A,混合型-偏股,81.13,0.25y,价值平均法,64.76,5.7,4.256,66.7,28.36,-8.86,41.36
014728,易方达成长动力混合C,混合型-偏股,13.7,0.25y,价值平均法,51.75,4.14,4.673,100.0,23.19,-9.49,41.35
018956,中航机遇领航混合发起A,混合型-偏股,26.99,0.25y,价值平均法,73.94,9.24,3.156,66.7,31.88,-6.89,41.35
007346,易方达科技创新混合A,混合型-偏股,21.08,0.25y,价值平均法,69.39,8.67,3.797,66.7,30.15,-7.07,41.34
001618,天弘中证电子ETF联接C,指数型-股票,5.22,0.25y,价值平均法,72.25,12.14,3.193,66.7,31.24,1.9,41.32
001361,景顺长城中证科技传媒通信150ETF联接A,指数型-股票,3.58,0.25y,价值平均法,71.05,10.34,3.401,66.7,30.79,-1.11,41.3
014642,摩根新兴动力混合C,混合型-偏股,24.65,0.25y,价值平均法,64.46,5.71,4.24,66.7,28.24,-8.82,41.21
018957,中航机遇领航混合发起C,混合型-偏股,94.68,0.25y,价值平均法,73.59,9.26,3.143,66.7,31.75,-6.82,41.19
001224,中邮新思路灵活配置混合A,混合型-灵活,10.04,0.25y,价值平均法,70.34,9.72,3.512,66.7,30.51,-3.54,41.16
000404,易方达新兴成长灵活配置,混合型-灵活,35.1,0.25y,价值平均法,67.69,8.65,3.987,66.7,29.5,-7.78,41.12
050022,博时回报混合,混合型-灵活,4.67,0.25y,价值平均法,70.18,8.27,3.33,66.7,30.45,-1.45,41.11
006887,诺德新生活混合A,混合型-偏股,6.96,0.25y,价值平均法,71.2,8.44,3.376,66.7,30.84,-6.27,41.09
019447,华夏全球科技先锋混合(QDII)A(美元现汇),QDII-混合偏股,33.0,0.25y,价值平均法,74.33,13.23,3.016,66.7,32.03,-2.71,41.08
019448,华夏全球科技先锋混合(QDII)A(美元现钞),QDII-混合偏股,33.0,0.25y,价值平均法,74.33,13.23,3.016,66.7,32.03,-2.71,41.08
481001,工银核心价值混合A,混合型-偏股,43.43,0.25y,价值平均法,65.05,7.37,4.187,66.7,28.47,-5.92,41.08
519698,交银先锋混合A,混合型-偏股,5.61,0.25y,价值平均法,70.94,11.43,3.325,66.7,30.74,-0.23,41.03
008888,华夏国证半导体芯片ETF联接C,指数型-股票,89.19,0.25y,价值平均法,82.86,15.49,2.784,33.3,35.23,6.6,41.02
481010,工银中小盘混合,混合型-偏股,10.23,0.25y,价值平均法,70.32,12.38,3.609,66.7,30.51,-4.42,41.0
009063,财通智慧成长混合C,混合型-偏股,2.71,0.25y,价值平均法,71.76,11.73,3.343,66.7,31.06,-3.89,40.98
021662,国富亚洲机会股票(QDII)C,QDII-普通股票,12.49,0.25y,价值平均法,74.35,13.86,2.768,66.7,32.04,2.72,40.96
588390,科创创业ETF博时,指数型-股票,2.06,0.25y,价值平均法,66.79,6.54,3.66,66.7,29.15,-2.86,40.95
110005,易方达积极成长混合,混合型-偏股,37.8,0.25y,价值平均法,71.04,12.37,3.397,66.7,30.78,-2.51,40.92
588350,科创创业50ETF鹏扬,指数型-股票,12.5,0.25y,价值平均法,66.67,6.51,3.638,66.7,29.1,-2.91,40.86
002980,华夏创新前沿股票A,股票型,22.8,0.25y,价值平均法,65.07,5.8,3.827,66.7,28.48,-4.14,40.84
005299,万家成长优选混合A,混合型-灵活,6.38,0.25y,价值平均法,72.87,15.55,2.981,66.7,31.48,2.42,40.81
588330,双创50ETF华宝,指数型-股票,9.22,0.25y,价值平均法,66.21,6.48,3.647,66.7,28.92,-2.93,40.71
515880,通信ETF国泰,指数型-股票,144.68,0.25y,价值平均法,70.06,8.16,3.483,66.7,30.41,-9.26,40.69
005300,万家成长优选混合C,混合型-灵活,2.34,0.25y,价值平均法,72.57,15.58,2.968,66.7,31.37,2.46,40.67
018442,汇添富成长领航混合A,混合型-偏股,2.16,0.25y,价值平均法,78.93,14.9,3.479,33.3,33.77,-0.46,40.67
588380,科创创业ETF富国,指数型-股票,25.51,0.25y,价值平均法,66.31,6.55,3.618,66.7,28.96,-2.9,40.66
159781,科创创业ETF易方达,指数型-股票,103.54,0.25y,价值平均法,66.26,6.5,3.619,66.7,28.94,-2.97,40.65
001759,嘉实成长增强混合,混合型-灵活,3.77,0.25y,价值平均法,69.42,14.09,3.544,66.7,30.16,-1.96,40.62
512220,TMTETF景顺,指数型-股票,4.91,0.25y,价值平均法,78.1,10.87,3.442,33.3,33.46,-0.86,40.62
159783,科创创业50ETF华夏,指数型-股票,45.52,0.25y,价值平均法,66.21,6.53,3.611,66.7,28.92,-2.9,40.61
014261,摩根沃享远见一年持有期混合A,混合型-偏股,4.42,0.25y,价值平均法,55.84,5.49,3.862,100.0,24.83,-6.35,40.6
588300,科创创业50ETF招商,指数型-股票,15.21,0.25y,价值平均法,66.11,6.58,3.618,66.7,28.88,-2.86,40.58
159780,科创创业50ETF南方,指数型-股票,29.38,0.25y,价值平均法,66.19,6.62,3.599,66.7,28.91,-2.83,40.55
018443,汇添富成长领航混合C,混合型-偏股,2.23,0.25y,价值平均法,78.59,14.92,3.462,33.3,33.64,-0.4,40.5
588360,科创创业ETF国泰,指数型-股票,2.73,0.25y,价值平均法,65.88,6.52,3.605,66.7,28.79,-2.86,40.47
012466,嘉实策略精选混合A,混合型-偏股,4.24,0.25y,价值平均法,68.44,12.0,3.516,66.7,29.79,-1.34,40.42
010490,鹏华高质量增长混合A,混合型-偏股,8.92,0.25y,价值平均法,70.53,12.46,3.108,66.7,30.59,1.28,40.39
159782,双创50ETF银华,指数型-股票,6.66,0.25y,价值平均法,65.52,6.39,3.616,66.7,28.65,-3.02,40.39
011805,嘉实优质核心两年持有混合A,混合型-偏股,5.13,0.25y,价值平均法,78.71,11.62,3.133,33.3,33.68,2.42,40.31
008716,鹏华优质回报两年定开混合,混合型-偏股,5.61,0.25y,价值平均法,67.79,9.59,3.24,66.7,29.53,2.91,40.2
012541,金鹰产业升级混合A,混合型-偏股,7.33,0.25y,价值平均法,71.52,13.56,2.716,66.7,30.97,5.53,40.1
005962,宝盈人工智能股票A,股票型,6.52,0.25y,价值平均法,69.71,13.8,3.186,66.7,30.27,0.05,40.05
610006,信澳产业升级混合A,混合型-偏股,2.33,0.25y,价值平均法,68.28,7.08,3.336,66.7,29.72,-9.22,39.91
010371,大成成长进取混合A,混合型-偏股,6.87,0.25y,价值平均法,70.72,14.61,3.024,66.7,30.66,-1.1,39.84
005963,宝盈人工智能股票C,股票型,3.54,0.25y,价值平均法,69.26,13.85,3.163,66.7,30.1,0.13,39.83
020900,天弘中证全指通信设备指数发起C,指数型-股票,8.98,0.25y,价值平均法,67.14,7.7,3.523,66.7,29.28,-8.94,39.83
008657,景顺长城科技创新混合A,混合型-偏股,17.48,0.25y,价值平均法,67.28,6.73,3.279,66.7,29.34,-6.08,39.81
000522,华润元大信息传媒科技混合A,混合型-偏股,2.08,0.25y,价值平均法,67.18,9.39,3.488,66.7,29.3,-5.6,39.77
007353,工银科技创新混合,混合型-偏股,4.73,0.25y,价值平均法,68.73,11.21,3.134,66.7,29.9,-0.35,39.75
010372,大成成长进取混合C,混合型-偏股,14.96,0.25y,价值平均法,70.47,14.63,3.014,66.7,30.56,-1.07,39.73
015683,景顺长城科技创新混合C,混合型-偏股,12.2,0.25y,价值平均法,67.07,6.73,3.269,66.7,29.25,-6.03,39.71
375010,摩根中国优势混合A,混合型-灵活,30.68,0.25y,价值平均法,61.35,5.84,4.119,66.7,27.02,-8.33,39.71
019228,方正富邦金立方一年持有期混合E,混合型-偏股,5.33,0.25y,价值平均法,62.03,7.5,4.029,66.7,27.29,-4.13,39.69
009447,财通资管科技创新一年定开混合,混合型-偏股,2.37,0.25y,价值平均法,80.22,15.07,2.805,33.3,34.25,1.88,39.67
006281,万家人工智能混合A,混合型-偏股,8.45,0.25y,价值平均法,70.42,15.66,2.887,66.7,30.54,2.14,39.65
012907,鹏扬中证科创创业50ETF联接A,指数型-股票,8.74,0.25y,价值平均法,63.11,6.18,3.655,66.7,27.71,-2.94,39.64
012844,工银瑞信恒兴6个月持有混合A,混合型-偏股,3.64,0.25y,价值平均法,64.63,7.79,3.648,66.7,28.31,-4.52,39.62
012608,信澳领先智选混合,混合型-偏股,17.1,0.25y,价值平均法,67.78,12.53,3.254,66.7,29.53,-0.14,39.6
013313,富国中证科创创业50ETF联接A,指数型-股票,3.03,0.25y,价值平均法,63.68,6.53,3.584,66.7,27.94,-2.68,39.6
013314,富国中证科创创业50ETF联接C,指数型-股票,2.36,0.25y,价值平均法,63.64,6.55,3.581,66.7,27.92,-2.68,39.57
008185,诺安研究优选混合A,混合型-偏股,5.57,0.25y,价值平均法,71.57,15.88,2.684,66.7,30.99,2.13,39.54
018177,华夏科创50指数增强A,指数型-股票,4.76,0.25y,价值平均法,69.38,12.78,2.921,66.7,30.15,2.03,39.54
015709,摩根中国优势混合C,混合型-灵活,3.79,0.25y,价值平均法,61.0,5.85,4.101,66.7,26.88,-8.27,39.53
012908,鹏扬中证科创创业50ETF联接C,指数型-股票,3.57,0.25y,价值平均法,62.9,6.21,3.641,66.7,27.63,-2.9,39.52
014254,信澳智远三年持有期混合A,混合型-偏股,16.44,0.25y,价值平均法,67.58,12.48,3.232,66.7,29.45,-0.09,39.48
022981,天弘中证科创创业50ETF联接Y,指数型-股票,2.63,0.25y,价值平均法,62.85,6.21,3.633,66.7,27.61,-3.01,39.47
001869,招商制造业混合A,混合型-灵活,7.37,0.25y,价值平均法,68.08,14.28,3.263,66.7,29.65,-1.53,39.46
012894,天弘中证科创创业50ETF联接A,指数型-股票,5.72,0.25y,价值平均法,62.84,6.22,3.631,66.7,27.61,-3.0,39.46
001856,易方达环保主题混合A,混合型-灵活,47.96,0.25y,价值平均法,59.18,7.14,4.421,66.7,26.17,-6.54,39.44
014497,诺安研究优选混合C,混合型-偏股,13.99,0.25y,价值平均法,71.33,15.9,2.675,66.7,30.89,2.17,39.44
100039,富国通胀通缩主题轮动混合A,混合型-偏股,16.08,0.25y,价值平均法,68.84,5.72,4.119,33.3,29.94,-6.84,39.44
014162,万家人工智能混合C,混合型-偏股,6.78,0.25y,价值平均法,69.94,15.71,2.866,66.7,30.36,2.2,39.42
012895,天弘中证科创创业50ETF联接C,指数型-股票,25.36,0.25y,价值平均法,62.73,6.23,3.623,66.7,27.56,-2.97,39.4
014255,信澳智远三年持有期混合C,混合型-偏股,2.75,0.25y,价值平均法,67.36,12.5,3.221,66.7,29.37,-0.05,39.37
014611,富国核心科技12个月持有混合A,混合型-偏股,2.25,0.25y,价值平均法,65.87,6.6,3.48,66.7,28.79,-10.8,39.34
000940,富国中小盘精选混合A,混合型-偏股,30.07,0.25y,价值平均法,63.84,6.67,3.567,66.7,28.0,-5.23,39.32
005698,华夏全球科技先锋混合(QDII)A(人民币),QDII-混合偏股,33.0,0.25y,价值平均法,70.27,13.26,2.885,66.7,30.49,-2.2,39.32
007113,永赢高端制造混合A,混合型-偏股,3.1,0.25y,价值平均法,70.38,11.43,2.7,66.7,30.53,0.33,39.32
019032,易方达环保主题混合C,混合型-灵活,7.63,0.25y,价值平均法,58.98,7.17,4.403,66.7,26.09,-6.49,39.32
007114,永赢高端制造混合C,混合型-偏股,8.11,0.25y,价值平均法,70.28,11.45,2.695,66.7,30.49,0.35,39.27
010792,华安成长先锋混合A,混合型-偏股,5.8,0.25y,价值平均法,71.82,16.52,2.376,66.7,31.08,5.46,39.16
015690,富国中小盘精选混合C,混合型-偏股,14.85,0.25y,价值平均法,63.52,6.71,3.551,66.7,27.87,-5.17,39.16
004616,中欧电子信息产业沪港深股票A,股票型,11.61,0.25y,价值平均法,68.76,12.2,2.796,66.7,29.91,2.31,39.08
006555,浦银安盛全球智能科技(QDII)A,QDII-普通股票,10.73,0.25y,价值平均法,68.79,11.59,2.913,66.7,29.92,-1.68,39.05
014007,华安制造升级一年持有混合A,混合型-偏股,7.13,0.25y,价值平均法,67.04,12.9,3.258,66.7,29.24,-2.67,39.05
013298,南方中证科创创业50ETF联接A,指数型-股票,2.65,0.25y,价值平均法,62.11,6.37,3.58,66.7,27.32,-2.76,39.03
013304,易方达中证科创创业50联接A,指数型-股票,16.86,0.25y,价值平均法,61.69,6.19,3.613,66.7,27.16,-2.99,38.99
022910,易方达中证科创创业50联接Y,指数型-股票,3.86,0.25y,价值平均法,61.71,6.19,3.612,66.7,27.16,-2.99,38.99
040025,华安科技动力混合A,混合型-偏股,19.16,0.25y,价值平均法,65.47,12.25,3.423,66.7,28.63,-2.18,38.99
110029,易方达科讯混合,混合型-偏股,77.39,0.25y,价值平均法,53.82,4.04,4.733,66.7,24.02,-10.16,38.98
013310,华夏科创创业50ETF联接A,指数型-股票,4.99,0.25y,价值平均法,61.75,6.23,3.596,66.7,27.18,-2.91,38.96
013299,南方中证科创创业50ETF联接C,指数型-股票,2.79,0.25y,价值平均法,61.96,6.39,3.571,66.7,27.26,-2.73,38.95
014002,浦银安盛全球智能科技(QDII)C,QDII-普通股票,19.34,0.25y,价值平均法,68.53,11.6,2.904,66.7,29.82,-1.65,38.93
013305,易方达中证科创创业50联接C,指数型-股票,12.28,0.25y,价值平均法,61.53,6.21,3.602,66.7,27.09,-2.97,38.9
013311,华夏科创创业50ETF联接C,指数型-股票,2.61,0.25y,价值平均法,61.59,6.25,3.588,66.7,27.12,-2.87,38.88
005763,中欧电子信息产业沪港深股票C,股票型,15.34,0.25y,价值平均法,68.32,12.24,2.775,66.7,29.74,2.39,38.87
007817,国泰中证全指通信设备ETF联接A,指数型-股票,9.52,0.25y,价值平均法,64.91,7.91,3.47,66.7,28.42,-8.5,38.86
020692,博时中证全指通信设备指数发起式C,指数型-股票,3.08,0.25y,价值平均法,64.93,7.84,3.461,66.7,28.43,-8.44,38.86
013316,嘉实中证科创创业50ETF发起联接C,指数型-股票,2.62,0.25y,价值平均法,61.5,6.28,3.587,66.7,27.08,-2.68,38.85
519091,新华泛资源优势混合,混合型-灵活,5.41,0.25y,价值平均法,69.55,8.15,3.971,33.3,30.21,-5.02,38.81
110010,易方达价值成长混合,混合型-灵活,29.09,0.25y,价值平均法,65.48,9.88,3.309,66.7,28.64,-3.82,38.8
007818,国泰中证全指通信设备ETF联接C,指数型-股票,18.89,0.25y,价值平均法,64.75,7.92,3.462,66.7,28.36,-8.47,38.78
022500,国泰中证全指通信设备ETF联接E,指数型-股票,3.66,0.25y,价值平均法,64.75,7.91,3.462,66.7,28.36,-8.47,38.78
007119,睿远成长价值混合A,混合型-偏股,165.0,0.25y,价值平均法,60.88,6.96,3.948,66.7,26.84,-8.26,38.77
005967,鹏华创新驱动混合A,混合型-偏股,2.63,0.25y,价值平均法,72.85,20.02,1.872,66.7,31.47,10.44,38.62
006868,华夏科技成长股票,股票型,3.41,0.25y,价值平均法,64.44,10.5,3.211,66.7,28.23,1.24,38.6
006719,国融融盛龙头严选混合C,混合型-偏股,2.13,0.25y,价值平均法,68.13,10.33,2.626,66.7,29.66,1.78,38.58
001410,信澳新能源产业股票A,股票型,53.16,0.25y,价值平均法,65.5,12.44,3.156,66.7,28.65,0.23,38.56
013302,招商中证科创创业50ETF联接A,指数型-股票,2.38,0.25y,价值平均法,60.72,6.27,3.589,66.7,26.77,-2.85,38.55
016873,广发远见智选混合A,混合型-偏股,13.31,0.25y,价值平均法,56.97,8.57,3.509,100.0,25.29,-15.4,38.5
001404,招商移动互联网产业股票基金A,股票型,5.47,0.25y,价值平均法,69.76,17.36,2.447,66.7,30.29,4.61,38.47
001672,国寿安保智慧生活股票A,股票型,27.46,0.25y,价值平均法,65.7,14.01,3.308,66.7,28.72,-4.11,38.46
013303,招商中证科创创业50ETF联接C,指数型-股票,2.43,0.25y,价值平均法,60.51,6.29,3.576,66.7,26.69,-2.81,38.43
009651,海富通成长甄选混合A,混合型-偏股,2.0,0.25y,价值平均法,62.57,9.06,3.519,66.7,27.5,-3.28,38.42
012899,兴银中证科创创业50指数C,指数型-股票,2.13,0.25y,价值平均法,60.56,6.33,3.564,66.7,26.71,-2.83,38.41
016874,广发远见智选混合C,混合型-偏股,106.55,0.25y,价值平均法,56.7,8.58,3.497,100.0,25.18,-15.34,38.37
023101,国寿安保智慧生活股票C,股票型,5.24,0.25y,价值平均法,65.5,14.0,3.299,66.7,28.65,-4.04,38.37
008507,交银内核驱动混合,混合型-偏股,19.39,0.25y,价值平均法,72.36,10.98,3.374,33.3,31.29,-0.59,38.35
020723,国寿安保数字经济股票发起式C,股票型,2.09,0.25y,价值平均法,57.2,8.44,3.732,100.0,25.38,-24.47,38.26
009511,信澳研究优选混合A,混合型-偏股,5.74,0.25y,价值平均法,65.02,12.94,3.102,66.7,28.46,0.45,38.23
002064,华富产业升级灵活配置混合A,混合型-灵活,2.54,0.25y,价值平均法,64.09,10.86,3.231,66.7,28.1,-2.17,38.14
516050,科技龙头ETF工银,指数型-股票,2.37,0.25y,价值平均法,62.95,8.84,3.175,66.7,27.65,-0.56,38.01
000263,工银信息产业混合A,混合型-偏股,9.48,0.25y,价值平均法,59.7,7.0,3.602,66.7,26.37,-3.89,37.89
001009,摩根安全战略股票A,股票型,2.32,0.25y,价值平均法,58.53,9.1,4.071,66.7,25.91,-7.74,37.84
011817,银华阿尔法混合,混合型-偏股,4.4,0.25y,价值平均法,69.49,8.8,3.722,33.3,30.19,-7.15,37.82
006888,诺德新生活混合C,混合型-偏股,12.14,0.25y,价值平均法,71.13,8.45,3.374,33.3,30.82,-6.25,37.72
013006,摩根景气甄选混合A,混合型-偏股,13.11,0.25y,价值平均法,59.1,9.42,3.859,66.7,26.14,-6.04,37.65
159939,信息技术ETF广发,指数型-股票,9.49,0.25y,价值平均法,65.06,13.12,2.767,66.7,28.47,2.74,37.62
004640,华夏节能环保股票A,股票型,2.23,0.25y,价值平均法,61.88,11.21,3.293,66.7,27.23,-0.53,37.61
257030,国联安优势混合,混合型-偏股,2.73,0.25y,价值平均法,47.43,5.42,3.891,100.0,21.42,-4.75,37.6
008919,永赢科技驱动A,混合型-偏股,26.93,0.25y,价值平均法,63.8,10.52,3.029,66.7,27.98,-2.14,37.57
005310,广发电子信息传媒股票A,股票型,4.02,0.25y,价值平均法,65.35,13.1,2.912,66.7,28.59,-2.71,37.55
013340,创金合信芯片产业股票发起C,股票型,3.38,0.25y,价值平均法,65.92,13.45,2.639,66.7,28.81,2.21,37.54
008920,永赢科技驱动C,混合型-偏股,23.04,0.25y,价值平均法,63.7,10.53,3.024,66.7,27.94,-2.12,37.52
008253,华宝致远混合(QDII)A,QDII-混合偏股,2.26,0.25y,价值平均法,67.1,13.83,2.473,66.7,29.27,1.49,37.46
159603,科创创业ETF天弘,指数型-股票,31.83,0.25y,价值平均法,66.63,6.5,3.625,33.3,29.08,-3.0,37.46
010236,广发电子信息传媒股票C,股票型,14.87,0.25y,价值平均法,65.13,13.12,2.902,66.7,28.5,-2.67,37.45
008254,华宝致远混合(QDII)C,QDII-混合偏股,3.94,0.25y,价值平均法,66.87,13.85,2.465,66.7,29.18,1.52,37.35
515000,科技ETF华宝,指数型-股票,30.29,0.25y,价值平均法,61.45,8.91,3.138,66.7,27.06,-0.52,37.35
005449,华夏行业龙头混合,混合型-偏股,4.75,0.25y,价值平均法,59.95,8.99,3.473,66.7,26.47,-3.4,37.33
588400,科创创业ETF嘉实,指数型-股票,14.16,0.25y,价值平均法,66.29,6.56,3.628,33.3,28.95,-2.89,37.33
501226,长城全球新能源车股票发起式(QDII)A,QDII-普通股票,5.78,0.25y,价值平均法,62.7,10.64,2.909,66.7,27.56,1.4,37.21
018326,国泰海通创新成长混合发起C,混合型-偏股,37.75,0.25y,价值平均法,64.62,13.81,2.708,66.7,28.3,1.78,37.17
160626,鹏华中证信息技术指数(LOF)A,指数型-股票,2.78,0.25y,价值平均法,63.3,12.63,2.816,66.7,27.79,2.82,37.15
100022,富国天瑞强势混合A,混合型-灵活,36.36,0.25y,价值平均法,59.64,8.42,3.515,66.7,26.35,-6.13,37.14
398011,中海分红增利混合,混合型-灵活,2.3,0.25y,价值平均法,71.85,12.19,2.981,33.3,31.09,-0.01,37.11
159663,机床ETF华夏,指数型-股票,2.58,0.25y,价值平均法,62.23,16.91,3.359,66.7,27.37,-4.88,37.1
001210,天弘互联网混合A,混合型-灵活,3.75,0.25y,价值平均法,60.25,11.03,3.198,66.7,26.59,1.38,36.98
005550,汇安成长优选混合A,混合型-灵活,8.21,0.25y,价值平均法,62.76,9.87,2.989,66.7,27.58,-4.08,36.97
018036,长城全球新能源车股票发起式(QDII)C,QDII-普通股票,9.93,0.25y,价值平均法,62.18,10.68,2.891,66.7,27.35,1.44,36.97
012082,博时数字经济混合A,混合型-偏股,7.15,0.25y,价值平均法,63.01,12.92,2.904,66.7,27.68,-0.41,36.92
519697,交银优势行业混合,混合型-灵活,25.45,0.25y,价值平均法,46.91,4.1,3.389,100.0,21.21,-2.68,36.91
519005,海富通股票混合,混合型-偏股,20.18,0.25y,价值平均法,70.9,12.99,3.131,33.3,30.73,-2.28,36.84
005682,财通资管消费精选混合A,混合型-灵活,2.06,0.25y,价值平均法,62.73,15.97,3.022,66.7,27.57,-1.56,36.81
010383,宝盈基础产业混合A,混合型-偏股,2.87,0.25y,价值平均法,61.54,13.57,3.038,66.7,27.1,0.98,36.81
013534,鹏华沃鑫混合A,混合型-偏股,8.27,0.25y,价值平均法,50.81,4.42,4.212,66.7,22.81,-4.87,36.8
000327,南方潜力新蓝筹混合A,混合型-偏股,3.99,0.25y,价值平均法,54.75,7.17,4.032,66.7,24.4,-6.79,36.76
159667,工业母机ETF国泰,指数型-股票,15.09,0.25y,价值平均法,61.36,16.85,3.334,66.7,27.03,-4.81,36.73
006025,诺安优化配置混合A,混合型-偏股,6.77,0.25y,价值平均法,63.78,12.87,2.592,66.7,27.98,2.56,36.72
202027,南方高端装备混合A,混合型-偏股,8.92,0.25y,价值平均法,63.35,11.97,2.686,66.7,27.81,1.02,36.72
019571,诺安优化配置混合C,混合型-偏股,18.93,0.25y,价值平均法,63.52,12.89,2.58,66.7,27.88,2.61,36.6
512770,战略新兴ETF华夏,指数型-股票,2.23,0.25y,价值平均法,57.35,7.82,3.471,66.7,25.44,-3.13,36.57
020899,天弘中证全指通信设备指数发起A,指数型-股票,3.31,0.25y,价值平均法,67.25,7.7,3.527,33.3,29.32,-8.97,36.54
010389,易方达科益混合A,混合型-偏股,2.96,0.25y,价值平均法,59.77,9.35,3.19,66.7,26.4,-3.35,36.51
019768,景顺长城科创50指数增强C,指数型-股票,3.13,0.25y,价值平均法,62.52,12.94,2.692,66.7,27.48,2.6,36.51
519712,交银阿尔法核心混合A,混合型-偏股,26.05,0.25y,价值平均法,47.43,4.56,3.214,100.0,21.42,-2.67,36.45
001702,东方创新科技混合,混合型-灵活,7.12,0.25y,价值平均法,61.81,13.18,2.923,66.7,27.2,-1.21,36.43
002229,华夏经济转型股票,股票型,6.13,0.25y,价值平均法,58.6,9.0,3.173,66.7,25.94,0.01,36.42
011790,建信创新驱动混合,混合型-偏股,10.25,0.25y,价值平均法,56.72,12.76,3.804,66.7,25.19,-5.79,36.34
159807,科技ETF易方达,指数型-股票,7.41,0.25y,价值平均法,58.74,10.56,3.193,66.7,25.99,0.14,36.34
017828,富国时代精选混合A,混合型-偏股,3.9,0.25y,价值平均法,59.19,7.82,3.344,66.7,26.17,-9.34,36.33
200012,长城中小盘成长混合A,混合型-偏股,3.04,0.25y,价值平均法,60.22,15.69,3.299,66.7,26.58,-4.39,36.32
008009,华商高端装备制造股票A,股票型,4.51,0.25y,价值平均法,46.66,4.93,3.62,100.0,21.1,-9.86,36.29
290011,泰信中小盘精选混合,混合型-偏股,10.61,0.25y,价值平均法,66.48,20.41,1.845,66.7,29.03,10.6,36.26
016050,华商高端装备制造股票C,股票型,2.54,0.25y,价值平均法,46.33,4.94,3.601,100.0,20.97,-9.8,36.11
018178,华夏科创50指数增强C,指数型-股票,3.51,0.25y,价值平均法,69.15,12.8,2.911,33.3,30.06,2.06,36.1
008962,建信科技创新混合A,混合型-偏股,3.51,0.25y,价值平均法,55.23,12.48,3.942,66.7,24.59,-7.1,36.03
012223,信澳成长精选混合A,混合型-偏股,5.64,0.25y,价值平均法,59.21,9.76,2.958,66.7,26.18,0.11,36.01
010610,摩根远见两年持有期混合,混合型-偏股,20.64,0.25y,价值平均法,53.6,5.64,3.702,66.7,23.94,-5.96,35.99
660015,农银行业轮动混合A,混合型-偏股,4.66,0.25y,价值平均法,56.99,10.16,3.434,66.7,25.3,-3.48,35.98
004569,招商制造业混合C,混合型-灵活,2.97,0.25y,价值平均法,67.67,14.31,3.238,33.3,29.49,-1.39,35.92
112002,易方达策略成长二号混合,混合型-偏股,10.84,0.25y,价值平均法,58.07,12.99,3.388,66.7,25.72,-4.7,35.89
007355,汇添富科技创新混合A,混合型-灵活,71.5,0.25y,价值平均法,57.01,10.22,3.332,66.7,25.3,-2.01,35.87
110002,易方达策略成长混合,混合型-偏股,11.8,0.25y,价值平均法,57.89,13.14,3.378,66.7,25.65,-4.63,35.79
001678,英大国企改革A,股票型,3.5,0.25y,价值平均法,60.45,16.05,2.734,66.7,26.67,3.02,35.72
007356,汇添富科技创新混合C,混合型-灵活,43.0,0.25y,价值平均法,56.6,10.27,3.305,66.7,25.14,-1.93,35.65
159909,TMT50ETF招商,指数型-股票,5.08,0.25y,价值平均法,56.95,7.87,3.132,66.7,25.28,-2.59,35.62
000462,农银主题轮动混合A,混合型-灵活,5.44,0.25y,价值平均法,57.45,10.68,3.093,66.7,25.48,0.26,35.61
588020,科创成长ETF易方达,指数型-股票,9.1,0.25y,价值平均法,57.64,9.66,3.27,66.7,25.55,-6.74,35.54
588110,科创成长ETF广发,指数型-股票,3.43,0.25y,价值平均法,57.65,9.71,3.269,66.7,25.56,-6.73,35.53
004374,华泰保兴吉年丰混合发起A,混合型-偏股,3.57,0.25y,价值平均法,55.05,10.5,3.623,66.7,24.52,-5.38,35.51
007873,华宝科技ETF联接A,指数型-股票,3.08,0.25y,价值平均法,56.47,8.46,3.103,66.7,25.09,-0.62,35.47
501077,富国创新企业灵活配置混合(LOF)A,混合型-灵活,6.14,0.25y,价值平均法,40.92,2.95,4.869,66.7,18.71,-5.22,35.42
011884,工银景气优选混合A,混合型-偏股,4.39,0.25y,价值平均法,54.47,7.54,3.379,66.7,24.28,-3.62,35.27
017472,国泰中证机床ETF发起联接C,指数型-股票,2.01,0.25y,价值平均法,56.73,15.43,3.399,66.7,25.19,-5.06,35.25
018122,永赢数字经济智选混合发起A,混合型-偏股,7.47,0.25y,价值平均法,62.02,16.23,2.359,66.7,27.29,1.86,35.22
004784,招商稳健优选股票A,股票型,3.14,0.25y,价值平均法,60.83,17.18,2.356,66.7,26.82,6.39,35.2
588460,科创50增强ETF鹏华,指数型-股票,10.73,0.25y,价值平均法,59.88,14.17,2.596,66.7,26.44,2.11,35.17
018123,永赢数字经济智选混合发起C,混合型-偏股,33.71,0.25y,价值平均法,61.84,16.26,2.351,66.7,27.22,1.89,35.14
588150,科创50ETF南方,指数型-股票,4.72,0.25y,价值平均法,60.65,14.35,2.372,66.7,26.75,4.35,35.11
005765,中欧明睿新常态混合C,混合型-偏股,13.51,0.25y,价值平均法,45.12,5.77,3.382,100.0,20.47,-7.11,35.1
011885,工银景气优选混合C,混合型-偏股,2.18,0.25y,价值平均法,54.16,7.58,3.359,66.7,24.16,-3.56,35.1
588950,科创50ETF景顺,指数型-股票,2.81,0.25y,价值平均法,60.43,14.13,2.396,66.7,26.66,4.18,35.08
000942,广发信息技术联接A,指数型-股票,5.0,0.25y,价值平均法,58.54,12.43,2.686,66.7,25.91,2.3,35.05
007345,富国科技创新灵活配置混合,混合型-灵活,6.76,0.25y,价值平均法,46.9,4.38,4.15,66.7,21.2,-6.08,34.99
019157,易方达全球配置混合(QDII)A(美元现汇),QDII-混合灵活,2.65,0.25y,价值平均法,54.53,7.11,3.349,66.7,24.31,-7.19,34.94
000805,中银新经济灵活配置混合A,混合型-灵活,2.08,0.25y,价值平均法,57.21,13.32,3.096,66.7,25.38,-3.75,34.92
009049,易方达高端制造混合发起式A,混合型-偏股,52.29,0.25y,价值平均法,52.05,9.65,3.813,66.7,23.31,-5.74,34.92
012846,恒越蓝筹精选混合,混合型-偏股,3.18,0.25y,价值平均法,56.72,13.42,2.967,66.7,25.19,1.38,34.92
001297,平安智慧中国混合,混合型-灵活,3.05,0.25y,价值平均法,57.54,14.24,2.986,66.7,25.52,-1.7,34.91
009863,富国创新趋势股票A,股票型,36.19,0.25y,价值平均法,61.18,6.23,3.455,33.3,26.96,-4.48,34.9
159695,通信ETF嘉实,指数型-股票,4.37,0.25y,价值平均法,55.96,8.82,3.242,66.7,24.88,-7.25,34.9
000939,中银研究精选灵活配置混合A,混合型-灵活,2.07,0.25y,价值平均法,57.05,13.54,3.1,66.7,25.32,-3.48,34.88
588180,科创50ETF国联安,指数型-股票,12.67,0.25y,价值平均法,60.01,14.21,2.369,66.7,26.49,4.24,34.86
001000,中欧明睿新起点混合,混合型-偏股,10.92,0.25y,价值平均法,56.01,9.25,2.85,66.7,24.91,2.17,34.83
016237,华夏数字经济龙头混合发起式A,混合型-偏股,11.6,0.25y,价值平均法,57.55,12.52,2.841,66.7,25.52,-0.39,34.8
015368,国泰海通领航成长一年持有混合发起A,混合型-偏股,2.32,0.25y,价值平均法,66.92,13.9,2.762,33.3,29.2,1.73,34.79
019034,易方达高端制造混合发起式C,混合型-偏股,8.74,0.25y,价值平均法,51.81,9.68,3.795,66.7,23.21,-5.69,34.79
019158,易方达全球配置混合(QDII)C(美元现汇),QDII-混合灵活,2.53,0.25y,价值平均法,54.23,7.15,3.33,66.7,24.19,-7.11,34.78
012098,华夏成长机会一年持有混合,混合型-偏股,5.49,0.25y,价值平均法,56.87,12.5,2.903,66.7,25.25,-0.1,34.73
016238,华夏数字经济龙头混合发起式C,混合型-偏股,15.67,0.25y,价值平均法,57.35,12.55,2.83,66.7,25.44,-0.34,34.7
005729,南方人工智能混合,混合型-偏股,5.09,0.25y,价值平均法,56.89,10.83,2.82,66.7,25.26,-0.06,34.68
001323,东吴移动互联混合A,混合型-灵活,28.99,0.25y,价值平均法,53.75,6.19,3.145,66.7,24.0,-4.57,34.63
016311,中欧优质企业混合A,混合型-偏股,11.05,0.25y,价值平均法,55.69,8.96,2.873,66.7,24.78,0.4,34.63
588280,科创50ETF华安,指数型-股票,3.64,0.25y,价值平均法,59.37,14.18,2.354,66.7,26.24,4.2,34.59
002170,东吴移动互联混合C,混合型-灵活,51.7,0.25y,价值平均法,53.64,6.19,3.139,66.7,23.95,-4.55,34.57
023056,富国上证科创板50成份ETF联接C,指数型-股票,2.85,0.25y,价值平均法,58.81,13.65,2.415,66.7,26.02,3.76,34.53
588870,科创50ETF汇添富,指数型-股票,4.83,0.25y,价值平均法,59.27,14.26,2.343,66.7,26.2,4.28,34.53
011486,博时创新精选混合A,混合型-偏股,5.68,0.25y,价值平均法,57.33,9.82,2.627,66.7,25.43,-0.07,34.46
001322,东吴新趋势价值线混合,混合型-灵活,12.43,0.25y,价值平均法,53.97,7.28,3.145,66.7,24.08,-4.6,34.45
550009,中信保诚中小盘混合A,混合型-偏股,2.02,0.25y,价值平均法,54.98,10.96,3.059,66.7,24.49,-1.18,34.45
501018,南方原油A,QDII-商品,15.87,0.25y,价值平均法,49.87,12.54,3.76,100.0,22.42,-32.36,34.41
006476,南方原油C,QDII-商品,3.67,0.25y,价值平均法,49.6,12.55,3.75,100.0,22.31,-32.28,34.3
017092,景顺长城纳斯达克科技ETF联接(QDII)A美元现汇,指数型-海外股票,23.05,0.25y,价值平均法,49.96,9.82,3.695,66.7,22.46,-1.48,34.26
217019,招商深证TMT50ETF联接A,指数型-股票,2.68,0.25y,价值平均法,53.14,7.47,3.129,66.7,23.75,-2.59,34.26
501075,万家科创主题灵活配置混合(LOF)A,混合型-灵活,4.08,0.25y,价值平均法,52.09,8.98,3.348,66.7,23.33,-1.75,34.26
019702,易方达上证科创板成长ETF联接发起式A,指数型-股票,2.47,0.25y,价值平均法,53.73,9.18,3.257,66.7,23.99,-6.45,34.14
009892,富国成长策略混合A,混合型-偏股,21.21,0.25y,价值平均法,53.66,6.84,3.26,66.7,23.96,-10.37,34.13
159597,创业板成长ETF易方达,指数型-股票,3.04,0.25y,价值平均法,52.9,5.96,2.956,66.7,23.65,-2.5,34.1
011300,易方达智造优势混合A,混合型-偏股,24.19,0.25y,价值平均法,50.44,9.99,3.668,66.7,22.65,-5.11,33.99
011823,易方达产业升级混合C,混合型-偏股,12.58,0.25y,价值平均法,50.74,9.88,3.607,66.7,22.78,-4.87,33.99
021934,富国中证通信设备主题ETF发起式联接C,指数型-股票,2.15,0.25y,价值平均法,54.66,8.43,3.038,66.7,24.36,-7.36,33.96
018325,国泰海通创新成长混合发起A,混合型-偏股,13.24,0.25y,价值平均法,64.84,13.78,2.719,33.3,28.39,1.74,33.94
017724,银华心质混合C,混合型-偏股,2.43,0.25y,价值平均法,57.99,11.87,2.437,66.7,25.7,-1.17,33.92
000609,华商新量化混合A,混合型-灵活,2.25,0.25y,价值平均法,50.26,8.95,3.555,66.7,22.58,-3.78,33.89
015152,东吴嘉禾优势精选混合C,混合型-灵活,3.09,0.25y,价值平均法,52.68,7.25,3.079,66.7,23.56,-4.62,33.8
165516,中信保诚周期轮动混合(LOF)A,混合型-偏股,6.03,0.25y,价值平均法,60.17,10.8,3.398,33.3,26.56,-2.03,33.8
000409,鹏华环保产业股票,股票型,11.64,0.25y,价值平均法,40.91,4.95,3.364,100.0,18.7,-5.89,33.79
000308,建信创新中国混合,混合型-偏股,3.36,0.25y,价值平均法,51.07,13.75,3.586,66.7,22.91,-4.78,33.77
519679,银河主题混合A,混合型-偏股,3.23,0.25y,价值平均法,53.26,11.63,2.997,66.7,23.8,0.23,33.74
000828,宏利转型机遇股票A,股票型,23.42,0.25y,价值平均法,49.41,6.9,3.529,66.7,22.23,-5.0,33.72
001216,易方达新收益混合A,混合型-灵活,19.64,0.25y,价值平均法,55.38,16.12,2.853,66.7,24.65,-1.87,33.69
011608,易方达上证科创50联接A,指数型-股票,63.42,0.25y,价值平均法,56.69,13.57,2.388,66.7,25.17,3.67,33.68
022895,易方达上证科创50联接Y,指数型-股票,4.73,0.25y,价值平均法,56.69,13.56,2.387,66.7,25.17,3.68,33.68
011609,易方达上证科创50联接C,指数型-股票,112.86,0.25y,价值平均法,56.64,13.58,2.385,66.7,25.16,3.68,33.66
005268,鹏华优势企业,股票型,4.57,0.25y,价值平均法,55.19,12.67,2.97,66.7,24.58,-6.46,33.64
010662,富国均衡优选混合,混合型-偏股,20.83,0.25y,价值平均法,55.53,13.5,2.534,66.7,24.71,3.72,33.64
012800,宏利转型机遇股票C,股票型,2.07,0.25y,价值平均法,49.28,6.91,3.519,66.7,22.18,-4.98,33.64
270028,广发制造业精选混合A,混合型-偏股,12.46,0.25y,价值平均法,54.21,11.49,2.904,66.7,24.18,-2.33,33.61
020755,永赢融安混合A,混合型-偏股,3.86,0.25y,价值平均法,55.42,13.29,2.667,66.7,24.67,0.31,33.6
009008,平安科技创新混合A,混合型-偏股,3.97,0.25y,价值平均法,57.53,15.02,2.32,66.7,25.51,1.71,33.54
012064,圆信永丰兴诺一年持有期混合,混合型-灵活,9.24,0.25y,价值平均法,55.72,13.4,2.467,66.7,24.79,3.38,33.51
012083,博时数字经济混合C,混合型-偏股,2.74,0.25y,价值平均法,62.79,12.94,2.895,33.3,27.59,-0.37,33.48
000979,景顺长城沪港深精选股票A,股票型,63.14,0.25y,价值平均法,53.42,7.09,2.791,66.7,23.86,-3.95,33.46
020758,永赢融安混合C,混合型-偏股,7.54,0.25y,价值平均法,55.13,13.33,2.649,66.7,24.55,0.37,33.45
005551,汇安成长优选混合C,混合型-灵活,13.7,0.25y,价值平均法,62.35,9.91,2.969,33.3,27.42,-3.99,33.43
011612,华夏科创50ETF联接A,指数型-股票,33.52,0.25y,价值平均法,56.12,13.59,2.364,66.7,24.95,3.7,33.42
022950,华泰柏瑞上证科创板50成份ETF联接Y,指数型-股票,2.09,0.25y,价值平均法,56.03,13.43,2.377,66.7,24.91,3.65,33.42
180031,银华中小盘混合,混合型-偏股,33.93,0.25y,价值平均法,58.25,15.48,2.13,66.7,25.8,2.83,33.42
011610,华泰柏瑞上证科创板50成份ETF联接A,指数型-股票,4.66,0.25y,价值平均法,56.01,13.43,2.376,66.7,24.9,3.65,33.41
013810,广发科创50ETF发起式联接A,指数型-股票,7.6,0.25y,价值平均法,56.24,13.69,2.338,66.7,24.99,3.85,33.41
240011,华宝大盘精选混合,混合型-偏股,6.37,0.25y,价值平均法,40.25,5.0,3.422,100.0,18.43,-8.43,33.41
016701,银华海外数字经济量化选股混合发起式(QDII)A,QDII-混合偏股,11.46,0.25y,价值平均法,50.57,9.45,3.205,66.7,22.71,-0.68,33.38
159819,人工智能ETF易方达,指数型-股票,221.41,0.25y,价值平均法,54.3,10.45,2.648,66.7,24.22,0.33,33.37
009009,平安科技创新混合C,混合型-偏股,2.62,0.25y,价值平均法,57.13,15.06,2.301,66.7,25.35,1.78,33.35
011611,华泰柏瑞上证科创板50成份ETF联接C,指数型-股票,9.09,0.25y,价值平均法,55.88,13.45,2.369,66.7,24.85,3.67,33.35
011613,华夏科创50ETF联接C,指数型-股票,53.82,0.25y,价值平均法,55.99,13.62,2.357,66.7,24.9,3.72,33.35
013811,广发科创50ETF发起式联接C,指数型-股票,13.98,0.25y,价值平均法,56.08,13.71,2.331,66.7,24.93,3.87,33.33
019155,易方达全球配置混合(QDII)A(人民币),QDII-混合灵活,2.65,0.25y,价值平均法,51.2,7.41,3.198,66.7,22.96,-6.51,33.31
021313,景顺长城沪港深精选股票C,股票型,3.76,0.25y,价值平均法,53.12,7.13,2.776,66.7,23.74,-3.87,33.31
016702,银华海外数字经济量化选股混合发起式(QDII)C,QDII-混合偏股,23.08,0.25y,价值平均法,50.42,9.47,3.194,66.7,22.64,-0.65,33.3
001125,博时互联网主题灵活配置混合,混合型-灵活,4.17,0.25y,价值平均法,49.3,8.17,3.317,66.7,22.19,-1.35,33.29
515070,人工智能ETF华夏,指数型-股票,97.56,0.25y,价值平均法,54.04,10.43,2.641,66.7,24.11,0.33,33.26
012913,方正富邦趋势领航混合A,混合型-偏股,3.95,0.25y,价值平均法,49.78,10.5,3.267,66.7,22.38,-0.14,33.2
012301,易方达核心智造混合,混合型-偏股,17.58,0.25y,价值平均法,51.48,12.05,3.133,66.7,23.08,-1.83,33.19
019156,易方达全球配置混合(QDII)C(人民币),QDII-混合灵活,2.53,0.25y,价值平均法,50.9,7.42,3.183,66.7,22.84,-6.46,33.17
160723,嘉实原油(QDII-LOF),QDII-商品,14.85,0.25y,价值平均法,46.28,11.12,3.624,100.0,20.95,-29.59,33.13
011614,工银科创50ETF联接A,指数型-股票,12.57,0.25y,价值平均法,55.35,13.49,2.349,66.7,24.64,3.67,33.1
011615,工银科创50ETF联接C,指数型-股票,16.72,0.25y,价值平均法,55.32,13.49,2.347,66.7,24.63,3.69,33.09
008903,广发科技先锋混合,混合型-偏股,80.85,0.25y,价值平均法,45.87,6.13,3.807,66.7,20.78,-6.55,33.08
009929,南方创新驱动混合A,混合型-偏股,27.77,0.25y,价值平均法,51.45,9.97,2.955,66.7,23.07,-0.44,33.05
005136,华安幸福生活混合A,混合型-偏股,6.13,0.25y,价值平均法,52.18,10.75,2.906,66.7,23.36,-1.3,33.04
001970,泰信鑫选灵活配置混合A,混合型-灵活,2.16,0.25y,价值平均法,66.51,20.24,1.87,33.3,29.04,10.4,32.98
009930,南方创新驱动混合C,混合型-偏股,4.59,0.25y,价值平均法,51.17,10.02,2.936,66.7,22.95,-0.38,32.9
560800,数字经济ETF鹏扬,指数型-股票,4.34,0.25y,价值平均法,54.86,14.06,2.235,66.7,24.44,5.48,32.79
004745,长盛创新驱动混合A,混合型-灵活,4.68,0.25y,价值平均法,52.38,14.24,2.765,66.7,23.44,1.09,32.76
506005,博时科创板三年定开混合,混合型-偏股,21.55,0.25y,价值平均法,55.62,16.93,2.303,66.7,24.75,1.61,32.71
006792,鹏华港美互联股票美元现汇,QDII-普通股票,2.84,0.25y,价值平均法,52.66,12.07,2.613,66.7,23.55,1.96,32.7
002345,华夏高端制造混合A,混合型-灵活,8.53,0.25y,价值平均法,59.95,13.26,2.937,33.3,26.47,0.89,32.65
700003,平安策略先锋混合,混合型-灵活,21.52,0.25y,价值平均法,53.73,17.45,2.654,66.7,23.99,-0.88,32.64
014191,广发先进制造股票发起式A,股票型,7.11,0.25y,价值平均法,54.39,10.51,2.495,66.7,24.25,-3.5,32.63
017091,景顺长城纳斯达克科技ETF联接(QDII)A人民币,指数型-海外股票,23.05,0.25y,价值平均法,46.74,9.42,3.449,66.7,21.14,-0.9,32.55
000209,中信保诚新兴产业混合A,混合型-偏股,14.88,0.25y,价值平均法,49.96,10.55,3.017,66.7,22.46,-1.07,32.54
001822,华商智能生活灵活配置混合A,混合型-灵活,2.33,0.25y,价值平均法,60.62,9.79,2.766,33.3,26.73,-1.73,32.53
014192,广发先进制造股票发起式C,股票型,12.94,0.25y,价值平均法,54.19,10.53,2.486,66.7,24.17,-3.46,32.53
002861,工银智能制造股票A,股票型,5.83,0.25y,价值平均法,51.29,8.36,2.789,66.7,23.0,-3.1,32.51
019118,景顺长城纳斯达克科技ETF联接(QDII)E人民币,指数型-海外股票,8.03,0.25y,价值平均法,46.63,9.43,3.441,66.7,21.09,-0.89,32.49
004148,圆信永丰多策略,混合型-偏股,3.35,0.25y,价值平均法,52.06,15.09,2.791,66.7,23.31,-0.83,32.48
000906,广发全球精选股票(QDII)美元A,QDII-普通股票,112.68,0.25y,价值平均法,48.59,7.79,3.094,66.7,21.9,-1.86,32.47
012224,信澳成长精选混合C,混合型-偏股,3.79,0.25y,价值平均法,58.76,9.81,2.933,33.3,26.0,0.18,32.44
017093,景顺长城纳斯达克科技ETF联接(QDII)C人民币,指数型-海外股票,11.8,0.25y,价值平均法,46.54,9.44,3.434,66.7,21.06,-0.87,32.44
010180,华夏科技龙头两年持有混合,混合型-偏股,9.25,0.25y,价值平均法,53.51,13.23,2.343,66.7,23.9,3.22,32.39
001951,金鹰改革红利混合,混合型-灵活,8.22,0.25y,价值平均法,51.39,13.56,2.929,66.7,23.04,-4.0,32.34
320007,诺安成长混合A,混合型-偏股,108.11,0.25y,价值平均法,53.54,11.79,2.227,66.7,23.91,4.36,32.32
501188,汇添富核心精选混合(LOF),混合型-灵活,8.79,0.25y,价值平均法,55.9,18.2,1.919,66.7,24.86,6.18,32.26
001742,广发百发大数据精选混合E,混合型-灵活,3.53,0.25y,价值平均法,52.49,16.84,2.544,66.7,23.49,2.12,32.24
001072,华安智能装备主题股票A,股票型,15.9,0.25y,价值平均法,49.39,12.78,3.025,66.7,22.22,-0.84,32.21
001039,嘉实先进制造股票,股票型,6.33,0.25y,价值平均法,46.9,7.29,3.18,66.7,21.2,-1.23,32.2
017483,财通资管数字经济混合发起式A,混合型-偏股,7.32,0.25y,价值平均法,54.44,15.69,2.187,66.7,24.27,2.95,32.18
008286,易方达研究精选股票,股票型,39.61,0.25y,价值平均法,45.25,5.24,3.381,66.7,20.52,-5.18,32.17
010305,华夏创新驱动混合A,混合型-偏股,16.6,0.25y,价值平均法,49.84,9.85,2.69,66.7,22.41,3.06,32.16
011840,天弘中证人工智能C,指数型-股票,32.07,0.25y,价值平均法,50.95,9.99,2.645,66.7,22.86,0.1,32.15
001156,申万菱信新能源汽车主题灵活配置混合A,混合型-灵活,20.5,0.25y,价值平均法,43.05,12.19,2.915,100.0,19.61,-9.61,32.1
017484,财通资管数字经济混合发起式C,混合型-偏股,45.11,0.25y,价值平均法,54.23,15.72,2.176,66.7,24.19,2.98,32.08
012733,易方达中证人工智能主题ETF联接A,指数型-股票,32.6,0.25y,价值平均法,50.76,9.98,2.639,66.7,22.78,0.13,32.06
000717,融通转型三动力灵活配置混合A,混合型-灵活,2.4,0.25y,价值平均法,49.4,7.87,3.02,66.7,22.23,-7.15,32.05
012734,易方达中证人工智能主题ETF联接C,指数型-股票,67.6,0.25y,价值平均法,50.71,9.99,2.636,66.7,22.76,0.15,32.04
013622,华安智能装备主题股票C,股票型,7.19,0.25y,价值平均法,49.08,12.79,3.003,66.7,22.1,-0.79,32.04
007874,华宝科技ETF联接C,指数型-股票,2.59,0.25y,价值平均法,56.27,8.49,3.09,33.3,25.01,-0.58,32.02
022739,申万菱信新能源汽车主题灵活配置混合C,混合型-灵活,10.98,0.25y,价值平均法,42.82,12.21,2.907,100.0,19.51,-9.61,31.99
001811,中欧明睿新常态混合A,混合型-偏股,37.9,0.25y,价值平均法,45.49,5.76,3.408,66.7,20.62,-7.2,31.97
159509,纳指科技ETF景顺,指数型-海外股票,111.72,0.25y,价值平均法,46.72,10.01,3.237,66.7,21.13,-0.75,31.97
501208,中欧创新未来混合(LOF),混合型-偏股,26.18,0.25y,价值平均法,50.54,11.19,2.58,66.7,22.7,1.66,31.88
001409,工银互联网加股票,股票型,24.9,0.25y,价值平均法,47.2,8.51,3.13,66.7,21.33,-2.84,31.84
008585,华夏人工智能ETF联接A,指数型-股票,23.74,0.25y,价值平均法,50.21,9.91,2.627,66.7,22.56,0.08,31.83
506003,富国科创板两年定开混合,混合型-偏股,13.2,0.25y,价值平均法,50.22,10.37,2.715,66.7,22.56,-1.9,31.81
008586,华夏人工智能ETF联接C,指数型-股票,24.28,0.25y,价值平均法,50.08,9.93,2.618,66.7,22.51,0.11,31.76
021580,华夏人工智能ETF联接D,指数型-股票,11.14,0.25y,价值平均法,50.07,9.93,2.619,66.7,22.5,0.1,31.76
017485,长盛高端装备混合C,混合型-灵活,3.56,0.25y,价值平均法,50.27,14.34,2.668,66.7,22.58,1.15,31.75
001140,工银总回报灵活配置混合A,混合型-灵活,3.93,0.25y,价值平均法,46.94,8.34,3.116,66.7,21.22,-3.19,31.7
012647,中欧洞见一年持有混合,混合型-偏股,8.69,0.25y,价值平均法,56.51,8.92,2.899,33.3,25.1,0.47,31.67
008372,富国阿尔法两年持有期混合,混合型-偏股,2.99,0.25y,价值平均法,49.49,12.1,2.834,66.7,22.26,-2.37,31.66
010455,博时产业精选混合A,混合型-灵活,2.87,0.25y,价值平均法,49.27,9.35,2.591,66.7,22.18,0.77,31.52
159583,通信ETF富国,指数型-股票,14.62,0.25y,价值平均法,57.21,8.91,3.046,33.3,25.38,-7.64,31.49
163412,兴全轻资产混合(LOF),混合型-偏股,24.89,0.25y,价值平均法,43.83,8.34,3.561,66.7,19.93,-4.69,31.49
588060,科创50ETF广发,指数型-股票,67.74,0.25y,价值平均法,59.8,14.28,2.35,33.3,26.41,4.3,31.4
162720,广发创业板两年定开混合,混合型-偏股,2.91,0.25y,价值平均法,47.82,8.49,2.924,66.7,21.58,-4.9,31.35
501095,中银证券科技创新混合(LOF),混合型-偏股,3.45,0.25y,价值平均法,49.5,8.69,2.599,66.7,22.27,-2.98,31.33
001245,工银生态环境股票A,股票型,16.53,0.25y,价值平均法,45.11,7.39,3.094,66.7,20.46,-0.97,31.32
519672,银河蓝筹混合A,混合型-偏股,3.42,0.25y,价值平均法,45.83,7.02,2.97,66.7,20.76,-1.88,31.25
006371,长安鑫盈混合A,混合型-灵活,4.92,0.25y,价值平均法,51.61,17.12,2.509,66.7,23.13,-3.95,31.21
012428,华夏核心制造混合A,混合型-偏股,12.52,0.25y,价值平均法,36.38,4.23,2.791,100.0,16.78,-2.18,31.21
150968,银河研究精选混合A,混合型-偏股,6.95,0.25y,价值平均法,44.7,6.28,3.086,66.7,20.29,-2.77,31.18
040001,华安创新混合,混合型-平衡,13.76,0.25y,价值平均法,56.36,10.25,2.85,33.3,25.05,-1.52,31.13
010328,博时荣华灵活配置混合A,混合型-灵活,2.02,0.25y,价值平均法,37.97,3.83,3.806,66.7,17.46,-3.4,31.12
011021,汇添富互联网核心资产六个月持有混合A,混合型-偏股,14.59,0.25y,价值平均法,47.99,7.06,2.694,66.7,21.65,-4.51,31.11
160644,鹏华港美互联股票人民币,QDII-普通股票,2.84,0.25y,价值平均法,49.33,11.7,2.432,66.7,22.2,2.47,31.11
001192,摩根整合驱动混合A,混合型-灵活,2.43,0.25y,价值平均法,44.33,9.15,3.413,66.7,20.14,-5.88,31.1
017987,易方达国企主题混合A,混合型-偏股,4.17,0.25y,定期定额(周),45.13,5.11,3.093,61.5,20.47,-3.49,31.09
012429,华夏核心制造混合C,混合型-偏股,2.97,0.25y,价值平均法,36.09,4.24,2.765,100.0,16.66,-2.11,31.03
519670,银河行业混合A,混合型-偏股,7.51,0.25y,价值平均法,45.03,6.67,2.995,66.7,20.43,-2.51,31.02
021432,景顺长城精锐成长混合C,混合型-偏股,10.34,0.25y,价值平均法,47.69,7.6,2.533,66.7,21.53,0.41,30.99
501054,东方红睿泽三年持有混合A,混合型-偏股,48.84,0.25y,价值平均法,41.95,5.86,3.449,66.7,19.14,-4.99,30.91
910007,东方红启元三年持有混合A,混合型-灵活,5.11,0.25y,价值平均法,41.8,6.38,3.594,66.7,19.08,-7.45,30.85
000039,农银高增长混合,混合型-偏股,3.49,0.25y,价值平均法,46.1,9.03,2.765,66.7,20.87,0.42,30.78
016626,汇添富创新成长混合A,混合型-偏股,2.8,0.25y,价值平均法,48.38,13.16,2.521,66.7,21.81,1.32,30.77
100060,富国高新技术产业混合,混合型-偏股,12.2,0.25y,价值平均法,46.97,11.12,2.761,66.7,21.23,-0.82,30.77
011822,易方达产业升级混合A,混合型-偏股,25.58,0.25y,价值平均法,50.94,9.86,3.621,33.3,22.86,-4.91,30.75
470009,汇添富民营活力混合,混合型-偏股,33.54,0.25y,价值平均法,46.34,11.81,2.878,66.7,20.97,-1.21,30.75
010898,银河产业动力混合A,混合型-偏股,2.65,0.25y,价值平均法,47.19,10.72,2.596,66.7,21.32,1.84,30.74
021277,广发全球精选股票(QDII)人民币C,QDII-普通股票,33.07,0.25y,价值平均法,45.16,7.85,2.891,66.7,20.48,-1.18,30.74
000294,华安生态优先混合A,混合型-偏股,6.23,0.25y,价值平均法,47.94,9.37,2.401,66.7,21.63,2.24,30.7
011304,工银创新成长混合A,混合型-偏股,21.04,0.25y,价值平均法,46.11,8.73,2.824,66.7,20.88,-2.48,30.68
009659,民生加银新动能一年定开混合A,混合型-偏股,6.24,0.25y,价值平均法,45.02,9.97,3.049,66.7,20.42,-3.46,30.61
673141,西部利得景程混合A,混合型-灵活,2.2,0.25y,价值平均法,50.63,9.91,3.646,33.3,22.73,-5.89,30.6
010849,易方达竞争优势企业混合C,混合型-偏股,11.75,0.25y,价值平均法,46.76,10.76,2.662,66.7,21.14,0.29,30.59
011301,易方达智造优势混合C,混合型-偏股,15.69,0.25y,价值平均法,50.25,10.02,3.653,33.3,22.58,-5.06,30.55
580001,东吴嘉禾优势精选混合A,混合型-灵活,8.6,0.25y,价值平均法,52.88,7.24,3.089,33.3,23.65,-4.66,30.55
012493,长信内需均衡混合A,混合型-偏股,3.98,0.25y,价值平均法,45.29,9.51,2.947,66.7,20.54,-2.99,30.54
161031,富国中证工业4.0指数(LOF)A,指数型-股票,5.48,0.25y,价值平均法,48.45,12.63,2.321,66.7,21.84,3.43,30.54
011833,西部利得人工智能主题指数增强C,指数型-股票,2.16,0.25y,价值平均法,54.37,9.84,2.85,33.3,24.24,-0.54,30.53
009660,民生加银新动能一年定开混合C,混合型-偏股,2.21,0.25y,价值平均法,44.83,9.99,3.035,66.7,20.35,-3.43,30.5
001740,光大中国制造2025灵活配置混合A,混合型-灵活,5.3,0.25y,价值平均法,45.35,10.38,2.789,66.7,20.56,0.88,30.48
512330,信息科技ETF南方,指数型-股票,5.67,0.25y,价值平均法,51.09,15.33,1.921,66.7,22.92,4.52,30.47
001487,宝盈优势产业混合A,混合型-灵活,2.65,0.25y,价值平均法,43.36,5.29,3.04,66.7,19.73,-6.87,30.4
018231,易方达全球优质企业混合(QDII)A(美元现汇份额),QDII-混合偏股,18.79,0.25y,价值平均法,46.45,9.22,2.687,66.7,21.02,-2.54,30.4
018232,易方达全球优质企业混合(QDII)C(美元现汇份额),QDII-混合偏股,14.15,0.25y,价值平均法,46.35,9.22,2.682,66.7,20.97,-2.48,30.35
005001,交银持续成长主题混合A,混合型-偏股,6.6,0.25y,价值平均法,44.2,5.74,2.656,66.7,20.08,0.11,30.33
515980,人工智能ETF华富,指数型-股票,88.28,0.25y,价值平均法,48.37,11.48,2.369,66.7,21.81,-0.49,30.32
010680,华夏新兴成长股票A,股票型,27.02,0.25y,价值平均法,43.73,8.21,2.886,66.7,19.89,0.58,30.31
001217,易方达新收益混合C,混合型-灵活,4.83,0.25y,价值平均法,55.28,16.13,2.848,33.3,24.61,-1.84,30.3
008638,广发科技创新混合A,混合型-偏股,25.03,0.25y,价值平均法,50.02,16.68,2.134,66.7,22.48,1.45,30.26
340006,兴全全球视野股票,股票型,18.09,0.25y,价值平均法,48.36,9.81,3.877,33.3,21.8,-7.04,30.23
012119,工银核心优势混合A,混合型-偏股,7.26,0.25y,价值平均法,43.75,7.54,2.899,66.7,19.9,-1.95,30.2
010681,华夏新兴成长股票C,股票型,3.18,0.25y,价值平均法,43.43,8.25,2.861,66.7,19.76,0.66,30.14
011338,兴全合远两年持有混合A,混合型-偏股,11.69,0.25y,定期定额(周),45.3,7.66,2.494,69.2,20.54,-0.64,30.13
013269,交银瑞和三年持有期混合,混合型-偏股,14.74,0.25y,价值平均法,44.05,5.76,2.584,66.7,20.02,0.35,30.11
013533,广发科技创新混合C,混合型-偏股,9.77,0.25y,价值平均法,49.7,16.72,2.119,66.7,22.35,1.5,30.11
006299,恒越核心精选混合A,混合型-偏股,2.63,0.25y,价值平均法,44.67,11.29,2.783,66.7,20.28,0.36,30.09
373020,摩根双核平衡混合A,混合型-平衡,3.1,0.25y,价值平均法,44.72,6.65,4.168,33.3,20.3,-6.54,30.09
210008,金鹰策略配置混合,混合型-偏股,2.69,0.25y,价值平均法,56.06,12.81,2.699,33.3,24.92,-5.14,30.06
000756,建信潜力新蓝筹股票A,股票型,3.4,0.25y,定期定额(周),50.54,6.56,2.406,46.2,22.7,1.79,30.05
001606,农银工业4.0混合,混合型-灵活,21.78,0.25y,价值平均法,51.31,9.56,3.115,33.3,23.01,-0.98,30.05
004604,富国新活力灵活配置混合A,混合型-灵活,3.31,0.25y,价值平均法,48.26,15.23,2.309,66.7,21.76,0.82,30.05
007193,恒越核心精选混合C,混合型-偏股,5.63,0.25y,价值平均法,44.58,11.31,2.775,66.7,20.24,0.38,30.04
379010,摩根中小盘混合A,混合型-偏股,3.21,0.25y,价值平均法,41.22,8.08,3.303,66.7,18.83,-3.66,30.01
014460,平安品质优选混合A,混合型-偏股,6.26,0.25y,价值平均法,47.97,17.94,2.466,66.7,21.64,-2.14,29.95
004605,富国新活力灵活配置混合C,混合型-灵活,4.23,0.25y,价值平均法,48.03,15.26,2.295,66.7,21.67,0.87,29.93
002669,华商万众创新混合A,混合型-灵活,6.92,0.25y,价值平均法,45.74,17.24,2.779,66.7,20.72,-3.84,29.77
014461,平安品质优选混合C,混合型-偏股,2.23,0.25y,价值平均法,47.62,17.98,2.445,66.7,21.5,-2.06,29.77
017234,永赢睿恒混合A,混合型-偏股,7.61,0.25y,价值平均法,45.72,9.16,2.458,66.7,20.71,-0.99,29.72
159370,创50ETF工银,指数型-股票,2.17,0.25y,价值平均法,42.17,5.48,2.824,66.7,19.24,-3.38,29.69
240017,华宝新兴产业混合,混合型-偏股,3.54,0.25y,价值平均法,39.76,5.47,3.271,66.7,18.22,-5.76,29.64
000714,诺安稳健回报混合A,混合型-灵活,10.17,0.25y,价值平均法,48.54,15.28,2.107,66.7,21.88,0.38,29.6
165313,建信优势动力混合(LOF),混合型-偏股,4.36,0.25y,定期定额(周),49.63,6.62,2.358,46.2,22.32,2.12,29.6
002052,诺安稳健回报混合C,混合型-灵活,21.43,0.25y,价值平均法,48.48,15.29,2.107,66.7,21.85,0.37,29.58
022368,永赢睿恒混合C,混合型-偏股,17.51,0.25y,价值平均法,45.45,9.2,2.441,66.7,20.6,-0.93,29.57
004674,富国新机遇灵活配置混合A,混合型-灵活,14.98,0.25y,价值平均法,44.15,11.36,2.785,66.7,20.06,-3.01,29.56
004675,富国新机遇灵活配置混合C,混合型-灵活,3.72,0.25y,价值平均法,43.94,11.39,2.769,66.7,19.97,-2.94,29.45
015144,中欧智能制造混合C,混合型-偏股,3.77,0.25y,价值平均法,45.4,11.77,2.371,66.7,20.58,1.86,29.44
013346,富荣信息技术混合C,混合型-偏股,10.91,0.25y,价值平均法,49.41,16.95,1.92,66.7,22.23,0.81,29.43
160143,南方创业板2年定期开放混合,混合型-偏股,3.47,0.25y,价值平均法,43.06,8.79,2.727,66.7,19.61,-1.17,29.42
013365,汇添富产业升级混合A,混合型-偏股,3.26,0.25y,价值平均法,43.91,11.62,2.687,66.7,19.96,-1.56,29.36
159814,创业大盘ETF西部利得,指数型-股票,3.49,0.25y,价值平均法,41.95,5.86,2.757,66.7,19.14,-3.19,29.36
012130,景顺长城先进智造混合A,混合型-偏股,9.72,0.25y,价值平均法,44.76,14.37,2.49,66.7,20.32,1.55,29.34
004391,平安转型创新混合C,混合型-灵活,2.65,0.25y,价值平均法,45.97,16.98,2.501,66.7,20.82,-2.35,29.32
002900,南方中证500信息技术联接A,指数型-股票,3.03,0.25y,价值平均法,47.82,14.65,1.911,66.7,21.58,4.1,29.25
012131,景顺长城先进智造混合C,混合型-偏股,2.01,0.25y,价值平均法,44.59,14.4,2.476,66.7,20.25,1.59,29.24
010126,平安价值成长混合A,混合型-偏股,2.72,0.25y,价值平均法,45.63,15.25,2.338,66.7,20.68,1.2,29.2
161631,融通人工智能指数(LOF)A,指数型-股票,8.05,0.25y,价值平均法,51.67,9.87,2.693,33.3,23.15,0.04,29.2
240009,华宝先进成长混合,混合型-偏股,7.37,0.25y,价值平均法,39.32,5.55,3.152,66.7,18.03,-5.5,29.18
004476,景顺长城沪港深领先科技股票A,股票型,2.72,0.25y,价值平均法,41.87,9.53,2.857,66.7,19.11,-1.75,29.17
004347,南方中证500信息技术联接C,指数型-股票,2.35,0.25y,价值平均法,47.64,14.66,1.901,66.7,21.51,4.13,29.16
000793,工银高端制造股票,股票型,8.32,0.25y,价值平均法,40.4,7.48,2.914,66.7,18.49,-0.29,29.15
010736,易方达沪深300指数增强A,指数型-股票,20.74,0.25y,价值平均法,40.8,8.15,2.921,66.7,18.66,-1.28,29.13
018730,华夏招鑫鸿瑞混合A,混合型-偏股,3.22,0.25y,价值平均法,32.5,8.46,3.088,100.0,15.11,-7.31,29.13
010755,博道睿见一年持有期混合,混合型-偏股,2.37,0.25y,价值平均法,43.86,12.34,2.455,66.7,19.94,2.0,29.07
519732,交银定期支付双息平衡混合,混合型-平衡,26.82,0.25y,价值平均法,41.09,9.44,2.899,66.7,18.78,-1.04,29.07
003961,易方达瑞程灵活配置混合A,混合型-灵活,3.76,0.25y,价值平均法,45.72,13.32,2.18,66.7,20.72,2.52,29.06
010737,易方达沪深300指数增强C,指数型-股票,11.68,0.25y,价值平均法,40.67,8.16,2.909,66.7,18.6,-1.24,29.05
159682,创业板50ETF景顺,指数型-股票,41.48,0.25y,价值平均法,40.88,5.51,2.764,66.7,18.69,-3.28,29.04
159681,创业板50ETF鹏华,指数型-股票,15.23,0.25y,价值平均法,40.71,5.44,2.777,66.7,18.62,-3.32,29.03
159949,创业板50ETF华安,指数型-股票,206.92,0.25y,价值平均法,40.89,5.54,2.749,66.7,18.7,-3.23,29.01
012491,华商核心引力混合A,混合型-灵活,4.32,0.25y,价值平均法,44.18,17.03,2.655,66.7,20.08,-2.92,29.0
018731,华夏招鑫鸿瑞混合C,混合型-偏股,3.62,0.25y,价值平均法,32.27,8.47,3.067,100.0,15.01,-7.24,29.0
022710,工银智能制造股票C,股票型,4.06,0.25y,价值平均法,50.95,8.42,2.772,33.3,22.86,-3.03,29.0
018229,易方达全球优质企业混合(QDII)A(人民币份额),QDII-混合偏股,18.79,0.25y,价值平均法,43.41,9.24,2.544,66.7,19.75,-1.93,28.97
014389,华安产业动力6个月持有混合A,混合型-偏股,3.09,0.25y,价值平均法,46.9,16.88,1.905,66.7,21.2,5.32,28.94
001576,国泰智能装备股票A,股票型,4.6,0.25y,价值平均法,45.99,14.09,1.942,66.7,20.83,6.43,28.92
012492,华商核心引力混合C,混合型-灵活,3.69,0.25y,价值平均法,43.99,17.06,2.644,66.7,19.99,-2.88,28.9
519688,交银精选混合,混合型-偏股,41.63,0.25y,价值平均法,41.38,9.8,2.821,66.7,18.9,-1.65,28.89
011839,天弘中证人工智能A,指数型-股票,10.23,0.25y,价值平均法,51.05,9.97,2.652,33.3,22.9,0.08,28.86
018230,易方达全球优质企业混合(QDII)C(人民币份额),QDII-混合偏股,14.15,0.25y,价值平均法,43.17,9.27,2.529,66.7,19.65,-1.88,28.85
002939,广发创新升级混合,混合型-灵活,34.64,0.25y,价值平均法,53.71,16.63,2.484,33.3,23.98,-1.99,28.79
019348,富国匠心成长混合C,混合型-偏股,6.45,0.25y,价值平均法,44.51,13.48,2.341,66.7,20.21,-0.9,28.67
100020,富国天益价值混合A,混合型-灵活,31.4,0.25y,价值平均法,39.49,10.37,3.116,66.7,18.11,-4.46,28.6
000534,长盛高端装备混合A,混合型-灵活,9.98,0.25y,价值平均法,50.52,14.32,2.688,33.3,22.69,1.09,28.55
011975,广发均衡回报混合A,混合型-平衡,5.31,0.25y,价值平均法,36.41,5.34,3.25,66.7,16.79,-3.63,28.54
168002,国寿安保策略精选混合A,混合型-偏股,7.64,0.25y,价值平均法,41.75,7.92,3.278,66.7,19.06,-19.95,28.54
001538,摩根科技前沿混合A,混合型-灵活,21.93,0.25y,价值平均法,38.98,9.01,3.101,66.7,17.89,-4.26,28.5
671030,西部利得事件驱动股票A,股票型,8.79,0.25y,价值平均法,45.27,16.47,2.063,66.7,20.53,2.8,28.5
022124,国寿安保策略精选混合C,混合型-偏股,4.31,0.25y,价值平均法,41.56,7.93,3.269,66.7,18.98,-19.9,28.45
010885,长盛优势企业精选混合A,混合型-偏股,6.33,0.25y,价值平均法,42.34,12.73,2.422,66.7,19.31,1.89,28.4
017654,创金合信全球芯片产业股票发起(QDII)C,QDII-普通股票,2.14,0.25y,价值平均法,42.33,11.19,2.334,66.7,19.3,3.14,28.39
005927,创金合信新能源汽车股票A,股票型,5.17,0.25y,价值平均法,42.56,10.25,2.292,66.7,19.4,1.95,28.32
016461,华宝核心优势混合C,混合型-灵活,2.08,0.25y,价值平均法,36.38,4.93,3.3,66.7,16.78,-8.26,28.3
589800,科创综指ETF易方达,指数型-股票,14.37,0.25y,价值平均法,43.34,12.99,2.319,66.7,19.72,-0.3,28.27
160420,华安创业板50指数A,指数型-股票,8.66,0.25y,价值平均法,38.67,5.3,2.749,66.7,17.76,-3.09,28.23
014985,华安创业板50指数C,指数型-股票,3.21,0.25y,价值平均法,38.59,5.3,2.742,66.7,17.72,-3.07,28.18
005928,创金合信新能源汽车股票C,股票型,4.92,0.25y,价值平均法,42.25,10.29,2.269,66.7,19.27,2.02,28.15
017949,景顺长城创业板50ETF联接A,指数型-股票,3.68,0.25y,价值平均法,38.48,5.42,2.712,66.7,17.68,-2.94,28.04
006904,泰康产业升级混合A,混合型-偏股,4.28,0.25y,价值平均法,37.12,7.96,3.13,66.7,17.1,-3.87,28.03
160422,华安创业板50ETF联接A,指数型-股票,24.77,0.25y,价值平均法,38.27,5.31,2.735,66.7,17.59,-3.13,28.03
010003,景顺长城电子信息产业股票A,股票型,16.49,0.25y,价值平均法,43.12,15.29,2.12,66.7,19.63,3.79,28.01
022754,易方达科鑫量化选股股票发起式A,股票型,9.11,0.25y,价值平均法,35.98,8.33,3.324,66.7,16.61,-4.23,28.01
009596,泰康创新成长混合A,混合型-偏股,6.82,0.25y,价值平均法,37.15,7.71,3.097,66.7,17.11,-3.79,28.0
012967,广发行业严选三年持有期混合A,混合型-偏股,46.61,0.25y,价值平均法,38.67,7.56,2.848,66.7,17.76,-3.73,27.97
017950,景顺长城创业板50ETF联接C,指数型-股票,4.96,0.25y,价值平均法,38.35,5.42,2.702,66.7,17.62,-2.91,27.97
160424,华安创业板50ETF联接C,指数型-股票,20.62,0.25y,价值平均法,38.16,5.32,2.726,66.7,17.54,-3.1,27.97
012688,长安成长优选混合A,混合型-偏股,8.96,0.25y,价值平均法,51.78,17.24,2.512,33.3,23.2,-3.74,27.96
000603,易方达创新驱动灵活配置混合,混合型-灵活,22.88,0.25y,价值平均法,43.27,13.14,2.087,66.7,19.69,2.47,27.94
007464,交银创业板50指数A,指数型-股票,12.43,0.25y,价值平均法,37.95,5.26,2.744,66.7,17.45,-3.14,27.94
022755,易方达科鑫量化选股股票发起式C,股票型,9.16,0.25y,价值平均法,35.82,8.36,3.309,66.7,16.54,-4.19,27.92
006905,泰康产业升级混合C,混合型-偏股,4.38,0.25y,价值平均法,36.92,7.99,3.111,66.7,17.01,-3.82,27.91
010004,景顺长城电子信息产业股票C,股票型,9.14,0.25y,价值平均法,42.95,15.31,2.107,66.7,19.56,3.82,27.91
009076,工银圆兴混合,混合型-偏股,24.07,0.25y,价值平均法,47.71,9.31,2.748,33.3,21.54,-0.24,27.9
010966,富国成长领航混合,混合型-偏股,23.85,0.25y,价值平均法,43.46,14.48,1.975,66.7,19.78,4.61,27.88
021431,景顺长城精锐成长混合A,混合型-偏股,3.76,0.25y,价值平均法,48.13,7.57,2.557,33.3,21.71,0.36,27.88
012968,广发行业严选三年持有期混合C,混合型-偏股,4.32,0.25y,价值平均法,38.48,7.57,2.833,66.7,17.68,-3.7,27.87
015079,永赢成长远航一年持有混合A,混合型-偏股,2.11,0.25y,价值平均法,49.19,11.55,2.622,33.3,22.15,-0.95,27.86
213008,宝盈资源优选混合,混合型-偏股,12.8,0.25y,价值平均法,42.74,13.62,2.308,66.7,19.48,-1.81,27.85
007465,交银创业板50指数C,指数型-股票,10.47,0.25y,价值平均法,37.78,5.27,2.73,66.7,17.38,-3.1,27.84
010892,中银证券精选行业股票A,股票型,5.02,0.25y,价值平均法,41.04,8.27,2.447,66.7,18.76,-3.22,27.82
001476,中银智能制造股票A,股票型,9.61,0.25y,价值平均法,41.19,12.57,2.432,66.7,18.83,-0.19,27.8
008186,淳厚信睿混合A,混合型-偏股,19.58,0.25y,价值平均法,38.11,11.04,3.034,66.7,17.52,-4.81,27.8
570001,诺德价值优势混合,混合型-偏股,21.09,0.25y,价值平均法,34.96,4.2,3.053,66.7,16.17,-4.04,27.8
588900,科创100ETF南方,指数型-股票,7.05,0.25y,价值平均法,41.84,11.28,2.323,66.7,19.1,-0.71,27.79
009092,富国新材料新能源混合A,混合型-偏股,9.44,0.25y,价值平均法,44.23,15.39,1.763,66.7,20.09,6.37,27.77
012294,泰康优势精选三年持有期混合,混合型-偏股,2.31,0.25y,价值平均法,36.5,7.94,3.12,66.7,16.83,-4.0,27.76
015794,天弘创业板指数增强A,指数型-股票,2.16,0.25y,价值平均法,37.81,5.41,2.681,66.7,17.39,-2.62,27.74
001668,汇添富全球移动互联混合(QDII)人民币A,QDII-混合灵活,14.91,0.25y,价值平均法,38.61,10.06,2.773,66.7,17.73,-1.52,27.73
588010,科创新材料ETF博时,指数型-股票,2.02,0.25y,价值平均法,41.54,13.83,2.406,66.7,18.97,-1.19,27.71
008187,淳厚信睿混合C,混合型-偏股,10.98,0.25y,价值平均法,37.9,11.07,3.016,66.7,17.43,-4.76,27.68
017960,招商趋势领航混合A,混合型-偏股,2.15,0.25y,价值平均法,40.14,9.58,2.347,66.7,18.38,2.51,27.68
015795,天弘创业板指数增强C,指数型-股票,12.33,0.25y,价值平均法,37.67,5.43,2.669,66.7,17.33,-2.59,27.65
370027,摩根智选30混合A,混合型-偏股,7.1,0.25y,价值平均法,36.29,8.87,3.197,66.7,16.74,-5.31,27.65
014243,富国新材料新能源混合C,混合型-偏股,9.13,0.25y,价值平均法,43.98,15.42,1.744,66.7,19.99,6.43,27.64
501081,中欧科创主题混合(LOF)A,混合型-偏股,15.06,0.25y,价值平均法,42.02,11.82,2.118,66.7,19.17,2.37,27.62
589880,科创综指ETF建信,指数型-股票,6.76,0.25y,价值平均法,41.98,13.07,2.252,66.7,19.16,-0.14,27.62
610001,信澳领先增长混合A,混合型-偏股,6.77,0.25y,价值平均法,46.17,17.18,1.352,66.7,20.9,8.72,27.62
002148,国寿安保稳惠混合,混合型-灵活,2.25,0.25y,价值平均法,43.65,14.92,1.921,66.7,19.85,2.74,27.61
007887,东方红启元三年持有混合B,混合型-灵活,10.74,0.25y,价值平均法,41.93,6.36,3.606,33.3,19.14,-7.48,27.59
159526,机器人ETF嘉实,指数型-股票,10.16,0.25y,价值平均法,43.77,14.54,1.713,66.7,19.9,7.15,27.59
015202,汇添富全球移动互联混合(QDII)人民币C,QDII-混合灵活,4.48,0.25y,价值平均法,38.33,10.1,2.751,66.7,17.61,-1.46,27.58
009981,万家创业板指数增强A,指数型-股票,2.04,0.25y,价值平均法,36.95,5.25,2.723,66.7,17.02,-2.62,27.55
011568,鹏华产业升级混合A,混合型-偏股,5.91,0.25y,价值平均法,40.16,8.09,2.244,66.7,18.39,2.06,27.53
010049,长城成长先锋混合A,混合型-偏股,2.72,0.25y,价值平均法,42.64,13.87,2.09,66.7,19.43,0.76,27.51
017290,中欧科创主题混合(LOF)C,混合型-偏股,10.3,0.25y,价值平均法,41.77,11.85,2.102,66.7,19.07,2.41,27.49
009982,万家创业板指数增强C,指数型-股票,2.81,0.25y,价值平均法,36.79,5.28,2.709,66.7,16.96,-2.58,27.45
019361,富国核心优势混合发起式A,混合型-偏股,3.11,0.25y,价值平均法,42.63,15.16,2.053,66.7,19.43,1.69,27.45
023402,广发全球精选股票(QDII)人民币F,QDII-普通股票,4.57,0.25y,价值平均法,45.26,7.85,2.896,33.3,20.52,-1.19,27.45
001304,建信鑫安回报灵活配置混合A,混合型-灵活,2.48,0.25y,价值平均法,38.55,10.8,2.704,66.7,17.71,-1.93,27.44
011447,长江新能源产业混合发起C,混合型-偏股,2.3,0.25y,价值平均法,38.05,11.57,2.971,66.7,17.49,-6.56,27.42
588120,科创100ETF国泰,指数型-股票,9.67,0.25y,价值平均法,41.17,11.56,2.264,66.7,18.82,-0.42,27.41
040047,华安纳斯达克100ETF联接(QDII)A美元现钞,指数型-海外股票,47.03,0.25y,价值平均法,33.91,8.58,3.292,66.7,15.72,-1.77,27.38
040048,华安纳斯达克100ETF联接(QDII)A美元现汇,指数型-海外股票,47.03,0.25y,价值平均法,33.91,8.58,3.292,66.7,15.72,-1.77,27.38
010198,易方达竞争优势企业混合A,混合型-偏股,61.23,0.25y,价值平均法,46.95,10.75,2.674,33.3,21.22,0.25,27.35
151001,银河稳健混合,混合型-偏股,5.38,0.25y,价值平均法,34.35,5.12,3.042,66.7,15.91,-2.92,27.35
019362,富国核心优势混合发起式C,混合型-偏股,3.41,0.25y,价值平均法,42.38,15.19,2.035,66.7,19.32,1.75,27.32
501078,广发科创主题灵活配置混合(LOF),混合型-灵活,5.06,0.25y,价值平均法,33.97,6.66,3.234,66.7,15.74,-3.61,27.3
588030,科创100ETF博时,指数型-股票,60.94,0.25y,价值平均法,40.83,11.43,2.266,66.7,18.67,-0.5,27.29
000601,华宝创新优选混合,混合型-偏股,6.36,0.25y,价值平均法,38.18,8.6,2.707,66.7,17.55,-4.15,27.27
000055,广发纳斯达克100ETF联接美元(QDII)A,指数型-海外股票,97.16,0.25y,价值平均法,33.6,8.51,3.282,66.7,15.58,-1.76,27.25
010016,华夏科技前沿6个月定开混合A,混合型-偏股,3.84,0.25y,价值平均法,37.14,8.09,2.724,66.7,17.11,-1.81,27.22
006480,广发纳斯达克100ETF联接美元(QDII)C,指数型-海外股票,53.93,0.25y,价值平均法,33.51,8.52,3.271,66.7,15.55,-1.75,27.19
161613,融通创业板指数A,指数型-股票,5.56,0.25y,价值平均法,36.29,5.16,2.657,66.7,16.74,-2.35,27.19
159770,机器人ETF天弘,指数型-股票,81.22,0.25y,价值平均法,42.99,14.58,1.659,66.7,19.58,7.25,27.18
016534,嘉实纳斯达克100ETF发起联接(QDII)A美元现汇,指数型-海外股票,18.86,0.25y,价值平均法,32.6,8.04,3.393,66.7,15.15,-2.04,27.17
006250,摩根动力精选混合A,混合型-偏股,4.86,0.25y,价值平均法,38.07,9.0,2.738,66.7,17.5,-5.21,27.16
562500,机器人ETF华夏,指数型-股票,209.52,0.25y,价值平均法,42.95,14.6,1.655,66.7,19.56,7.25,27.15
630005,华商动态阿尔法混合,混合型-灵活,3.37,0.25y,价值平均法,35.55,8.0,2.944,66.7,16.43,-2.14,27.15
159915,创业板ETF易方达,指数型-股票,510.3,0.25y,价值平均法,36.46,5.15,2.628,66.7,16.82,-2.94,27.12
159958,创业板ETF工银,指数型-股票,5.0,0.25y,价值平均法,36.4,5.09,2.62,66.7,16.79,-2.9,27.1
001225,中邮趋势精选灵活配置混合A,混合型-灵活,6.97,0.25y,价值平均法,35.82,6.75,2.745,66.7,16.54,-0.41,27.09
016535,嘉实纳斯达克100ETF发起联接(QDII)C美元现汇,指数型-海外股票,15.78,0.25y,价值平均法,32.47,8.05,3.38,66.7,15.1,-2.01,27.09
012785,鹏华品质精选混合A,混合型-偏股,6.76,0.25y,价值平均法,39.31,11.37,2.306,66.7,18.03,1.84,27.07
588220,科创100ETF鹏华,指数型-股票,81.99,0.25y,价值平均法,40.3,11.35,2.255,66.7,18.45,-0.5,27.07
010166,招商兴和优选1年持有期混合,混合型-偏股,5.18,0.25y,价值平均法,40.09,8.47,2.351,66.7,18.36,-4.62,27.06
015518,华夏纳斯达克100ETF发起式联接(QDII)A美元现汇,指数型-海外股票,3.15,0.25y,价值平均法,32.51,8.02,3.359,66.7,15.11,-1.98,27.06
001126,摩根卓越制造股票A,股票型,7.64,0.25y,价值平均法,36.84,7.09,2.826,66.7,16.98,-6.17,27.05
159952,创业板ETF广发,指数型-股票,108.42,0.25y,价值平均法,36.32,5.13,2.617,66.7,16.75,-2.91,27.05
001764,广发沪港深新机遇股票,股票型,6.02,0.25y,价值平均法,41.3,14.62,2.192,66.7,18.87,-1.29,27.04
001879,长城创业板指数增强A,指数型-股票,4.72,0.25y,价值平均法,35.23,4.66,2.764,66.7,16.29,-4.1,27.01
159957,创业板ETF华夏,指数型-股票,15.91,0.25y,价值平均法,36.26,5.13,2.61,66.7,16.73,-2.88,27.01
009857,博时价值臻选持有期混合A,混合型-灵活,2.82,0.25y,价值平均法,38.48,9.74,2.596,66.7,17.68,-4.42,26.98
015610,万家匠心致远一年持有期混合A,混合型-偏股,3.07,0.25y,价值平均法,38.58,8.91,2.324,66.7,17.72,1.26,26.98
159971,创业板ETF富国,指数型-股票,20.59,0.25y,价值平均法,36.17,5.12,2.609,66.7,16.69,-2.87,26.98
562360,机器人ETF银华,指数型-股票,3.52,0.25y,价值平均法,42.49,14.47,1.652,66.7,19.37,7.19,26.98
016056,博时纳斯达克100ETF发起式联接(QDII)A美元现汇,指数型-海外股票,13.01,0.25y,价值平均法,32.33,8.03,3.346,66.7,15.04,-1.93,26.96
159908,创业板ETF博时,指数型-股票,11.72,0.25y,价值平均法,36.03,5.08,2.621,66.7,16.63,-2.88,26.96
006928,长城创业板指数增强C,指数型-股票,4.25,0.25y,价值平均法,35.1,4.67,2.753,66.7,16.23,-4.07,26.93
159948,创业板ETF南方,指数型-股票,44.99,0.25y,价值平均法,36.12,5.15,2.599,66.7,16.67,-2.87,26.93
011506,建信高端装备股票A,股票型,3.79,0.25y,价值平均法,40.81,12.22,2.054,66.7,18.66,1.59,26.92
159964,创业板ETF平安,指数型-股票,4.3,0.25y,价值平均法,36.04,5.12,2.603,66.7,16.64,-2.88,26.91
002482,宝盈互联网沪港深混合,混合型-灵活,4.21,0.25y,价值平均法,40.76,11.83,2.163,66.7,18.64,-1.3,26.9
020683,南方上证科创板100ETF联接A,指数型-股票,3.21,0.25y,价值平均法,39.4,10.82,2.306,66.7,18.07,-0.68,26.89
008934,大成科技消费股票A,股票型,7.56,0.25y,价值平均法,41.38,13.54,1.938,66.7,18.9,2.56,26.87
020684,南方上证科创板100ETF联接C,指数型-股票,2.96,0.25y,价值平均法,39.33,10.83,2.301,66.7,18.04,-0.66,26.85
021330,富国上证科创板100ETF发起式联接C,指数型-股票,2.59,0.25y,价值平均法,39.29,10.93,2.298,66.7,18.02,-0.66,26.82
007731,民生加银持续成长混合A,混合型-偏股,2.48,0.25y,价值平均法,40.48,13.97,2.096,66.7,18.52,1.33,26.79
012526,广发盛锦混合A,混合型-偏股,9.2,0.25y,价值平均法,40.45,11.95,2.029,66.7,18.51,2.09,26.79
018094,博时中证机器人指数发起式A,指数型-股票,2.93,0.25y,价值平均法,41.5,13.87,1.734,66.7,18.96,6.6,26.79
004958,圆信永丰优享生活,混合型-灵活,2.59,0.25y,价值平均法,40.96,15.14,2.002,66.7,18.73,2.3,26.78
018095,博时中证机器人指数发起式C,指数型-股票,4.92,0.25y,价值平均法,41.38,13.88,1.725,66.7,18.9,6.62,26.72
008935,大成科技消费股票C,股票型,5.1,0.25y,价值平均法,41.08,13.58,1.918,66.7,18.78,2.63,26.71
000073,摩根成长动力混合A,混合型-灵活,2.04,0.25y,价值平均法,41.13,6.38,3.292,33.3,18.8,-5.73,26.67
501207,华夏创新未来混合(LOF),混合型-偏股,19.93,0.25y,价值平均法,37.67,7.67,2.326,66.7,17.33,-0.39,26.61
010936,交银均衡成长一年混合A,混合型-偏股,14.7,0.25y,价值平均法,38.97,12.64,2.225,66.7,17.89,1.03,26.59
010852,中欧内需成长混合A,混合型-偏股,3.3,0.25y,价值平均法,41.79,15.03,1.702,66.7,19.08,4.71,26.58
580008,东吴新产业精选股票A,股票型,6.45,0.25y,价值平均法,35.81,7.72,2.815,66.7,16.54,-6.11,26.56
020255,中欧中证机器人指数发起A,指数型-股票,4.0,0.25y,价值平均法,41.12,13.95,1.683,66.7,18.8,6.78,26.54
588820,科创200ETF华夏,指数型-股票,4.0,0.25y,价值平均法,40.09,14.23,2.177,66.7,18.36,-1.79,26.53
210004,金鹰稳健成长混合,混合型-偏股,4.78,0.25y,价值平均法,37.67,13.13,2.449,66.7,17.33,-0.42,26.51
012150,诺德价值发现一年持有混合,混合型-偏股,3.91,0.25y,价值平均法,39.16,9.47,2.001,66.7,17.97,2.9,26.5
588230,科创200ETF华泰柏瑞,指数型-股票,11.43,0.25y,价值平均法,40.01,14.23,2.171,66.7,18.33,-1.72,26.49
010264,鹏华成长智选混合A,混合型-偏股,14.83,0.25y,价值平均法,36.65,9.67,2.532,66.7,16.9,-1.18,26.47
001985,富国低碳新经济混合A,混合型-偏股,14.76,0.25y,价值平均法,40.57,16.65,1.9,66.7,18.56,3.25,26.43
018835,广发成长启航混合A,混合型-偏股,33.52,0.25y,价值平均法,41.04,15.11,1.785,66.7,18.76,3.93,26.43
012751,建信纳斯达克100指数(QDII)A美元现汇,指数型-海外股票,16.24,0.25y,价值平均法,31.02,7.98,3.32,66.7,14.46,-1.89,26.42
660005,农银中小盘混合,混合型-偏股,5.14,0.25y,价值平均法,36.48,8.88,2.488,66.7,16.83,-0.61,26.42
020607,南方中证机器人ETF发起联接A,指数型-股票,2.9,0.25y,价值平均法,40.9,14.07,1.65,66.7,18.7,6.89,26.38
020291,华夏科创100ETF联接A,指数型-股票,3.52,0.25y,价值平均法,38.36,10.97,2.253,66.7,17.63,-0.6,26.37
020608,南方中证机器人ETF发起联接C,指数型-股票,10.19,0.25y,价值平均法,40.82,14.08,1.644,66.7,18.67,6.91,26.34
588240,科创200ETF鹏华,指数型-股票,3.1,0.25y,价值平均法,39.66,14.16,2.159,66.7,18.18,-1.72,26.34
020292,华夏科创100ETF联接C,指数型-股票,4.75,0.25y,价值平均法,38.29,10.98,2.247,66.7,17.59,-0.57,26.33
021302,银河中证机器人指数发起式C,指数型-股票,3.01,0.25y,价值平均法,40.43,13.65,1.709,66.7,18.5,6.48,26.33
018836,广发成长启航混合C,混合型-偏股,42.74,0.25y,价值平均法,40.83,15.13,1.77,66.7,18.67,3.98,26.32
110026,易方达创业板ETF联接A,指数型-股票,59.14,0.25y,价值平均法,34.27,4.91,2.615,66.7,15.88,-2.8,26.32
011306,富国低碳新经济混合C,混合型-偏股,4.02,0.25y,价值平均法,40.31,16.68,1.882,66.7,18.45,3.3,26.3
519766,交银荣鑫灵活配置混合A,混合型-灵活,2.67,0.25y,价值平均法,35.12,9.64,2.726,66.7,16.24,-2.12,26.29
011450,招商企业优选混合A,混合型-偏股,5.56,0.25y,价值平均法,38.12,8.59,2.361,66.7,17.52,-5.21,26.28
020481,招商中证机器人ETF发起联接A,指数型-股票,3.46,0.25y,价值平均法,40.54,13.91,1.661,66.7,18.55,6.76,26.27
561160,电池ETF富国,指数型-股票,18.7,0.25y,价值平均法,29.54,6.23,2.117,100.0,13.82,-3.07,26.27
004744,易方达创业板ETF联接C,指数型-股票,33.12,0.25y,价值平均法,34.17,4.92,2.607,66.7,15.83,-2.77,26.26
014880,天弘中证机器人ETF发起联接A,指数型-股票,5.14,0.25y,价值平均法,40.57,13.98,1.647,66.7,18.56,6.83,26.25
015143,中欧智能制造混合A,混合型-偏股,3.5,0.25y,价值平均法,45.68,11.75,2.388,33.3,20.7,1.82,26.25
000020,景顺长城品质投资混合A,混合型-偏股,4.13,0.25y,价值平均法,35.38,10.69,2.684,66.7,16.35,-2.03,26.22
002656,南方创业板ETF联接A,指数型-股票,24.13,0.25y,价值平均法,34.14,4.93,2.598,66.7,15.82,-2.79,26.22
019857,博时上证科创板100ETF联接A,指数型-股票,2.89,0.25y,价值平均法,37.9,10.7,2.26,66.7,17.43,-0.69,26.22
010330,东吴兴享成长混合A,混合型-偏股,4.58,0.25y,价值平均法,35.4,7.81,2.721,66.7,16.36,-5.64,26.21
014881,天弘中证机器人ETF发起联接C,指数型-股票,19.74,0.25y,价值平均法,40.49,13.99,1.64,66.7,18.53,6.85,26.21
161022,富国创业板ETF联接A,指数型-股票,10.33,0.25y,价值平均法,34.39,5.06,2.564,66.7,15.93,-2.68,26.21
008261,招商研究优选股票A,股票型,10.77,0.25y,价值平均法,37.78,10.15,2.095,66.7,17.38,3.06,26.18
019858,博时上证科创板100ETF联接C,指数型-股票,4.11,0.25y,价值平均法,37.81,10.71,2.253,66.7,17.39,-0.67,26.18
013277,富国创业板ETF联接C,指数型-股票,3.0,0.25y,价值平均法,34.32,5.06,2.557,66.7,15.9,-2.65,26.17
005450,华夏稳盛灵活配置混合,混合型-灵活,10.32,0.25y,价值平均法,35.65,8.85,2.541,66.7,16.47,-1.53,26.15
001592,天弘创业板ETF联接A,指数型-股票,10.76,0.25y,价值平均法,34.0,4.95,2.585,66.7,15.76,-2.74,26.13
004343,南方创业板ETF联接C,指数型-股票,12.15,0.25y,价值平均法,33.96,4.95,2.584,66.7,15.74,-2.75,26.11
159363,创业板人工智能ETF华宝,指数型-股票,55.64,0.25y,价值平均法,40.27,9.35,1.811,66.7,18.44,-0.41,26.11
160529,博时创业板两年定开混合,混合型-偏股,2.05,0.25y,价值平均法,37.39,9.92,2.18,66.7,17.21,1.49,26.11
002420,汇添富盈鑫混合A,混合型-灵活,4.55,0.25y,价值平均法,36.24,8.21,2.386,66.7,16.72,-1.25,26.08
012835,招商景气精选股票A,股票型,3.57,0.25y,价值平均法,37.44,10.31,2.098,66.7,17.24,2.98,26.04
159373,创业板50ETF嘉实,指数型-股票,3.22,0.25y,价值平均法,41.56,5.49,2.793,33.3,18.98,-3.37,26.04
009012,平安创业板ETF联接A,指数型-股票,2.17,0.25y,价值平均法,33.7,4.9,2.58,66.7,15.63,-2.74,26.02
014834,汇添富盈鑫混合D,混合型-灵活,2.05,0.25y,价值平均法,36.16,8.21,2.376,66.7,16.69,-1.23,26.02
002350,华安安华灵活配置混合A,混合型-灵活,4.85,0.25y,价值平均法,35.96,14.01,2.518,66.7,16.6,-0.76,25.99
009885,新华景气行业混合A,混合型-偏股,2.11,0.25y,价值平均法,29.37,8.2,2.113,100.0,13.74,-2.86,25.99
010284,长城价值成长六个月持有期混合A,混合型-偏股,3.26,0.25y,价值平均法,38.32,14.5,2.084,66.7,17.61,1.65,25.99
003765,广发创业板ETF发起式联接A,指数型-股票,10.74,0.25y,价值平均法,34.11,5.13,2.522,66.7,15.8,-2.66,25.98
008262,招商研究优选股票C,股票型,6.2,0.25y,价值平均法,37.42,10.21,2.065,66.7,17.23,3.12,25.97
018344,华夏中证机器人ETF发起式联接A,指数型-股票,6.69,0.25y,价值平均法,39.92,13.92,1.632,66.7,18.29,6.73,25.97
003766,广发创业板ETF发起式联接C,指数型-股票,23.55,0.25y,价值平均法,34.02,5.14,2.515,66.7,15.77,-2.63,25.93
004641,万家量化睿选混合A,混合型-灵活,8.11,0.25y,价值平均法,32.69,8.47,2.959,66.7,15.19,-3.53,25.93
009931,淳厚欣享一年持有期混合A,混合型-偏股,4.91,0.25y,价值平均法,34.28,11.03,2.837,66.7,15.88,-4.63,25.92
019817,广发创业板ETF发起式联接E,指数型-股票,2.38,0.25y,价值平均法,34.0,5.14,2.512,66.7,15.76,-2.63,25.91
561910,电池ETF招商,指数型-股票,43.0,0.25y,价值平均法,28.87,6.28,2.076,100.0,13.52,-3.05,25.91
018345,华夏中证机器人ETF发起式联接C,指数型-股票,13.85,0.25y,价值平均法,39.8,13.93,1.622,66.7,18.24,6.77,25.9
005726,国泰价值精选灵活配置混合A,混合型-灵活,2.18,0.25y,价值平均法,35.87,10.1,2.544,66.7,16.56,-4.19,25.88
007664,永赢创业板指数发起式A,指数型-股票,2.01,0.25y,价值平均法,33.6,5.08,2.553,66.7,15.58,-2.6,25.88
008020,华富中证人工智能产业ETF联接A,指数型-股票,11.02,0.25y,价值平均法,45.28,10.85,2.369,33.3,20.53,-0.67,25.87
015998,大成中证电池主题ETF发起式联接C,指数型-股票,2.36,0.25y,价值平均法,28.06,5.84,2.16,100.0,13.16,-3.11,25.87
012836,招商景气精选股票C,股票型,2.16,0.25y,价值平均法,37.09,10.37,2.068,66.7,17.08,3.06,25.84
513300,纳斯达克ETF华夏,指数型-海外股票,105.26,0.25y,价值平均法,31.21,8.53,3.065,66.7,14.55,-1.47,25.84
013960,万家新机遇成长一年持有期混合发起式A,混合型-偏股,2.06,0.25y,价值平均法,36.04,8.58,2.234,66.7,16.64,1.2,25.83
000001,华夏成长混合,混合型-灵活,26.44,0.25y,价值平均法,37.28,11.86,2.084,66.7,17.17,2.64,25.82
159796,电池ETF汇添富,指数型-股票,74.66,0.25y,价值平均法,28.67,6.28,2.067,100.0,13.43,-3.01,25.81
008021,华富中证人工智能产业ETF联接C,指数型-股票,11.88,0.25y,价值平均法,45.14,10.87,2.361,33.3,20.47,-0.64,25.8
159696,纳指ETF易方达,指数型-海外股票,37.6,0.25y,价值平均法,31.26,8.38,2.995,66.7,14.57,-1.17,25.73
017223,富国中证电池主题ETF发起式联接C,指数型-股票,4.38,0.25y,价值平均法,27.96,6.01,2.12,100.0,13.12,-3.01,25.72
050021,博时创业板ETF联接A,指数型-股票,4.99,0.25y,价值平均法,32.99,4.84,2.56,66.7,15.32,-2.73,25.71
159501,纳指ETF嘉实,指数型-海外股票,96.11,0.25y,价值平均法,31.23,8.38,2.994,66.7,14.56,-1.18,25.71
159659,纳斯达克100ETF招商,指数型-海外股票,75.63,0.25y,价值平均法,31.21,8.36,2.993,66.7,14.55,-1.16,25.71
006248,华夏创业板ETF联接A,指数型-股票,2.67,0.25y,价值平均法,33.15,4.94,2.543,66.7,15.39,-2.7,25.7
010550,华商双擎领航混合,混合型-偏股,4.55,0.25y,定期定额(周),34.92,4.87,2.739,53.8,16.16,-1.84,25.7
040046,华安纳斯达克100ETF联接(QDII)A,指数型-海外股票,47.03,0.25y,价值平均法,31.23,8.44,2.99,66.7,14.56,-1.13,25.7
513390,纳指100ETF博时,指数型-海外股票,32.94,0.25y,价值平均法,31.22,8.37,2.988,66.7,14.55,-1.16,25.7
159632,纳斯达克ETF华安,指数型-海外股票,89.04,0.25y,价值平均法,31.19,8.39,2.988,66.7,14.54,-1.14,25.69
513870,纳指ETF富国,指数型-海外股票,19.26,0.25y,价值平均法,31.19,8.38,2.991,66.7,14.54,-1.17,25.69
550015,中信保诚至远动力混合A,混合型-偏股,2.08,0.25y,价值平均法,35.23,9.4,2.382,66.7,16.29,-0.25,25.68
159660,纳指ETF汇添富,指数型-海外股票,35.95,0.25y,价值平均法,31.15,8.37,2.989,66.7,14.52,-1.16,25.67
014978,华安纳斯达克100ETF联接(QDII)C,指数型-海外股票,11.64,0.25y,价值平均法,31.15,8.46,2.981,66.7,14.52,-1.11,25.65
019861,鹏华上证科创100ETF联接A,指数型-股票,2.35,0.25y,价值平均法,36.99,11.25,2.152,66.7,17.04,-0.18,25.64
010421,海富通消费优选混合A,混合型-偏股,4.61,0.25y,价值平均法,33.21,7.79,2.642,66.7,15.42,-1.18,25.63
501206,汇添富创新未来混合(LOF),混合型-偏股,21.7,0.25y,价值平均法,42.11,10.03,2.666,33.3,19.21,0.59,25.63
019862,鹏华上证科创100ETF联接C,指数型-股票,6.79,0.25y,价值平均法,36.9,11.26,2.147,66.7,17.01,-0.17,25.59
005391,工银创业板ETF联接C,指数型-股票,2.12,0.25y,价值平均法,33.07,5.09,2.509,66.7,15.35,-2.51,25.56
161903,万家行业优选混合(LOF),混合型-偏股,58.28,0.25y,价值平均法,37.78,12.04,1.982,66.7,17.38,0.87,25.56
270042,广发纳斯达克100ETF联接人民币(QDII)A,指数型-海外股票,97.16,0.25y,价值平均法,30.92,8.37,2.978,66.7,14.42,-1.13,25.56
513110,纳指ETF华泰柏瑞,指数型-海外股票,39.62,0.25y,价值平均法,30.96,8.4,2.971,66.7,14.44,-1.12,25.56
015299,华夏纳斯达克100ETF发起式联接(QDII)A,指数型-海外股票,3.15,0.25y,价值平均法,29.89,8.05,3.136,66.7,13.97,-1.64,25.55
006479,广发纳斯达克100ETF联接人民币(QDII)C,指数型-海外股票,53.93,0.25y,价值平均法,30.85,8.38,2.969,66.7,14.39,-1.11,25.52
021778,广发纳指100ETF联接(QDII)人民币F,指数型-海外股票,10.99,0.25y,价值平均法,30.85,8.38,2.969,66.7,14.39,-1.11,25.52
000021,华夏优势增长混合,混合型-偏股,51.71,0.25y,价值平均法,36.15,11.65,2.161,66.7,16.68,1.68,25.51
159941,纳指ETF广发,指数型-海外股票,276.25,0.25y,价值平均法,30.83,8.37,2.97,66.7,14.38,-1.12,25.51
161914,万家创业板2年定期开放混合A,混合型-偏股,5.24,0.25y,价值平均法,41.54,15.57,1.184,66.7,18.97,8.01,25.5
011322,国泰智能装备股票C,股票型,3.88,0.25y,价值平均法,45.81,14.11,1.928,33.3,20.75,6.47,25.48
001173,中欧瑾和灵活配置混合A,混合型-灵活,2.66,0.25y,价值平均法,39.86,10.56,1.485,66.7,18.26,3.82,25.47
016532,嘉实纳斯达克100ETF发起联接(QDII)A人民币,指数型-海外股票,18.86,0.25y,价值平均法,29.95,7.89,3.077,66.7,14.0,-1.38,25.47
008120,万家自主创新混合A,混合型-偏股,20.15,0.25y,价值平均法,39.19,12.52,1.579,66.7,17.98,4.83,25.44
016533,嘉实纳斯达克100ETF发起联接(QDII)C人民币,指数型-海外股票,15.78,0.25y,价值平均法,29.86,7.91,3.063,66.7,13.96,-1.35,25.4
163209,诺安创业板指数增强(LOF)A,指数型-股票,2.73,0.25y,价值平均法,33.79,5.62,2.321,66.7,15.67,-1.19,25.38
001832,易方达瑞恒灵活配置混合,混合型-灵活,13.16,0.25y,价值平均法,40.57,11.17,2.902,33.3,18.56,-1.64,25.35
008121,万家自主创新混合C,混合型-偏股,7.44,0.25y,价值平均法,38.95,12.55,1.565,66.7,17.88,4.87,25.32
013465,博时智选量化多因子股票A,股票型,7.77,0.25y,价值平均法,39.65,14.8,1.378,66.7,18.17,7.86,25.31
001174,中欧瑾和灵活配置混合C,混合型-灵活,7.66,0.25y,价值平均法,39.52,10.59,1.467,66.7,18.12,3.89,25.3
000751,嘉实新兴产业股票,股票型,43.05,0.25y,价值平均法,34.7,14.23,2.449,66.7,16.06,-1.41,25.28
009258,西部利得景瑞灵活配置混合C,混合型-灵活,2.72,0.25y,价值平均法,38.52,14.9,1.702,66.7,17.69,3.59,25.28
159513,纳斯达克100ETF大成,指数型-海外股票,55.72,0.25y,价值平均法,30.38,8.43,2.947,66.7,14.18,-1.12,25.28
016055,博时纳斯达克100ETF发起式联接(QDII)A人民币,指数型-海外股票,13.01,0.25y,价值平均法,29.73,7.91,3.024,66.7,13.9,-1.28,25.26
013466,博时智选量化多因子股票C,股票型,15.47,0.25y,价值平均法,39.47,14.81,1.367,66.7,18.1,7.89,25.22
016019,招商中证电池主题ETF联接A,指数型-股票,2.37,0.25y,价值平均法,26.91,5.88,2.072,100.0,12.65,-2.99,25.21
016057,博时纳斯达克100ETF发起式联接(QDII)C人民币,指数型-海外股票,6.52,0.25y,价值平均法,29.61,7.93,3.01,66.7,13.85,-1.25,25.18
003567,华夏行业景气混合A,混合型-偏股,82.71,0.25y,价值平均法,31.66,7.68,2.756,66.7,14.74,-2.92,25.17
012917,平安优势领航1年持有混合A,混合型-偏股,2.87,0.25y,价值平均法,37.07,15.16,1.905,66.7,17.08,2.42,25.14
016020,招商中证电池主题ETF联接C,指数型-股票,11.02,0.25y,价值平均法,26.76,5.9,2.06,100.0,12.59,-2.95,25.13
002152,华宝核心优势混合A,混合型-灵活,8.32,0.25y,价值平均法,36.64,4.91,3.321,33.3,16.89,-8.3,25.12
016567,嘉实中证电池主题ETF发起联接C,指数型-股票,4.49,0.25y,价值平均法,26.75,5.9,2.057,100.0,12.58,-2.88,25.12
005821,万家新机遇龙头企业混合A,混合型-灵活,4.38,0.25y,价值平均法,33.95,7.83,2.242,66.7,15.74,0.54,25.08
010587,鹏扬先进制造混合A,混合型-偏股,4.27,0.25y,价值平均法,33.75,10.81,2.436,66.7,15.65,-1.29,25.07
016452,南方纳斯达克100指数发起(QDII)A,指数型-海外股票,31.11,0.25y,价值平均法,29.4,7.93,2.994,66.7,13.76,-1.22,25.06
021000,南方纳斯达克100指数发起(QDII)I,指数型-海外股票,15.69,0.25y,价值平均法,29.4,7.93,2.994,66.7,13.75,-1.22,25.06
016453,南方纳斯达克100指数发起(QDII)C,指数型-海外股票,32.5,0.25y,价值平均法,29.38,7.93,2.99,66.7,13.75,-1.21,25.05
023407,华宝创业板人工智能ETF发起式联接A,指数型-股票,3.08,0.25y,价值平均法,37.41,8.88,1.796,66.7,17.22,-0.5,25.05
023408,华宝创业板人工智能ETF发起式联接C,指数型-股票,12.59,0.25y,价值平均法,37.28,8.89,1.788,66.7,17.17,-0.47,24.98
012613,创金合信产业智选混合A,混合型-偏股,11.49,0.25y,价值平均法,36.24,14.9,1.966,66.7,16.72,2.06,24.96
018043,天弘纳斯达克100指数发起(QDII)A,指数型-海外股票,21.86,0.25y,价值平均法,29.27,8.0,2.973,66.7,13.7,-1.15,24.96
021967,西部利得均衡优选混合A,混合型-偏股,8.66,0.25y,价值平均法,34.13,12.31,2.427,66.7,15.81,-2.74,24.96
013641,博道成长智航股票A,股票型,45.5,0.25y,价值平均法,34.89,10.68,2.143,66.7,16.14,0.37,24.93
012862,汇添富中证电池主题ETF发起式联接A,指数型-股票,7.73,0.25y,价值平均法,26.37,5.95,2.038,100.0,12.42,-2.92,24.92
018044,天弘纳斯达克100指数发起(QDII)C,指数型-海外股票,24.11,0.25y,价值平均法,29.19,8.02,2.962,66.7,13.66,-1.12,24.91
019524,华泰柏瑞纳斯达克100ETF发起式联接(QDII)A,指数型-海外股票,7.02,0.25y,价值平均法,29.03,7.96,2.979,66.7,13.59,-1.15,24.89
010588,鹏扬先进制造混合C,混合型-偏股,2.62,0.25y,价值平均法,33.42,10.85,2.407,66.7,15.51,-1.21,24.88
019547,招商纳斯达克100ETF发起式联接(QDII)A,指数型-海外股票,16.52,0.25y,价值平均法,28.82,7.81,3.002,66.7,13.5,-1.26,24.87
008671,银华科技创新混合A,混合型-偏股,3.02,0.25y,价值平均法,38.87,5.45,2.714,33.3,17.84,-2.93,24.85
019525,华泰柏瑞纳斯达克100ETF发起式联接(QDII)C,指数型-海外股票,6.38,0.25y,价值平均法,28.96,7.98,2.966,66.7,13.56,-1.13,24.83
020966,东吴科技创新混合A,混合型-偏股,2.0,0.25y,价值平均法,33.16,7.01,2.397,66.7,15.4,-3.82,24.83
013642,博道成长智航股票C,股票型,29.98,0.25y,价值平均法,34.69,10.71,2.126,66.7,16.05,0.42,24.82
163402,兴全趋势投资混合(LOF),混合型-灵活,129.35,0.25y,价值平均法,32.52,10.74,2.505,66.7,15.12,-1.18,24.8
011401,汇添富成长精选混合A,混合型-偏股,25.14,0.25y,价值平均法,34.23,12.03,2.169,66.7,15.86,1.37,24.78
019548,招商纳斯达克100ETF发起式联接(QDII)C,指数型-海外股票,12.73,0.25y,价值平均法,28.66,7.83,2.982,66.7,13.43,-1.22,24.77
000834,大成纳斯达克100ETF联接(QDII)A,指数型-海外股票,34.53,0.25y,价值平均法,29.42,8.42,2.882,66.7,13.76,-1.11,24.76
160610,鹏华动力增长混合(LOF),混合型-灵活,11.91,0.25y,价值平均法,34.3,8.68,2.067,66.7,15.89,0.81,24.71
539001,建信纳斯达克100指数(QDII)A人民币,指数型-海外股票,16.24,0.25y,价值平均法,28.43,7.84,2.995,66.7,13.33,-1.23,24.71
002083,新华鑫动力灵活配置混合A,混合型-灵活,5.25,0.25y,价值平均法,36.03,11.15,1.787,66.7,16.63,3.09,24.7
019441,万家纳斯达克100指数发起式(QDII)A,指数型-海外股票,4.38,0.25y,价值平均法,28.69,7.92,2.953,66.7,13.44,-1.16,24.7
002084,新华鑫动力灵活配置混合C,混合型-灵活,3.73,0.25y,价值平均法,36.0,11.16,1.783,66.7,16.62,3.1,24.68
008971,大成纳斯达克100ETF联接(QDII)C,指数型-海外股票,6.85,0.25y,价值平均法,29.3,8.44,2.867,66.7,13.71,-1.08,24.68
163822,中银主题策略混合A,混合型-偏股,11.53,0.25y,定期定额(周),34.65,5.09,2.282,53.8,16.04,0.91,24.67
019442,万家纳斯达克100指数发起式(QDII)C,指数型-海外股票,2.08,0.25y,价值平均法,28.63,7.93,2.944,66.7,13.42,-1.14,24.66
001712,东方红优势精选混合,混合型-灵活,6.68,0.25y,价值平均法,27.05,5.34,3.275,66.7,12.72,-6.88,24.65
011402,汇添富成长精选混合C,混合型-偏股,3.27,0.25y,价值平均法,34.0,12.04,2.148,66.7,15.76,1.43,24.65
019172,摩根纳斯达克100指数(QDII)人民币A,指数型-海外股票,21.78,0.25y,价值平均法,28.72,7.99,2.928,66.7,13.45,-1.12,24.65
519026,海富通中小盘混合,混合型-偏股,4.62,0.25y,价值平均法,41.64,11.16,2.54,33.3,19.01,-3.46,24.65
012752,建信纳斯达克100指数(QDII)C人民币,指数型-海外股票,9.49,0.25y,价值平均法,28.31,7.86,2.979,66.7,13.28,-1.2,24.63
588730,科创人工智能ETF易方达,指数型-股票,14.13,0.25y,价值平均法,39.57,19.55,1.203,66.7,18.14,6.98,24.63
009998,摩根慧见两年持有期混合,混合型-偏股,6.71,0.25y,价值平均法,30.47,8.57,2.78,66.7,14.23,-3.97,24.6
019173,摩根纳斯达克100指数(QDII)人民币C,指数型-海外股票,8.94,0.25y,价值平均法,28.63,8.01,2.915,66.7,13.42,-1.08,24.59
015386,中银主题策略混合C,混合型-偏股,3.0,0.25y,定期定额(周),34.51,5.09,2.268,53.8,15.98,0.95,24.58
012123,招商金安成长严选混合,混合型-偏股,9.26,0.25y,价值平均法,38.16,16.67,1.345,66.7,17.54,7.22,24.57
015320,长江新兴产业混合A,混合型-偏股,2.34,0.25y,价值平均法,31.2,9.84,2.761,66.7,14.54,-5.75,24.55
519018,汇添富均衡增长混合,混合型-偏股,27.25,0.25y,价值平均法,32.73,11.2,2.38,66.7,15.21,-1.06,24.55
006257,信澳先进智造股票型A,股票型,6.13,0.25y,价值平均法,46.9,17.11,1.354,33.3,21.2,8.65,24.54
012188,华安优势龙头混合A,混合型-偏股,5.52,0.25y,定期定额(周),34.3,4.4,2.238,53.8,15.89,-0.02,24.54
163406,兴全合润混合A,混合型-偏股,192.88,0.25y,价值平均法,31.37,8.1,2.455,66.7,14.62,-0.27,24.53
000550,广发新动力混合A,混合型-偏股,2.08,0.25y,定期定额(周),43.43,6.0,1.199,38.5,19.76,10.04,24.5
588210,科创100ETF易方达,指数型-股票,4.39,0.25y,价值平均法,41.89,11.38,2.321,33.3,19.12,-0.65,24.47
018482,鹏华创业板50ETF联接A,指数型-股票,2.2,0.25y,价值平均法,37.68,5.23,2.719,33.3,17.34,-3.04,24.45
015044,西部利得时代动力混合发起C,混合型-偏股,3.95,0.25y,价值平均法,43.98,17.13,1.943,33.3,19.99,3.25,24.42
018483,鹏华创业板50ETF联接C,指数型-股票,4.02,0.25y,价值平均法,37.58,5.24,2.711,33.3,17.29,-3.02,24.39
519056,海富通内需热点混合,混合型-偏股,2.18,0.25y,定期定额(周),39.3,4.09,1.756,38.5,18.02,4.64,24.38
022003,博道大盘成长股票A,股票型,2.05,0.25y,价值平均法,34.09,12.71,2.096,66.7,15.8,-0.05,24.37
019736,宝盈纳斯达克100指数发起(QDII)A人民币,指数型-海外股票,5.68,0.25y,价值平均法,28.15,7.97,2.878,66.7,13.2,-1.02,24.32
000513,富国高端制造行业股票A,股票型,5.89,0.25y,价值平均法,32.33,11.95,2.497,66.7,15.03,-4.56,24.31
001076,易方达改革红利混合,混合型-偏股,21.31,0.25y,定期定额(周),34.15,5.9,2.388,53.8,15.82,-1.5,24.31
090001,大成价值增长混合A,混合型-灵活,9.61,0.25y,价值平均法,32.1,10.73,2.332,66.7,14.93,-0.47,24.29
519692,交银成长混合A,混合型-偏股,16.18,0.25y,价值平均法,36.24,14.43,1.57,66.7,16.72,4.99,24.28
013417,博时核心资产精选混合A,混合型-偏股,2.11,0.25y,价值平均法,32.84,7.45,2.107,66.7,15.26,-0.45,24.27
022004,博道大盘成长股票C,股票型,11.74,0.25y,价值平均法,33.88,12.74,2.079,66.7,15.71,0.0,24.26
001112,东方红中国优势混合,混合型-灵活,15.05,0.25y,定期定额(周),35.66,4.42,1.778,53.8,16.47,3.34,24.25
019737,宝盈纳斯达克100指数发起(QDII)C人民币,指数型-海外股票,2.54,0.25y,价值平均法,28.06,7.99,2.864,66.7,13.16,-0.99,24.25
009776,中欧阿尔法混合A,混合型-偏股,30.8,0.25y,价值平均法,32.39,7.2,2.198,66.7,15.06,-1.71,24.23
161025,富国中证移动互联网指数(LOF)A,指数型-股票,3.61,0.25y,价值平均法,35.24,11.33,1.673,66.7,16.29,4.05,24.21
519778,交银经济新动力混合A,混合型-灵活,16.57,0.25y,价值平均法,29.99,7.45,2.557,66.7,14.01,-1.66,24.2
588930,科创人工智能ETF银华,指数型-股票,13.23,0.25y,价值平均法,38.51,19.36,1.176,66.7,17.69,6.89,24.18
000136,民生加银策略精选混合A,混合型-灵活,11.51,0.25y,价值平均法,28.01,6.16,2.881,66.7,13.14,-4.24,24.16
018966,汇添富纳斯达克100ETF发起式联接(QDII)人民币A,指数型-海外股票,10.35,0.25y,价值平均法,27.79,7.9,2.87,66.7,13.04,-1.13,24.16
021773,汇添富纳斯达克100ETF发起式联接(QDII)人民币E,指数型-海外股票,2.71,0.25y,价值平均法,27.75,7.91,2.864,66.7,13.03,-1.11,24.13
009777,中欧阿尔法混合C,混合型-偏股,17.06,0.25y,价值平均法,32.17,7.24,2.183,66.7,14.96,-1.67,24.11
016895,中银卓越成长混合A,混合型-偏股,2.73,0.25y,定期定额(周),34.26,5.16,2.093,53.8,15.87,1.81,24.11
588800,科创100ETF华夏,指数型-股票,26.11,0.25y,价值平均法,41.16,11.45,2.277,33.3,18.81,-0.56,24.09
020009,国泰金鹏蓝筹混合,混合型-灵活,14.05,0.25y,价值平均法,31.34,9.89,2.338,66.7,14.6,-0.41,24.08
008182,方正富邦信泓混合C,混合型-灵活,4.16,0.25y,定期定额(周),45.37,6.42,0.977,30.8,20.57,12.44,24.06
011813,融通创新动力混合A,混合型-偏股,3.1,0.25y,价值平均法,37.57,16.62,1.279,66.7,17.29,5.92,24.06
018967,汇添富纳斯达克100ETF发起式联接(QDII)人民币C,指数型-海外股票,8.81,0.25y,价值平均法,27.64,7.93,2.851,66.7,12.98,-1.09,24.06
020062,格林宏观回报混合A,混合型-偏股,4.38,0.25y,价值平均法,34.84,12.77,1.77,66.7,16.12,1.69,24.0
000011,华夏大盘精选混合A,混合型-灵活,37.16,0.25y,价值平均法,30.54,8.58,2.404,66.7,14.25,-0.88,23.99
008314,摩根慧选成长股票A,股票型,11.48,0.25y,价值平均法,29.09,8.63,2.751,66.7,13.62,-4.2,23.98
011930,华夏时代前沿一年持有混合A,混合型-偏股,5.63,0.25y,价值平均法,33.06,9.19,1.974,66.7,15.35,0.72,23.97
159551,机器人ETF国泰,指数型-股票,3.87,0.25y,价值平均法,43.18,14.51,1.686,33.3,19.66,7.15,23.97
013247,交银瑞卓三年持有期混合,混合型-偏股,5.13,0.25y,价值平均法,29.41,6.43,2.492,66.7,13.76,-1.63,23.95
519015,海富通精选贰号混合,混合型-偏股,2.75,0.25y,定期定额(周),36.15,3.37,1.989,38.5,16.68,3.26,23.95
160813,长盛同盛成长优选(LOF),混合型-灵活,2.47,0.25y,价值平均法,32.97,14.01,2.037,66.7,15.31,1.72,23.94
160624,鹏华消费领先混合,混合型-灵活,2.03,0.25y,价值平均法,24.98,3.73,2.937,66.7,11.8,-2.02,23.89
588190,科创100ETF银华,指数型-股票,33.23,0.25y,价值平均法,40.65,11.34,2.266,33.3,18.6,-0.55,23.88
016250,华夏远见成长一年持有混合A,混合型-偏股,4.86,0.25y,价值平均法,22.97,9.38,2.434,100.0,10.89,-7.5,23.86
519011,海富通精选混合,混合型-偏股,7.07,0.25y,定期定额(周),36.0,3.38,1.982,38.5,16.62,3.25,23.86
000577,安信价值精选股票A,股票型,12.85,0.25y,价值平均法,28.55,5.09,2.552,66.7,13.38,-3.19,23.85
001959,华商乐享互联灵活配置混合A,混合型-灵活,8.36,0.25y,价值平均法,31.2,12.44,2.286,66.7,14.54,0.09,23.82
013910,兴业兴睿两年持有混合A,混合型-偏股,11.66,0.25y,价值平均法,32.58,12.5,2.102,66.7,15.14,-0.26,23.82
008315,摩根慧选成长股票C,股票型,2.4,0.25y,价值平均法,28.78,8.67,2.72,66.7,13.48,-4.12,23.8
012901,招商创业板指数增强C,指数型-股票,2.08,0.25y,价值平均法,29.7,5.6,2.318,66.7,13.89,-1.92,23.73
013142,华商乐享互联灵活配置混合C,混合型-灵活,2.31,0.25y,价值平均法,31.05,12.48,2.267,66.7,14.48,0.15,23.72
013911,兴业兴睿两年持有混合C,混合型-偏股,5.73,0.25y,价值平均法,32.36,12.52,2.085,66.7,15.05,-0.22,23.7
159516,半导体设备ETF国泰,指数型-股票,193.22,0.25y,价值平均法,47.36,56.24,-0.626,33.3,21.39,51.93,23.7
470028,汇添富社会责任混合A,混合型-偏股,7.62,0.25y,价值平均法,30.91,11.42,2.328,66.7,14.42,-1.46,23.7
159530,机器人ETF易方达,指数型-股票,137.73,0.25y,价值平均法,36.27,12.19,1.155,66.7,16.73,8.42,23.69
008317,光大睿盈混合A,混合型-偏股,3.88,0.25y,定期定额(周),32.78,4.88,2.158,53.8,15.23,0.61,23.65
001028,华安物联网主题股票A,股票型,2.45,0.25y,价值平均法,31.27,9.82,2.162,66.7,14.57,-0.3,23.63
015970,华泰柏瑞景气驱动混合A,混合型-偏股,2.54,0.25y,价值平均法,29.36,8.66,2.58,66.7,13.74,-4.51,23.62
202212,南方平衡配置混合,混合型-灵活,2.87,0.25y,价值平均法,31.62,13.17,2.158,66.7,14.72,0.06,23.62
159977,创业板ETF天弘,指数型-股票,65.93,0.25y,价值平均法,36.17,5.15,2.602,33.3,16.69,-2.87,23.61
163807,中银优选灵活配置混合A,混合型-灵活,9.23,0.25y,定期定额(周),31.51,4.51,2.267,53.8,14.68,1.35,23.61
016243,广发成长领航一年持有混合A,混合型-偏股,11.16,0.25y,价值平均法,36.87,21.07,1.195,66.7,16.99,6.53,23.57
159559,机器人ETF景顺,指数型-股票,26.4,0.25y,价值平均法,35.95,12.12,1.147,66.7,16.6,8.39,23.55
016058,博时纳斯达克100ETF发起式联接(QDII)C美元现汇,指数型-海外股票,6.52,0.25y,价值平均法,32.2,8.09,3.33,33.3,14.98,-1.92,23.53
016709,泉果旭源三年持有期混合A,混合型-偏股,58.86,0.25y,价值平均法,31.66,8.28,1.992,66.7,14.74,0.25,23.52
010488,鹏华优选成长混合A,混合型-偏股,19.45,0.25y,价值平均法,32.81,8.78,1.709,66.7,15.24,3.06,23.48
000457,摩根核心成长股票A,股票型,13.98,0.25y,价值平均法,20.46,8.16,2.618,100.0,9.75,-7.43,23.46
016244,广发成长领航一年持有混合C,混合型-偏股,4.88,0.25y,价值平均法,36.66,21.09,1.182,66.7,16.9,6.58,23.46
010460,兴业研究精选混合A,混合型-偏股,9.97,0.25y,价值平均法,31.62,12.47,2.107,66.7,14.72,-0.77,23.43
016710,泉果旭源三年持有期混合C,混合型-偏股,10.34,0.25y,价值平均法,31.47,8.3,1.977,66.7,14.66,0.28,23.41
360007,光大优势配置混合A,混合型-偏股,6.2,0.25y,定期定额(周),31.7,4.8,2.263,53.8,14.76,-0.58,23.4
530005,建信优化配置混合A,混合型-灵活,11.55,0.25y,价值平均法,29.9,7.33,2.166,66.7,13.97,0.1,23.38
013962,华夏创新视野一年持有混合A,混合型-偏股,2.82,0.25y,定期定额(周),38.16,5.12,1.198,46.2,17.54,8.95,23.36
015947,兴业研究精选混合C,混合型-偏股,27.44,0.25y,价值平均法,31.48,12.49,2.097,66.7,14.67,-0.75,23.36
000259,农银区间收益混合,混合型-灵活,3.08,0.25y,价值平均法,23.53,3.86,2.993,66.7,11.15,-2.94,23.32
007449,兴全多维价值混合A,混合型-偏股,41.98,0.25y,价值平均法,29.83,10.94,2.28,66.7,13.94,-0.38,23.32
013414,太平智远三个月定开股票发起式,股票型,6.93,0.25y,价值平均法,32.9,13.73,1.768,66.7,15.28,2.4,23.32
960033,农银消费主题混合H,混合型-偏股,6.36,0.25y,价值平均法,34.77,13.63,1.361,66.7,16.09,5.55,23.31
008949,平安匠心优选混合A,混合型-偏股,21.21,0.25y,定期定额(周),34.43,6.58,1.862,53.8,15.94,1.07,23.24
013963,华夏创新视野一年持有混合C,混合型-偏股,2.37,0.25y,定期定额(周),37.92,5.13,1.174,46.2,17.44,9.03,23.21
005738,长城智能产业混合A,混合型-灵活,3.23,0.25y,价值平均法,33.85,13.82,1.54,66.7,15.69,3.3,23.19
007450,兴全多维价值混合C,混合型-偏股,12.27,0.25y,价值平均法,29.61,10.97,2.257,66.7,13.85,-0.32,23.18
020256,中欧中证机器人指数发起C,指数型-股票,17.56,0.25y,价值平均法,41.05,13.96,1.676,33.3,18.76,6.8,23.16
008955,交银创新领航混合,混合型-偏股,13.39,0.25y,价值平均法,28.56,7.2,2.307,66.7,13.39,-1.0,23.13
166011,中欧盛世成长混合(LOF)A,混合型-偏股,5.01,0.25y,定期定额(周),43.33,6.92,0.985,30.8,19.72,11.74,23.13
009861,鹏华新兴成长混合A,混合型-偏股,17.53,0.25y,定期定额(周),26.92,4.23,2.639,61.5,12.66,-3.34,23.11
008950,平安匠心优选混合C,混合型-偏股,4.98,0.25y,定期定额(周),34.16,6.59,1.837,53.8,15.83,1.17,23.08
011093,永赢宏泽一年定开混合,混合型-灵活,10.77,0.25y,定期定额(周),34.31,4.65,1.913,46.2,15.89,1.64,23.05
015829,永赢新能源智选混合发起C,混合型-偏股,12.4,0.25y,价值平均法,35.95,15.18,0.958,66.7,16.6,9.28,23.05
159973,民企ETF弘毅远方,指数型-股票,3.67,0.25y,价值平均法,20.89,4.89,2.03,100.0,9.95,-1.93,23.05
206009,鹏华新兴产业混合A,混合型-偏股,30.64,0.25y,定期定额(周),25.13,3.78,2.527,69.2,11.86,-3.27,23.04
012502,银华安盛混合,混合型-偏股,6.0,0.25y,价值平均法,30.73,9.26,1.896,66.7,14.34,1.87,23.02
011663,华安研究驱动混合A,混合型-偏股,5.53,0.25y,价值平均法,30.96,14.56,2.045,66.7,14.44,-0.39,23.0
010452,广发瑞福精选混合A,混合型-偏股,4.32,0.25y,价值平均法,32.48,14.02,1.659,66.7,15.1,3.42,22.99
012753,建信纳斯达克100指数(QDII)C美元现汇,指数型-海外股票,9.49,0.25y,价值平均法,30.88,7.99,3.304,33.3,14.4,-1.85,22.99
562880,电池ETF嘉实,指数型-股票,7.85,0.25y,价值平均法,29.56,6.2,2.121,66.7,13.83,-3.1,22.96
013661,华安研究领航混合A,混合型-偏股,4.37,0.25y,价值平均法,30.96,14.55,2.025,66.7,14.44,-0.42,22.95
163411,兴全精选混合,混合型-偏股,20.76,0.25y,价值平均法,32.48,8.62,3.2,33.3,15.1,-5.54,22.9
008065,汇添富中盘积极成长混合A,混合型-偏股,16.46,0.25y,定期定额(周),32.06,4.75,1.96,53.8,14.92,0.21,22.87
020001,国泰金鹰增长混合,混合型-灵活,10.19,0.25y,定期定额(周),35.44,5.77,1.682,46.2,16.38,4.13,22.87
020482,招商中证机器人ETF发起联接C,指数型-股票,10.96,0.25y,价值平均法,40.41,13.93,1.65,33.3,18.5,6.79,22.86
020972,易方达机器人ETF联接A,指数型-股票,9.3,0.25y,价值平均法,34.15,11.69,1.133,66.7,15.82,7.99,22.84
519029,华夏稳增混合,混合型-灵活,14.88,0.25y,价值平均法,31.87,16.34,1.892,66.7,14.84,-1.03,22.84
020981,华安国证机器人产业指数发起式A,指数型-股票,2.84,0.25y,价值平均法,34.08,11.63,1.136,66.7,15.79,7.95,22.82
240005,华宝多策略增长A,混合型-偏股,8.13,0.25y,价值平均法,25.6,5.74,2.681,66.7,12.07,-4.16,22.81
020973,易方达机器人ETF联接C,指数型-股票,27.01,0.25y,价值平均法,34.04,11.71,1.123,66.7,15.78,8.02,22.78
020982,华安国证机器人产业指数发起式C,指数型-股票,4.49,0.25y,价值平均法,33.98,11.64,1.127,66.7,15.75,7.97,22.76
040035,华安逆向策略混合A,混合型-偏股,21.45,0.25y,价值平均法,30.31,14.31,2.052,66.7,14.15,-0.73,22.76
001593,天弘创业板ETF联接C,指数型-股票,42.51,0.25y,价值平均法,33.92,4.95,2.579,33.3,15.72,-2.72,22.75
010967,博道嘉丰混合A,混合型-偏股,7.07,0.25y,定期定额(周),30.25,4.53,2.272,53.8,14.13,-2.31,22.75
011908,广发沪港深价值精选混合A,混合型-偏股,4.09,0.25y,价值平均法,31.77,12.68,1.619,66.7,14.79,4.1,22.75
012350,万家元贞量化选股股票A,股票型,10.61,0.25y,价值平均法,27.46,9.3,2.479,66.7,12.9,-3.17,22.75
004925,长信低碳环保行业量化股票A,股票型,2.97,0.25y,价值平均法,28.39,6.55,2.215,66.7,13.31,-2.71,22.74
040016,华安行业轮动混合,混合型-偏股,2.53,0.25y,定期定额(周),30.05,4.38,2.193,53.8,14.04,-0.48,22.7
016703,兴业品质睿选混合发起式A,混合型-偏股,2.19,0.25y,价值平均法,30.88,12.27,1.882,66.7,14.4,0.0,22.69
377010,摩根阿尔法混合A,混合型-偏股,11.56,0.25y,价值平均法,18.93,8.14,2.52,100.0,9.06,-7.0,22.69
020894,景顺长城国证机器人ETF联接C,指数型-股票,2.35,0.25y,价值平均法,33.68,11.52,1.128,66.7,15.62,7.9,22.65
012351,万家元贞量化选股股票C,股票型,11.03,0.25y,价值平均法,27.28,9.32,2.459,66.7,12.82,-3.11,22.64
010147,博道嘉兴一年持有期混合,混合型-偏股,4.82,0.25y,定期定额(周),30.31,4.49,2.186,53.8,14.15,-1.88,22.62
001541,汇添富民营新动力股票,股票型,4.97,0.25y,价值平均法,29.48,12.42,2.025,66.7,13.79,0.84,22.61
163804,中银收益混合A,混合型-灵活,16.76,0.25y,定期定额(周),30.76,4.93,2.018,53.8,14.35,1.68,22.61
016704,兴业品质睿选混合发起式C,混合型-偏股,9.76,0.25y,价值平均法,30.71,12.29,1.867,66.7,14.33,0.05,22.59
000242,景顺长城策略精选灵活配置混合A,混合型-灵活,16.05,0.25y,价值平均法,27.2,10.36,2.45,66.7,12.78,-2.7,22.57
512760,芯片ETF国泰,指数型-股票,87.13,0.25y,价值平均法,35.89,57.63,-0.783,66.7,16.57,51.54,22.55
007665,永赢创业板指数发起式C,指数型-股票,3.21,0.25y,价值平均法,33.56,5.08,2.549,33.3,15.57,-2.58,22.51
014505,中银收益混合C,混合型-灵活,2.09,0.25y,定期定额(周),30.61,4.93,2.001,53.8,14.28,1.74,22.51
008208,博道嘉泰回报混合,混合型-灵活,5.22,0.25y,定期定额(周),29.99,4.23,2.103,53.8,14.01,-0.61,22.49
016556,万家量化睿选混合C,混合型-灵活,3.38,0.25y,价值平均法,32.46,8.51,2.937,33.3,15.09,-3.48,22.45
017167,景顺长城策略精选灵活配置混合C,混合型-灵活,3.71,0.25y,价值平均法,27.01,10.39,2.428,66.7,12.7,-2.62,22.45
320001,诺安平衡混合A,混合型-偏股,15.5,0.25y,价值平均法,30.5,13.11,1.812,66.7,14.24,0.54,22.39
011692,华安研究智选混合A,混合型-偏股,20.75,0.25y,价值平均法,29.66,14.51,1.98,66.7,13.87,-0.31,22.38
006733,博时创业板ETF联接C,指数型-股票,3.9,0.25y,价值平均法,32.99,4.84,2.56,33.3,15.32,-2.73,22.37
560170,央企科技ETF南方,指数型-股票,3.62,0.25y,价值平均法,38.73,15.89,1.915,33.3,17.78,2.11,22.37
008793,博道嘉元混合A,混合型-偏股,2.81,0.25y,定期定额(周),29.23,4.17,2.172,53.8,13.68,-1.18,22.33
006249,华夏创业板ETF联接C,指数型-股票,8.83,0.25y,价值平均法,33.02,4.94,2.531,33.3,15.33,-2.67,22.28
018926,南方中证电池ETF联接A,指数型-股票,3.32,0.25y,价值平均法,27.68,5.91,2.112,66.7,13.0,-3.07,22.27
180001,银华优势企业混合,混合型-灵活,5.23,0.25y,价值平均法,30.6,6.6,2.975,33.3,14.28,-1.64,22.24
501083,银华科创主题灵活配置混合(LOF),混合型-灵活,3.0,0.25y,价值平均法,33.57,5.97,2.528,33.3,15.57,-2.94,22.23
017436,华宝纳斯达克精选股票发起式(QDII)A,QDII-普通股票,39.51,0.25y,价值平均法,25.63,10.02,2.548,66.7,12.09,-3.22,22.2
018927,南方中证电池ETF联接C,指数型-股票,11.07,0.25y,价值平均法,27.57,5.92,2.103,66.7,12.95,-3.04,22.2
010422,海富通消费优选混合C,混合型-偏股,13.06,0.25y,价值平均法,33.03,7.81,2.622,33.3,15.34,-1.12,22.18
008467,博道嘉瑞混合A,混合型-偏股,2.43,0.25y,定期定额(周),29.28,4.56,2.134,53.8,13.7,-1.02,22.15
320006,诺安灵活配置混合,混合型-灵活,7.71,0.25y,价值平均法,27.46,9.06,2.121,66.7,12.9,-0.35,22.15
011196,摩根优势成长混合A,混合型-偏股,2.05,0.25y,价值平均法,31.93,8.69,2.941,33.3,14.86,-4.59,22.13
159577,美国50ETF汇添富,指数型-海外股票,7.18,0.25y,价值平均法,24.5,7.97,2.509,66.7,11.58,-0.07,22.13
017437,华宝纳斯达克精选股票发起式(QDII)C,QDII-普通股票,51.75,0.25y,价值平均法,25.48,10.05,2.533,66.7,12.02,-3.19,22.11
011236,摩根行业睿选股票A,股票型,15.37,0.25y,价值平均法,18.83,8.71,2.267,100.0,9.01,-6.01,22.09
009646,南方核心成长混合A,混合型-偏股,10.31,0.25y,定期定额(周),29.58,4.45,1.956,53.8,13.83,1.33,22.08
009804,国泰研究优势混合A,混合型-偏股,5.23,0.25y,定期定额(周),33.49,5.66,1.741,46.2,15.54,2.02,22.08
001018,易方达新经济混合,混合型-灵活,34.19,0.25y,定期定额(周),29.55,5.22,2.103,53.8,13.82,-0.46,22.07
009601,招商科技动力3个月滚动持有股票A,股票型,7.55,0.25y,价值平均法,32.0,15.55,1.352,66.7,14.89,3.76,22.04
008655,招商科技创新混合A,混合型-偏股,3.96,0.25y,价值平均法,32.02,15.76,1.346,66.7,14.9,3.7,22.02
000061,华夏盛世混合,混合型-偏股,9.85,0.25y,价值平均法,28.17,9.5,2.088,66.7,13.21,-3.37,22.01
673010,西部利得新动向混合A,混合型-灵活,11.0,0.25y,价值平均法,25.23,9.34,2.481,66.7,11.91,-2.34,22.01
110013,易方达科翔混合,混合型-偏股,40.53,0.25y,定期定额(周),29.21,5.1,2.107,53.8,13.67,-0.5,21.97
021953,西部利得新动向混合C,混合型-灵活,18.89,0.25y,价值平均法,25.14,9.35,2.47,66.7,11.87,-2.31,21.95
000689,前海开源新经济混合A,混合型-灵活,29.86,0.25y,价值平均法,29.79,12.36,1.699,66.7,13.93,0.91,21.92
012985,平安优势回报1年持有混合A,混合型-偏股,4.82,0.25y,价值平均法,37.21,14.97,1.983,33.3,17.13,1.09,21.92
008656,招商科技创新混合C,混合型-偏股,2.39,0.25y,价值平均法,31.69,15.82,1.324,66.7,14.75,3.76,21.85
013157,前海开源新经济混合C,混合型-灵活,2.69,0.25y,价值平均法,29.68,12.38,1.689,66.7,13.88,0.94,21.85
013552,汇添富成长领先混合A,混合型-偏股,3.58,0.25y,定期定额(周),29.2,4.47,1.928,53.8,13.67,0.23,21.75
010336,中欧悦享生活混合A,混合型-偏股,14.65,0.25y,价值平均法,30.22,10.83,1.329,66.7,14.11,5.4,21.67
010116,民生加银新兴产业混合A,混合型-偏股,3.8,0.25y,价值平均法,25.5,6.48,2.203,66.7,12.03,-2.41,21.65
013553,汇添富成长领先混合C,混合型-偏股,2.34,0.25y,定期定额(周),29.04,4.48,1.91,53.8,13.6,0.29,21.65
001790,国泰智能汽车股票A,股票型,25.57,0.25y,定期定额(周),35.22,5.04,1.32,38.5,16.28,7.42,21.62
010790,海富通均衡甄选混合A,混合型-偏股,3.95,0.25y,价值平均法,26.69,9.19,2.156,66.7,12.56,-3.65,21.62
014287,泰康新锐成长混合A,混合型-偏股,48.52,0.25y,价值平均法,27.67,9.52,1.797,66.7,12.99,1.92,21.62
160603,鹏华普天收益混合,混合型-偏股,3.79,0.25y,价值平均法,27.28,8.05,1.828,66.7,12.82,1.43,21.61
014207,华安产业精选混合A,混合型-偏股,9.76,0.25y,价值平均法,26.56,12.8,2.08,66.7,12.5,-0.04,21.58
000043,嘉实美国成长股票人民币,QDII-普通股票,43.44,0.25y,价值平均法,25.49,9.38,2.174,66.7,12.02,-0.22,21.55
010350,景顺长城品质长青混合A,混合型-偏股,41.85,0.25y,价值平均法,28.34,7.21,1.647,66.7,13.29,0.6,21.55
513850,美国50ETF易方达,指数型-海外股票,16.82,0.25y,价值平均法,23.42,7.93,2.43,66.7,11.09,0.04,21.54
012863,汇添富中证电池主题ETF发起式联接C,指数型-股票,25.48,0.25y,价值平均法,26.27,5.96,2.028,66.7,12.37,-2.88,21.53
021968,西部利得均衡优选混合C,混合型-偏股,7.41,0.25y,价值平均法,33.96,12.33,2.415,33.3,15.74,-2.71,21.53
015751,景顺长城品质长青混合C,混合型-偏股,23.79,0.25y,价值平均法,28.2,7.22,1.635,66.7,13.23,0.63,21.47
002296,长城行业轮动混合A,混合型-灵活,6.06,0.25y,价值平均法,30.06,13.62,1.368,66.7,14.04,4.12,21.46
011357,华泰柏瑞品质成长混合A,混合型-偏股,10.75,0.25y,价值平均法,29.84,15.9,1.511,66.7,13.95,1.91,21.46
014208,华安产业精选混合C,混合型-偏股,3.48,0.25y,价值平均法,26.37,12.82,2.057,66.7,12.41,0.01,21.45
017366,泰康新锐成长混合C,混合型-偏股,9.41,0.25y,价值平均法,27.38,9.57,1.765,66.7,12.86,2.0,21.44
010791,海富通均衡甄选混合C,混合型-偏股,15.21,0.25y,价值平均法,26.37,9.24,2.127,66.7,12.41,-3.56,21.43
162703,广发小盘成长混合(LOF)A,混合型-偏股,49.92,0.25y,定期定额(周),35.59,7.79,1.092,46.2,16.44,7.07,21.43
014377,东吴新能源汽车股票C,股票型,3.27,0.25y,价值平均法,26.24,8.25,2.099,66.7,12.36,-3.32,21.41
011460,鹏华创新成长混合A,混合型-偏股,9.63,0.25y,价值平均法,30.61,16.82,1.274,66.7,14.29,4.47,21.38
110001,易方达平稳增长混合,混合型-平衡,36.04,0.25y,定期定额(周),25.36,3.69,2.333,53.8,11.96,-0.81,21.38
010420,民生加银成长优选股票A,股票型,19.62,0.25y,价值平均法,23.97,5.91,2.304,66.7,11.34,-2.8,21.35
011056,博时汇兴回报一年持有期混合,混合型-灵活,28.85,0.25y,定期定额(周),28.59,4.25,1.809,53.8,13.4,0.94,21.35
013680,华安品质甄选混合A,混合型-偏股,12.98,0.25y,价值平均法,25.85,11.94,2.033,66.7,12.18,0.35,21.27
016464,兴全合瑞混合A,混合型-偏股,11.98,0.25y,价值平均法,23.38,8.51,2.412,66.7,11.08,-1.75,21.26
018124,永赢先进制造智选混合发起A,混合型-偏股,30.82,0.25y,定期定额(周),39.06,6.68,0.879,30.8,17.92,10.99,21.22
011461,鹏华创新成长混合C,混合型-偏股,2.57,0.25y,价值平均法,30.3,16.88,1.25,66.7,14.15,4.54,21.21
013681,华安品质甄选混合C,混合型-偏股,9.5,0.25y,价值平均法,25.72,11.96,2.015,66.7,12.12,0.39,21.18
000538,诺安优势行业混合A,混合型-灵活,2.99,0.25y,价值平均法,33.19,17.88,0.526,66.7,15.41,11.92,21.16
000547,建信健康民生混合A,混合型-偏股,2.62,0.25y,定期定额(周),23.29,5.17,2.165,69.2,11.03,-2.26,21.16
011143,创金合信新材料新能源股票C,股票型,6.48,0.25y,价值平均法,27.48,11.75,1.935,66.7,12.91,-4.54,21.14
018125,永赢先进制造智选混合发起C,混合型-偏股,126.2,0.25y,定期定额(周),38.92,6.69,0.868,30.8,17.86,11.03,21.14
217001,招商安泰偏股混合,混合型-偏股,3.13,0.25y,定期定额(周),24.75,3.87,2.427,53.8,11.69,-2.44,21.14
000541,华商创新成长混合发起式A,混合型-灵活,17.01,0.25y,价值平均法,27.18,11.72,1.832,66.7,12.77,-1.03,21.12
016465,兴全合瑞混合C,混合型-偏股,10.18,0.25y,价值平均法,23.17,8.54,2.381,66.7,10.98,-1.68,21.11
006736,国投瑞银先进制造混合,混合型-偏股,14.94,0.25y,价值平均法,26.95,8.57,1.908,66.7,12.67,-4.13,21.09
015219,鹏扬产业智选一年持有混合A,混合型-偏股,4.35,0.25y,价值平均法,28.08,12.87,1.579,66.7,13.17,2.09,21.09
001542,国泰互联网+股票,股票型,4.12,0.25y,价值平均法,31.23,20.31,0.965,66.7,14.56,7.37,21.06
162208,宏利首选企业股票A,股票型,3.81,0.25y,价值平均法,28.89,16.17,1.468,66.7,13.53,2.49,21.06
005668,融通新能源汽车主题精选混合A,混合型-灵活,3.28,0.25y,价值平均法,35.0,9.77,1.838,33.3,16.19,1.51,21.04
010865,泓德卓远混合C,混合型-偏股,6.41,0.25y,价值平均法,24.92,8.59,2.011,66.7,11.77,0.45,21.04
001468,广发改革混合,混合型-灵活,2.15,0.25y,价值平均法,29.61,16.99,1.292,66.7,13.84,4.07,21.02
588760,科创人工智能ETF广发,指数型-股票,22.32,0.25y,价值平均法,39.02,19.65,1.169,33.3,17.91,7.11,21.02
160607,鹏华价值优势混合(LOF),混合型-偏股,12.0,0.25y,价值平均法,22.63,6.82,2.453,66.7,10.74,-3.74,21.01
015904,广发新能源精选股票A,股票型,13.16,0.25y,价值平均法,22.79,7.49,2.485,66.7,10.81,-4.7,21.0
010286,海富通成长价值混合A,混合型-偏股,9.93,0.25y,定期定额(周),31.85,3.94,1.554,38.5,14.83,4.64,20.96
588790,科创AIETF博时,指数型-股票,44.95,0.25y,价值平均法,38.87,19.62,1.164,33.3,17.84,7.11,20.95
000592,建信改革红利股票A,股票型,4.54,0.25y,价值平均法,28.21,15.15,1.562,66.7,13.23,1.13,20.93
002095,博时新收益A,混合型-灵活,2.29,0.25y,定期定额(周),29.26,6.12,1.77,53.8,13.69,-0.72,20.93
100056,富国低碳环保混合,混合型-偏股,9.16,0.25y,价值平均法,27.24,12.84,1.727,66.7,12.8,-0.15,20.93
519133,海富通改革驱动混合,混合型-灵活,33.67,0.25y,价值平均法,25.18,8.93,2.1,66.7,11.88,-3.65,20.93
002096,博时新收益C,混合型-灵活,5.93,0.25y,定期定额(周),29.23,6.12,1.767,53.8,13.68,-0.71,20.91
008294,朱雀企业优胜A,股票型,4.57,0.25y,价值平均法,25.8,9.31,1.806,66.7,12.16,1.04,20.87
013812,景顺长城景气进取混合A,混合型-偏股,21.85,0.25y,价值平均法,24.59,10.3,2.151,66.7,11.62,-2.6,20.87
015905,广发新能源精选股票C,股票型,24.18,0.25y,价值平均法,22.59,7.51,2.461,66.7,10.72,-4.62,20.87
019374,广发睿杰精选混合发起式A1,混合型-偏股,13.89,0.25y,定期定额(周),29.42,5.62,1.598,53.8,13.76,1.01,20.82
017876,汇添富新能源精选混合发起式A,混合型-偏股,7.26,0.25y,价值平均法,25.88,10.33,1.797,66.7,12.2,0.66,20.79
159961,深100ETF方正富邦,指数型-股票,2.93,0.25y,价值平均法,21.89,4.77,2.312,66.7,10.4,-2.5,20.78
012148,国投瑞银产业趋势混合A,混合型-偏股,13.0,0.25y,价值平均法,26.44,8.79,1.827,66.7,12.44,-3.67,20.73
013813,景顺长城景气进取混合C,混合型-偏股,4.09,0.25y,价值平均法,24.35,10.33,2.128,66.7,11.51,-2.54,20.73
290008,泰信发展主题混合,混合型-偏股,17.61,0.25y,价值平均法,20.52,19.43,1.77,100.0,9.78,-10.92,20.73
161912,万家社会责任18个月定开A,混合型-偏股,7.53,0.25y,价值平均法,20.81,4.9,2.457,66.7,9.91,-2.31,20.71
019328,国泰金盛回报混合A,混合型-偏股,2.74,0.25y,价值平均法,26.01,9.14,1.646,66.7,12.26,1.99,20.66
017877,汇添富新能源精选混合发起式C,混合型-偏股,2.53,0.25y,价值平均法,25.66,10.38,1.773,66.7,12.1,0.72,20.65
012149,国投瑞银产业趋势混合C,混合型-偏股,6.58,0.25y,价值平均法,26.26,8.81,1.816,66.7,12.37,-3.63,20.63
007895,嘉实价值成长混合,混合型-偏股,3.5,0.25y,价值平均法,24.83,9.81,1.886,66.7,11.73,0.18,20.6
000574,宝盈新价值混合A,混合型-灵活,4.49,0.25y,价值平均法,25.34,10.71,1.777,66.7,11.95,1.4,20.59
519909,华安安顺灵活配置混合A,混合型-灵活,9.68,0.25y,定期定额(周),30.29,4.76,1.452,46.2,14.14,4.6,20.59
005311,万家经济新动能混合A,混合型-偏股,5.97,0.25y,价值平均法,27.34,10.97,1.512,66.7,12.84,0.65,20.58
161227,国投瑞银深证100指数,指数型-股票,2.5,0.25y,价值平均法,21.11,4.56,2.333,66.7,10.05,-2.48,20.57
360006,光大新增长混合A,混合型-偏股,6.75,0.25y,价值平均法,25.61,11.59,1.716,66.7,12.08,2.0,20.57
159901,深证100ETF易方达,指数型-股票,61.69,0.25y,价值平均法,21.59,4.86,2.274,66.7,10.27,-2.51,20.55
000173,汇添富美丽30混合A,混合型-偏股,10.69,0.25y,定期定额(周),27.49,4.87,1.771,53.8,12.91,-0.22,20.54
519156,新华行业灵活配置混合A,混合型-灵活,2.45,0.25y,价值平均法,25.91,14.31,1.753,66.7,12.21,0.38,20.52
019329,国泰金盛回报混合C,混合型-偏股,3.42,0.25y,价值平均法,25.78,9.19,1.621,66.7,12.15,2.04,20.51
166002,中欧新蓝筹混合A,混合型-偏股,75.37,0.25y,价值平均法,23.16,11.18,2.178,66.7,10.98,-1.53,20.48
009990,华泰柏瑞品质优选A,混合型-偏股,5.69,0.25y,价值平均法,27.88,16.56,1.39,66.7,13.09,2.18,20.46
005968,创金合信工业周期股票A,股票型,10.13,0.25y,定期定额(周),30.23,5.71,1.506,46.2,14.12,4.3,20.45
002446,广发利鑫灵活配置混合A,混合型-灵活,4.91,0.25y,定期定额(周),27.94,8.46,1.638,61.5,13.11,-2.53,20.43
016530,鹏华碳中和主题混合A,混合型-偏股,32.06,0.25y,定期定额(周),35.95,6.8,0.744,38.5,16.6,10.83,20.43
014591,广发瑞誉一年持有期混合A,混合型-偏股,10.8,0.25y,价值平均法,21.25,5.31,2.336,66.7,10.11,-3.49,20.4
161604,融通深证100指数A,指数型-股票,43.29,0.25y,价值平均法,20.85,4.6,2.296,66.7,9.93,-2.37,20.38
004332,恒生沪港深新兴产业精选混合,混合型-偏股,2.67,0.25y,定期定额(周),23.08,3.85,2.44,53.8,10.94,-3.98,20.36
501312,华宝海外科技股票(QDII-LOF)A,QDII-普通股票,7.99,0.25y,价值平均法,25.69,11.81,1.7,66.7,12.11,0.09,20.36
005028,鹏华研究精选灵活配置混合,混合型-灵活,5.08,0.25y,价值平均法,32.71,11.0,1.949,33.3,15.2,1.06,20.35
011172,广发利鑫灵活配置混合C,混合型-灵活,7.6,0.25y,定期定额(周),27.8,8.47,1.623,61.5,13.05,-2.46,20.35
017037,嘉实低碳精选混合发起式C,混合型-偏股,6.32,0.25y,价值平均法,19.13,5.48,2.853,66.7,9.15,-8.43,20.35
002160,南方驱动混合,混合型-灵活,3.57,0.25y,定期定额(周),24.19,4.24,2.244,53.8,11.44,-2.68,20.33
016531,鹏华碳中和主题混合C,混合型-偏股,48.22,0.25y,定期定额(周),35.74,6.8,0.727,38.5,16.51,10.89,20.32
005969,创金合信工业周期股票C,股票型,6.42,0.25y,定期定额(周),30.0,5.72,1.48,46.2,14.02,4.38,20.31
012079,信澳新能源精选混合A,混合型-偏股,13.73,0.25y,价值平均法,31.05,6.93,2.149,33.3,14.48,-1.56,20.31
710001,富安达优势成长混合A,混合型-偏股,5.26,0.25y,价值平均法,25.74,12.55,1.604,66.7,12.13,1.96,20.3
017204,华宝海外科技股票(QDII-LOF)C,QDII-普通股票,5.17,0.25y,价值平均法,25.58,11.83,1.69,66.7,12.06,0.11,20.29
011637,广发沪港深价值成长混合A,混合型-偏股,5.29,0.25y,价值平均法,27.12,12.65,1.312,66.7,12.75,4.07,20.28
501022,银华鑫盛灵活配置混合(LOF)A,混合型-灵活,3.14,0.25y,定期定额(周),26.68,5.02,1.768,53.8,12.55,0.63,20.26
006687,方正富邦深证100ETF联接A,指数型-股票,2.21,0.25y,价值平均法,20.45,4.51,2.303,66.7,9.75,-2.4,20.25
161812,银华深证100指数(LOF),指数型-股票,3.25,0.25y,价值平均法,20.38,4.51,2.289,66.7,9.72,-2.37,20.19
008297,广发价值优势混合,混合型-偏股,12.51,0.25y,价值平均法,25.39,7.5,1.608,66.7,11.98,-0.75,20.18
000431,鹏华品牌传承混合,混合型-灵活,2.26,0.25y,定期定额(周),15.02,3.62,2.552,84.6,7.25,-7.63,20.16
015971,华泰柏瑞景气驱动混合C,混合型-偏股,2.87,0.25y,价值平均法,29.15,8.67,2.562,33.3,13.64,-4.46,20.16
910009,东方红启程三年持有混合A,混合型-偏股,4.55,0.25y,价值平均法,21.66,8.92,2.294,66.7,10.3,-3.15,20.16
100016,富国天源沪港深平衡混合A,混合型-灵活,4.36,0.25y,价值平均法,22.0,7.81,2.082,66.7,10.45,-0.63,20.08
010922,朱雀匠心一年持有,混合型-偏股,6.29,0.25y,价值平均法,23.65,9.02,1.809,66.7,11.2,0.42,20.04
011167,景顺长城景气成长混合A,混合型-偏股,7.67,0.25y,价值平均法,32.57,14.07,1.835,33.3,15.14,2.62,20.04
020180,金信深圳成长混合C,混合型-灵活,5.42,0.25y,定期定额(周),25.69,4.29,1.796,53.8,12.11,-0.2,20.04
110019,易方达深证100ETF联接A,指数型-股票,11.25,0.25y,价值平均法,20.21,4.6,2.258,66.7,9.64,-2.4,20.03
010141,朱雀企业优选A,股票型,13.12,0.25y,价值平均法,23.61,8.99,1.809,66.7,11.18,0.4,20.02
011344,景顺长城融景一年持有混合A,混合型-偏股,6.07,0.25y,定期定额(周),25.58,4.87,1.856,53.8,12.06,-0.42,19.98
015756,景顺长城景气成长混合C,混合型-偏股,2.74,0.25y,价值平均法,32.42,14.09,1.821,33.3,15.07,2.66,19.96
005939,工银新能源汽车混合A,混合型-偏股,15.04,0.25y,价值平均法,23.15,7.27,1.948,66.7,10.97,-3.55,19.92
519727,交银成长30混合,混合型-偏股,6.29,0.25y,定期定额(周),20.34,2.81,2.5,53.8,9.7,-2.89,19.91
013886,华商新能源汽车混合A,混合型-偏股,5.54,0.25y,价值平均法,17.01,9.77,1.662,100.0,8.17,-5.6,19.9
014062,景顺长城专精特新量化优选股票A,股票型,3.94,0.25y,定期定额(周),25.29,4.87,1.874,53.8,11.93,-0.66,19.89
009556,兴全合丰三年持有混合,混合型-偏股,34.43,0.25y,价值平均法,23.42,8.4,1.767,66.7,11.09,0.07,19.85
007146,鹏华研究智选混合,混合型-偏股,3.4,0.25y,价值平均法,21.5,8.52,2.232,66.7,10.23,-4.39,19.84
005940,工银新能源汽车混合C,混合型-偏股,12.26,0.25y,价值平均法,22.99,7.28,1.934,66.7,10.9,-3.52,19.83
013887,华商新能源汽车混合C,混合型-偏股,11.06,0.25y,价值平均法,16.86,9.79,1.653,100.0,8.1,-5.57,19.82
014063,景顺长城专精特新量化优选股票C,股票型,2.6,0.25y,定期定额(周),25.17,4.86,1.86,53.8,11.88,-0.61,19.81
013021,建信兴润一年持有混合,混合型-偏股,14.66,0.25y,价值平均法,25.42,14.09,1.52,66.7,11.99,0.58,19.79
019189,华商品质价值混合A,混合型-偏股,7.06,0.25y,价值平均法,24.25,11.9,1.621,66.7,11.47,1.71,19.79
021490,中航趋势领航混合发起C,混合型-偏股,9.4,0.25y,定期定额(周),36.6,6.91,0.617,30.8,16.88,12.25,19.72
002943,广发多因子混合,混合型-灵活,146.64,0.25y,价值平均法,22.72,6.72,1.744,66.7,10.78,0.51,19.71
019549,华夏全球股票美元现汇(QDII),QDII-普通股票,25.69,0.25y,价值平均法,22.55,10.05,1.887,66.7,10.7,-0.29,19.7
019550,华夏全球股票美元现钞(QDII),QDII-普通股票,25.69,0.25y,价值平均法,22.55,10.05,1.887,66.7,10.7,-0.29,19.7
019190,华商品质价值混合C,混合型-偏股,9.65,0.25y,价值平均法,24.03,11.93,1.595,66.7,11.37,1.77,19.65
010377,广发价值核心混合A,混合型-偏股,28.6,0.25y,定期定额(周),26.5,7.08,1.846,53.8,12.47,-3.96,19.62
001532,华安文体健康混合A,混合型-灵活,20.49,0.25y,价值平均法,23.64,10.7,1.706,66.7,11.19,-0.81,19.57
006969,圆信永丰高端制造A,混合型-偏股,5.13,0.25y,价值平均法,24.28,10.91,1.757,66.7,11.48,-4.58,19.55
010378,广发价值核心混合C,混合型-偏股,10.91,0.25y,定期定额(周),26.37,7.08,1.834,53.8,12.42,-3.9,19.55
001053,南方创新经济,混合型-灵活,19.66,0.25y,定期定额(周),20.37,3.78,2.567,53.8,9.71,-4.62,19.54
008133,华安优质生活混合,混合型-偏股,3.41,0.25y,定期定额(周),29.33,5.29,1.198,46.2,13.72,5.48,19.54
050008,博时第三产业混合,混合型-偏股,6.34,0.25y,定期定额(周),22.68,3.78,1.987,53.8,10.76,0.39,19.53
010694,万家内需增长一年持有混合,混合型-偏股,3.79,0.25y,价值平均法,24.05,14.06,1.62,66.7,11.38,-0.35,19.44
013116,华安文体健康混合C,混合型-灵活,3.18,0.25y,价值平均法,23.42,10.75,1.685,66.7,11.09,-0.76,19.44
517800,人工智能50ETF方正富邦,指数型-股票,4.14,0.25y,价值平均法,26.29,12.04,1.063,66.7,12.38,4.75,19.44
590008,中邮战略新兴产业混合A,混合型-偏股,7.33,0.25y,价值平均法,21.64,8.03,1.864,66.7,10.29,-0.12,19.43
015729,朱雀碳中和三年持有混合发起,混合型-偏股,2.08,0.25y,价值平均法,21.27,8.73,1.971,66.7,10.12,-1.32,19.4
000924,宝盈先进制造混合A,混合型-灵活,3.89,0.25y,价值平均法,25.2,12.29,1.303,66.7,11.89,2.28,19.39
009693,富国积极成长一年定开混合,混合型-偏股,5.1,0.25y,价值平均法,24.81,13.17,1.342,66.7,11.72,2.94,19.38
519196,万家新兴蓝筹A,混合型-灵活,25.22,0.25y,价值平均法,19.96,5.58,2.033,66.7,9.53,-1.18,19.34
011296,汇添富优势行业一年持有混合A,混合型-偏股,5.97,0.25y,定期定额(周),25.75,5.41,1.528,53.8,12.14,1.49,19.31
040011,华安核心优选混合A,混合型-偏股,3.68,0.25y,定期定额(周),25.92,4.33,1.688,46.2,12.21,1.67,19.28
002179,华安事件驱动量化混合A,混合型-灵活,17.33,0.25y,价值平均法,30.57,11.96,1.856,33.3,14.27,0.55,19.24
159981,能源化工ETF建信,指数型-其他,38.7,0.25y,价值平均法,12.83,8.85,2.53,100.0,6.22,-18.84,19.22
005549,富国成长优选三年定开混合,混合型-灵活,3.22,0.25y,定期定额(周),22.13,4.7,1.828,61.5,10.51,-1.96,19.21
022714,万家新兴蓝筹C,混合型-灵活,8.82,0.25y,价值平均法,19.78,5.62,2.009,66.7,9.45,-1.13,19.21
167002,平安鼎越混合(LOF),混合型-灵活,16.99,0.25y,定期定额(周),24.76,7.73,1.586,61.5,11.7,-2.67,19.16
013561,国联匠心优选混合A,混合型-偏股,2.27,0.25y,定期定额(周),27.15,6.92,1.703,46.2,12.76,-0.11,19.15
014232,博时专精特新主题混合A,混合型-偏股,2.03,0.25y,价值平均法,23.72,12.49,1.453,66.7,11.23,1.62,19.15
016561,永赢启源混合发起C,混合型-偏股,3.53,0.25y,价值平均法,25.57,14.86,1.089,66.7,12.06,4.49,19.14
090003,大成蓝筹稳健混合A,混合型-灵活,11.5,0.25y,价值平均法,22.74,10.27,1.57,66.7,10.79,1.21,19.12
000595,嘉实泰和混合,混合型-灵活,25.02,0.25y,定期定额(周),24.06,5.25,1.735,53.8,11.38,0.52,19.11
016491,华安事件驱动量化混合C,混合型-灵活,18.04,0.25y,价值平均法,30.33,12.0,1.838,33.3,14.16,0.55,19.1
009697,华夏成长精选6个月定开混合A,混合型-偏股,3.24,0.25y,价值平均法,23.33,6.36,1.288,66.7,11.06,3.01,19.09
000527,南方新优享灵活配置混合A,混合型-灵活,27.34,0.25y,定期定额(周),19.6,3.73,2.495,53.8,9.36,-4.44,19.08
159656,沪深300成长ETF万家,指数型-股票,2.74,0.25y,价值平均法,19.63,5.53,1.987,66.7,9.37,-1.46,19.07
010289,景顺长城产业趋势混合A,混合型-偏股,29.74,0.25y,定期定额(周),23.48,4.61,1.769,53.8,11.12,-0.2,19.02
000634,富国天盛灵活配置基金,混合型-灵活,5.39,0.25y,定期定额(周),21.84,5.14,1.819,61.5,10.38,-2.07,18.98
007689,国投瑞银新能源混合A,混合型-偏股,18.02,0.25y,价值平均法,23.12,9.34,1.612,66.7,10.96,-3.05,18.98
011216,南方优质企业混合A,混合型-偏股,4.81,0.25y,定期定额(周),22.02,4.31,2.024,53.8,10.46,-2.14,18.96
009794,太平智选一年定开股票,股票型,5.52,0.25y,价值平均法,27.34,10.8,2.278,33.3,12.85,-1.82,18.92
010299,南方产业升级混合A,混合型-偏股,11.32,0.25y,定期定额(周),21.81,4.17,2.029,53.8,10.37,-2.13,18.92
007690,国投瑞银新能源混合C,混合型-偏股,11.52,0.25y,价值平均法,22.95,9.35,1.601,66.7,10.88,-3.02,18.89
519003,海富通收益增长混合,混合型-灵活,16.14,0.25y,价值平均法,19.7,7.14,2.049,66.7,9.41,-3.51,18.89
008827,建信易盛郑商所能源化工期货ETF联接A,指数型-其他,3.65,0.25y,价值平均法,12.0,8.57,2.479,100.0,5.83,-18.12,18.87
014199,建信沃信一年持有混合A,混合型-偏股,7.56,0.25y,价值平均法,23.38,10.25,1.327,66.7,11.08,1.98,18.82
017086,嘉实ESG可持续投资混合A,混合型-偏股,4.32,0.25y,定期定额(周),23.01,4.32,1.649,53.8,10.91,1.96,18.82
017642,摩根标普500指数(QDII)美钞,指数型-海外股票,36.62,0.25y,价值平均法,16.87,7.03,2.315,66.7,8.11,-0.39,18.8
017643,摩根标普500指数(QDII)美汇,指数型-海外股票,36.62,0.25y,价值平均法,16.87,7.03,2.315,66.7,8.11,-0.39,18.8
021279,永赢上证科创板100指数增强发起C,指数型-股票,2.35,0.25y,定期定额(周),24.7,6.14,1.646,53.8,11.67,-1.41,18.8
519195,万家品质生活混合A,混合型-灵活,24.69,0.25y,价值平均法,19.1,5.66,1.916,66.7,9.13,-0.97,18.72
160314,华夏行业混合(LOF),混合型-偏股,10.53,0.25y,价值平均法,22.96,12.85,1.386,66.7,10.89,1.62,18.69
020005,国泰金马稳健混合A,混合型-灵活,6.76,0.25y,定期定额(周),28.73,5.67,0.883,46.2,13.46,7.86,18.68
008072,景顺长城创业板综指增强A,指数型-股票,5.56,0.25y,价值平均法,20.76,7.73,1.733,66.7,9.89,-1.56,18.65
011237,摩根行业睿选股票C,股票型,4.83,0.25y,价值平均法,18.64,8.72,2.248,66.7,8.92,-5.95,18.65
017087,嘉实ESG可持续投资混合C,混合型-偏股,2.48,0.25y,定期定额(周),22.77,4.32,1.613,53.8,10.8,2.05,18.64
010340,易方达高质量严选三年持有,混合型-偏股,57.54,0.25y,定期定额(周),23.77,4.34,1.438,53.8,11.25,2.29,18.62
012719,华夏新兴经济一年持有混合A,混合型-偏股,5.22,0.25y,价值平均法,20.17,4.06,1.529,66.7,9.62,0.62,18.61
016600,万家品质生活混合C,混合型-灵活,12.6,0.25y,价值平均法,18.92,5.68,1.892,66.7,9.05,-0.92,18.6
001118,华宝事件驱动混合A,混合型-偏股,5.17,0.25y,价值平均法,13.9,10.79,1.643,100.0,6.72,-6.74,18.56
010186,嘉实核心成长混合A,混合型-偏股,38.65,0.25y,定期定额(周),22.83,4.52,1.647,53.8,10.83,0.63,18.56
010187,嘉实核心成长混合C,混合型-偏股,2.41,0.25y,定期定额(周),22.71,4.52,1.631,53.8,10.78,0.68,18.48
011862,南方蓝筹成长混合A,混合型-偏股,5.35,0.25y,定期定额(周),21.4,4.5,1.937,53.8,10.18,-1.84,18.48
010052,长城久嘉创新成长混合C,混合型-灵活,24.22,0.25y,定期定额(周),24.9,7.0,1.561,53.8,11.76,-2.46,18.46
270022,广发内需增长混合A,混合型-灵活,3.14,0.25y,价值平均法,21.7,7.34,1.472,66.7,10.32,-0.88,18.45
240002,华宝宝康配置混合,混合型-灵活,3.75,0.25y,价值平均法,8.26,2.85,2.067,100.0,4.05,-1.98,18.44
018066,华夏标普500ETF发起式联接(QDII)A(美元),指数型-海外股票,3.39,0.25y,价值平均法,16.72,7.32,2.189,66.7,8.04,-0.2,18.43
202001,南方稳健成长混合,混合型-偏股,18.01,0.25y,定期定额(周),19.32,3.76,2.198,53.8,9.24,-2.39,18.43
005598,广发中小盘精选混合A,混合型-偏股,33.07,0.25y,定期定额(周),28.33,6.54,0.978,46.2,13.28,5.7,18.42
012373,富国稳健恒盛12个月持有混合A,混合型-偏股,3.87,0.25y,定期定额(周),20.91,4.82,1.663,61.5,9.96,-1.18,18.38
009854,中加优势企业混合C,混合型-偏股,2.83,0.25y,定期定额(周),28.27,7.94,1.134,46.2,13.26,2.99,18.36
013955,广发中小盘精选混合C,混合型-偏股,20.97,0.25y,定期定额(周),28.19,6.54,0.966,46.2,13.22,5.74,18.34
202002,南方稳健成长贰号混合,混合型-偏股,13.22,0.25y,定期定额(周),19.26,3.81,2.176,53.8,9.21,-2.3,18.34
000545,中邮核心竞争力灵活配置混合,混合型-灵活,3.04,0.25y,价值平均法,23.94,16.85,0.995,66.7,11.33,4.83,18.3
001975,景顺长城环保优势股票,股票型,26.97,0.25y,价值平均法,23.28,14.16,1.081,66.7,11.03,4.45,18.29
519181,万家和谐增长混合A,混合型-灵活,10.71,0.25y,价值平均法,18.6,5.95,1.815,66.7,8.91,-0.65,18.28
011392,平安兴鑫回报一年定开混合,混合型-偏股,4.25,0.25y,价值平均法,24.94,19.03,0.774,66.7,11.78,6.62,18.26
012374,富国稳健恒盛12个月持有混合C,混合型-偏股,2.09,0.25y,定期定额(周),20.73,4.81,1.641,61.5,9.88,-1.1,18.26
000041,华夏全球股票(QDII)(人民币),QDII-普通股票,25.69,0.25y,价值平均法,20.11,10.09,1.623,66.7,9.6,0.29,18.19
005742,南方成安优选混合,混合型-灵活,4.65,0.25y,定期定额(周),20.32,3.82,1.938,53.8,9.69,-2.06,18.19
013425,博时标普500ETF联接美元汇(QDII)A,指数型-海外股票,59.27,0.25y,价值平均法,16.35,7.29,2.136,66.7,7.86,-0.12,18.17
163418,兴全合兴混合A,混合型-偏股,30.15,0.25y,定期定额(周),19.05,3.69,2.145,53.8,9.11,-2.72,18.17
001373,易方达新丝路灵活配置混合,混合型-灵活,26.04,0.25y,定期定额(周),23.77,5.22,1.309,53.8,11.25,2.64,18.15
519066,汇添富蓝筹稳健混合A,混合型-灵活,38.39,0.25y,定期定额(周),20.54,3.41,1.72,53.8,9.79,0.75,18.15
012475,平安优质企业混合A,混合型-偏股,11.99,0.25y,定期定额(周),21.96,4.18,1.6,53.8,10.43,0.27,18.14
018131,博时ESG量化选股混合C,混合型-偏股,2.35,0.25y,价值平均法,25.45,13.51,0.515,66.7,12.0,8.53,18.09
013499,博时标普500ETF联接美元汇(QDII)C,指数型-海外股票,12.41,0.25y,价值平均法,16.21,7.33,2.107,66.7,7.8,-0.08,18.05
562310,沪深300成长ETF银华,指数型-股票,6.69,0.25y,价值平均法,17.99,5.55,1.816,66.7,8.62,-1.22,18.03
003745,广发多元新兴股票,股票型,28.33,0.25y,定期定额(周),23.05,6.46,1.591,53.8,10.93,-1.14,18.02
019919,招商中证2000指数增强C,指数型-股票,12.95,0.25y,价值平均法,21.38,12.09,1.38,66.7,10.17,0.6,18.02
012314,南方行业领先混合,混合型-偏股,11.88,0.25y,定期定额(周),20.12,3.87,1.894,53.8,9.6,-1.92,18.0
340007,兴全社会责任混合,混合型-偏股,26.08,0.25y,价值平均法,20.43,12.63,1.553,66.7,9.74,-0.23,18.0
005075,富国研究量化精选混合A,混合型-偏股,2.24,0.25y,定期定额(周),21.88,4.46,1.594,53.8,10.4,-0.46,17.96
000612,华宝生态中国混合A,混合型-偏股,5.15,0.25y,价值平均法,12.63,10.53,1.59,100.0,6.13,-6.81,17.95
010864,泓德卓远混合A,混合型-偏股,18.96,0.25y,价值平均法,25.23,8.55,2.045,33.3,11.91,0.37,17.9
012816,国泰致和混合A,混合型-偏股,3.01,0.25y,定期定额(周),15.13,5.4,2.273,69.2,7.3,-5.98,17.86
000619,东方红产业升级混合,混合型-灵活,28.14,0.25y,价值平均法,25.85,8.16,2.018,33.3,12.18,-2.1,17.85
011122,汇添富ESG可持续成长股票A,股票型,17.47,0.25y,价值平均法,20.08,10.44,1.428,66.7,9.58,1.99,17.85
000598,长盛生态环境混合A,混合型-灵活,2.71,0.25y,价值平均法,20.8,10.16,1.404,66.7,9.91,-0.3,17.84
016462,华宝生态中国混合C,混合型-偏股,2.57,0.25y,价值平均法,12.39,10.56,1.573,100.0,6.01,-6.76,17.83
017967,华富新能源股票型发起式C,股票型,48.61,0.25y,价值平均法,19.3,7.66,1.662,66.7,9.22,-2.59,17.83
519993,长信增利动态策略混合,混合型-偏股,2.64,0.25y,定期定额(周),22.13,4.42,1.392,53.8,10.51,2.16,17.82
000652,博时裕隆灵活配置混合A,混合型-灵活,12.54,0.25y,定期定额(周),15.2,4.01,2.026,69.2,7.33,-2.93,17.77
011706,长信标普100等权重指数美元,指数型-海外股票,8.36,0.25y,价值平均法,14.53,6.45,2.214,66.7,7.02,-0.34,17.71
010595,广发成长精选混合A,混合型-偏股,28.86,0.25y,价值平均法,19.73,10.69,1.593,66.7,9.42,-2.28,17.7
011261,金鹰新能源混合C,混合型-偏股,2.51,0.25y,定期定额(周),17.69,4.33,1.97,61.5,8.49,-3.8,17.7
011123,汇添富ESG可持续成长股票C,股票型,11.0,0.25y,价值平均法,19.82,10.49,1.39,66.7,9.46,2.08,17.67
519013,海富通风格优势混合,混合型-偏股,4.84,0.25y,定期定额(周),21.96,4.29,1.347,53.8,10.44,2.12,17.67
013274,长城优化升级混合C,混合型-偏股,2.42,0.25y,定期定额(周),20.49,6.66,1.518,61.5,9.77,-1.91,17.54
004321,前海开源沪港深强国产业混合,混合型-灵活,7.42,0.25y,定期定额(周),25.79,8.84,1.431,46.2,12.16,-2.77,17.53
159943,深证成指ETF大成,指数型-股票,2.06,0.25y,价值平均法,18.2,7.65,1.648,66.7,8.72,-1.06,17.53
001704,国投瑞银进宝灵活配置混合,混合型-灵活,14.06,0.25y,价值平均法,26.64,8.73,1.846,33.3,12.53,-3.77,17.5
003293,易方达科瑞混合,混合型-灵活,12.35,0.25y,价值平均法,15.53,6.59,2.076,66.7,7.48,-2.86,17.48
040004,华安宝利配置混合,混合型-偏股,10.36,0.25y,定期定额(周),20.46,4.42,1.569,53.8,9.75,0.87,17.48
009391,汇添富优质成长混合A,混合型-偏股,14.12,0.25y,定期定额(周),22.72,4.68,1.145,53.8,10.78,3.09,17.47
009681,南方创新精选一年定开混合A,混合型-偏股,4.57,0.25y,定期定额(周),21.35,4.17,1.347,53.8,10.16,2.14,17.46
007126,博道远航混合A,混合型-偏股,25.01,0.25y,价值平均法,19.42,10.31,1.362,66.7,9.28,1.24,17.37
166301,华商新趋势优选灵活配置混合,混合型-灵活,57.57,0.25y,定期定额(周),21.34,5.47,1.509,53.8,10.15,-0.33,17.37
009392,汇添富优质成长混合C,混合型-偏股,2.33,0.25y,定期定额(周),22.52,4.68,1.123,53.8,10.69,3.16,17.35
001744,诺安进取回报混合,混合型-灵活,3.64,0.25y,定期定额(周),21.81,6.28,1.414,53.8,10.37,0.85,17.33
519035,富国天博创新主题混合,混合型-偏股,15.24,0.25y,定期定额(周),18.6,4.06,1.588,61.5,8.91,-2.2,17.33
001071,华安媒体互联网混合A,混合型-灵活,37.38,0.25y,价值平均法,18.58,6.3,1.378,66.7,8.89,1.07,17.31
008378,兴全社会价值三年持有混合,混合型-偏股,13.57,0.25y,价值平均法,18.57,8.05,1.443,66.7,8.89,0.31,17.27
019457,平安先进制造主题股票发起A,股票型,6.03,0.25y,定期定额(周),32.75,6.67,0.519,23.1,15.22,11.78,17.23
519039,长盛同德主题混合,混合型-偏股,7.55,0.25y,定期定额(周),20.48,4.15,1.408,53.8,9.76,1.72,17.23
007519,东方阿尔法优选混合C,混合型-偏股,5.65,0.25y,定期定额(周),29.26,6.85,0.492,38.5,13.69,10.31,17.21
001718,工银物流产业股票A,股票型,6.74,0.25y,定期定额(周),21.93,4.95,1.169,53.8,10.42,3.26,17.19
004707,景顺长城睿成混合A,混合型-灵活,6.52,0.25y,定期定额(周),16.47,3.32,2.136,53.8,7.92,-2.88,17.19
013620,华安媒体互联网混合C,混合型-灵活,2.46,0.25y,价值平均法,18.37,6.33,1.354,66.7,8.8,1.12,17.18
290014,泰信现代服务业混合,混合型-偏股,4.61,0.25y,价值平均法,12.17,16.24,1.408,100.0,5.91,-7.5,17.18
001885,中欧新蓝筹混合E,混合型-偏股,7.76,0.25y,价值平均法,23.17,11.18,2.179,33.3,10.98,-1.53,17.15
005312,万家经济新动能混合C,混合型-偏股,7.37,0.25y,价值平均法,27.14,10.98,1.498,33.3,12.76,0.69,17.14
004719,景顺长城睿成混合C,混合型-灵活,3.84,0.25y,定期定额(周),16.38,3.32,2.121,53.8,7.88,-2.84,17.12
019458,平安先进制造主题股票发起C,股票型,4.29,0.25y,定期定额(周),32.54,6.67,0.499,23.1,15.13,11.84,17.11
014585,银华心兴三年持有混合A,混合型-偏股,7.62,0.25y,价值平均法,19.95,8.02,1.087,66.7,9.52,1.77,17.04
002124,广发新兴产业混合A,混合型-灵活,5.4,0.25y,定期定额(周),20.96,5.4,1.431,53.8,9.98,-0.43,17.03
217016,招商深证100指数A,指数型-股票,2.05,0.25y,价值平均法,20.79,4.55,2.299,33.3,9.9,-2.4,17.03
519696,交银环球精选混合(QDII)A,QDII-混合偏股,2.54,0.25y,价值平均法,12.83,5.92,2.171,66.7,6.22,0.03,17.02
013091,摩根均衡优选混合A,混合型-偏股,3.35,0.25y,定期定额(周),19.6,5.1,1.659,53.8,9.36,-1.43,17.01
159903,深成ETF南方,指数型-股票,4.96,0.25y,价值平均法,17.38,7.78,1.558,66.7,8.34,-0.94,17.0
160926,大成创业板两年定开混合A,混合型-偏股,5.57,0.25y,价值平均法,9.24,5.71,1.484,100.0,4.52,-2.73,16.99
519068,汇添富成长焦点混合,混合型-偏股,31.57,0.25y,定期定额(周),19.63,4.21,1.493,53.8,9.38,0.72,16.99
015466,太平中证1000指数增强A,指数型-股票,3.02,0.25y,价值平均法,18.78,12.16,1.36,66.7,8.99,0.16,16.97
004237,中欧新蓝筹混合C,混合型-偏股,15.47,0.25y,价值平均法,22.88,11.22,2.143,33.3,10.85,-1.44,16.96
159655,标普500ETF华夏,指数型-海外股票,33.86,0.25y,价值平均法,15.22,7.6,1.797,66.7,7.34,0.33,16.92
013176,海富通碳中和混合C,混合型-偏股,10.03,0.25y,价值平均法,17.96,6.79,1.442,66.7,8.61,-2.0,16.89
515750,科技50ETF富国,指数型-股票,6.41,0.25y,价值平均法,19.27,10.36,1.173,66.7,9.21,1.71,16.89
000739,平安新鑫先锋A,混合型-灵活,9.47,0.25y,定期定额(周),20.27,5.88,1.484,53.8,9.67,0.06,16.88
169105,东方红睿华沪港深混合(LOF)A,混合型-灵活,15.9,0.25y,价值平均法,16.65,5.7,1.541,66.7,8.01,-0.55,16.88
004423,华商研究精选灵活配置A,混合型-灵活,3.93,0.25y,定期定额(周),20.2,5.15,1.47,53.8,9.64,-0.55,16.85
008264,南方ESG股票A,股票型,3.69,0.25y,定期定额(周),17.47,3.6,1.805,53.8,8.39,-1.44,16.83
018064,华夏标普500ETF发起式联接(QDII)A(人民币),指数型-海外股票,3.39,0.25y,价值平均法,14.59,7.17,1.85,66.7,7.05,0.16,16.82
001515,平安新鑫先锋C,混合型-灵活,18.28,0.25y,定期定额(周),20.12,5.85,1.472,53.8,9.6,0.11,16.8
016069,华商研究精选灵活配置C,混合型-灵活,8.63,0.25y,定期定额(周),20.1,5.16,1.459,53.8,9.59,-0.52,16.79
001421,南方量化成长股票A,股票型,4.21,0.25y,定期定额(周),20.96,4.69,1.199,53.8,9.98,1.76,16.78
018949,东方红睿华沪港深混合(LOF)C,混合型-灵活,3.69,0.25y,价值平均法,16.48,5.71,1.518,66.7,7.93,-0.51,16.76
001143,华商量化进取混合,混合型-灵活,3.31,0.25y,价值平均法,19.86,11.63,0.978,66.7,9.48,3.4,16.75
161610,融通领先成长混合(LOF)A,混合型-偏股,14.23,0.25y,价值平均法,24.07,9.84,1.852,33.3,11.39,-1.27,16.75
487016,工银瑞信灵活配置混合A,混合型-灵活,3.06,0.25y,定期定额(周),18.03,3.78,1.638,53.8,8.64,-0.01,16.74
017874,国金量化多策略C,混合型-灵活,38.63,0.25y,定期定额(周),14.39,3.17,1.967,61.5,6.95,-2.82,16.73
501203,易方达创新未来混合(LOF),混合型-偏股,25.69,0.25y,定期定额(周),22.65,5.45,1.232,46.2,10.75,2.57,16.72
159566,储能电池ETF易方达,指数型-股票,72.92,0.25y,价值平均法,17.5,9.55,1.554,66.7,8.4,-3.45,16.7
012447,华夏互联网龙头混合A,混合型-偏股,2.39,0.25y,价值平均法,20.74,13.89,0.821,66.7,9.88,3.55,16.64
513500,标普500ETF博时,指数型-海外股票,209.41,0.25y,价值平均法,15.02,7.75,1.686,66.7,7.25,0.65,16.59
002959,汇添富盈泰混合,混合型-灵活,2.03,0.25y,定期定额(周),23.53,5.28,0.911,46.2,11.14,5.51,16.58
008681,鹏华价值成长混合,混合型-偏股,6.39,0.25y,价值平均法,12.82,5.01,1.997,66.7,6.22,-0.83,16.58
007802,兴全合泰混合A,混合型-偏股,34.45,0.25y,定期定额(周),17.19,3.91,1.757,53.8,8.26,-0.98,16.57
110009,易方达价值精选混合,混合型-偏股,47.89,0.25y,定期定额(周),17.41,3.41,1.608,53.8,8.36,0.33,16.55
003291,信澳健康中国混合A,混合型-灵活,3.54,0.25y,定期定额(周),20.54,5.51,1.227,53.8,9.79,1.58,16.54
011957,鹏华新能源精选混合C,混合型-偏股,13.69,0.25y,价值平均法,16.95,8.83,1.44,66.7,8.14,-0.54,16.53
012535,万家全球成长一年持有期混合(QDII)A,QDII-混合偏股,6.43,0.25y,价值平均法,18.82,11.66,1.126,66.7,9.0,1.33,16.53
007493,朱雀产业臻选混合A,混合型-偏股,14.25,0.25y,价值平均法,16.82,8.9,1.436,66.7,8.08,-0.21,16.5
011194,广发睿铭两年持有期混合A,混合型-偏股,3.62,0.25y,价值平均法,18.27,7.79,1.154,66.7,8.75,0.85,16.5
018823,国金智享量化选股混合A,混合型-偏股,13.1,0.25y,定期定额(周),16.1,3.38,1.929,53.8,7.75,-2.88,16.5
005543,银华心诚灵活配置混合A,混合型-灵活,7.94,0.25y,价值平均法,18.99,8.14,0.993,66.7,9.08,2.13,16.48
007803,兴全合泰混合C,混合型-偏股,6.22,0.25y,定期定额(周),17.03,3.92,1.728,53.8,8.18,-0.9,16.44
011195,广发睿铭两年持有期混合C,混合型-偏股,2.14,0.25y,价值平均法,18.13,7.81,1.141,66.7,8.69,0.88,16.42
011531,朱雀恒心一年持有混合,混合型-偏股,25.48,0.25y,价值平均法,16.8,9.03,1.404,66.7,8.07,-0.08,16.42
005262,鑫元欣享灵活配置混合A,混合型-灵活,5.75,0.25y,定期定额(周),19.72,4.4,1.246,53.8,9.42,1.19,16.41
014043,银华心怡灵活配置混合C,混合型-灵活,7.09,0.25y,价值平均法,18.75,8.17,1.0,66.7,8.97,1.98,16.39
018824,国金智享量化选股混合C,混合型-偏股,36.1,0.25y,定期定额(周),15.95,3.39,1.906,53.8,7.68,-2.81,16.39
673081,西部利得祥运混合A,混合型-灵活,2.28,0.25y,定期定额(周),11.95,2.51,2.437,53.8,5.81,-2.13,16.39
007494,朱雀产业臻选混合C,混合型-偏股,5.98,0.25y,价值平均法,16.62,8.91,1.411,66.7,7.99,-0.15,16.37
012243,东方红内需增长混合B,混合型-偏股,2.37,0.25y,价值平均法,14.5,6.51,1.79,66.7,7.01,-3.0,16.37
013147,汇添富碳中和主题混合A,混合型-偏股,14.87,0.25y,定期定额(周),21.3,4.23,1.199,46.2,10.14,2.9,16.37
021033,易方达储能电池ETF联接A,指数型-股票,2.98,0.25y,价值平均法,16.48,8.92,1.553,66.7,7.93,-3.34,16.36
513650,标普500ETF南方,指数型-海外股票,45.75,0.25y,价值平均法,14.65,7.8,1.644,66.7,7.07,0.65,16.35
010730,银华心佳两年持有期混合,混合型-偏股,45.39,0.25y,价值平均法,17.24,14.11,1.359,66.7,8.28,-0.28,16.32
021034,易方达储能电池ETF联接C,指数型-股票,11.24,0.25y,价值平均法,16.39,8.93,1.544,66.7,7.88,-3.31,16.3
270007,广发大盘成长混合,混合型-灵活,17.34,0.25y,定期定额(周),19.54,5.3,1.345,53.8,9.33,-0.16,16.3
233007,大摩卓越成长混合,混合型-偏股,2.59,0.25y,定期定额(周),18.91,4.67,1.348,53.8,9.04,1.08,16.29
014788,长城产业趋势混合A,混合型-偏股,4.68,0.25y,价值平均法,17.98,15.91,1.228,66.7,8.62,0.06,16.27
000199,国泰量化策略收益混合A,混合型-偏股,2.56,0.25y,定期定额(周),17.23,3.7,1.587,53.8,8.27,-0.58,16.25
163503,天治核心成长混合(LOF),混合型-偏股,2.19,0.25y,定期定额(周),15.03,3.32,1.974,53.8,7.25,-2.28,16.25
202023,南方优选成长混合A,混合型-灵活,19.13,0.25y,定期定额(周),18.7,3.29,1.544,46.2,8.95,0.88,16.25
012820,汇添富价值领先混合,混合型-偏股,17.58,0.25y,定期定额(周),19.64,4.76,1.212,53.8,9.38,1.27,16.24
013148,汇添富碳中和主题混合C,混合型-偏股,4.57,0.25y,定期定额(周),21.1,4.23,1.174,46.2,10.04,2.97,16.23
016590,富国汽车智选混合A,混合型-偏股,2.41,0.25y,价值平均法,17.98,11.19,1.298,66.7,8.62,-3.03,16.23
673083,西部利得祥运混合C,混合型-灵活,7.66,0.25y,定期定额(周),11.8,2.51,2.396,53.8,5.74,-2.07,16.23
011177,博时汇融回报一年持有混合A,混合型-偏股,10.92,0.25y,定期定额(周),23.68,5.72,0.739,46.2,11.21,6.32,16.22
006165,建信中证1000指数增强A,指数型-股票,6.11,0.25y,定期定额(周),18.55,4.59,1.42,53.8,8.88,-0.21,16.21
006075,博时标普500ETF联接C,指数型-海外股票,12.41,0.25y,价值平均法,14.06,7.34,1.663,66.7,6.8,0.57,16.19
005094,万家臻选混合A,混合型-偏股,21.22,0.25y,价值平均法,19.66,5.53,2.162,33.3,9.39,-1.57,16.17
010202,天弘中证科技100指数增强发起A,指数型-股票,2.86,0.25y,定期定额(周),20.12,3.77,1.316,46.2,9.6,1.51,16.17
019923,华泰柏瑞中证2000指数增强A,指数型-股票,4.0,0.25y,价值平均法,17.6,12.58,1.219,66.7,8.44,0.14,16.17
513000,日经225ETF易方达,指数型-海外股票,16.57,0.25y,定期定额(周),23.71,7.08,0.849,46.2,11.23,4.6,16.17
000963,兴业多策略混合,混合型-灵活,2.07,0.25y,定期定额(周),20.61,6.05,1.161,53.8,9.82,-0.33,16.14
006166,建信中证1000指数增强C,指数型-股票,5.19,0.25y,定期定额(周),18.43,4.59,1.405,53.8,8.83,-0.16,16.13
019240,华泰柏瑞中证1000指数增强A,指数型-股票,8.38,0.25y,定期定额(周),18.59,5.0,1.392,53.8,8.9,0.06,16.12
010203,天弘中证科技100指数增强发起C,指数型-股票,2.35,0.25y,定期定额(周),20.03,3.77,1.305,46.2,9.56,1.54,16.11
014734,广发睿合混合A,混合型-偏股,2.15,0.25y,定期定额(周),18.52,4.42,1.329,53.8,8.87,0.77,16.1
019924,华泰柏瑞中证2000指数增强C,指数型-股票,16.73,0.25y,价值平均法,17.45,12.61,1.205,66.7,8.38,0.18,16.09
000336,农银研究精选混合,混合型-灵活,16.26,0.25y,定期定额(周),18.44,4.02,1.263,53.8,8.83,1.67,16.08
001475,易方达国防军工混合A,混合型-偏股,66.37,0.25y,定期定额(周),20.01,5.85,1.177,53.8,9.55,0.72,16.08
070002,嘉实增长混合,混合型-偏股,22.55,0.25y,定期定额(周),17.26,4.35,1.537,53.8,8.29,0.28,16.08
005206,南方优选成长混合C,混合型-灵活,2.65,0.25y,定期定额(周),18.46,3.29,1.505,46.2,8.84,0.98,16.06
019241,华泰柏瑞中证1000指数增强C,指数型-股票,2.12,0.25y,定期定额(周),18.47,5.0,1.378,53.8,8.84,0.1,16.04
010761,华商甄选回报混合A,混合型-偏股,27.0,0.25y,价值平均法,16.75,11.22,1.215,66.7,8.05,1.35,16.0
513880,日经225ETF华安,指数型-海外股票,20.02,0.25y,定期定额(周),23.31,6.95,0.826,46.2,11.05,4.64,15.98
163805,中银动态策略混合A,混合型-偏股,2.28,0.25y,定期定额(周),19.77,4.03,0.914,53.8,9.44,3.91,15.96
660004,农银策略价值混合,混合型-偏股,4.09,0.25y,定期定额(周),18.09,3.94,1.267,53.8,8.67,1.63,15.96
015945,易方达国防军工混合C,混合型-偏股,10.83,0.25y,定期定额(周),19.78,5.86,1.16,53.8,9.44,0.76,15.95
007721,天弘标普500发起(QDII-FOF)A,QDII-FOF,22.29,0.25y,价值平均法,13.32,7.1,1.672,66.7,6.45,0.55,15.94
159866,日经ETF工银,指数型-海外股票,9.11,0.25y,定期定额(周),23.27,7.07,0.82,46.2,11.03,4.68,15.94
002168,嘉实智能汽车股票,股票型,36.6,0.25y,价值平均法,9.85,11.31,1.055,100.0,4.81,-3.43,15.92
013450,博时凤凰领航混合A,混合型-偏股,8.07,0.25y,定期定额(周),18.58,4.86,1.221,53.8,8.9,1.9,15.89
660001,农银行业成长混合,混合型-偏股,11.96,0.25y,定期定额(周),17.87,3.88,1.27,53.8,8.57,1.59,15.89
513520,日经ETF华夏,指数型-海外股票,17.78,0.25y,定期定额(周),22.66,6.28,0.886,46.2,10.75,3.91,15.88
007722,天弘标普500发起(QDII-FOF)C,QDII-FOF,14.8,0.25y,价值平均法,13.24,7.12,1.653,66.7,6.42,0.58,15.87
015100,华泰柏瑞低碳经济智选混合A,混合型-偏股,2.38,0.25y,定期定额(周),24.9,5.33,0.654,38.5,11.76,7.33,15.87
016049,华商甄选回报混合C,混合型-偏股,18.42,0.25y,价值平均法,16.55,11.25,1.188,66.7,7.96,1.41,15.87
011756,博时产业优选混合A,混合型-灵活,7.94,0.25y,定期定额(周),17.23,3.54,1.342,53.8,8.27,1.18,15.86
515580,科技100ETF华泰柏瑞,指数型-股票,4.81,0.25y,定期定额(周),19.94,3.88,1.215,46.2,9.52,1.97,15.86
010728,中泰兴诚价值一年持有混合A,混合型-偏股,2.25,0.25y,价值平均法,15.69,6.78,1.227,66.7,7.56,1.52,15.84
162006,长城久富混合(LOF)A,混合型-偏股,10.61,0.25y,价值平均法,17.04,15.93,1.179,66.7,8.19,0.06,15.8
008318,博道久航混合A,混合型-偏股,20.97,0.25y,定期定额(周),18.7,4.6,1.136,53.8,8.95,1.94,15.77
952099,国泰海通君得鑫两年持有混合C,混合型-偏股,8.13,0.25y,价值平均法,17.1,11.27,1.061,66.7,8.21,1.48,15.76
121008,国投瑞银成长优选混合,混合型-偏股,3.97,0.25y,定期定额(周),17.74,5.27,1.36,53.8,8.51,0.71,15.73
022485,国金中证A500指数增强A,指数型-股票,17.47,0.25y,定期定额(周),14.86,3.04,1.733,53.8,7.17,-1.68,15.72
013451,博时凤凰领航混合C,混合型-偏股,8.55,0.25y,定期定额(周),18.33,4.87,1.186,53.8,8.78,1.98,15.71
019058,易方达绿色电力ETF联接A,指数型-股票,2.88,0.25y,价值平均法,6.41,7.54,1.57,100.0,3.15,-6.36,15.7
015383,长城久富混合(LOF)C,混合型-偏股,3.59,0.25y,价值平均法,16.84,15.95,1.157,66.7,8.09,0.13,15.68
018363,东方阿尔法瑞丰混合发起C,混合型-偏股,4.45,0.25y,定期定额(周),21.84,8.52,1.227,46.2,10.38,-1.64,15.68
008319,博道久航混合C,混合型-偏股,31.36,0.25y,定期定额(周),18.55,4.61,1.116,53.8,8.88,2.0,15.67
004788,富荣沪深300指数增强A,指数型-股票,8.38,0.25y,定期定额(周),16.4,3.75,1.483,53.8,7.89,-0.47,15.65
006729,万家中证500指数增强A,指数型-股票,6.47,0.25y,定期定额(周),17.56,4.59,1.331,53.8,8.42,0.32,15.65
001122,鹏华弘利混合A,混合型-灵活,12.56,0.25y,价值平均法,7.15,2.4,2.354,66.7,3.51,-0.13,15.64
018653,万家国证2000指数增强A,指数型-股票,2.15,0.25y,定期定额(周),18.05,5.02,1.276,53.8,8.65,0.31,15.64
019059,易方达绿色电力ETF联接C,指数型-股票,4.05,0.25y,价值平均法,6.32,7.54,1.558,100.0,3.11,-6.33,15.64
004789,富荣沪深300指数增强C,指数型-股票,5.68,0.25y,定期定额(周),16.37,3.75,1.479,53.8,7.88,-0.46,15.63
022486,国金中证A500指数增强C,指数型-股票,25.18,0.25y,定期定额(周),14.74,3.04,1.712,53.8,7.12,-1.64,15.62
213001,宝盈鸿利收益灵活配置混合A,混合型-灵活,7.84,0.25y,价值平均法,14.78,8.19,1.391,66.7,7.14,-0.71,15.61
016858,国金量化多因子股票C,股票型,38.96,0.25y,定期定额(周),16.82,4.32,1.463,53.8,8.08,-0.99,15.6
910024,东方红启阳三年持有混合A,混合型-偏股,2.65,0.25y,定期定额(周),22.26,4.02,0.957,38.5,10.57,4.6,15.6
006730,万家中证500指数增强C,指数型-股票,3.75,0.25y,定期定额(周),17.44,4.59,1.315,53.8,8.37,0.36,15.57
010554,华安新兴消费混合A,混合型-偏股,11.8,0.25y,定期定额(周),20.22,4.86,1.115,46.2,9.64,2.49,15.57
011138,广发聚鸿六个月持有期混合A,混合型-偏股,5.47,0.25y,定期定额(周),18.9,5.77,1.141,53.8,9.04,0.67,15.57
004812,中欧先进制造股票A,股票型,10.54,0.25y,价值平均法,15.34,7.91,1.321,66.7,7.4,-1.73,15.56
121005,国投瑞银创新动力混合,混合型-偏股,8.25,0.25y,定期定额(周),17.5,5.26,1.326,53.8,8.4,0.78,15.56
001345,富国新收益灵活配置混合A,混合型-灵活,2.48,0.25y,定期定额(周),16.75,3.94,1.703,46.2,8.05,-0.43,15.55
013395,华夏新能源车龙头混合发起式A,混合型-偏股,3.77,0.25y,价值平均法,14.98,7.37,1.383,66.7,7.23,-2.29,15.55
019505,国泰海通中证1000优选股票发起A,股票型,8.62,0.25y,定期定额(周),17.67,5.36,1.334,53.8,8.48,-0.14,15.54
370024,摩根核心优选混合A,混合型-偏股,5.35,0.25y,定期定额(周),16.63,4.93,1.525,53.8,8.0,-1.51,15.54
000800,华商未来主题混合,混合型-偏股,3.7,0.25y,定期定额(周),18.72,5.46,1.066,53.8,8.96,2.31,15.51
011371,华商远见价值A,混合型-偏股,12.15,0.25y,价值平均法,22.46,12.11,1.516,33.3,10.66,1.58,15.51
018735,华夏中证绿色电力ETF发起式联接C,指数型-股票,5.36,0.25y,价值平均法,6.15,7.51,1.529,100.0,3.03,-6.31,15.51
020712,华安三菱日联日经225ETF发起式联接(QDII)A,指数型-海外股票,2.22,0.25y,定期定额(周),22.01,6.57,0.835,46.2,10.46,4.22,15.5
159752,新能源ETF申万菱信,指数型-股票,4.92,0.25y,价值平均法,14.5,7.34,1.463,66.7,7.0,-3.0,15.5
009474,国泰致远优势混合,混合型-偏股,7.83,0.25y,定期定额(周),12.79,5.48,1.958,61.5,6.2,-4.96,15.49
012382,宏利新兴景气龙头混合A,混合型-偏股,9.63,0.25y,价值平均法,19.23,12.8,0.47,66.7,9.19,6.16,15.49
001123,鹏华弘利混合C,混合型-灵活,22.33,0.25y,价值平均法,7.06,2.42,2.301,66.7,3.47,-0.09,15.47
004750,广发鑫和A,混合型-灵活,10.31,0.25y,定期定额(周),4.11,0.34,2.482,53.8,2.03,-0.09,15.47
002121,广发沪港深新起点股票A,股票型,25.91,0.25y,定期定额(周),20.12,4.64,1.069,46.2,9.6,2.6,15.46
010555,华安新兴消费混合C,混合型-偏股,2.87,0.25y,定期定额(周),20.06,4.85,1.096,46.2,9.57,2.55,15.46
019506,国泰海通中证1000优选股票发起C,股票型,5.25,0.25y,定期定额(周),17.55,5.37,1.317,53.8,8.42,-0.08,15.46
159602,中国A50ETF南方,指数型-股票,5.0,0.25y,定期定额(周),12.18,3.19,1.799,61.5,5.92,-2.46,15.43
011585,博时产业慧选混合A,混合型-偏股,4.1,0.25y,定期定额(周),16.78,3.46,1.216,53.8,8.06,1.62,15.42
013396,华夏新能源车龙头混合发起式C,混合型-偏股,4.04,0.25y,价值平均法,14.76,7.39,1.362,66.7,7.12,-2.24,15.42
017532,平安研究优选混合A,混合型-偏股,4.37,0.25y,定期定额(周),18.86,6.69,1.071,53.8,9.02,1.85,15.41
004813,中欧先进制造股票C,股票型,9.66,0.25y,价值平均法,15.04,7.94,1.293,66.7,7.26,-1.66,15.38
006648,汇安多因子混合A,混合型-偏股,3.63,0.25y,定期定额(周),15.3,3.36,1.52,53.8,7.38,-0.65,15.38
010024,广发沪港深新起点股票C,股票型,7.57,0.25y,定期定额(周),20.0,4.64,1.054,46.2,9.54,2.65,15.38
008399,华泰柏瑞中证科技ETF联接A,指数型-股票,2.04,0.25y,定期定额(周),18.68,3.64,1.202,46.2,8.94,1.81,15.37
660003,农银平衡双利混合,混合型-灵活,2.59,0.25y,定期定额(周),16.61,3.75,1.252,53.8,7.98,1.49,15.36
009137,嘉实瑞和两年持有期混合,混合型-偏股,6.07,0.25y,定期定额(周),17.87,5.16,1.146,53.8,8.57,1.62,15.35
260111,景顺长城公司治理混合,混合型-偏股,5.27,0.25y,价值平均法,23.99,14.19,1.138,33.3,11.35,4.42,15.35
006314,国联策略优选混合A,混合型-偏股,9.66,0.25y,价值平均法,15.42,8.61,1.154,66.7,7.43,0.32,15.34
007831,博道伍佰智航股票A,股票型,5.01,0.25y,定期定额(周),18.36,4.76,1.006,53.8,8.8,2.47,15.34
011372,华商远见价值C,混合型-偏股,6.9,0.25y,价值平均法,22.19,12.16,1.483,33.3,10.54,1.66,15.34
014187,华夏量化优选股票A,股票型,2.85,0.25y,定期定额(周),16.87,4.06,1.244,53.8,8.11,1.13,15.34
009683,汇添富创新增长一年定开混合A,混合型-偏股,5.2,0.25y,定期定额(周),20.14,4.09,0.897,46.2,9.61,4.3,15.33
378010,摩根成长先锋混合A,混合型-偏股,8.38,0.25y,定期定额(周),16.3,4.98,1.482,53.8,7.84,-1.38,15.31
006315,国联策略优选混合C,混合型-偏股,7.26,0.25y,价值平均法,15.35,8.61,1.146,66.7,7.4,0.34,15.3
005730,国泰江源优势精选混合A,混合型-灵活,11.83,0.25y,定期定额(周),12.46,5.43,1.926,61.5,6.04,-4.95,15.29
007832,博道伍佰智航股票C,股票型,13.08,0.25y,定期定额(周),18.27,4.76,0.995,53.8,8.75,2.51,15.28
005538,中航新起航灵活配置混合C,混合型-灵活,10.56,0.25y,定期定额(周),20.88,7.22,1.054,46.2,9.95,1.29,15.27
012155,汇添富成长先锋六个月持有混合A,混合型-偏股,11.04,0.25y,定期定额(周),20.0,4.1,0.901,46.2,9.54,4.2,15.27
006649,汇安多因子混合C,混合型-偏股,14.13,0.25y,定期定额(周),15.15,3.36,1.496,53.8,7.31,-0.59,15.26
001816,汇添富新睿精选混合A,混合型-灵活,31.58,0.25y,价值平均法,24.69,17.26,1.142,33.3,11.67,1.35,15.25
015641,银华数字经济股票发起式A,股票型,3.97,0.25y,价值平均法,19.63,16.6,0.271,66.7,9.38,7.86,15.24
012073,华安均衡优选混合A,混合型-偏股,3.15,0.25y,定期定额(周),21.14,5.4,0.78,46.2,10.06,4.73,15.23
019239,景顺长城创业板综指增强C,指数型-股票,4.96,0.25y,价值平均法,20.61,7.74,1.717,33.3,9.82,-1.52,15.22
519069,汇添富价值精选混合,混合型-偏股,76.69,0.25y,定期定额(周),14.72,2.98,1.488,53.8,7.11,-0.29,15.21
008954,安信价值回报三年持有混合A,混合型-偏股,5.91,0.25y,价值平均法,14.78,5.84,1.117,66.7,7.13,0.56,15.2
015642,银华数字经济股票发起式C,股票型,8.07,0.25y,价值平均法,19.55,16.61,0.265,66.7,9.34,7.87,15.2
159552,中证2000增强ETF招商,指数型-股票,6.93,0.25y,价值平均法,16.55,12.24,0.908,66.7,7.96,1.96,15.2
202011,南方优选价值混合A,混合型-偏股,8.64,0.25y,定期定额(周),17.39,3.76,1.009,53.8,8.35,2.81,15.2
005244,国泰聚优价值灵活配置混合A,混合型-灵活,3.96,0.25y,价值平均法,14.08,8.41,1.343,66.7,6.81,-1.05,15.19
169107,东方红恒阳五年持有混合,混合型-偏股,6.07,0.25y,定期定额(周),20.88,4.3,0.697,46.2,9.95,5.54,15.19
160416,华安标普全球石油指数(LOF)A,指数型-海外股票,6.5,0.25y,价值平均法,4.59,7.54,1.603,100.0,2.27,-5.83,15.15
012892,安信优质企业三年持有混合A,混合型-偏股,6.43,0.25y,价值平均法,14.4,5.53,1.158,66.7,6.96,0.14,15.14
018157,西部利得中证1000指数增强A,指数型-股票,2.08,0.25y,定期定额(周),17.27,5.39,1.194,53.8,8.29,0.9,15.14
159320,电网设备ETF广发,指数型-股票,9.1,0.25y,价值平均法,15.32,14.63,1.263,66.7,7.39,-2.59,15.14
410001,华富竞争力优选混合A,混合型-灵活,3.35,0.25y,定期定额(周),18.08,7.83,1.218,53.8,8.66,-0.85,15.13
002164,汇添富新睿精选混合C,混合型-灵活,26.8,0.25y,价值平均法,24.45,17.25,1.122,33.3,11.56,1.45,15.12
018173,华泰柏瑞中证电力全指ETF发起式联接C,指数型-股票,2.83,0.25y,价值平均法,5.17,6.97,1.525,100.0,2.55,-6.58,15.11
019318,汇添富国证2000指数增强A,指数型-股票,19.07,0.25y,定期定额(周),17.62,5.4,1.13,53.8,8.45,0.84,15.11
159601,A50ETF华夏,指数型-股票,16.99,0.25y,定期定额(周),11.76,3.21,1.741,61.5,5.72,-2.38,15.11
010225,东方红启航三年持有混合B,混合型-偏股,3.93,0.25y,定期定额(周),20.7,4.3,0.687,46.2,9.87,5.53,15.1
016466,国泰海通量化选股混合发起A,混合型-偏股,9.78,0.25y,价值平均法,14.73,9.67,1.185,66.7,7.11,0.11,15.1
910022,东方红启航三年持有混合A,混合型-偏股,4.89,0.25y,定期定额(周),20.7,4.31,0.687,46.2,9.86,5.53,15.1
016185,广发电力ETF联接A,指数型-股票,6.19,0.25y,价值平均法,5.2,7.26,1.515,100.0,2.57,-6.67,15.08
005245,国泰聚优价值灵活配置混合C,混合型-灵活,2.23,0.25y,价值平均法,13.91,8.42,1.322,66.7,6.73,-1.0,15.07
009591,博时研究精选持有期混合A,混合型-灵活,2.96,0.25y,定期定额(周),15.91,3.31,1.198,53.8,7.66,1.64,15.07
018158,西部利得中证1000指数增强C,指数型-股票,3.76,0.25y,定期定额(周),17.17,5.39,1.18,53.8,8.24,0.94,15.07
040015,华安动态灵活配置混合A,混合型-灵活,6.92,0.25y,定期定额(周),15.83,4.82,1.423,53.8,7.62,-0.64,15.07
018071,长信均衡优选混合A,混合型-偏股,8.23,0.25y,定期定额(周),15.33,3.6,1.379,53.8,7.39,0.17,15.06
001181,南方改革机遇,混合型-灵活,4.24,0.25y,定期定额(周),15.87,4.46,1.337,53.8,7.64,0.63,15.05
519981,长信标普100等权重指数人民币,指数型-海外股票,8.36,0.25y,定期定额(周),12.39,2.43,1.715,53.8,6.01,0.24,15.05
019319,汇添富国证2000指数增强C,指数型-股票,7.89,0.25y,定期定额(周),17.49,5.4,1.116,53.8,8.4,0.88,15.03
012893,安信优质企业三年持有混合C,混合型-偏股,2.87,0.25y,价值平均法,14.23,5.54,1.136,66.7,6.88,0.19,15.02
016186,广发电力ETF联接C,指数型-股票,17.68,0.25y,价值平均法,5.1,7.27,1.503,100.0,2.52,-6.64,15.02
016467,国泰海通量化选股混合发起C,混合型-偏股,4.97,0.25y,价值平均法,14.61,9.68,1.169,66.7,7.06,0.16,15.02
001220,民生加银研究精选混合,混合型-灵活,3.21,0.25y,定期定额(周),18.58,3.95,1.07,46.2,8.89,2.57,15.0
006769,长城研究精选混合A,混合型-偏股,2.67,0.25y,价值平均法,13.87,10.35,1.348,66.7,6.71,-1.67,15.0
519918,华夏兴和混合A,混合型-灵活,9.76,0.25y,价值平均法,6.43,4.76,1.079,100.0,3.17,-2.22,15.0
004751,广发鑫和C,混合型-灵活,15.76,0.25y,定期定额(周),4.0,0.33,2.321,53.8,1.98,-0.04,14.97
001536,南方君选,混合型-灵活,2.23,0.25y,定期定额(周),15.21,4.02,1.384,53.8,7.34,0.43,14.96
015867,国泰海通中证1000指数增强A,指数型-股票,11.75,0.25y,定期定额(周),16.63,5.36,1.26,53.8,8.0,-0.13,14.96
017644,博道中证1000指数增强A,指数型-股票,2.88,0.25y,定期定额(周),17.34,5.25,1.081,53.8,8.32,1.41,14.95
563000,中国A50ETF易方达,指数型-股票,21.15,0.25y,定期定额(周),11.49,3.2,1.721,61.5,5.59,-2.38,14.95
017846,国金中证1000指数增强A,指数型-股票,2.01,0.25y,定期定额(周),15.14,3.97,1.459,53.8,7.3,-1.46,14.94
169109,东方红睿和三年持有混合A,混合型-偏股,13.36,0.25y,定期定额(周),20.44,4.31,0.659,46.2,9.75,5.59,14.93
010132,南方创新成长混合A,混合型-偏股,5.63,0.25y,定期定额(周),16.94,3.81,0.98,53.8,8.14,2.74,14.92
019384,兴全可持续投资三年定开混合,混合型-偏股,4.13,0.25y,定期定额(周),16.91,4.78,1.121,53.8,8.12,1.15,14.92
398001,中海优质成长混合,混合型-灵活,7.58,0.25y,定期定额(周),20.97,6.75,0.758,46.2,9.99,4.47,14.92
002116,广发安享混合A,混合型-灵活,5.22,0.25y,价值平均法,3.56,0.94,2.515,66.7,1.76,-0.49,14.91
560810,央企ESGETF融通,指数型-股票,4.82,0.25y,价值平均法,12.61,10.59,1.508,66.7,6.12,-1.8,14.91
015868,国泰海通中证1000指数增强C,指数型-股票,12.08,0.25y,定期定额(周),16.51,5.36,1.245,53.8,7.94,-0.08,14.88
018072,长信均衡优选混合C,混合型-偏股,2.84,0.25y,定期定额(周),15.09,3.61,1.341,53.8,7.28,0.26,14.88
018130,博时ESG量化选股混合A,混合型-偏股,6.35,0.25y,价值平均法,25.68,13.47,0.535,33.3,12.11,8.48,14.88
009550,汇添富开放视野中国优势六个月持有股票A,股票型,22.54,0.25y,定期定额(周),15.0,2.75,1.581,46.2,7.24,-0.42,14.87
017645,博道中证1000指数增强C,指数型-股票,3.34,0.25y,定期定额(周),17.22,5.25,1.066,53.8,8.27,1.46,14.87
017847,国金中证1000指数增强C,指数型-股票,5.52,0.25y,定期定额(周),15.01,3.98,1.442,53.8,7.24,-1.41,14.85
020236,施罗德中国动力股票A,股票型,5.12,0.25y,定期定额(周),16.02,5.18,1.291,53.8,7.71,0.02,14.83
009246,大摩ESG量化混合A,混合型-偏股,2.13,0.25y,定期定额(周),15.55,4.38,1.307,53.8,7.5,0.18,14.82
014530,华夏MSCI中国A50互联互通ETF发起式联接A,指数型-股票,3.2,0.25y,定期定额(周),11.09,3.05,1.712,61.5,5.4,-2.2,14.82
011882,招商蓝筹精选股票A,股票型,19.59,0.25y,定期定额(周),18.29,3.79,1.022,46.2,8.76,2.59,14.8
004698,博时军工主题股票A,股票型,18.53,0.25y,定期定额(周),17.42,6.32,1.096,53.8,8.36,0.22,14.79
010379,广发均衡优选混合A,混合型-平衡,19.82,0.25y,价值平均法,15.08,8.1,0.911,66.7,7.27,1.74,14.77
010977,华夏鸿阳6个月持有期混合A,混合型-偏股,17.19,0.25y,定期定额(周),18.75,6.42,0.729,53.8,8.97,4.24,14.77
519017,大成积极成长混合A,混合型-偏股,9.3,0.25y,定期定额(周),17.85,5.82,0.892,53.8,8.56,3.01,14.77
560002,益民红利成长混合,混合型-偏股,2.47,0.25y,价值平均法,14.91,9.41,0.945,66.7,7.19,2.02,14.77
001664,平安鑫安混合A,混合型-灵活,2.18,0.25y,定期定额(周),16.89,9.12,0.939,61.5,8.11,-0.15,14.76
007049,平安鑫安混合E,混合型-灵活,5.67,0.25y,定期定额(周),16.86,9.12,0.937,61.5,8.1,-0.14,14.75
014805,国金量化精选混合A,混合型-偏股,29.24,0.25y,定期定额(周),15.34,4.22,1.34,53.8,7.4,-0.76,14.75
011841,嘉实兴锐优选一年持有混合A,混合型-偏股,4.68,0.25y,定期定额(周),15.34,4.62,1.365,53.8,7.39,-0.82,14.74
012412,汇泉策略优选混合A,混合型-偏股,6.9,0.25y,定期定额(周),16.38,4.15,1.08,53.8,7.88,1.35,14.74
014531,华夏MSCI中国A50互联互通ETF发起式联接C,指数型-股票,2.28,0.25y,定期定额(周),11.01,3.05,1.692,61.5,5.36,-2.16,14.74
019918,招商中证2000指数增强A,指数型-股票,6.44,0.25y,价值平均法,21.47,12.08,1.39,33.3,10.21,0.57,14.73
006122,华安低碳生活混合A,混合型-偏股,4.81,0.25y,价值平均法,14.12,10.13,1.215,66.7,6.83,-2.15,14.71
014532,易方达MSCI中国A50互联互通ETF联接A,指数型-股票,8.39,0.25y,定期定额(周),10.87,3.04,1.705,61.5,5.29,-2.24,14.71
020237,施罗德中国动力股票C,股票型,2.65,0.25y,定期定额(周),15.84,5.19,1.267,53.8,7.63,0.08,14.71
001665,平安鑫安混合C,混合型-灵活,12.3,0.25y,定期定额(周),16.77,9.12,0.93,61.5,8.06,-0.11,14.7
011592,博时军工主题股票C,股票型,4.67,0.25y,定期定额(周),17.26,6.29,1.081,53.8,8.29,0.26,14.7
014562,易方达品质动能三年持有混合A,混合型-偏股,33.47,0.25y,定期定额(周),19.16,5.14,0.915,46.2,9.16,3.45,14.7
009888,广发稳健优选六个月持有期混合C,混合型-平衡,3.5,0.25y,价值平均法,14.7,7.91,0.941,66.7,7.1,1.52,14.69
159806,新能源车ETF国泰,指数型-股票,8.58,0.25y,价值平均法,13.46,7.86,1.294,66.7,6.52,-2.66,14.69
519983,长信量化先锋混合A,混合型-偏股,5.44,0.25y,定期定额(周),15.93,4.13,1.158,53.8,7.67,0.61,14.68
010894,鹏华汇智优选混合A,混合型-偏股,32.09,0.25y,定期定额(周),15.78,3.87,1.131,53.8,7.6,1.27,14.67
159572,创业板200ETF易方达,指数型-股票,3.77,0.25y,价值平均法,16.27,12.12,0.695,66.7,7.83,2.96,14.67
009551,汇添富开放视野中国优势六个月持有股票C,股票型,4.07,0.25y,定期定额(周),14.74,2.76,1.538,46.2,7.12,-0.33,14.66
014806,国金量化精选混合C,混合型-偏股,49.9,0.25y,定期定额(周),15.19,4.22,1.32,53.8,7.33,-0.7,14.65
009960,银华多元机遇混合,混合型-偏股,5.61,0.25y,价值平均法,14.88,9.29,0.893,66.7,7.18,2.06,14.64
014533,易方达MSCI中国A50互联互通ETF联接C,指数型-股票,3.0,0.25y,定期定额(周),10.79,3.04,1.687,61.5,5.26,-2.21,14.63
014563,易方达品质动能三年持有混合C,混合型-偏股,5.4,0.25y,定期定额(周),19.05,5.14,0.9,46.2,9.11,3.49,14.63
159966,创业板价值ETF华夏,指数型-股票,3.54,0.25y,价值平均法,14.68,7.18,0.891,66.7,7.09,1.81,14.63
010112,广发研究精选股票A,股票型,7.04,0.25y,价值平均法,14.48,11.78,0.985,66.7,6.99,1.75,14.62
012445,华富新能源股票型发起式A,股票型,9.88,0.25y,价值平均法,19.52,7.63,1.683,33.3,9.33,-2.64,14.62
007713,华富科技动能混合A,混合型-偏股,8.86,0.25y,定期定额(周),29.09,6.69,0.347,15.4,13.62,11.46,14.61
014317,广发价值领航一年持有混合A,混合型-偏股,8.89,0.25y,定期定额(周),18.25,4.45,1.014,46.2,8.74,2.26,14.59
014970,华安低碳生活混合C,混合型-偏股,3.14,0.25y,价值平均法,13.9,10.15,1.196,66.7,6.73,-2.09,14.59
000190,中银新回报灵活配置混合A,混合型-灵活,6.03,0.25y,定期定额(周),4.66,0.65,2.48,53.8,2.31,-0.69,14.58
166023,中欧瑞丰灵活配置混合(LOF)A,混合型-灵活,11.06,0.25y,价值平均法,13.96,10.81,1.071,66.7,6.75,0.9,14.58
000936,博时产业新动力混合A,混合型-灵活,3.4,0.25y,定期定额(周),13.95,3.09,1.359,53.8,6.75,0.07,14.57
001139,华安新动力灵活配置混合A,混合型-灵活,2.3,0.25y,定期定额(月),3.11,0.44,2.173,66.7,1.54,-0.26,14.57
001605,国富沪港深成长精选股票A,股票型,7.16,0.25y,定期定额(周),17.23,4.3,1.167,46.2,8.27,2.04,14.57
014543,汇添富中证沪港深云计算产业ETF联接A,指数型-股票,4.46,0.25y,价值平均法,14.88,8.28,0.929,66.7,7.18,0.07,14.57
015880,中欧小盘成长混合A,混合型-偏股,4.03,0.25y,定期定额(周),16.87,5.42,1.01,53.8,8.11,1.42,14.57
017174,天弘国证绿色电力指数发起A,指数型-股票,2.28,0.25y,价值平均法,4.43,7.44,1.4,100.0,2.19,-6.04,14.57
159637,新能源车ETF东财,指数型-股票,8.15,0.25y,价值平均法,13.22,7.84,1.273,66.7,6.4,-2.61,14.56
017094,易方达中证1000量化增强A,指数型-股票,5.59,0.25y,定期定额(周),16.36,5.09,1.072,53.8,7.87,1.08,14.54
014544,汇添富中证沪港深云计算产业ETF联接C,指数型-股票,6.86,0.25y,价值平均法,14.81,8.29,0.922,66.7,7.15,0.1,14.53
519704,交银先进制造混合A,混合型-偏股,37.45,0.25y,定期定额(周),13.12,3.23,1.557,53.8,6.36,-1.5,14.53
560050,中国A50ETF汇添富,指数型-股票,32.39,0.25y,定期定额(周),10.95,3.18,1.633,61.5,5.33,-2.21,14.53
017175,天弘国证绿色电力指数发起C,指数型-股票,10.64,0.25y,价值平均法,4.36,7.44,1.391,100.0,2.16,-6.02,14.52
202213,南方核心竞争混合,混合型-偏股,2.76,0.25y,定期定额(周),14.08,3.93,1.382,53.8,6.81,0.38,14.52
002060,东方新策略灵活配置混合C,混合型-灵活,2.25,0.25y,定期定额(周),13.47,3.2,1.487,53.8,6.52,-1.48,14.51
014318,广发价值领航一年持有混合C,混合型-偏股,2.05,0.25y,定期定额(周),18.13,4.45,0.999,46.2,8.69,2.3,14.51
014986,东方核心动力混合C,混合型-偏股,2.52,0.25y,定期定额(周),13.54,3.18,1.462,53.8,6.55,-1.29,14.5
017968,华富科技动能混合C,混合型-偏股,23.12,0.25y,定期定额(周),28.9,6.7,0.331,15.4,13.53,11.53,14.5
000977,长城环保主题混合A,混合型-灵活,4.59,0.25y,价值平均法,14.55,10.69,0.954,66.7,7.03,0.68,14.49
018013,长信中证1000指数增强A,指数型-股票,3.87,0.25y,定期定额(周),16.03,5.04,1.108,53.8,7.72,0.8,14.48
630002,华商盛世成长混合,混合型-偏股,34.27,0.25y,定期定额(周),16.59,5.3,0.988,53.8,7.98,2.01,14.48
011513,天弘中证新能源车C,指数型-股票,7.59,0.25y,价值平均法,12.76,7.5,1.306,66.7,6.19,-2.7,14.47
160212,国泰估值优势混合(LOF)A,混合型-偏股,17.63,0.25y,定期定额(周),23.47,7.21,0.77,30.8,11.12,5.99,14.47
011435,中欧研究精选混合A,混合型-偏股,7.29,0.25y,价值平均法,14.19,9.09,0.925,66.7,6.86,2.02,14.46
017095,易方达中证1000量化增强C,指数型-股票,5.52,0.25y,定期定额(周),16.25,5.09,1.058,53.8,7.82,1.12,14.46
159669,绿色电力ETF国泰,指数型-股票,2.48,0.25y,价值平均法,4.41,8.04,1.356,100.0,2.18,-6.14,14.43
012568,天弘高端制造混合A,混合型-偏股,3.31,0.25y,价值平均法,13.88,9.51,1.016,66.7,6.71,0.5,14.41
002117,广发安享混合C,混合型-灵活,20.33,0.25y,定期定额(周),3.44,0.35,2.368,53.8,1.71,-0.45,14.4
005802,汇添富智能制造股票A,股票型,26.95,0.25y,价值平均法,13.18,8.09,1.108,66.7,6.39,0.17,14.4
008961,华商科技创新混合,混合型-偏股,2.27,0.25y,定期定额(周),18.38,5.96,1.015,46.2,8.8,1.9,14.4
018014,长信中证1000指数增强C,指数型-股票,4.83,0.25y,定期定额(周),15.91,5.03,1.092,53.8,7.66,0.85,14.4
019876,广发均衡成长混合A,混合型-偏股,12.21,0.25y,价值平均法,14.71,7.48,0.776,66.7,7.1,2.45,14.4
012556,长盛景气优选混合,混合型-偏股,2.96,0.25y,定期定额(周),18.91,3.96,1.068,38.5,9.05,2.94,14.39
016616,国泰估值优势混合(LOF)C,混合型-偏股,10.52,0.25y,定期定额(周),23.35,7.22,0.756,30.8,11.06,6.04,14.39
017057,嘉实国证绿色电力ETF发起联接C,指数型-股票,11.72,0.25y,价值平均法,4.07,7.38,1.374,100.0,2.01,-6.0,14.37
012173,国泰兴泽优选一年持有期混合A,混合型-偏股,3.82,0.25y,价值平均法,12.23,8.44,1.317,66.7,5.94,-1.73,14.36
519019,大成景阳领先混合A,混合型-偏股,5.13,0.25y,价值平均法,19.37,10.87,1.524,33.3,9.26,0.55,14.33
019877,广发均衡成长混合C,混合型-偏股,7.32,0.25y,价值平均法,14.58,7.5,0.759,66.7,7.04,2.49,14.31
159625,绿色电力ETF嘉实,指数型-股票,30.94,0.25y,价值平均法,4.19,8.02,1.329,100.0,2.07,-6.06,14.29
003940,银华盛世精选灵活配置混合发起式A,混合型-灵活,13.46,0.25y,价值平均法,13.53,6.62,0.918,66.7,6.55,1.67,14.28
010088,工银优质成长混合A,混合型-偏股,11.66,0.25y,定期定额(周),13.57,4.4,1.5,53.8,6.57,-2.19,14.28
011436,中欧研究精选混合C,混合型-偏股,4.74,0.25y,价值平均法,13.94,9.14,0.888,66.7,6.74,2.09,14.28
012174,国泰兴泽优选一年持有期混合C,混合型-偏股,2.45,0.25y,价值平均法,12.11,8.44,1.298,66.7,5.88,-1.68,14.27
159326,电网设备ETF华夏,指数型-股票,300.87,0.25y,价值平均法,13.56,14.67,1.177,66.7,6.56,-2.77,14.27
257020,国联安精选混合,混合型-偏股,12.92,0.25y,定期定额(周),20.38,6.73,0.491,46.2,9.72,6.57,14.24
519116,浦银安盛沪深300指数增强A,指数型-股票,2.36,0.25y,定期定额(周),13.1,2.66,1.323,53.8,6.35,-0.14,14.24
017953,汇添富中证1000指数增强A,指数型-股票,14.72,0.25y,定期定额(周),15.34,5.27,1.154,53.8,7.4,0.14,14.23
001244,华泰柏瑞量化智慧混合A,混合型-灵活,6.0,0.25y,定期定额(周),14.56,4.09,1.201,53.8,7.03,0.11,14.2
009068,国泰中证新能源汽车ETF联接C,指数型-股票,2.12,0.25y,价值平均法,12.27,7.49,1.266,66.7,5.96,-2.59,14.2
012544,嘉实中证新能源汽车指数C,指数型-股票,3.57,0.25y,价值平均法,12.31,7.51,1.261,66.7,5.98,-2.55,14.2
561550,中证500增强ETF华泰柏瑞,指数型-股票,15.18,0.25y,定期定额(周),15.76,5.08,1.025,53.8,7.59,1.07,14.19
017954,汇添富中证1000指数增强C,指数型-股票,21.32,0.25y,定期定额(周),15.27,5.27,1.145,53.8,7.36,0.17,14.18
006104,华泰柏瑞量化智慧混合C,混合型-灵活,3.07,0.25y,定期定额(周),14.49,4.09,1.191,53.8,7.0,0.14,14.15
160211,国泰中小盘成长混合(LOF),混合型-偏股,4.05,0.25y,定期定额(周),13.3,6.88,1.64,53.8,6.44,-3.76,14.15
006864,国联安核心资产策略混合,混合型-偏股,3.06,0.25y,定期定额(周),20.02,6.67,0.512,46.2,9.55,6.29,14.14
022467,国泰海通中证A500指数增强A,指数型-股票,18.04,0.25y,定期定额(周),13.38,3.33,1.315,53.8,6.48,-0.22,14.13
202019,南方策略优化混合,混合型-偏股,2.97,0.25y,定期定额(周),15.85,3.57,1.189,46.2,7.63,0.99,14.13
515030,新能源车ETF华夏,指数型-股票,45.22,0.25y,价值平均法,12.42,7.95,1.221,66.7,6.03,-2.55,14.13
011921,富国均衡成长三年持有期混合A,混合型-偏股,3.81,0.25y,定期定额(周),14.1,5.27,1.004,61.5,6.82,-0.14,14.12
001481,华宝标普油气上游股票美元A,指数型-海外股票,36.49,0.25y,价值平均法,2.6,10.99,1.716,100.0,1.29,-11.41,14.11
001980,中欧量化驱动混合A,混合型-偏股,6.13,0.25y,定期定额(周),14.57,4.52,1.174,53.8,7.04,0.37,14.1
018419,广发碳中和主题混合发起式C,混合型-偏股,7.39,0.25y,定期定额(周),10.9,3.88,1.241,69.2,5.31,-2.95,14.1
563300,中证2000ETF华泰柏瑞,指数型-股票,35.6,0.25y,定期定额(周),15.81,5.73,1.032,53.8,7.61,0.58,14.1
470008,汇添富策略回报混合,混合型-偏股,6.36,0.25y,定期定额(周),14.93,3.72,1.025,53.8,7.2,1.23,14.09
519755,交银多策略回报灵活配置混合A,混合型-灵活,2.69,0.25y,价值平均法,6.88,2.61,1.808,66.7,3.38,-0.37,14.09
010805,东财中证新能源车ETF发起式联接A,指数型-股票,2.42,0.25y,价值平均法,12.11,7.54,1.236,66.7,5.88,-2.52,14.07
014528,汇添富MSCI中国A50互联互通ETF联接A,指数型-股票,6.75,0.25y,定期定额(周),10.05,3.02,1.576,61.5,4.9,-2.02,14.07
006020,广发沪深300指数增强A,指数型-股票,4.9,0.25y,定期定额(周),12.13,2.81,1.462,53.8,5.89,-0.89,14.05
022468,国泰海通中证A500指数增强C,指数型-股票,15.08,0.25y,定期定额(周),13.25,3.33,1.294,53.8,6.42,-0.17,14.03
003516,国泰融安多策略灵活配置混合A,混合型-灵活,3.87,0.25y,定期定额(周),18.66,4.03,0.933,38.5,8.93,3.84,14.02
001743,诺安优选回报混合A,混合型-灵活,9.54,0.25y,定期定额(周),16.36,6.35,0.857,53.8,7.87,2.49,14.01
016387,永赢低碳环保智选混合发起C,混合型-偏股,7.5,0.25y,价值平均法,14.96,18.47,0.749,66.7,7.22,0.72,14.01
519761,交银多策略回报灵活配置混合C,混合型-灵活,2.23,0.25y,价值平均法,6.82,2.61,1.782,66.7,3.36,-0.34,14.0
003986,申万菱信中证500指数优选增强A,指数型-股票,14.92,0.25y,定期定额(周),14.19,4.26,1.189,53.8,6.86,0.06,13.99
012839,东方红智华三年持有混合A,混合型-偏股,17.23,0.25y,定期定额(周),14.57,3.92,1.041,53.8,7.04,1.68,13.99
007470,博道叁佰智航股票A,股票型,5.12,0.25y,定期定额(周),12.64,3.0,1.346,53.8,6.13,-0.34,13.98
008854,南方内需增长两年股票A,股票型,8.65,0.25y,定期定额(周),17.45,3.36,1.095,38.5,8.37,2.46,13.98
010806,东财中证新能源车ETF发起式联接C,指数型-股票,2.61,0.25y,价值平均法,11.97,7.55,1.221,66.7,5.82,-2.47,13.98
006021,广发沪深300指数增强C,指数型-股票,2.52,0.25y,定期定额(周),12.01,2.8,1.44,53.8,5.84,-0.84,13.96
006679,广发道琼斯石油指数美元现汇A,指数型-海外股票,12.7,0.25y,价值平均法,2.75,10.36,1.543,100.0,1.37,-9.14,13.96
009341,易方达均衡成长股票,股票型,36.82,0.25y,定期定额(周),17.85,5.29,0.833,46.2,8.56,3.35,13.96
515700,新能源车ETF平安,指数型-股票,18.62,0.25y,价值平均法,12.18,8.24,1.195,66.7,5.92,-2.53,13.96
009576,东方红智远三年持有混合,混合型-偏股,21.22,0.25y,定期定额(周),19.68,4.13,0.687,38.5,9.4,5.19,13.93
007127,博道远航混合C,混合型-偏股,11.04,0.25y,价值平均法,19.25,10.34,1.34,33.3,9.2,1.3,13.92
013196,招商中证新能源汽车指数C,指数型-股票,2.13,0.25y,价值平均法,11.79,7.45,1.222,66.7,5.73,-2.5,13.92
011162,博时港股通领先趋势混合A,混合型-偏股,11.0,0.25y,价值平均法,12.34,6.92,1.059,66.7,5.99,-0.86,13.91
910006,东方红启盛三年持有混合A,混合型-偏股,4.32,0.25y,定期定额(周),19.25,3.93,0.752,38.5,9.2,4.63,13.91
000082,嘉实研究阿尔法股票A,股票型,4.52,0.25y,定期定额(周),12.68,3.1,1.311,53.8,6.15,-0.25,13.89
006680,广发道琼斯石油指数美元现汇C,指数型-海外股票,3.42,0.25y,价值平均法,2.64,10.38,1.528,100.0,1.31,-9.09,13.89
011649,易方达逆向投资混合A,混合型-偏股,3.74,0.25y,价值平均法,11.24,6.86,1.216,66.7,5.47,-0.86,13.89
260101,景顺长城优选混合,混合型-偏股,29.62,0.25y,定期定额(周),16.96,4.38,0.883,46.2,8.15,3.57,13.89
007471,博道叁佰智航股票C,股票型,3.56,0.25y,定期定额(周),12.52,3.0,1.324,53.8,6.08,-0.29,13.88
010699,东方红创新趋势混合,混合型-偏股,18.43,0.25y,定期定额(周),13.71,3.18,1.06,53.8,6.63,1.79,13.87
020065,西部利得科技创新混合C,混合型-偏股,7.49,0.25y,价值平均法,14.85,18.2,0.717,66.7,7.17,0.47,13.87
021864,中欧中证800研究智选混合发起A,混合型-偏股,3.02,0.25y,定期定额(周),13.95,4.02,1.109,53.8,6.75,1.29,13.86
516660,新能源车ETF华安,指数型-股票,2.57,0.25y,价值平均法,11.92,7.97,1.189,66.7,5.79,-2.51,13.86
561380,电网设备ETF国泰,指数型-股票,58.16,0.25y,定期定额(周),14.78,6.05,1.224,53.8,7.14,-2.51,13.85
014765,中欧碳中和混合发起A,混合型-偏股,3.13,0.25y,价值平均法,12.06,11.02,1.232,66.7,5.86,-3.54,13.84
005313,万家中证1000指数增强A,指数型-股票,8.49,0.25y,定期定额(周),14.56,4.7,1.08,53.8,7.03,0.36,13.83
010442,东方红启盛三年持有混合B,混合型-偏股,2.46,0.25y,定期定额(周),19.13,3.93,0.737,38.5,9.15,4.67,13.83
014305,华泰柏瑞中证500指数增强A,指数型-股票,3.2,0.25y,定期定额(周),14.06,4.28,1.148,53.8,6.8,0.02,13.83
015839,广发招利混合C,混合型-偏股,7.78,0.25y,定期定额(周),18.34,9.61,0.983,46.2,8.78,-0.45,13.83
012426,南方价值臻选混合A,混合型-灵活,2.07,0.25y,定期定额(周),13.6,4.2,1.184,53.8,6.58,0.66,13.81
021865,中欧中证800研究智选混合发起C,混合型-偏股,4.4,0.25y,定期定额(周),13.84,4.02,1.088,53.8,6.69,1.34,13.77
630008,华商策略精选混合,混合型-灵活,6.91,0.25y,定期定额(周),15.52,4.97,0.825,53.8,7.48,2.68,13.77
005314,万家中证1000指数增强C,指数型-股票,11.39,0.25y,定期定额(周),14.44,4.7,1.066,53.8,6.98,0.4,13.75
014306,华泰柏瑞中证500指数增强C,指数型-股票,2.72,0.25y,定期定额(周),13.94,4.29,1.132,53.8,6.74,0.06,13.75
161028,富国中证新能源汽车指数(LOF)A,指数型-股票,51.52,0.25y,价值平均法,11.53,7.57,1.195,66.7,5.61,-2.45,13.75
011163,博时港股通领先趋势混合C,混合型-偏股,2.74,0.25y,价值平均法,12.08,6.91,1.03,66.7,5.87,-0.79,13.74
001015,华夏沪深300指数增强A,指数型-股票,22.81,0.25y,定期定额(周),11.63,2.45,1.346,53.8,5.65,-0.34,13.73
160311,华夏蓝筹混合(LOF)A,混合型-灵活,19.44,0.25y,价值平均法,4.46,4.86,0.875,100.0,2.21,-2.07,13.73
014509,汇添富先进制造混合C,混合型-偏股,7.36,0.25y,价值平均法,12.68,7.83,0.855,66.7,6.15,1.41,13.71
015881,中欧小盘成长混合C,混合型-偏股,10.86,0.25y,定期定额(周),16.69,5.42,0.988,46.2,8.02,1.49,13.7
005395,泓德臻远回报混合,混合型-灵活,14.3,0.25y,定期定额(周),16.04,5.21,1.048,46.2,7.72,2.21,13.69
007275,银河沪深300指数增强A,指数型-股票,2.14,0.25y,定期定额(周),12.33,2.58,1.2,53.8,5.99,0.44,13.69
011328,景顺长城新能源产业股票A,股票型,17.62,0.25y,价值平均法,14.34,10.63,0.541,66.7,6.93,3.79,13.69
000978,景顺长城量化精选股票A,股票型,4.31,0.25y,定期定额(周),14.79,4.86,0.946,53.8,7.14,1.49,13.68
011329,景顺长城新能源产业股票C,股票型,23.33,0.25y,价值平均法,14.31,10.63,0.537,66.7,6.91,3.8,13.67
013175,海富通碳中和混合A,混合型-偏股,2.14,0.25y,价值平均法,18.14,6.77,1.458,33.3,8.69,-2.05,13.65
004335,华宝新飞跃灵活配置混合,混合型-灵活,2.28,0.25y,定期定额(周),7.3,1.38,1.579,61.5,3.59,-0.68,13.64
516390,新能源车ETF汇添富,指数型-股票,2.17,0.25y,价值平均法,11.58,8.26,1.153,66.7,5.63,-2.46,13.64
910021,东方红启华三年持有混合A,混合型-偏股,2.92,0.25y,定期定额(周),13.11,2.96,1.044,53.8,6.36,1.69,13.63
513350,标普油气ETF富国,指数型-海外股票,10.18,0.25y,价值平均法,2.0,11.77,1.615,100.0,0.99,-11.52,13.62
017641,摩根标普500指数(QDII)人民币A,指数型-海外股票,36.62,0.25y,价值平均法,14.76,7.03,1.868,33.3,7.12,0.29,13.61
159518,标普油气ETF嘉实,指数型-海外股票,21.51,0.25y,价值平均法,1.98,11.75,1.614,100.0,0.99,-11.5,13.61
012703,华夏核心成长混合A,混合型-偏股,2.96,0.25y,价值平均法,12.59,19.24,1.217,66.7,6.11,-6.54,13.6
001016,华夏沪深300指数增强C,指数型-股票,13.25,0.25y,定期定额(周),11.44,2.45,1.32,53.8,5.56,-0.3,13.59
001422,景顺长城安享回报混合A,混合型-灵活,10.89,0.25y,定期定额(周),4.82,0.7,2.076,53.8,2.38,-0.54,13.59
013422,太平智行三个月定开混合发起式,混合型-偏股,7.79,0.25y,定期定额(周),14.91,5.23,0.892,53.8,7.19,1.92,13.59
015950,华夏蓝筹混合(LOF)C,混合型-灵活,3.0,0.25y,价值平均法,4.29,4.86,0.845,100.0,2.12,-2.01,13.59
014325,国联安核心趋势一年持有混合A,混合型-偏股,3.53,0.25y,定期定额(周),19.26,6.76,0.369,46.2,9.21,6.93,13.55
019305,摩根标普500指数(QDII)人民币C,指数型-海外股票,14.18,0.25y,价值平均法,14.67,7.05,1.849,33.3,7.08,0.32,13.54
501057,汇添富中证新能源汽车产业指数(LOF)A,指数型-股票,38.63,0.25y,价值平均法,11.17,7.96,1.159,66.7,5.44,-2.45,13.51
519033,海富通国策导向混合A,混合型-偏股,3.58,0.25y,价值平均法,11.75,9.36,0.99,66.7,5.71,-0.1,13.5
014024,华富卓越成长一年持有期混合A,混合型-偏股,2.11,0.25y,定期定额(周),12.63,3.25,1.162,53.8,6.13,0.12,13.49
020075,财通资管创新成长混合A,混合型-偏股,3.4,0.25y,定期定额(周),14.97,4.85,0.832,53.8,7.23,1.63,13.48
070013,嘉实研究精选混合,混合型-偏股,7.87,0.25y,定期定额(周),12.08,3.06,1.235,53.8,5.87,-0.09,13.48
562660,中证2000ETF华夏,指数型-股票,4.5,0.25y,定期定额(周),14.82,5.58,0.905,53.8,7.15,1.21,13.48
202009,南方盛元红利混合,混合型-偏股,5.64,0.25y,定期定额(周),12.57,4.09,1.243,53.8,6.1,-0.3,13.47
501058,汇添富中证新能源汽车产业指数(LOF)C,指数型-股票,27.65,0.25y,价值平均法,11.08,7.97,1.15,66.7,5.39,-2.43,13.46
007177,浙商智能行业优选混合A,混合型-偏股,3.2,0.25y,定期定额(周),16.2,6.18,0.986,46.2,7.8,1.6,13.44
519008,汇添富优势精选混合,混合型-灵活,21.74,0.25y,定期定额(周),14.86,4.4,0.788,53.8,7.17,2.15,13.44
002935,泰康恒泰回报混合C,混合型-灵活,3.19,0.25y,定期定额(周),0.97,0.35,1.685,84.6,0.49,-1.65,13.41
013166,东兴宸祥量化混合A,混合型-偏股,2.54,0.25y,定期定额(周),14.53,5.93,0.942,53.8,7.02,0.97,13.41
020076,财通资管创新成长混合C,混合型-偏股,2.77,0.25y,定期定额(周),14.86,4.85,0.818,53.8,7.17,1.67,13.41
007835,国泰鑫睿混合,混合型-偏股,3.85,0.25y,定期定额(周),10.58,4.43,1.291,61.5,5.16,-1.57,13.4
011932,工银战略远见混合A,混合型-偏股,18.97,0.25y,定期定额(周),13.54,3.9,0.997,53.8,6.56,0.92,13.4
019300,海富通国策导向混合D,混合型-偏股,2.52,0.25y,价值平均法,11.6,9.38,0.971,66.7,5.64,-0.06,13.4
002251,华夏军工安全混合A,混合型-灵活,48.39,0.25y,定期定额(周),15.69,6.87,0.735,53.8,7.56,2.1,13.38
011956,鹏华新能源精选混合A,混合型-偏股,8.13,0.25y,价值平均法,17.23,8.79,1.475,33.3,8.27,-0.62,13.38
159531,中证2000ETF南方,指数型-股票,8.27,0.25y,定期定额(周),15.12,5.91,0.806,53.8,7.29,1.82,13.38
450010,国富策略回报混合A,混合型-灵活,7.53,0.25y,定期定额(周),13.0,3.6,1.055,53.8,6.3,0.94,13.38
000418,景顺长城成长之星股票A,股票型,19.5,0.25y,定期定额(周),14.66,3.71,1.065,46.2,7.08,1.7,13.37
673110,西部利得新润混合A,混合型-灵活,2.44,0.25y,定期定额(周),10.6,2.96,1.426,53.8,5.17,-0.01,13.37
003834,华夏能源革新股票A,股票型,80.15,0.25y,价值平均法,9.65,5.04,1.232,66.7,4.71,-1.87,13.32
159612,标普500ETF国泰,指数型-海外股票,7.45,0.25y,价值平均法,15.07,7.76,1.702,33.3,7.27,0.62,13.31
550002,中信保诚精萃成长混合A,混合型-偏股,8.78,0.25y,价值平均法,12.03,8.82,0.807,66.7,5.84,1.42,13.31
015356,西部利得新润混合C,混合型-灵活,2.24,0.25y,定期定额(周),10.53,2.92,1.403,53.8,5.13,0.03,13.3
018470,国富策略回报混合C,混合型-灵活,2.86,0.25y,定期定额(周),12.9,3.6,1.036,53.8,6.25,0.99,13.3
014793,华泰柏瑞匠心臻选混合C,混合型-偏股,4.08,0.25y,定期定额(周),10.14,4.31,1.356,61.5,4.95,-2.7,13.29
013566,华夏军工安全混合C,混合型-灵活,39.6,0.25y,定期定额(周),15.53,6.91,0.715,53.8,7.48,2.2,13.27
017850,交银启信混合发起A,混合型-偏股,2.19,0.25y,定期定额(周),13.53,4.1,0.953,53.8,6.55,1.16,13.27
018257,国泰海通沪深300指数增强发起A,指数型-股票,11.93,0.25y,定期定额(周),9.16,2.39,1.3,61.5,4.48,-1.01,13.27
450001,国富中国收益混合A,混合型-平衡,4.58,0.25y,定期定额(周),12.7,3.25,0.994,53.8,6.16,1.8,13.27
009234,鹏华优质企业混合A,混合型-偏股,2.33,0.25y,定期定额(周),11.62,5.63,1.14,61.5,5.65,-2.17,13.26
021503,景顺长城成长之星股票C,股票型,5.8,0.25y,定期定额(周),14.52,3.71,1.041,46.2,7.01,1.76,13.26
163208,诺安油气能源,QDII-普通股票,8.51,0.25y,价值平均法,6.95,9.76,2.003,66.7,3.42,-10.0,13.25
001423,景顺长城安享回报混合C,混合型-灵活,4.36,0.25y,定期定额(周),4.78,0.78,1.997,53.8,2.36,-0.5,13.23
007592,华夏价值精选混合A,混合型-偏股,10.67,0.25y,价值平均法,12.42,9.46,0.679,66.7,6.03,2.48,13.23
013141,中信保诚弘远混合A,混合型-偏股,6.23,0.25y,定期定额(周),12.2,4.2,1.237,53.8,5.92,-0.9,13.23
000312,华安沪深300增强A,指数型-股票,4.82,0.25y,定期定额(周),11.74,3.21,1.2,53.8,5.71,-0.06,13.21
012127,宏利新能源股票C,股票型,2.04,0.25y,价值平均法,11.33,9.98,1.047,66.7,5.51,-2.73,13.21
005457,景顺长城量化小盘股票A,股票型,3.93,0.25y,定期定额(周),13.93,4.88,0.899,53.8,6.74,1.24,13.2
320003,诺安先锋混合A,混合型-偏股,39.18,0.25y,定期定额(周),15.03,6.78,0.745,53.8,7.25,2.55,13.2
005794,银华心怡灵活配置混合A,混合型-灵活,24.62,0.25y,价值平均法,18.97,8.15,1.02,33.3,9.07,1.93,13.18
013188,华夏能源革新股票C,股票型,7.39,0.25y,价值平均法,9.44,5.04,1.201,66.7,4.62,-1.79,13.17
018258,国泰海通沪深300指数增强发起C,指数型-股票,7.86,0.25y,定期定额(周),9.05,2.39,1.274,61.5,4.43,-0.96,13.16
460009,华泰柏瑞量化先行混合A,混合型-偏股,3.14,0.25y,定期定额(周),12.96,4.22,1.031,53.8,6.28,0.39,13.15
017851,交银启信混合发起C,混合型-偏股,2.56,0.25y,定期定额(周),13.35,4.11,0.926,53.8,6.47,1.23,13.14
163415,兴全商业模式混合(LOF)A,混合型-偏股,139.93,0.25y,定期定额(周),12.32,3.77,1.128,53.8,5.98,-0.26,13.14
000313,华安沪深300增强C,指数型-股票,5.83,0.25y,定期定额(周),11.64,3.21,1.179,53.8,5.66,-0.01,13.13
012621,诺安先锋混合C,混合型-偏股,8.62,0.25y,定期定额(周),14.92,6.78,0.73,53.8,7.2,2.6,13.13
163417,兴全合宜混合(LOF)A,混合型-灵活,125.89,0.25y,定期定额(周),14.34,4.2,1.088,46.2,6.93,0.9,13.13
400015,东方新能源汽车混合,混合型-偏股,75.07,0.25y,价值平均法,10.84,10.37,1.093,66.7,5.28,-2.74,13.13
910028,东方红内需增长混合A,混合型-偏股,6.61,0.25y,价值平均法,14.64,6.49,1.808,33.3,7.07,-3.04,13.12
450008,国富沪深300指数增强A,指数型-股票,2.32,0.25y,定期定额(周),9.72,2.94,1.188,61.5,4.75,-0.79,13.11
002801,泓德泓信混合,混合型-灵活,2.11,0.25y,定期定额(周),12.88,4.17,1.023,53.8,6.24,0.3,13.09
020220,国联安沪深300指数增强A,指数型-股票,2.9,0.25y,定期定额(周),10.63,2.66,1.292,53.8,5.18,-0.53,13.08
010902,博时成长领航混合A,混合型-灵活,27.04,0.25y,定期定额(周),15.23,4.74,0.885,46.2,7.34,2.37,13.04
162411,华宝标普油气上游股票人民币A,指数型-海外股票,36.49,0.25y,价值平均法,0.95,11.27,1.492,100.0,0.48,-10.51,13.03
002670,万家沪深300指数增强A,指数型-股票,4.44,0.25y,定期定额(周),9.48,3.03,1.207,61.5,4.63,-0.91,13.02
450004,国富深化价值混合A,混合型-偏股,14.05,0.25y,价值平均法,11.64,12.25,0.784,66.7,5.66,1.3,13.02
005491,兴全合宜混合(LOF)C,混合型-灵活,11.21,0.25y,定期定额(周),14.18,4.2,1.061,46.2,6.85,0.97,13.01
010594,广发睿选三年持有期混合,混合型-偏股,4.41,0.25y,价值平均法,10.76,14.98,1.194,66.7,5.24,-5.59,13.01
007844,华宝标普油气上游股票人民币C,指数型-海外股票,6.12,0.25y,价值平均法,0.85,11.28,1.48,100.0,0.43,-10.47,12.97
159628,国证2000ETF万家,指数型-股票,5.09,0.25y,定期定额(周),14.15,5.62,0.78,53.8,6.84,1.82,12.97
018738,博时标普500ETF联接E(人民币),指数型-海外股票,16.31,0.25y,价值平均法,14.18,7.32,1.686,33.3,6.85,0.53,12.95
050025,博时标普500ETF联接A,指数型-海外股票,59.27,0.25y,价值平均法,14.18,7.32,1.687,33.3,6.85,0.53,12.95
161601,融通新蓝筹混合,混合型-偏股,9.11,0.25y,价值平均法,12.46,10.94,0.554,66.7,6.05,3.03,12.95
002671,万家沪深300指数增强C,指数型-股票,2.06,0.25y,定期定额(周),9.37,3.04,1.186,61.5,4.58,-0.87,12.92
004959,圆信永丰优悦生活混合,混合型-偏股,3.1,0.25y,定期定额(周),12.58,6.62,1.158,53.8,6.1,-1.37,12.92
010854,汇添富沪深300基本面增强指数A,指数型-股票,30.42,0.25y,定期定额(周),11.4,2.82,1.083,53.8,5.54,0.32,12.92
010903,博时成长领航混合C,混合型-灵活,3.9,0.25y,定期定额(周),15.06,4.73,0.858,46.2,7.27,2.45,12.92
519700,交银主题优选混合A,混合型-灵活,7.03,0.25y,定期定额(周),12.35,3.05,1.239,46.2,5.99,0.72,12.92
169103,东方红睿轩三年持有混合,混合型-偏股,8.22,0.25y,定期定额(周),11.59,3.26,1.073,53.8,5.64,0.72,12.9
007550,东兴未来价值混合C,混合型-灵活,2.24,0.25y,定期定额(周),13.41,5.56,0.905,53.8,6.49,0.71,12.89
001677,中银战略新兴产业股票A,股票型,4.02,0.25y,定期定额(周),12.08,3.84,1.061,53.8,5.87,-0.06,12.88
010437,嘉实竞争力优选混合A,混合型-偏股,22.92,0.25y,定期定额(周),11.67,4.04,1.146,53.8,5.67,-0.33,12.87
002849,金信智能中国2025混合A,混合型-灵活,4.68,0.25y,定期定额(周),7.18,1.11,1.176,61.5,3.53,-0.34,12.86
159687,亚太精选ETF南方,指数型-海外股票,17.9,0.25y,定期定额(周),15.49,7.31,0.486,53.8,7.46,4.14,12.85
020010,国泰金牛创新成长混合,混合型-偏股,14.51,0.25y,定期定额(周),10.65,5.28,1.061,61.5,5.19,-1.14,12.82
010812,中银战略新兴产业股票C,股票型,4.85,0.25y,定期定额(周),11.98,3.86,1.046,53.8,5.82,-0.02,12.81
180018,银华和谐主题混合,混合型-灵活,2.61,0.25y,价值平均法,12.87,4.6,1.845,33.3,6.24,-1.99,12.81
159633,中证1000ETF易方达,指数型-股票,21.72,0.25y,定期定额(周),13.36,5.13,0.843,53.8,6.47,1.18,12.8
512100,中证1000ETF南方,指数型-股票,230.82,0.25y,定期定额(周),13.37,5.17,0.839,53.8,6.48,1.22,12.8
002190,农银新能源主题A,混合型-灵活,71.15,0.25y,价值平均法,8.86,4.69,1.114,66.7,4.33,-1.45,12.79
560003,益民创新优势混合A,混合型-灵活,3.51,0.25y,定期定额(周),17.02,4.16,0.678,38.5,8.17,4.68,12.79
070001,嘉实成长收益混合A,混合型-偏股,14.99,0.25y,定期定额(周),10.2,2.41,1.155,53.8,4.98,0.99,12.78
010027,景顺长城核心中景一年持有混合,混合型-偏股,25.42,0.25y,定期定额(周),16.56,4.94,0.464,46.2,7.96,5.2,12.77
010438,嘉实竞争力优选混合C,混合型-偏股,2.7,0.25y,定期定额(周),11.53,4.05,1.124,53.8,5.61,-0.28,12.77
019555,中银中证1000指数增强A,指数型-股票,3.02,0.25y,定期定额(周),12.11,4.32,1.043,53.8,5.88,-0.21,12.77
310308,申万菱信盛利精选混合A,混合型-偏股,5.13,0.25y,定期定额(周),13.81,2.42,1.076,38.5,6.68,2.58,12.77
560110,中证1000ETF汇添富,指数型-股票,2.22,0.25y,定期定额(周),13.34,5.19,0.834,53.8,6.46,1.23,12.77
001556,天弘中证500指数增强A,指数型-股票,19.13,0.25y,定期定额(周),13.32,4.82,0.806,53.8,6.45,1.5,12.76
159629,中证1000ETF富国,指数型-股票,21.8,0.25y,定期定额(周),13.25,5.18,0.837,53.8,6.42,1.17,12.74
010855,汇添富沪深300基本面增强指数C,指数型-股票,2.41,0.25y,定期定额(周),11.17,2.81,1.038,53.8,5.44,0.42,12.72
021190,南方亚太精选ETF联接(QDII)C,指数型-海外股票,8.04,0.25y,定期定额(周),14.92,6.75,0.516,53.8,7.2,3.73,12.71
070027,嘉实周期优选混合,混合型-偏股,6.7,0.25y,定期定额(周),15.22,5.56,0.764,46.2,7.34,3.02,12.71
001557,天弘中证500指数增强C,指数型-股票,11.78,0.25y,定期定额(周),13.24,4.82,0.794,53.8,6.41,1.54,12.7
400003,东方精选混合,混合型-灵活,9.17,0.25y,定期定额(周),10.29,6.48,1.139,61.5,5.02,-2.17,12.7
001705,泓德战略转型股票,股票型,7.21,0.25y,定期定额(周),12.12,4.25,0.96,53.8,5.89,0.8,12.67
159680,中证1000增强ETF招商,指数型-股票,10.41,0.25y,定期定额(周),13.65,5.1,0.701,53.8,6.6,2.21,12.67
006341,中金MSCI质量A,指数型-股票,2.43,0.25y,定期定额(周),10.94,3.0,1.104,53.8,5.33,-0.44,12.65
008531,惠升惠民混合A,混合型-偏股,7.07,0.25y,定期定额(周),14.24,4.57,0.897,46.2,6.89,1.79,12.65
013294,东方红智选三年持有混合A,混合型-偏股,7.77,0.25y,定期定额(周),11.25,3.99,1.169,53.8,5.47,-1.6,12.64
017145,华宝海外新能源汽车股票发起式(QDII)C,QDII-普通股票,3.23,0.25y,价值平均法,11.03,9.84,0.73,66.7,5.37,0.61,12.64
006682,景顺长城中证500指数增强A,指数型-股票,4.18,0.25y,定期定额(周),13.24,5.05,0.741,53.8,6.41,1.97,12.59
270006,广发策略优选混合,混合型-灵活,29.91,0.25y,定期定额(周),12.29,5.59,1.011,53.8,5.96,-0.6,12.59
008532,惠升惠民混合C,混合型-偏股,7.1,0.25y,定期定额(周),14.13,4.58,0.881,46.2,6.83,1.83,12.57
159738,云计算ETF华泰柏瑞,指数型-股票,3.09,0.25y,价值平均法,17.6,8.56,1.066,33.3,8.44,-0.15,12.55
159845,中证1000ETF华夏,指数型-股票,71.49,0.25y,定期定额(周),12.95,5.18,0.805,53.8,6.28,1.25,12.55
007143,国投瑞银沪深300指数量化增强A,指数型-股票,5.82,0.25y,定期定额(周),9.0,2.45,1.0,61.5,4.4,0.08,12.54
562000,A100ETF华宝,指数型-股票,4.36,0.25y,定期定额(周),10.77,2.95,1.056,53.8,5.25,0.22,12.54
016935,景顺长城中证500指数增强C,指数型-股票,5.07,0.25y,定期定额(周),13.13,5.06,0.724,53.8,6.36,2.02,12.51
159379,A500ETF融通,指数型-股票,2.63,0.25y,定期定额(周),11.25,3.31,0.983,53.8,5.47,0.52,12.51
007484,信澳核心科技混合A,混合型-偏股,2.98,0.25y,价值平均法,13.54,14.21,0.104,66.7,6.56,6.39,12.5
011421,广发全球科技三个月定开混合(QDII)美元A,QDII-混合偏股,6.55,0.25y,价值平均法,9.04,7.59,0.958,66.7,4.42,0.31,12.5
012080,易方达中证500指数量化增强A,指数型-股票,4.72,0.25y,定期定额(周),11.97,4.41,0.924,53.8,5.82,0.5,12.47
519908,华夏兴华混合A,混合型-灵活,7.07,0.25y,定期定额(周),12.69,4.38,0.764,53.8,6.15,1.55,12.47
560010,中证1000ETF广发,指数型-股票,63.27,0.25y,定期定额(周),12.8,5.14,0.796,53.8,6.21,1.24,12.47
960004,华夏兴华混合H,混合型-灵活,6.3,0.25y,定期定额(周),12.69,4.38,0.764,53.8,6.15,1.55,12.47
001938,中欧时代先锋股票A,股票型,81.37,0.25y,定期定额(周),12.02,5.02,0.935,53.8,5.84,0.49,12.45
017042,富国碳中和混合C,混合型-偏股,2.33,0.25y,定期定额(周),12.13,6.68,0.637,61.5,5.89,1.02,12.45
560980,光伏龙头ETF广发,指数型-股票,4.87,0.25y,价值平均法,10.9,12.83,0.685,66.7,5.31,0.82,12.45
011860,南方中证1000ETF发起联接A,指数型-股票,4.03,0.25y,定期定额(周),12.63,4.96,0.798,53.8,6.13,1.31,12.44
016631,易方达中证1000ETF联接C,指数型-股票,2.66,0.25y,定期定额(周),12.47,4.85,0.826,53.8,6.05,1.09,12.43
011861,南方中证1000ETF发起联接C,指数型-股票,5.04,0.25y,定期定额(周),12.61,4.97,0.796,53.8,6.12,1.32,12.42
562570,信创ETF华夏,指数型-股票,5.06,0.25y,价值平均法,12.47,13.93,0.309,66.7,6.05,4.3,12.42
006809,泰康香港银行指数A,指数型-股票,4.35,0.25y,定期定额(周),8.64,2.15,0.972,61.5,4.23,-0.01,12.41
012081,易方达中证500指数量化增强C,指数型-股票,6.14,0.25y,定期定额(周),11.89,4.42,0.911,53.8,5.78,0.53,12.41
517390,云计算ETF天弘,指数型-股票,3.18,0.25y,价值平均法,17.38,8.64,1.041,33.3,8.34,-0.09,12.41
016924,广发百发大数据价值混合C,混合型-灵活,2.62,0.25y,定期定额(周),13.7,7.68,0.67,53.8,6.63,1.59,12.37
217005,招商先锋混合,混合型-偏股,5.59,0.25y,定期定额(周),9.44,4.37,1.015,61.5,4.61,-0.52,12.37
169102,东方红睿阳三年持有混合,混合型-偏股,4.06,0.25y,定期定额(周),10.63,3.9,1.15,53.8,5.18,-1.64,12.36
001974,景顺长城量化新动力股票A,股票型,4.33,0.25y,定期定额(周),10.88,3.27,0.977,53.8,5.3,0.56,12.35
002210,创金合信量化多因子股票A,股票型,2.14,0.25y,定期定额(周),12.29,4.76,0.814,53.8,5.97,1.04,12.34
004881,中银沪深300指数增强A,指数型-股票,5.49,0.25y,定期定额(周),8.61,2.81,1.034,61.5,4.22,-0.4,12.32
005994,国投瑞银中证500指数量化增强A,指数型-股票,9.74,0.25y,定期定额(周),12.46,4.72,0.756,53.8,6.05,1.56,12.31
007044,博道沪深300增强A,指数型-股票,12.73,0.25y,定期定额(周),10.41,2.86,1.002,53.8,5.08,0.49,12.31
010723,中欧价值成长混合A,混合型-偏股,14.32,0.25y,定期定额(周),10.55,3.4,1.035,53.8,5.14,0.08,12.29
004241,中欧时代先锋股票C,股票型,16.35,0.25y,定期定额(周),11.78,5.03,0.899,53.8,5.73,0.58,12.28
006810,泰康香港银行指数C,指数型-股票,2.92,0.25y,定期定额(周),8.51,2.16,0.944,61.5,4.17,0.04,12.28
210011,金鹰灵活配置混合C,混合型-灵活,2.07,0.25y,定期定额(周),7.23,1.62,1.375,53.8,3.55,0.27,12.27
512580,环保ETF广发,指数型-股票,9.54,0.25y,价值平均法,8.2,7.27,1.088,66.7,4.02,-2.22,12.26
561170,绿色电力ETF富国,指数型-股票,4.22,0.25y,价值平均法,6.56,8.2,1.508,66.7,3.23,-6.5,12.25
001488,万家瑞丰灵活配置混合A,混合型-灵活,2.04,0.25y,定期定额(周),10.57,3.14,0.978,53.8,5.15,0.42,12.24
004138,上银鑫达灵活配置混合A,混合型-灵活,4.28,0.25y,定期定额(周),10.61,3.66,0.999,53.8,5.17,0.56,12.23
007089,国投瑞银中证500指数量化增强C,指数型-股票,2.11,0.25y,定期定额(周),12.34,4.73,0.74,53.8,5.99,1.6,12.23
021851,中银沪深300指数增强E,指数型-股票,3.83,0.25y,定期定额(周),8.52,2.82,1.011,61.5,4.17,-0.35,12.23
010518,华夏先锋科技一年定开混合A,混合型-偏股,4.5,0.25y,定期定额(周),12.99,4.44,0.583,53.8,6.3,2.51,12.22
017919,中欧中证1000指数增强A,指数型-股票,2.64,0.25y,定期定额(周),11.86,4.95,0.853,53.8,5.76,0.76,12.22
562960,绿色电力ETF易方达,指数型-股票,7.99,0.25y,价值平均法,6.49,8.17,1.505,66.7,3.19,-6.52,12.21
007045,博道沪深300增强C,指数型-股票,13.54,0.25y,定期定额(周),10.3,2.86,0.978,53.8,5.03,0.53,12.2
481008,工银大盘蓝筹混合,混合型-偏股,2.69,0.25y,定期定额(周),10.09,2.9,1.053,53.8,4.93,-0.46,12.19
010599,汇添富高质量成长30一年混合A,混合型-偏股,9.73,0.25y,定期定额(周),14.36,4.04,0.592,46.2,6.94,3.44,12.18
008138,富国龙头优势混合A,混合型-偏股,3.99,0.25y,定期定额(周),10.62,5.21,0.739,61.5,5.18,0.17,12.14
021981,安联中国精选混合A,混合型-偏股,4.98,0.25y,定期定额(周),18.84,7.53,0.118,38.5,9.02,8.76,12.12
022676,富国中证A500指数增强A,指数型-股票,5.53,0.25y,定期定额(周),10.01,3.17,1.054,53.8,4.89,-0.28,12.12
012332,上银鑫尚稳健回报6个月持有期混合A,混合型-平衡,2.72,0.25y,定期定额(周),3.96,1.09,1.266,69.2,1.96,-0.98,12.1
240014,华宝中证A100ETF联接A,指数型-股票,3.76,0.25y,定期定额(周),9.9,2.8,1.009,53.8,4.83,0.22,12.1
017920,中欧中证1000指数增强C,指数型-股票,4.08,0.25y,定期定额(周),11.68,4.95,0.826,53.8,5.68,0.83,12.09
001208,诺安低碳经济股票A,股票型,6.05,0.25y,定期定额(周),12.54,4.67,0.607,53.8,6.08,2.61,12.08
012354,南方新能源产业趋势混合A,混合型-偏股,6.12,0.25y,价值平均法,9.96,8.69,0.634,66.7,4.86,1.1,12.08
015753,上银鑫达灵活配置混合C,混合型-灵活,2.82,0.25y,定期定额(周),10.44,3.67,0.964,53.8,5.09,0.63,12.08
001069,华泰柏瑞消费成长混合,混合型-灵活,9.07,0.25y,定期定额(周),8.51,4.13,1.07,61.5,4.17,-1.49,12.07
022677,富国中证A500指数增强C,指数型-股票,3.4,0.25y,定期定额(周),9.95,3.17,1.043,53.8,4.86,-0.25,12.07
010213,中欧互联网先锋混合A,混合型-偏股,32.46,0.25y,价值平均法,13.08,11.62,-0.063,66.7,6.34,7.04,12.02
016936,博时中证1000指数增强A,指数型-股票,3.94,0.25y,定期定额(周),10.97,4.21,0.91,53.8,5.34,-0.04,12.01
007939,华夏网购精选混合C,混合型-灵活,3.76,0.25y,定期定额(周),8.13,2.56,0.955,61.5,3.99,-0.22,12.0
014201,天弘中证1000指数增强A,指数型-股票,8.57,0.25y,定期定额(周),11.7,5.05,0.791,53.8,5.69,0.76,11.99
010481,汇添富高质量成长精选2年持有混合,混合型-偏股,12.84,0.25y,定期定额(周),13.35,4.3,0.34,53.8,6.46,4.46,11.97
018728,华夏智胜新锐股票A,股票型,6.48,0.25y,定期定额(周),11.87,5.05,0.732,53.8,5.77,1.35,11.97
010349,诺安低碳经济股票C,股票型,2.31,0.25y,定期定额(周),12.37,4.73,0.578,53.8,6.01,2.69,11.95
016937,博时中证1000指数增强C,指数型-股票,2.87,0.25y,定期定额(周),10.89,4.22,0.897,53.8,5.3,-0.01,11.95
161609,融通动力先锋混合A/B,混合型-偏股,4.1,0.25y,定期定额(周),13.13,3.94,0.737,46.2,6.36,2.24,11.95
563500,A500ETF华宝,指数型-股票,4.75,0.25y,定期定额(周),10.41,3.32,0.898,53.8,5.08,0.54,11.95
014202,天弘中证1000指数增强C,指数型-股票,9.86,0.25y,定期定额(周),11.62,5.06,0.78,53.8,5.65,0.79,11.94
000311,景顺长城沪深300指数增强A,指数型-股票,28.94,0.25y,定期定额(周),9.8,2.82,0.949,53.8,4.78,0.42,11.92
010214,中欧互联网先锋混合C,混合型-偏股,10.57,0.25y,价值平均法,12.9,11.65,-0.082,66.7,6.25,7.08,11.91
166009,中欧新动力混合(LOF)A,混合型-偏股,7.84,0.25y,定期定额(周),8.29,2.92,1.271,53.8,4.06,-1.22,11.9
011271,汇添富价值成长均衡投资混合A,混合型-偏股,10.73,0.25y,定期定额(周),12.89,4.34,0.407,53.8,6.25,3.85,11.89
013816,汇添富中证光伏产业指数增强发起式A,指数型-股票,2.8,0.25y,价值平均法,11.39,12.29,0.256,66.7,5.54,4.05,11.89
018729,华夏智胜新锐股票C,股票型,16.22,0.25y,定期定额(周),11.76,5.05,0.715,53.8,5.72,1.4,11.89
015679,景顺长城沪深300指数增强C,指数型-股票,5.03,0.25y,定期定额(周),9.75,2.77,0.937,53.8,4.76,0.44,11.88
163801,中银中国混合(LOF)A,混合型-灵活,5.76,0.25y,定期定额(周),12.99,4.08,0.757,46.2,6.3,1.87,11.88
000368,汇添富沪深300安中指数A,指数型-股票,7.06,0.25y,定期定额(周),4.88,2.47,1.214,69.2,2.41,-1.93,11.87
013817,汇添富中证光伏产业指数增强发起式C,指数型-股票,6.67,0.25y,价值平均法,11.33,12.29,0.247,66.7,5.51,4.08,11.85
040018,华安香港精选股票(QDII),QDII-普通股票,5.33,0.25y,定期定额(周),14.6,6.86,0.537,46.2,7.05,3.52,11.85
561700,电力ETF博时,指数型-股票,3.48,0.25y,价值平均法,5.64,8.1,1.499,66.7,2.78,-6.81,11.85
016067,鹏华新能源汽车混合A,混合型-偏股,12.49,0.25y,价值平均法,9.75,16.3,0.682,66.7,4.76,-0.67,11.84
008619,永赢医药健康C,股票型,3.2,0.25y,定期定额(周),8.89,4.48,0.962,61.5,4.35,-2.3,11.83
501025,鹏华中证香港银行指数(LOF)A,指数型-股票,7.58,0.25y,定期定额(周),8.23,2.41,0.836,61.5,4.03,0.3,11.83
000877,华泰柏瑞量化优选混合,混合型-灵活,5.87,0.25y,定期定额(周),9.58,2.85,0.955,53.8,4.68,0.29,11.82
002803,东方红沪港深混合,混合型-灵活,20.35,0.25y,定期定额(周),9.72,3.97,1.086,53.8,4.75,-1.66,11.82
009988,信澳蓝筹精选股票A,股票型,2.21,0.25y,定期定额(周),12.25,4.25,0.874,46.2,5.95,1.53,11.82
010365,鹏华中证香港银行指数(LOF)C,指数型-股票,24.14,0.25y,定期定额(周),8.19,2.41,0.831,61.5,4.02,0.31,11.81
159356,A500ETF万家,指数型-股票,10.82,0.25y,定期定额(周),10.26,3.34,0.864,53.8,5.0,0.64,11.81
009704,南方景气驱动混合A,混合型-偏股,14.98,0.25y,定期定额(周),7.76,2.81,0.985,61.5,3.81,-0.8,11.8
012463,博时成长优势混合A,混合型-偏股,6.64,0.25y,定期定额(周),6.18,5.59,1.113,69.2,3.04,-2.88,11.8
022385,华夏中证信息技术应用创新产业ETF发起式联接C,指数型-股票,2.09,0.25y,价值平均法,11.17,13.36,0.257,66.7,5.44,4.13,11.8
005113,平安沪深300指数量化A,指数型-股票,5.68,0.25y,定期定额(周),10.13,3.02,0.839,53.8,4.94,0.86,11.78
163808,中银中证A100指数增强,指数型-股票,3.76,0.25y,定期定额(周),9.44,2.78,0.944,53.8,4.62,0.33,11.76
690011,民生加银积极成长混合发起式,混合型-灵活,2.69,0.25y,定期定额(周),9.06,3.55,0.755,61.5,4.43,0.41,11.76
005368,富国清洁能源产业混合A,混合型-灵活,4.36,0.25y,价值平均法,6.27,3.06,1.013,66.7,3.09,-0.57,11.75
159565,汽车零部件ETF易方达,指数型-股票,2.04,0.25y,定期定额(周),17.57,5.22,0.113,38.5,8.43,7.84,11.74
000362,国泰聚信价值优势混合A,混合型-灵活,12.55,0.25y,定期定额(周),8.91,5.18,0.874,61.5,4.36,-0.72,11.73
016068,鹏华新能源汽车混合C,混合型-偏股,9.9,0.25y,价值平均法,9.53,16.33,0.667,66.7,4.66,-0.63,11.73
016276,招商中证800指数增强A,指数型-股票,2.19,0.25y,定期定额(周),10.36,3.57,0.827,53.8,5.05,0.8,11.73
516270,新能源ETF华安,指数型-股票,2.84,0.25y,价值平均法,13.73,7.34,1.407,33.3,6.64,-2.94,11.73
000824,圆信永丰双利A,混合型-灵活,3.97,0.25y,定期定额(周),9.56,3.77,1.0,53.8,4.67,-0.14,11.72
100038,富国沪深300指数增强A,指数型-股票,46.17,0.25y,定期定额(周),7.83,2.7,0.911,61.5,3.84,-0.39,11.71
010412,汇安均衡优选混合A,混合型-偏股,3.47,0.25y,定期定额(周),3.1,1.59,1.464,69.2,1.54,-3.53,11.7
018963,国泰海通量化选股混合发起D,混合型-偏股,6.44,0.25y,价值平均法,14.61,9.68,1.169,33.3,7.05,0.15,11.68
160225,国泰国证新能源汽车指数A,指数型-股票,13.94,0.25y,价值平均法,7.53,6.9,0.952,66.7,3.7,-2.27,11.68
560580,电力ETF南方,指数型-股票,3.03,0.25y,价值平均法,5.38,8.15,1.468,66.7,2.65,-6.8,11.68
007280,摩根日本精选股票(QDII)A,QDII-普通股票,19.38,0.25y,定期定额(周),13.89,7.3,0.191,53.8,6.72,5.69,11.67
013291,富国沪深300指数增强C,指数型-股票,9.95,0.25y,定期定额(周),7.77,2.68,0.901,61.5,3.81,-0.35,11.67
519110,浦银安盛价值成长混合A,混合型-偏股,6.13,0.25y,定期定额(周),6.8,4.58,0.941,69.2,3.34,-2.78,11.67
001064,广发中证环保ETF联接A,指数型-股票,4.67,0.25y,价值平均法,7.23,7.32,0.976,66.7,3.55,-1.8,11.66
001324,华宝新价值混合,混合型-灵活,2.38,0.25y,定期定额(周),9.01,2.56,0.958,53.8,4.41,0.25,11.66
005114,平安沪深300指数量化C,指数型-股票,10.48,0.25y,定期定额(周),9.99,3.02,0.811,53.8,4.88,0.92,11.66
517330,长江保护ETF易方达,指数型-股票,17.31,0.25y,定期定额(周),8.03,3.74,0.939,61.5,3.94,-0.79,11.66
002316,创金合信中证500指数增强C,指数型-股票,3.3,0.25y,定期定额(周),11.73,4.69,0.571,53.8,5.7,2.31,11.64
009705,南方景气驱动混合C,混合型-偏股,3.28,0.25y,定期定额(周),7.58,2.81,0.949,61.5,3.72,-0.73,11.64
003292,嘉实优势成长混合A,混合型-灵活,4.95,0.25y,定期定额(周),10.86,4.35,0.719,53.8,5.29,1.54,11.63
000363,国泰聚信价值优势混合C,混合型-灵活,7.77,0.25y,定期定额(周),8.77,5.15,0.85,61.5,4.29,-0.65,11.62
001806,易方达瑞智灵活配置混合I,混合型-灵活,3.9,0.25y,定期定额(周),2.5,0.34,1.569,53.8,1.24,-0.38,11.62
310318,申万菱信沪深300指数增强A,指数型-股票,8.07,0.25y,定期定额(周),8.88,2.6,0.974,53.8,4.34,0.09,11.62
019449,摩根日本精选股票(QDII)C,QDII-普通股票,9.3,0.25y,定期定额(周),13.78,7.3,0.177,53.8,6.67,5.74,11.6
519100,长盛中证A100指数,指数型-股票,2.52,0.25y,定期定额(周),9.22,2.81,0.925,53.8,4.51,0.28,11.6
019392,嘉实匠心严选混合A,混合型-偏股,6.52,0.25y,定期定额(周),9.58,3.65,0.945,53.8,4.68,-0.28,11.59
398021,中海能源策略混合,混合型-灵活,8.85,0.25y,定期定额(周),19.33,5.75,0.058,30.8,9.24,9.27,11.59
673100,西部利得沪深300指数增强A,指数型-股票,2.14,0.25y,定期定额(周),7.31,2.46,0.935,61.5,3.59,-0.54,11.59
001564,东方红京东大数据混合A,混合型-灵活,29.09,0.25y,定期定额(周),10.65,3.46,0.648,53.8,5.19,2.13,11.56
008238,中泰沪深300增强A,指数型-股票,2.87,0.25y,定期定额(周),8.88,2.54,0.933,53.8,4.35,0.35,11.56
011127,富国清洁能源产业混合C,混合型-灵活,2.02,0.25y,价值平均法,6.09,3.07,0.967,66.7,3.0,-0.51,11.56
159358,中证A500ETF大成,指数型-股票,10.94,0.25y,定期定额(周),9.9,3.32,0.812,53.8,4.83,0.73,11.54
561560,电力ETF华泰柏瑞,指数型-股票,28.66,0.25y,价值平均法,5.13,8.15,1.448,66.7,2.53,-6.75,11.54
563860,中证A500ETF海富通,指数型-股票,2.47,0.25y,定期定额(周),9.93,3.33,0.805,53.8,4.85,0.77,11.54
009029,工银高质量成长混合A,混合型-偏股,7.39,0.25y,定期定额(周),11.01,4.21,0.644,53.8,5.36,1.59,11.53
501219,华夏智胜先锋股票(LOF)A,股票型,11.13,0.25y,定期定额(周),11.11,4.84,0.653,53.8,5.41,1.67,11.53
007804,申万菱信沪深300指数增强C,指数型-股票,2.12,0.25y,定期定额(周),8.77,2.6,0.951,53.8,4.29,0.14,11.51
002846,泓德泓华混合,混合型-灵活,2.76,0.25y,定期定额(周),10.47,4.43,0.735,53.8,5.1,1.23,11.48
006048,长城中证500指数增强A,指数型-股票,8.38,0.25y,定期定额(周),10.71,4.82,0.739,53.8,5.22,0.61,11.48
159360,A500ETF天弘,指数型-股票,15.5,0.25y,定期定额(周),9.8,3.34,0.795,53.8,4.79,0.74,11.46
014198,华夏智胜先锋股票C,股票型,17.53,0.25y,定期定额(周),11.01,4.85,0.637,53.8,5.36,1.71,11.45
009887,广发稳健优选六个月持有期混合A,混合型-平衡,5.46,0.25y,价值平均法,14.84,7.88,0.958,33.3,7.16,1.48,11.44
159362,A500ETF工银,指数型-股票,17.81,0.25y,定期定额(周),9.77,3.35,0.791,53.8,4.77,0.75,11.44
515360,沪深300ETF方正富邦,指数型-股票,2.38,0.25y,定期定额(周),8.9,2.72,0.906,53.8,4.35,0.25,11.44
017535,东方红京东大数据混合C,混合型-灵活,21.67,0.25y,定期定额(周),10.52,3.46,0.618,53.8,5.13,2.19,11.43
159611,电力ETF广发,指数型-股票,66.88,0.25y,价值平均法,4.97,8.16,1.428,66.7,2.45,-6.7,11.43
517160,长江保护ETF南方,指数型-股票,17.07,0.25y,定期定额(周),7.72,3.74,0.895,61.5,3.79,-0.71,11.43
006593,博道中证500增强A,指数型-股票,14.95,0.25y,定期定额(周),12.83,4.92,0.617,46.2,6.22,2.47,11.42
007413,长城中证500指数增强C,指数型-股票,13.51,0.25y,定期定额(周),10.62,4.82,0.727,53.8,5.18,0.65,11.42
008328,诺安新兴产业混合,混合型-偏股,2.38,0.25y,定期定额(周),11.37,5.57,0.583,53.8,5.53,1.99,11.42
162213,宏利沪深300指数增强A,指数型-股票,5.39,0.25y,定期定额(周),11.14,2.75,0.771,46.2,5.42,1.67,11.42
040002,华安中国A股增强指数,指数型-股票,9.85,0.25y,定期定额(周),10.13,3.18,0.673,53.8,4.94,1.52,11.4
005635,博时量化多策略股票A,股票型,2.94,0.25y,定期定额(周),10.16,3.66,0.709,53.8,4.96,1.24,11.39
004945,长信中证500指数增强A,指数型-股票,2.44,0.25y,定期定额(周),9.01,4.2,1.034,53.8,4.41,-1.69,11.38
008592,天弘沪深300指数增强发起A,指数型-股票,7.09,0.25y,定期定额(周),8.77,2.71,0.903,53.8,4.29,0.22,11.38
159357,A500ETF博时,指数型-股票,19.11,0.25y,定期定额(周),9.66,3.33,0.784,53.8,4.72,0.75,11.38
014279,汇添富北交所创新精选两年定开混合A,混合型-偏股,2.7,0.25y,价值平均法,13.63,19.11,-0.633,66.7,6.6,13.73,11.37
006594,博道中证500增强C,指数型-股票,12.46,0.25y,定期定额(周),12.74,4.93,0.605,46.2,6.18,2.5,11.36
017978,信澳优享生活混合C,混合型-偏股,3.22,0.25y,定期定额(周),12.28,7.74,0.401,53.8,5.96,3.42,11.34
000996,中银新动力股票A,股票型,5.66,0.25y,定期定额(周),12.29,4.66,0.672,46.2,5.97,2.04,11.33
009566,汇安泓阳三年持有期混合,混合型-偏股,5.14,0.25y,定期定额(周),2.71,1.6,1.385,69.2,1.35,-3.51,11.32
515810,中证800ETF易方达,指数型-股票,5.57,0.25y,定期定额(周),9.58,3.28,0.769,53.8,4.68,0.81,11.32
000172,华泰柏瑞量化增强混合A,混合型-偏股,12.45,0.25y,定期定额(周),8.7,2.95,0.916,53.8,4.26,0.01,11.31
008415,国泰大制造两年持有期混合,混合型-偏股,3.93,0.25y,价值平均法,13.16,8.66,1.278,33.3,6.38,-1.26,11.31
001736,圆信永丰优加生活,股票型,12.54,0.25y,定期定额(周),9.2,3.89,0.884,53.8,4.5,0.14,11.3
008593,天弘沪深300指数增强发起C,指数型-股票,2.97,0.25y,定期定额(周),8.7,2.72,0.885,53.8,4.26,0.26,11.3
003876,华宝沪深300增强策略ETF发起式联接A,指数型-股票,5.95,0.25y,定期定额(周),7.07,2.48,0.838,61.5,3.47,-0.04,11.29
005870,鹏华沪深300指数增强A,指数型-股票,15.06,0.25y,定期定额(周),8.45,2.96,0.952,53.8,4.14,-0.14,11.27
000594,大摩进取优选股票,股票型,2.93,0.25y,定期定额(周),10.83,3.64,0.852,46.2,5.27,1.26,11.26
020015,国泰区位优势混合A,混合型-偏股,2.22,0.25y,定期定额(周),12.02,3.82,0.979,38.5,5.84,1.29,11.26
022440,万家中证A500ETF发起式联接A,指数型-股票,3.46,0.25y,定期定额(周),9.3,3.2,0.79,53.8,4.55,0.7,11.26
022432,中欧中证A500指数发起A,指数型-股票,3.54,0.25y,定期定额(周),9.29,3.18,0.782,53.8,4.54,0.7,11.24
202003,南方绩优成长混合A,混合型-偏股,43.73,0.25y,定期定额(周),9.92,3.01,0.99,46.2,4.84,0.18,11.24
009199,万家价值优势一年持有期混合,混合型-偏股,6.95,0.25y,价值平均法,10.66,10.22,0.05,66.7,5.19,5.0,11.23
001667,南方转型增长混合A,混合型-灵活,8.89,0.25y,定期定额(周),7.89,4.44,1.161,53.8,3.87,-1.79,11.22
159300,沪深300ETF富国,指数型-股票,9.85,0.25y,定期定额(周),8.72,2.79,0.851,53.8,4.27,0.37,11.22
159757,电池ETF景顺,指数型-股票,2.32,0.25y,价值平均法,6.57,9.26,0.991,66.7,3.23,-3.69,11.22
001285,易方达新鑫混合I,混合型-灵活,2.37,0.25y,定期定额(周),2.25,0.34,1.505,53.8,1.12,-0.41,11.21
003957,安信量化精选沪深300增强A,指数型-股票,9.85,0.25y,定期定额(周),7.21,2.74,0.816,61.5,3.54,-0.33,11.21
005636,博时量化多策略股票C,股票型,2.36,0.25y,定期定额(周),9.94,3.66,0.669,53.8,4.85,1.33,11.21
016690,鹏华沪深300指数增强C,指数型-股票,8.31,0.25y,定期定额(周),8.37,2.97,0.935,53.8,4.1,-0.11,11.2
001471,融通新能源灵活配置混合A,混合型-灵活,5.08,0.25y,价值平均法,13.98,8.91,1.091,33.3,6.76,-0.81,11.18
020876,中欧景气精选混合A,混合型-偏股,16.75,0.25y,定期定额(周),10.1,4.04,0.669,53.8,4.93,0.95,11.18
022433,中欧中证A500指数发起C,指数型-股票,8.16,0.25y,定期定额(周),9.21,3.19,0.767,53.8,4.5,0.73,11.17
512020,A500ETF鹏华,指数型-股票,14.6,0.25y,定期定额(周),9.38,3.31,0.742,53.8,4.59,0.83,11.17
003958,安信量化精选沪深300增强C,指数型-股票,11.73,0.25y,定期定额(周),7.15,2.74,0.804,61.5,3.51,-0.3,11.16
009795,嘉实远见精选两年持有期混合,混合型-偏股,23.61,0.25y,定期定额(周),10.96,4.78,0.494,53.8,5.34,2.49,11.16
000696,汇添富环保行业股票,股票型,13.64,0.25y,价值平均法,11.96,6.67,1.375,33.3,5.81,-1.67,11.15
012744,光大品质生活混合A,混合型-偏股,3.48,0.25y,定期定额(周),11.5,3.48,0.641,46.2,5.59,2.34,11.14
013852,中信建投低碳成长混合C,混合型-偏股,3.36,0.25y,价值平均法,8.94,12.67,0.41,66.7,4.37,1.71,11.14
022421,大成中证A500ETF发起式联接A,指数型-股票,5.38,0.25y,定期定额(周),9.1,3.13,0.769,53.8,4.45,0.71,11.14
003015,中金沪深300指数增强A,指数型-股票,10.69,0.25y,定期定额(周),7.12,2.75,0.79,61.5,3.5,-0.07,11.13
001807,易方达瑞智灵活配置混合E,混合型-灵活,6.26,0.25y,定期定额(周),2.44,0.35,1.403,53.8,1.21,-0.31,11.12
015633,中金景气驱动混合发起A,混合型-偏股,2.4,0.25y,定期定额(周),8.26,2.61,0.877,53.8,4.05,0.22,11.12
019522,景顺长城价值发现混合A2,混合型-偏股,2.53,0.25y,定期定额(周),11.8,4.11,0.626,46.2,5.74,2.21,11.11
022428,天弘中证A500ETF联接A,指数型-股票,5.82,0.25y,定期定额(周),9.12,3.19,0.754,53.8,4.46,0.75,11.1
005776,中加转型动力混合C,混合型-灵活,2.71,0.25y,定期定额(周),9.37,3.09,0.696,53.8,4.58,0.88,11.09
014499,南方转型增长混合C,混合型-灵活,2.04,0.25y,定期定额(周),7.73,4.45,1.131,53.8,3.79,-1.72,11.09
020877,中欧景气精选混合C,混合型-偏股,36.69,0.25y,定期定额(周),9.98,4.04,0.651,53.8,4.87,0.99,11.09
022442,工银中证A500ETF联接A,指数型-股票,9.09,0.25y,定期定额(周),9.05,3.2,0.759,53.8,4.43,0.72,11.08
022422,大成中证A500ETF发起式联接C,指数型-股票,2.7,0.25y,定期定额(周),9.02,3.13,0.753,53.8,4.41,0.75,11.07
022930,易方达中证A500ETF联接Y,指数型-股票,3.63,0.25y,定期定额(周),9.07,3.19,0.748,53.8,4.44,0.76,11.07
159339,A500ETF银华,指数型-股票,25.58,0.25y,定期定额(周),9.24,3.33,0.727,53.8,4.52,0.82,11.07
563220,A500ETF富国,指数型-股票,93.64,0.25y,定期定额(周),9.28,3.36,0.719,53.8,4.54,0.87,11.07
022429,天弘中证A500ETF联接C,指数型-股票,8.31,0.25y,定期定额(周),9.07,3.19,0.744,53.8,4.44,0.77,11.06
022459,易方达中证A500ETF联接A,指数型-股票,29.21,0.25y,定期定额(周),9.06,3.19,0.747,53.8,4.43,0.76,11.06
159361,A500ETF易方达,指数型-股票,247.71,0.25y,定期定额(周),9.27,3.36,0.72,53.8,4.53,0.86,11.06
563800,A500ETF广发,指数型-股票,116.52,0.25y,定期定额(周),9.27,3.35,0.718,53.8,4.53,0.87,11.06
019354,易方达平衡视野混合A1,混合型-偏股,5.79,0.25y,定期定额(周),8.66,4.53,0.911,53.8,4.24,-0.18,11.05
150103,银河银泰混合,混合型-偏股,9.89,0.25y,定期定额(周),9.59,2.48,0.522,53.8,4.68,2.34,11.05
159353,中证A500ETF景顺,指数型-股票,39.97,0.25y,定期定额(周),9.23,3.33,0.722,53.8,4.51,0.84,11.05
378006,摩根全球新兴市场混合(QDII),QDII-混合偏股,6.1,0.25y,定期定额(周),12.67,5.39,0.477,46.2,6.14,3.29,11.05
011837,鹏扬中国优质成长混合A,混合型-偏股,3.47,0.25y,定期定额(周),9.19,4.59,0.797,53.8,4.5,0.51,11.04
519772,交银新生活力灵活配置混合A,混合型-灵活,27.69,0.25y,定期定额(周),10.59,3.11,0.766,46.2,5.16,1.21,11.04
019521,景顺长城价值发现混合A1,混合型-偏股,3.49,0.25y,定期定额(周),11.69,4.12,0.61,46.2,5.69,2.26,11.03
512050,A500ETF华夏,指数型-股票,260.85,0.25y,定期定额(周),9.22,3.34,0.712,53.8,4.51,0.88,11.03
003579,中金沪深300指数增强C,指数型-股票,4.8,0.25y,定期定额(周),7.01,2.75,0.765,61.5,3.44,-0.02,11.02
005037,银华新能源新材料A,股票型,5.92,0.25y,价值平均法,6.52,7.37,0.821,66.7,3.21,-1.66,11.02
022443,工银中证A500ETF联接C,指数型-股票,4.5,0.25y,定期定额(周),8.98,3.2,0.747,53.8,4.39,0.74,11.02
022460,易方达中证A500ETF联接C,指数型-股票,22.39,0.25y,定期定额(周),9.01,3.19,0.737,53.8,4.41,0.78,11.02
000029,富国宏观策略灵活配置混合A,混合型-灵活,2.26,0.25y,定期定额(周),8.77,5.7,0.557,61.5,4.29,0.86,11.01
022457,博时中证A500ETF联接A,指数型-股票,6.04,0.25y,定期定额(周),8.92,3.16,0.745,53.8,4.36,0.72,11.0
159338,中证A500ETF国泰,指数型-股票,290.65,0.25y,定期定额(周),9.16,3.34,0.71,53.8,4.48,0.86,11.0
563360,A500ETF华泰柏瑞,指数型-股票,381.89,0.25y,定期定额(周),9.18,3.34,0.708,53.8,4.49,0.88,11.0
159352,A500ETF南方,指数型-股票,365.44,0.25y,定期定额(周),9.18,3.35,0.704,53.8,4.49,0.89,10.99
560610,A500ETF招商,指数型-股票,51.08,0.25y,定期定额(周),9.17,3.34,0.703,53.8,4.48,0.9,10.99
001286,易方达新鑫混合E,混合型-灵活,23.0,0.25y,定期定额(周),2.2,0.34,1.434,53.8,1.1,-0.39,10.98
159359,A500ETF华安,指数型-股票,8.12,0.25y,定期定额(周),9.13,3.32,0.707,53.8,4.46,0.86,10.98
162209,宏利市值优选混合A,混合型-偏股,9.61,0.25y,定期定额(周),6.36,2.76,0.882,61.5,3.13,-0.63,10.98
563880,A500ETF汇添富,指数型-股票,19.8,0.25y,定期定额(周),9.15,3.33,0.705,53.8,4.48,0.88,10.98
000656,前海开源沪深300指数A,指数型-股票,2.61,0.25y,定期定额(周),8.25,2.59,0.807,53.8,4.04,0.46,10.97
004716,中信保诚量化阿尔法股票A,股票型,4.83,0.25y,定期定额(周),8.8,2.85,0.708,53.8,4.3,1.04,10.95
008418,惠升惠泽混合A,混合型-灵活,10.82,0.25y,定期定额(周),10.96,4.09,0.345,53.8,5.34,3.38,10.95
022424,广发中证A500ETF联接A,指数型-股票,27.15,0.25y,定期定额(周),8.92,3.2,0.722,53.8,4.36,0.81,10.95
022458,博时中证A500ETF联接C,指数型-股票,5.96,0.25y,定期定额(周),8.86,3.16,0.733,53.8,4.34,0.75,10.95
560510,中证A500ETF泰康,指数型-股票,31.27,0.25y,定期定额(周),9.1,3.34,0.703,53.8,4.45,0.85,10.95
005038,银华新能源新材料C,股票型,5.75,0.25y,价值平均法,6.39,7.39,0.804,66.7,3.14,-1.62,10.93
010824,天弘创新成长混合发起式A,混合型-偏股,3.39,0.25y,价值平均法,16.54,12.21,0.38,33.3,7.95,5.8,10.92
512080,A500ETF中金,指数型-股票,7.64,0.25y,定期定额(周),9.03,3.31,0.699,53.8,4.42,0.87,10.92
022425,广发中证A500ETF联接C,指数型-股票,13.01,0.25y,定期定额(周),8.87,3.2,0.713,53.8,4.34,0.82,10.9
159755,电池ETF广发,指数型-股票,119.36,0.25y,价值平均法,6.03,9.48,0.944,66.7,2.97,-3.63,10.9
200002,长城久泰沪深300指数A,指数型-股票,7.98,0.25y,定期定额(周),8.09,2.98,0.869,53.8,3.96,-0.22,10.9
003396,东方红优享红利混合A,混合型-灵活,9.2,0.25y,定期定额(周),8.34,2.97,0.787,53.8,4.08,0.62,10.89
002871,华夏智胜价值成长A,股票型,4.69,0.25y,定期定额(周),10.25,4.95,0.513,53.8,5.0,2.02,10.87
320014,诺安沪深300指数增强A,指数型-股票,3.53,0.25y,定期定额(周),6.94,2.57,0.687,61.5,3.41,0.32,10.87
001249,易方达新利灵活配置混合,混合型-灵活,5.88,0.25y,定期定额(周),3.14,0.55,1.306,53.8,1.56,-0.3,10.85
001990,中欧数据挖掘多因子混合A,混合型-灵活,18.24,0.25y,定期定额(周),9.95,5.07,0.576,53.8,4.86,1.52,10.85
022473,兴全中证A500指数增强A,指数型-股票,2.86,0.25y,定期定额(周),8.74,3.23,0.721,53.8,4.28,0.7,10.85
008419,惠升惠泽混合C,混合型-灵活,5.59,0.25y,定期定额(周),10.79,4.09,0.317,53.8,5.26,3.45,10.82
560530,中证A500ETF摩根,指数型-股票,33.06,0.25y,定期定额(周),8.93,3.34,0.673,53.8,4.37,0.93,10.82
002872,华夏智胜价值成长C,股票型,3.35,0.25y,定期定额(周),10.18,4.95,0.502,53.8,4.97,2.05,10.81
022434,南方中证A500ETF联接A,指数型-股票,41.75,0.25y,定期定额(周),8.79,3.22,0.688,53.8,4.3,0.89,10.81
001342,易方达新享混合A,混合型-灵活,2.1,0.25y,定期定额(周),4.68,0.82,1.354,46.2,2.31,0.11,10.8
006600,人保沪深300A,指数型-股票,5.37,0.25y,定期定额(周),7.9,2.6,0.804,53.8,3.88,0.35,10.8
022430,华夏中证A500ETF联接A,指数型-股票,37.33,0.25y,定期定额(周),8.72,3.21,0.696,53.8,4.27,0.83,10.8
022979,华夏中证A500ETF联接Y,指数型-股票,3.0,0.25y,定期定额(周),8.71,3.21,0.697,53.8,4.26,0.83,10.8
110030,易方达沪深300量化增强A,指数型-股票,9.35,0.25y,定期定额(周),7.9,2.55,0.804,53.8,3.88,0.24,10.8
011420,广发全球科技三个月定开混合(QDII)人民币A,QDII-混合偏股,6.55,0.25y,价值平均法,6.95,7.32,0.563,66.7,3.42,0.92,10.79
010659,民生加银质量领先混合A,混合型-偏股,10.81,0.25y,定期定额(周),9.28,3.45,0.59,53.8,4.54,1.39,10.78
022463,富国中证A500ETF发起式联接A,指数型-股票,11.07,0.25y,定期定额(周),8.86,3.35,0.672,53.8,4.33,0.93,10.78
159351,A500ETF嘉实,指数型-股票,96.13,0.25y,定期定额(周),8.91,3.35,0.663,53.8,4.36,0.96,10.78
010352,诺安沪深300指数增强C,指数型-股票,2.47,0.25y,定期定额(周),6.84,2.57,0.663,61.5,3.36,0.37,10.77
022438,华泰柏瑞中证A500ETF联接A,指数型-股票,9.49,0.25y,定期定额(周),8.67,3.2,0.692,53.8,4.24,0.83,10.77
022474,兴全中证A500指数增强C,指数型-股票,2.52,0.25y,定期定额(周),8.64,3.23,0.701,53.8,4.23,0.74,10.77
022665,鹏华中证A500ETF联接A,指数型-股票,4.77,0.25y,定期定额(周),8.6,3.13,0.7,53.8,4.21,0.8,10.77
010779,西部利得量化优选一年持有A,混合型-偏股,2.49,0.25y,定期定额(周),12.24,5.39,0.428,46.2,5.94,3.35,10.76
022435,南方中证A500ETF联接C,指数型-股票,25.44,0.25y,定期定额(周),8.73,3.22,0.678,53.8,4.27,0.91,10.76
022426,泰康中证A500ETF联接A,指数型-股票,8.04,0.25y,定期定额(周),8.63,3.18,0.692,53.8,4.22,0.79,10.75
022464,富国中证A500ETF发起式联接C,指数型-股票,10.0,0.25y,定期定额(周),8.81,3.34,0.664,53.8,4.31,0.95,10.75
501076,鹏华创新动力混合(LOF),混合型-灵活,3.25,0.25y,价值平均法,10.37,14.39,-0.161,66.7,5.06,7.04,10.75
010064,圆信永丰兴研A,混合型-灵活,5.13,0.25y,定期定额(周),9.23,4.35,0.638,53.8,4.51,1.08,10.74
022444,景顺长城中证A500ETF联接A,指数型-股票,6.96,0.25y,定期定额(周),8.6,3.17,0.688,53.8,4.21,0.84,10.74
005614,摩根富时发达市场REITs指数(QDII)美钞,指数型-海外股票,2.75,0.25y,定期定额(周),8.02,4.02,0.82,53.8,3.93,0.98,10.73
005615,摩根富时发达市场REITs指数(QDII)美汇,指数型-海外股票,2.75,0.25y,定期定额(周),8.02,4.02,0.82,53.8,3.93,0.98,10.73
022431,华夏中证A500ETF联接C,指数型-股票,44.77,0.25y,定期定额(周),8.64,3.21,0.682,53.8,4.23,0.86,10.73
022439,华泰柏瑞中证A500ETF联接C,指数型-股票,15.74,0.25y,定期定额(周),8.62,3.21,0.683,53.8,4.22,0.85,10.73
563350,A50ETF华泰柏瑞,指数型-股票,2.94,0.25y,定期定额(周),7.17,2.63,0.948,53.8,3.52,-0.76,10.73
512090,MSCIA股ETF易方达,指数型-股票,6.02,0.25y,定期定额(周),8.29,3.15,0.748,53.8,4.06,0.46,10.72
014344,鹏华中证500指数增强A,指数型-股票,10.23,0.25y,定期定额(周),10.04,4.6,0.465,53.8,4.9,2.22,10.71
159330,沪深300ETF东财,指数型-股票,4.97,0.25y,定期定额(周),8.03,2.74,0.756,53.8,3.94,0.48,10.71
519171,浦银安盛医疗健康混合A,混合型-灵活,2.83,0.25y,定期定额(周),4.86,4.54,0.899,69.2,2.4,-3.69,10.71
022427,泰康中证A500ETF联接C,指数型-股票,8.3,0.25y,定期定额(周),8.56,3.18,0.68,53.8,4.19,0.82,10.7
015561,长城双动力混合C,混合型-偏股,3.93,0.25y,定期定额(周),7.84,5.23,0.955,53.8,3.85,-1.24,10.69
260116,景顺长城核心竞争力混合A,混合型-偏股,9.15,0.25y,定期定额(周),10.82,5.95,0.751,46.2,5.27,0.45,10.69
481009,工银沪深300指数A,指数型-股票,12.5,0.25y,定期定额(周),7.83,2.63,0.774,53.8,3.84,0.41,10.69
515160,MSCI中国ETF招商,指数型-股票,4.18,0.25y,定期定额(周),8.24,3.1,0.74,53.8,4.04,0.48,10.69
004234,中欧数据挖掘多因子混合C,混合型-灵活,10.16,0.25y,定期定额(周),9.72,5.08,0.542,53.8,4.75,1.61,10.68
022445,景顺长城中证A500ETF联接C,指数型-股票,9.48,0.25y,定期定额(周),8.54,3.18,0.677,53.8,4.18,0.86,10.68
007549,中泰开阳价值优选混合A,混合型-灵活,18.17,0.25y,定期定额(周),10.36,4.25,0.719,46.2,5.05,1.42,10.67
013179,广发国证新能源车电池ETF联接A,指数型-股票,4.74,0.25y,价值平均法,5.45,9.03,0.928,66.7,2.69,-3.52,10.67
015048,建信新能源行业股票C,股票型,4.24,0.25y,价值平均法,7.58,10.65,0.452,66.7,3.72,0.76,10.67
510350,沪深300ETF工银,指数型-股票,32.4,0.25y,定期定额(周),8.03,2.78,0.742,53.8,3.94,0.51,10.67
512990,MSCIA股ETF华夏,指数型-股票,2.08,0.25y,定期定额(周),8.28,3.14,0.723,53.8,4.06,0.56,10.67
007107,太平MSCI香港价值增强A,指数型-股票,2.54,0.25y,价值平均法,1.32,3.95,0.053,100.0,0.66,-0.03,10.66
002181,华安大安全主题混合A,混合型-灵活,2.53,0.25y,定期定额(周),13.71,7.03,0.066,46.2,6.63,6.73,10.65
159606,中证500成长ETF易方达,指数型-股票,3.46,0.25y,定期定额(周),11.71,5.01,0.472,46.2,5.69,2.87,10.65
510380,沪深300ETF国寿,指数型-股票,14.38,0.25y,定期定额(周),7.96,2.76,0.745,53.8,3.91,0.48,10.65
000535,长盛航天海工混合A,混合型-灵活,3.07,0.25y,定期定额(周),13.78,6.85,0.026,46.2,6.67,7.21,10.63
014345,鹏华中证500指数增强C,指数型-股票,13.94,0.25y,定期定额(周),9.93,4.61,0.447,53.8,4.85,2.26,10.63
022436,摩根中证A500ETF联接A,指数型-股票,3.96,0.25y,定期定额(周),8.51,3.17,0.657,53.8,4.17,0.92,10.63
013180,广发国证新能源车电池ETF联接C,指数型-股票,19.13,0.25y,价值平均法,5.38,9.04,0.92,66.7,2.66,-3.49,10.62
159673,沪深300ETF鹏华,指数型-股票,17.92,0.25y,定期定额(周),7.9,2.74,0.741,53.8,3.87,0.48,10.62
022465,华安中证A500ETF发起式联接A,指数型-股票,4.36,0.25y,定期定额(周),8.41,3.17,0.666,53.8,4.12,0.84,10.6
009984,鹏华启航混合,混合型-偏股,3.83,0.25y,定期定额(周),6.67,4.71,0.784,61.5,3.28,-1.37,10.59
022437,摩根中证A500ETF联接C,指数型-股票,8.84,0.25y,定期定额(周),8.46,3.17,0.648,53.8,4.15,0.94,10.59
022455,招商中证A500ETF发起式联接A,指数型-股票,12.77,0.25y,定期定额(周),8.65,3.15,0.602,53.8,4.23,1.26,10.59
005399,长信量化价值驱动混合A,混合型-偏股,6.26,0.25y,定期定额(周),5.93,2.42,0.767,61.5,2.92,-0.56,10.58
510390,沪深300ETF平安,指数型-股票,4.61,0.25y,定期定额(周),7.88,2.74,0.725,53.8,3.87,0.51,10.58
022454,嘉实中证A500ETF联接C,指数型-股票,11.77,0.25y,定期定额(周),8.41,3.2,0.654,53.8,4.12,0.88,10.57
010861,长信企业优选一年持有混合,混合型-灵活,3.77,0.25y,定期定额(周),11.85,4.27,0.337,46.2,5.76,3.92,10.56
012329,天弘中证新能源指数增强C,指数型-股票,2.96,0.25y,价值平均法,5.44,7.0,0.836,66.7,2.68,-2.55,10.56
022466,华安中证A500ETF发起式联接C,指数型-股票,2.54,0.25y,定期定额(周),8.36,3.17,0.656,53.8,4.09,0.86,10.56
018075,长盛航天海工混合C,混合型-灵活,3.14,0.25y,定期定额(周),13.65,6.85,0.013,46.2,6.61,7.25,10.55
022469,汇添富中证A500ETF联接A,指数型-股票,3.21,0.25y,定期定额(周),8.42,3.15,0.638,53.8,4.13,0.97,10.55
163409,兴全绿色投资混合(LOF),混合型-偏股,21.49,0.25y,定期定额(周),8.2,3.49,0.711,53.8,4.02,0.51,10.55
010434,红土创新医疗保健股票A,股票型,2.2,0.25y,定期定额(周),3.71,4.83,0.674,76.9,1.84,-2.88,10.54
022456,招商中证A500ETF发起式联接C,指数型-股票,17.03,0.25y,定期定额(周),8.59,3.15,0.591,53.8,4.21,1.29,10.54
516070,低碳ETF易方达,指数型-股票,2.21,0.25y,价值平均法,5.32,6.7,0.821,66.7,2.62,-2.0,10.54
022453,嘉实中证A500ETF联接A,指数型-股票,6.04,0.25y,定期定额(周),8.33,3.2,0.652,53.8,4.08,0.85,10.53
519300,大成沪深300指数A,指数型-股票,10.39,0.25y,定期定额(周),7.64,2.6,0.736,53.8,3.75,0.48,10.53
005481,银华瑞泰灵活配置混合,混合型-灵活,2.54,0.25y,价值平均法,5.97,6.26,0.655,66.7,2.94,-0.63,10.52
515380,沪深300ETF泰康,指数型-股票,34.37,0.25y,定期定额(周),7.79,2.77,0.719,53.8,3.82,0.49,10.52
009376,景顺长城成长领航混合,混合型-偏股,8.88,0.25y,定期定额(周),13.86,4.72,0.285,38.5,6.71,5.07,10.51
022470,汇添富中证A500ETF联接C,指数型-股票,3.18,0.25y,定期定额(周),8.37,3.15,0.628,53.8,4.1,0.99,10.51
159968,中证500ETF博时,指数型-股票,6.31,0.25y,定期定额(周),11.13,5.1,0.538,46.2,5.42,2.14,10.51
159925,沪深300ETF南方,指数型-股票,25.44,0.25y,定期定额(周),7.79,2.78,0.712,53.8,3.82,0.53,10.5
014155,国泰海通中证500指数增强A,指数型-股票,24.84,0.25y,定期定额(周),8.6,4.89,0.703,53.8,4.21,-0.12,10.49
002562,泓德泓益量化混合A,混合型-偏股,2.89,0.25y,定期定额(周),7.91,2.94,0.696,53.8,3.88,0.54,10.48
005761,招商MSCI中国A股国际ETF联接A,指数型-股票,3.41,0.25y,定期定额(周),7.78,2.94,0.72,53.8,3.82,0.47,10.48
007130,中庚小盘价值股票,股票型,11.25,0.25y,定期定额(周),8.73,4.46,0.63,53.8,4.27,0.82,10.48
009669,长信量化价值驱动混合C,混合型-偏股,2.13,0.25y,定期定额(周),5.83,2.42,0.743,61.5,2.87,-0.51,10.48
159591,A50ETF富国,指数型-股票,5.34,0.25y,定期定额(周),6.93,2.67,0.886,53.8,3.41,-0.64,10.48
515660,沪深300ETF国联安,指数型-股票,25.92,0.25y,定期定额(周),7.75,2.75,0.707,53.8,3.8,0.53,10.48
000478,建信中证500指数增强A,指数型-股票,33.32,0.25y,定期定额(周),9.38,4.3,0.47,53.8,4.59,1.87,10.46
014508,汇添富先进制造混合A,混合型-偏股,3.8,0.25y,价值平均法,12.81,7.8,0.874,33.3,6.21,1.36,10.46
050007,博时平衡配置混合,混合型-平衡,2.92,0.25y,定期定额(周),8.96,2.5,0.733,46.2,4.38,1.39,10.45
014238,东财中证新能源指数增强C,指数型-股票,2.47,0.25y,价值平均法,5.5,7.14,0.76,66.7,2.71,-2.05,10.44
005711,永赢惠添利灵活配置混合,混合型-灵活,2.76,0.25y,定期定额(周),11.68,3.81,0.281,46.2,5.68,4.02,10.43
006486,广发中证1000ETF联接A,指数型-股票,2.11,0.25y,定期定额(周),10.82,4.85,0.552,46.2,5.27,1.98,10.43
050002,博时沪深300指数A,指数型-股票,43.41,0.25y,定期定额(周),6.12,2.73,0.678,61.5,3.01,-0.05,10.43
012124,博道盛彦混合A,混合型-偏股,6.72,0.25y,定期定额(周),10.34,3.32,0.526,46.2,5.04,2.4,10.42
160615,鹏华沪深300ETF联接(LOF)A,指数型-股票,6.28,0.25y,定期定额(周),7.45,2.6,0.726,53.8,3.66,0.44,10.42
510360,沪深300ETF广发,指数型-股票,29.13,0.25y,定期定额(周),7.69,2.77,0.694,53.8,3.77,0.56,10.42
560500,500质量成长ETF鹏扬,指数型-股票,3.88,0.25y,定期定额(周),11.34,5.01,0.433,46.2,5.52,2.94,10.42
014156,国泰海通中证500指数增强C,指数型-股票,16.61,0.25y,定期定额(周),8.48,4.89,0.687,53.8,4.15,-0.07,10.41
160527,博时研究优选混合(LOF)A,混合型-灵活,5.54,0.25y,价值平均法,-1.5,7.0,0.55,100.0,-0.75,-3.99,10.41
008390,国联安沪深300ETF联接A,指数型-股票,27.48,0.25y,定期定额(周),7.52,2.69,0.711,53.8,3.69,0.48,10.4
011733,银华瑞祥一年持有期混合,混合型-偏股,2.41,0.25y,价值平均法,5.62,5.75,0.65,66.7,2.77,-0.54,10.4
159596,A50ETF华宝,指数型-股票,4.3,0.25y,定期定额(周),6.8,2.63,0.876,53.8,3.34,-0.63,10.4
510530,中证500ETF工银,指数型-股票,4.27,0.25y,定期定额(周),10.97,5.13,0.513,46.2,5.34,2.22,10.39
460300,华泰柏瑞沪深300ETF联接A,指数型-股票,18.03,0.25y,定期定额(周),7.36,2.54,0.72,53.8,3.61,0.44,10.38
006939,鹏华沪深300ETF联接(LOF)C,指数型-股票,6.9,0.25y,定期定额(周),7.4,2.61,0.713,53.8,3.63,0.47,10.37
021211,富国中证A50ETF发起式联接C,指数型-股票,2.13,0.25y,定期定额(周),6.72,2.61,0.866,53.8,3.31,-0.57,10.36
005640,平安300ETF联接C,指数型-股票,2.49,0.25y,定期定额(周),7.42,2.6,0.698,53.8,3.65,0.53,10.35
006487,广发中证1000ETF联接C,指数型-股票,2.15,0.25y,定期定额(周),10.71,4.85,0.536,46.2,5.22,2.02,10.35
009623,长城创新驱动混合A,混合型-偏股,5.44,0.25y,定期定额(周),12.42,8.26,0.236,46.2,6.03,4.91,10.35
019079,国富招瑞优选股票A,股票型,2.01,0.25y,定期定额(周),10.35,4.23,0.568,46.2,5.05,2.0,10.35
165309,建信沪深300指数(LOF),指数型-股票,3.42,0.25y,定期定额(周),7.49,2.64,0.687,53.8,3.68,0.59,10.35
014766,中欧碳中和混合发起C,混合型-偏股,8.59,0.25y,价值平均法,11.78,11.05,1.208,33.3,5.73,-3.47,10.34
510310,沪深300ETF易方达,指数型-股票,1371.74,0.25y,定期定额(周),7.58,2.77,0.684,53.8,3.72,0.54,10.34
002385,博时沪深300指数C,指数型-股票,7.17,0.25y,定期定额(周),6.02,2.73,0.653,61.5,2.96,0.0,10.33
010695,华夏磐益一年定开混合,混合型-偏股,3.36,0.25y,价值平均法,7.46,12.07,0.292,66.7,3.66,1.94,10.33
006131,华泰柏瑞沪深300ETF联接C,指数型-股票,30.71,0.25y,定期定额(周),7.29,2.54,0.706,53.8,3.58,0.47,10.32
161005,富国天惠成长混合(LOF)A,混合型-偏股,185.32,0.25y,定期定额(周),8.87,3.97,0.487,53.8,4.34,1.7,10.32
018329,泉果思源三年持有期混合A,混合型-偏股,25.04,0.25y,定期定额(周),8.44,4.04,0.587,53.8,4.13,0.95,10.31
510330,沪深300ETF华夏,指数型-股票,902.18,0.25y,定期定额(周),7.54,2.77,0.676,53.8,3.7,0.56,10.31
007593,鹏扬中证500质量成长ETF联接A,指数型-股票,2.03,0.25y,定期定额(周),10.98,4.75,0.437,46.2,5.35,2.8,10.3
013048,富国中证新能源汽车指数(LOF)C,指数型-股票,3.08,0.25y,价值平均法,11.35,7.64,1.177,33.3,5.52,-2.43,10.3
562890,A50ETF嘉实,指数型-股票,3.6,0.25y,定期定额(周),6.67,2.64,0.858,53.8,3.28,-0.63,10.3
012125,博道盛彦混合C,混合型-偏股,19.92,0.25y,定期定额(周),10.19,3.32,0.499,46.2,4.97,2.45,10.29
161039,富国中证1000指数增强(LOF)A,指数型-股票,7.05,0.25y,定期定额(周),9.05,5.16,0.498,53.8,4.43,1.46,10.29
512510,中证500ETF华泰柏瑞,指数型-股票,10.36,0.25y,定期定额(周),10.8,5.14,0.497,46.2,5.26,2.23,10.29
008188,前海开源稳健增长三年混合,混合型-偏股,5.96,0.25y,定期定额(周),12.58,5.49,0.093,46.2,6.1,5.63,10.28
011479,广发诚享混合A,混合型-偏股,12.22,0.25y,定期定额(周),6.21,3.8,0.699,61.5,3.06,-1.26,10.27
159919,沪深300ETF嘉实,指数型-股票,928.03,0.25y,定期定额(周),7.49,2.77,0.666,53.8,3.68,0.58,10.27
515330,沪深300ETF天弘,指数型-股票,83.22,0.25y,定期定额(周),7.52,2.77,0.663,53.8,3.69,0.6,10.27
022928,易方达沪深300ETF联接Y,指数型-股票,2.14,0.25y,定期定额(周),7.3,2.63,0.686,53.8,3.59,0.51,10.26
110020,易方达沪深300ETF联接A,指数型-股票,129.57,0.25y,定期定额(周),7.3,2.63,0.687,53.8,3.59,0.51,10.26
510300,沪深300ETF华泰柏瑞,指数型-股票,1999.14,0.25y,定期定额(周),7.48,2.78,0.667,53.8,3.67,0.57,10.26
563520,沪深300ETF永赢,指数型-股票,4.53,0.25y,定期定额(周),7.5,2.77,0.66,53.8,3.68,0.6,10.26
001074,华泰柏瑞量化驱动混合A,混合型-灵活,3.46,0.25y,定期定额(周),7.57,2.77,0.641,53.8,3.72,0.7,10.25
004206,华商元亨混合A,混合型-灵活,21.4,0.25y,定期定额(周),11.94,4.89,0.2,46.2,5.8,4.64,10.25
013331,富国中证1000指数增强(LOF)C,指数型-股票,4.3,0.25y,定期定额(周),8.99,5.16,0.489,53.8,4.4,1.48,10.25
020749,国联智选先锋股票C,股票型,4.0,0.25y,定期定额(周),9.43,5.32,0.399,53.8,4.61,2.22,10.25
515390,沪深300ETF华安,指数型-股票,5.16,0.25y,定期定额(周),7.48,2.77,0.663,53.8,3.67,0.59,10.25
017458,长城创新驱动混合C,混合型-偏股,2.6,0.25y,定期定额(周),12.23,8.27,0.219,46.2,5.94,4.97,10.24
005741,南方君信混合A,混合型-灵活,3.99,0.25y,定期定额(周),8.34,3.42,0.518,53.8,4.08,1.53,10.23
021046,平安港股通红利精选混合发起式A,混合型-偏股,3.08,0.25y,价值平均法,-0.43,2.68,0.218,100.0,-0.22,-1.34,10.23
000126,招商安润灵活配置混合A,混合型-灵活,2.56,0.25y,定期定额(周),9.31,4.94,0.396,53.8,4.55,2.18,10.22
006435,景顺长城创新成长混合,混合型-偏股,23.06,0.25y,定期定额(周),13.51,4.9,0.228,38.5,6.54,5.21,10.22
202015,南方沪深300ETF联接A,指数型-股票,12.77,0.25y,定期定额(周),7.27,2.65,0.677,53.8,3.57,0.53,10.22
515800,中证800ETF汇添富,指数型-股票,51.19,0.25y,定期定额(周),8.09,3.25,0.562,53.8,3.96,1.09,10.22
561230,中证A50ETF工银,指数型-股票,7.11,0.25y,定期定额(周),6.83,2.66,0.786,53.8,3.36,-0.33,10.22
630011,华商主题精选混合,混合型-偏股,2.88,0.25y,定期定额(周),7.13,5.83,0.93,53.8,3.5,-2.22,10.22
001166,建信环保产业股票A,股票型,4.33,0.25y,定期定额(周),6.66,6.45,0.642,61.5,3.27,-0.84,10.21
007339,易方达沪深300ETF联接C,指数型-股票,72.14,0.25y,定期定额(周),7.25,2.64,0.674,53.8,3.56,0.53,10.21
016840,博道惠泰优选混合A,混合型-偏股,5.07,0.25y,定期定额(周),7.88,3.15,0.595,53.8,3.87,0.8,10.21
160127,南方新兴消费增长股票(LOF)A,股票型,5.38,0.25y,定期定额(周),7.63,3.49,0.678,53.8,3.74,0.24,10.21
008396,博时中证500ETF联接A,指数型-股票,2.88,0.25y,定期定额(周),10.41,4.82,0.52,46.2,5.08,2.0,10.2
022450,银华中证A500ETF发起式联接A,指数型-股票,4.49,0.25y,定期定额(周),7.88,3.32,0.598,53.8,3.87,0.89,10.2
009989,华宝研究精选混合,混合型-偏股,6.55,0.25y,定期定额(周),0.84,3.5,0.674,84.6,0.42,-3.01,10.19
022167,富国资源精选混合发起式C,混合型-偏股,7.6,0.25y,价值平均法,10.94,16.15,1.538,33.3,5.33,-9.53,10.19
000961,天弘沪深300ETF联接A,指数型-股票,24.74,0.25y,定期定额(周),7.24,2.64,0.663,53.8,3.56,0.58,10.18
010150,南方君信混合C,混合型-灵活,5.0,0.25y,定期定额(周),8.28,3.43,0.506,53.8,4.06,1.55,10.18
009636,华泰柏瑞景气优选A,混合型-偏股,3.6,0.25y,定期定额(周),8.3,3.22,0.48,53.8,4.07,1.73,10.17
019053,华商元亨混合C,混合型-灵活,15.4,0.25y,定期定额(周),11.82,4.89,0.183,46.2,5.75,4.68,10.17
000051,华夏沪深300ETF联接A,指数型-股票,115.57,0.25y,定期定额(周),7.19,2.64,0.666,53.8,3.53,0.54,10.16
001433,易方达瑞景混合,混合型-灵活,5.83,0.25y,定期定额(周),2.87,0.55,1.103,53.8,1.43,-0.24,10.16
000613,国寿安保沪深300ETF联接A,指数型-股票,6.98,0.25y,定期定额(周),7.09,2.6,0.677,53.8,3.48,0.5,10.15
007675,工银产业升级股票C,股票型,2.56,0.25y,价值平均法,11.06,8.46,1.134,33.3,5.38,-1.49,10.15
014840,招商裕华混合,混合型-偏股,2.94,0.25y,定期定额(周),9.18,5.06,0.391,53.8,4.49,2.18,10.15
159982,中证500ETF鹏华,指数型-股票,3.04,0.25y,定期定额(周),10.55,5.11,0.481,46.2,5.14,2.23,10.15
160706,嘉实沪深300ETF联接A,指数型-股票,72.68,0.25y,定期定额(周),7.16,2.64,0.667,53.8,3.52,0.52,10.15
515310,沪深300ETF汇添富,指数型-股票,3.29,0.25y,定期定额(周),7.33,2.74,0.645,53.8,3.6,0.61,10.15
003494,富国天惠成长混合(LOF)C,混合型-偏股,12.04,0.25y,定期定额(周),8.64,3.98,0.449,53.8,4.23,1.78,10.14
008397,博时中证500ETF联接C,指数型-股票,2.05,0.25y,定期定额(周),10.33,4.82,0.508,46.2,5.04,2.03,10.14
022448,国泰中证A500ETF发起联接A,指数型-股票,13.6,0.25y,定期定额(周),7.94,3.2,0.55,53.8,3.89,1.15,10.14
000971,诺安新经济股票,股票型,7.44,0.25y,定期定额(周),9.15,5.6,0.41,53.8,4.47,2.0,10.13
005918,天弘沪深300ETF联接C,指数型-股票,60.09,0.25y,定期定额(周),7.2,2.65,0.651,53.8,3.54,0.6,10.13
012710,华夏核心成长混合C,混合型-偏股,3.89,0.25y,价值平均法,12.31,19.27,1.204,33.3,5.98,-6.49,10.13
017074,嘉实清洁能源股票发起式C,股票型,5.64,0.25y,价值平均法,5.55,13.03,0.641,66.7,2.74,-1.75,10.13
377016,摩根亚太优势混合(QDII)A,QDII-混合偏股,23.23,0.25y,定期定额(周),11.51,6.95,0.309,46.2,5.6,3.77,10.13
021103,国寿安保沪深300ETF联接C,指数型-股票,3.74,0.25y,定期定额(周),7.06,2.6,0.67,53.8,3.47,0.51,10.12
563080,中证A50ETF易方达,指数型-股票,15.95,0.25y,定期定额(周),6.45,2.66,0.821,53.8,3.17,-0.59,10.12
004342,南方沪深300ETF联接C,指数型-股票,3.48,0.25y,定期定额(周),7.16,2.66,0.653,53.8,3.52,0.57,10.11
002574,招商瑞庆混合A,混合型-灵活,2.91,0.25y,定期定额(周),4.61,0.77,1.05,46.2,2.28,0.51,10.1
007657,东方红中证竞争力指数A,指数型-股票,4.26,0.25y,定期定额(周),7.01,3.17,0.732,53.8,3.45,-0.02,10.1
012322,东财云计算增强C,指数型-股票,3.53,0.25y,价值平均法,7.18,11.05,0.215,66.7,3.53,2.52,10.1
021047,平安港股通红利精选混合发起式C,混合型-偏股,4.59,0.25y,价值平均法,-0.53,2.7,0.183,100.0,-0.26,-1.3,10.1
001272,兴业聚利灵活配置混合A,混合型-灵活,2.35,0.25y,定期定额(周),8.05,3.47,0.523,53.8,3.95,1.19,10.09
016841,博道惠泰优选混合C,混合型-偏股,8.68,0.25y,定期定额(周),7.75,3.16,0.569,53.8,3.8,0.86,10.09
022449,国泰中证A500ETF发起联接C,指数型-股票,5.6,0.25y,定期定额(周),7.87,3.21,0.537,53.8,3.86,1.18,10.09
660008,农银沪深300指数A,指数型-股票,8.06,0.25y,定期定额(周),7.11,2.61,0.647,53.8,3.5,0.58,10.09
005658,华夏沪深300ETF联接C,指数型-股票,23.97,0.25y,定期定额(周),7.11,2.63,0.647,53.8,3.49,0.57,10.08
008150,嘉实远见企业精选两年持有期混合,混合型-偏股,4.95,0.25y,定期定额(周),4.23,2.52,0.895,61.5,2.09,-1.29,10.07
008177,建信高股息主题股票,股票型,4.39,0.25y,定期定额(周),7.45,6.04,0.781,53.8,3.66,-1.18,10.07
022309,国联沪深300指数增强A,指数型-股票,2.42,0.25y,定期定额(周),5.9,2.71,0.558,61.5,2.91,0.29,10.07
007538,永赢沪深300ETF发起联接A,指数型-股票,2.56,0.25y,定期定额(周),7.09,2.63,0.64,53.8,3.48,0.59,10.06
159337,中证500ETF东财,指数型-股票,4.88,0.25y,定期定额(周),10.43,5.15,0.461,46.2,5.08,2.3,10.06
003016,中金中证500指数增强A,指数型-股票,8.87,0.25y,定期定额(周),8.85,4.67,0.395,53.8,4.33,2.02,10.05
006132,万家智造优势混合A,混合型-偏股,2.24,0.25y,定期定额(周),13.13,6.07,0.278,38.5,6.36,4.73,10.05
160724,嘉实沪深300ETF联接C,指数型-股票,2.1,0.25y,定期定额(周),7.06,2.64,0.641,53.8,3.47,0.58,10.05
270010,广发沪深300ETF联接A,指数型-股票,12.01,0.25y,定期定额(周),7.12,2.66,0.628,53.8,3.5,0.65,10.04
021265,兴业聚利灵活配置混合C,混合型-灵活,4.63,0.25y,定期定额(周),7.97,3.48,0.508,53.8,3.91,1.22,10.02
501043,汇添富沪深300指数(LOF)A,指数型-股票,2.44,0.25y,定期定额(周),7.05,2.66,0.631,53.8,3.46,0.6,10.02
159329,沙特ETF南方,指数型-海外股票,13.79,0.25y,价值平均法,1.82,3.91,-0.339,100.0,0.91,1.28,10.01
001214,华泰柏瑞中证500ETF联接A,指数型-股票,4.61,0.25y,定期定额(周),10.12,4.83,0.486,46.2,4.94,2.06,10.0
002987,广发沪深300ETF联接C,指数型-股票,8.65,0.25y,定期定额(周),7.07,2.66,0.616,53.8,3.47,0.67,9.99
004194,招商中证1000指数增强A,指数型-股票,10.48,0.25y,定期定额(周),8.57,4.97,0.447,53.8,4.2,1.5,9.99
159820,中证500ETF天弘,指数型-股票,18.42,0.25y,定期定额(周),10.32,5.15,0.449,46.2,5.03,2.32,9.99
003578,中金中证500指数增强C,指数型-股票,3.79,0.25y,定期定额(周),8.74,4.68,0.379,53.8,4.28,2.06,9.97
011006,工银圆丰三年持有期混合,混合型-偏股,33.15,0.25y,定期定额(周),9.97,4.16,0.458,46.2,4.87,2.28,9.96
006087,华泰柏瑞中证500ETF联接C,指数型-股票,2.23,0.25y,定期定额(周),10.05,4.83,0.476,46.2,4.91,2.09,9.95
502000,西部利得中证500指数增强(LOF)A,指数型-股票,10.72,0.25y,定期定额(周),8.15,4.37,0.489,53.8,3.99,1.22,9.95
520830,沙特ETF华泰柏瑞,指数型-海外股票,12.97,0.25y,价值平均法,1.77,3.89,-0.355,100.0,0.88,1.28,9.95
510590,中证500ETF平安,指数型-股票,11.29,0.25y,定期定额(周),10.31,5.21,0.428,46.2,5.03,2.44,9.94
516090,新能源ETF易方达,指数型-股票,12.36,0.25y,价值平均法,4.79,7.58,0.659,66.7,2.37,-1.83,9.94
012126,宏利新能源股票A,股票型,2.25,0.25y,价值平均法,11.45,9.98,1.056,33.3,5.57,-2.75,9.93
161607,融通巨潮100指数A(LOF),指数型-股票,4.16,0.25y,定期定额(周),5.92,2.42,0.814,53.8,2.92,-0.44,9.93
002620,中邮未来新蓝筹混合,混合型-灵活,2.69,0.25y,定期定额(周),11.44,6.33,0.188,46.2,5.56,4.67,9.92
159595,中证A50ETF大成,指数型-股票,17.94,0.25y,定期定额(周),6.19,2.64,0.782,53.8,3.05,-0.52,9.92
004195,招商中证1000指数增强C,指数型-股票,7.22,0.25y,定期定额(周),8.45,4.98,0.431,53.8,4.14,1.54,9.91
510580,中证500ETF易方达,指数型-股票,38.27,0.25y,定期定额(周),10.22,5.17,0.431,46.2,4.99,2.38,9.91
001268,富国国家安全主题混合A,混合型-偏股,4.13,0.25y,定期定额(周),9.54,8.75,0.745,46.2,4.66,-1.36,9.9
516630,云计算ETF华夏,指数型-股票,6.11,0.25y,价值平均法,6.85,11.5,0.168,66.7,3.37,2.83,9.89
022223,泉果消费机遇混合发起式A,混合型-偏股,4.78,0.25y,价值平均法,6.35,9.33,0.28,66.7,3.13,1.49,9.88
561300,沪深300增强ETF国泰,指数型-股票,5.88,0.25y,定期定额(周),7.48,2.93,0.5,53.8,3.67,1.17,9.88
001616,嘉实环保低碳股票,股票型,26.12,0.25y,价值平均法,4.69,11.17,0.682,66.7,2.32,-2.32,9.87
501062,南方瑞合定开混合(LOF),混合型-灵活,7.75,0.25y,定期定额(周),8.87,4.81,0.307,53.8,4.34,2.51,9.87
001183,南方利淘A,混合型-灵活,2.11,0.25y,定期定额(周),3.4,0.84,0.999,53.8,1.69,-0.17,9.86
009859,银华乐享混合A,混合型-偏股,2.81,0.25y,定期定额(周),13.24,5.67,0.135,38.5,6.42,5.68,9.86
021206,易方达中证A50ETF联接发起式A,指数型-股票,2.7,0.25y,定期定额(周),6.02,2.55,0.778,53.8,2.97,-0.49,9.86
009300,西部利得中证500指数增强(LOF)C,指数型-股票,2.79,0.25y,定期定额(周),8.02,4.38,0.469,53.8,3.93,1.26,9.85
013044,富国国家安全主题混合C,混合型-偏股,2.22,0.25y,定期定额(周),9.45,8.72,0.737,46.2,4.62,-1.32,9.85
340008,兴全有机增长混合,混合型-灵活,11.06,0.25y,定期定额(周),6.57,3.15,0.695,53.8,3.23,0.14,9.85
160616,鹏华中证500指数(LOF)A,指数型-股票,3.35,0.25y,定期定额(周),9.94,4.91,0.445,46.2,4.85,2.22,9.84
003598,华商润丰灵活配置混合A,混合型-灵活,53.18,0.25y,定期定额(周),11.4,4.92,0.098,46.2,5.55,4.98,9.82
001504,南方利淘C,混合型-灵活,2.26,0.25y,定期定额(周),3.38,0.84,0.982,53.8,1.68,-0.16,9.81
020384,金信转型创新成长混合发起式C,混合型-灵活,4.49,0.25y,定期定额(周),14.26,6.8,-0.109,38.5,6.89,8.12,9.8
021207,易方达中证A50ETF联接发起式C,指数型-股票,4.37,0.25y,定期定额(周),5.97,2.55,0.765,53.8,2.94,-0.47,9.8
562970,光伏ETF易方达,指数型-股票,6.96,0.25y,价值平均法,6.62,12.53,0.196,66.7,3.26,2.15,9.8
050201,博时价值增长贰号混合,混合型-偏股,7.59,0.25y,定期定额(周),5.7,3.0,0.872,53.8,2.81,-1.4,9.79
007509,华商润丰灵活配置混合C,混合型-灵活,46.27,0.25y,定期定额(周),11.35,4.93,0.091,46.2,5.52,5.0,9.78
510510,中证500ETF广发,指数型-股票,22.01,0.25y,定期定额(周),10.03,5.18,0.406,46.2,4.89,2.45,9.78
588960,科创新能源ETF富国,指数型-股票,3.63,0.25y,定期定额(周),8.72,6.99,0.357,53.8,4.27,2.04,9.78
000962,天弘中证500ETF联接A,指数型-股票,11.79,0.25y,定期定额(周),9.77,4.89,0.443,46.2,4.77,2.15,9.76
001562,易方达瑞和灵活配置混合,混合型-灵活,3.21,0.25y,定期定额(周),3.58,0.8,0.882,53.8,1.77,0.2,9.76
007028,易方达中证500ETF联接发起式A,指数型-股票,17.43,0.25y,定期定额(周),9.78,4.9,0.429,46.2,4.77,2.24,9.74
017825,华安新材料主题股票发起式C,股票型,2.02,0.25y,定期定额(周),5.97,5.5,0.522,61.5,2.94,-0.22,9.74
519120,浦银安盛新兴产业混合A,混合型-灵活,3.95,0.25y,定期定额(周),6.98,3.53,0.608,53.8,3.43,0.05,9.74
159527,云计算ETF广发,指数型-股票,2.6,0.25y,价值平均法,6.56,11.48,0.145,66.7,3.23,2.9,9.73
005919,天弘中证500ETF联接C,指数型-股票,6.82,0.25y,定期定额(周),9.72,4.89,0.435,46.2,4.75,2.18,9.72
007029,易方达中证500ETF联接发起式C,指数型-股票,11.56,0.25y,定期定额(周),9.76,4.9,0.426,46.2,4.76,2.25,9.72
512720,计算机ETF国泰,指数型-股票,6.77,0.25y,价值平均法,7.05,12.27,0.028,66.7,3.47,3.98,9.72
006215,平安500ETF联接C,指数型-股票,6.33,0.25y,定期定额(周),9.73,4.86,0.424,46.2,4.75,2.26,9.71
007497,中庚价值灵动灵活配置混合,混合型-灵活,11.96,0.25y,定期定额(周),2.24,3.35,0.891,69.2,1.11,-3.53,9.71
001171,工银养老产业股票A,股票型,11.89,0.25y,定期定额(周),6.21,3.74,0.382,61.5,3.06,0.89,9.7
001231,银华泰利灵活配置混合A,混合型-灵活,2.85,0.25y,定期定额(周),1.14,0.35,0.396,76.9,0.57,-0.38,9.7
000866,华宝制造股票,股票型,3.59,0.25y,定期定额(周),2.22,3.37,0.872,69.2,1.11,-3.34,9.68
159593,中证A50ETF平安,指数型-股票,45.36,0.25y,定期定额(周),5.9,2.67,0.731,53.8,2.91,-0.48,9.67
014061,浦银安盛新兴产业混合C,混合型-灵活,3.71,0.25y,定期定额(周),6.87,3.53,0.59,53.8,3.38,0.09,9.66
159922,中证500ETF嘉实,指数型-股票,127.48,0.25y,定期定额(周),9.81,5.19,0.387,46.2,4.79,2.47,9.65
161017,富国中证500指数增强(LOF)A,指数型-股票,39.47,0.25y,定期定额(周),8.42,5.28,0.308,53.8,4.12,2.32,9.65
450003,国富潜力组合混合A,混合型-偏股,11.31,0.25y,定期定额(周),8.62,4.06,0.209,53.8,4.22,2.99,9.64
159875,新能源ETF嘉实,指数型-股票,18.76,0.25y,价值平均法,4.3,7.64,0.605,66.7,2.13,-1.71,9.63
159998,计算机ETF天弘,指数型-股票,21.01,0.25y,价值平均法,6.92,12.46,0.005,66.7,3.4,4.13,9.63
510500,中证500ETF南方,指数型-股票,724.77,0.25y,定期定额(周),9.81,5.18,0.379,46.2,4.79,2.51,9.63
512500,中证500ETF华夏,指数型-股票,137.27,0.25y,定期定额(周),9.77,5.18,0.389,46.2,4.77,2.44,9.63
010333,华夏核心资产混合A,混合型-偏股,16.45,0.25y,定期定额(周),11.18,4.47,0.027,46.2,5.44,5.13,9.61
013332,富国中证500指数增强(LOF)C,指数型-股票,2.56,0.25y,定期定额(周),8.37,5.29,0.298,53.8,4.1,2.35,9.61
021757,中欧沪深300指数量化增强A,指数型-股票,7.56,0.25y,定期定额(周),6.0,2.52,0.653,53.8,2.96,0.09,9.6
160638,鹏华中证一带一路主题指数(LOF)A,指数型-股票,2.71,0.25y,定期定额(周),7.05,3.86,0.541,53.8,3.46,0.39,9.6
005379,汇添富价值创造定开混合,混合型-偏股,45.55,0.25y,定期定额(周),8.01,4.6,0.347,53.8,3.93,1.87,9.59
019316,易方达中证新能源ETF联接发起式C,指数型-股票,2.01,0.25y,价值平均法,4.15,7.13,0.609,66.7,2.05,-1.67,9.59
050001,博时价值增长混合,混合型-偏股,18.53,0.25y,定期定额(周),5.46,2.95,0.819,53.8,2.69,-1.2,9.59
000989,嘉实全球互联网股票美元现汇,QDII-普通股票,2.61,0.25y,价值平均法,5.69,9.02,0.263,66.7,2.81,1.3,9.58
000990,嘉实全球互联网股票美元现钞,QDII-普通股票,2.61,0.25y,价值平均法,5.69,9.02,0.263,66.7,2.81,1.3,9.58
009059,南方沪深300增强A,指数型-股票,2.41,0.25y,定期定额(周),6.22,2.79,0.625,53.8,3.06,0.16,9.58
159592,A50ETF银华,指数型-股票,10.29,0.25y,定期定额(周),5.75,2.64,0.715,53.8,2.84,-0.46,9.57
515190,中证500ETF中银证券,指数型-股票,6.52,0.25y,定期定额(周),9.67,5.16,0.379,46.2,4.72,2.45,9.57
004986,鹏华策略回报混合,混合型-灵活,2.19,0.25y,定期定额(周),10.04,4.37,0.617,38.5,4.9,1.83,9.55
165312,建信央视财经50指数(LOF),指数型-股票,3.34,0.25y,定期定额(周),7.8,2.63,0.594,46.2,3.83,1.27,9.55
015453,中欧中证500指数增强A,指数型-股票,18.6,0.25y,定期定额(周),7.94,5.44,0.36,53.8,3.89,1.78,9.53
460005,华泰柏瑞价值增长混合A,混合型-偏股,7.61,0.25y,定期定额(周),8.27,6.22,0.309,53.8,4.05,2.22,9.53
160140,南方道琼斯美国精选A,指数型-海外股票,3.0,0.25y,定期定额(周),6.73,4.67,0.552,53.8,3.31,1.05,9.51
501036,汇添富中证500ETF联接(LOF)A,指数型-股票,2.34,0.25y,定期定额(周),9.4,4.86,0.393,46.2,4.59,2.28,9.51
016785,鹏华中证1000指数增强A,指数型-股票,20.08,0.25y,定期定额(周),7.62,4.99,0.406,53.8,3.74,1.34,9.5
162711,广发中证500ETF联接A,指数型-股票,11.29,0.25y,定期定额(周),9.41,4.96,0.391,46.2,4.6,2.29,9.5
588830,科创新能源ETF鹏华,指数型-股票,13.96,0.25y,定期定额(周),8.25,7.01,0.312,53.8,4.05,2.17,9.5
021758,中欧沪深300指数量化增强C,指数型-股票,2.6,0.25y,定期定额(周),5.9,2.53,0.628,53.8,2.91,0.14,9.49
159863,光伏ETF鹏华,指数型-股票,2.35,0.25y,价值平均法,6.12,12.54,0.143,66.7,3.01,2.25,9.49
004496,前海开源多元策略混合A,混合型-灵活,3.91,0.25y,定期定额(周),8.56,3.34,0.455,46.2,4.19,2.11,9.48
009060,南方沪深300增强C,指数型-股票,2.24,0.25y,定期定额(周),6.11,2.8,0.601,53.8,3.01,0.21,9.48
011966,招商中证光伏产业ETF联接A,指数型-股票,2.71,0.25y,价值平均法,6.05,11.98,0.153,66.7,2.98,2.12,9.48
159864,光伏ETF国泰,指数型-股票,5.65,0.25y,价值平均法,6.06,12.51,0.151,66.7,2.99,2.17,9.48
161628,融通中证云计算与大数据主题指数(LOF)A,指数型-股票,5.23,0.25y,价值平均法,6.04,10.87,0.127,66.7,2.97,2.7,9.48
011645,国泰核心价值两年持有期股票A,股票型,2.19,0.25y,定期定额(周),5.67,5.0,0.426,61.5,2.79,0.45,9.47
017647,易方达中证光伏产业ETF联接发起式C,指数型-股票,3.0,0.25y,价值平均法,6.01,11.86,0.155,66.7,2.96,2.09,9.47
002903,广发中证500ETF联接C,指数型-股票,4.14,0.25y,定期定额(周),9.36,4.96,0.383,46.2,4.58,2.32,9.46
010334,华夏核心资产混合C,混合型-偏股,2.78,0.25y,定期定额(周),10.98,4.45,-0.006,46.2,5.35,5.2,9.46
217027,招商央视财经50指数A,指数型-股票,4.64,0.25y,定期定额(周),7.55,2.52,0.591,46.2,3.71,1.22,9.46
516510,云计算ETF易方达,指数型-股票,23.31,0.25y,价值平均法,6.04,11.49,0.111,66.7,2.97,2.94,9.46
004497,前海开源多元策略混合C,混合型-灵活,6.51,0.25y,定期定额(周),8.53,3.34,0.448,46.2,4.18,2.12,9.45
161131,易方达科润混合(LOF),混合型-偏股,9.62,0.25y,定期定额(周),13.55,4.93,0.221,30.8,6.56,5.27,9.45
000176,嘉实沪深300指数研究增强A,指数型-股票,12.44,0.25y,定期定额(周),6.73,2.77,0.443,53.8,3.31,1.14,9.44
162719,广发道琼斯石油指数人民币A,指数型-海外股票,12.7,0.25y,价值平均法,1.0,10.67,1.291,66.7,0.5,-8.29,9.44
009872,中欧责任投资混合A,混合型-偏股,21.48,0.25y,定期定额(周),9.49,3.55,0.253,46.2,4.64,3.21,9.43
016786,鹏华中证1000指数增强C,指数型-股票,16.33,0.25y,定期定额(周),7.52,4.99,0.391,53.8,3.69,1.38,9.43
021059,南方中证500ETF联接(LOF)I,指数型-股票,3.45,0.25y,定期定额(周),9.32,4.96,0.373,46.2,4.56,2.36,9.43
160119,500ETF联接LOF,指数型-股票,69.01,0.25y,定期定额(周),9.32,4.96,0.373,46.2,4.56,2.36,9.43
001746,易方达瑞富灵活配置混合E,混合型-灵活,4.34,0.25y,定期定额(周),1.83,0.33,0.928,53.8,0.91,-0.3,9.42
002315,创金合信沪深300指数增强C,指数型-股票,2.45,0.25y,定期定额(周),6.53,2.45,0.442,53.8,3.21,1.13,9.42
016174,汇丰晋信策略优选混合A,混合型-偏股,2.17,0.25y,价值平均法,7.93,11.94,-0.296,66.7,3.89,5.77,9.42
011967,招商中证光伏产业ETF联接C,指数型-股票,5.49,0.25y,价值平均法,5.95,12.01,0.138,66.7,2.93,2.16,9.41
014130,融通中证云计算与大数据主题指数(LOF)C,指数型-股票,6.93,0.25y,价值平均法,5.91,10.89,0.115,66.7,2.91,2.73,9.41
015454,中欧中证500指数增强C,指数型-股票,10.97,0.25y,定期定额(周),7.77,5.45,0.335,53.8,3.81,1.85,9.41
160805,长盛同智优势混合(LOF),混合型-灵活,2.85,0.25y,定期定额(周),9.76,4.25,0.611,38.5,4.77,1.46,9.4
410003,华富成长趋势混合A,混合型-偏股,4.69,0.25y,定期定额(周),5.78,6.26,0.416,61.5,2.85,0.04,9.4
000008,嘉实中证500ETF联接A,指数型-股票,15.56,0.25y,定期定额(周),9.24,4.92,0.373,46.2,4.52,2.32,9.39
017853,易方达云计算ETF联接A,指数型-股票,2.62,0.25y,价值平均法,5.86,10.87,0.115,66.7,2.89,2.7,9.39
000827,广发百发100指数E,指数型-股票,2.1,0.25y,定期定额(周),7.59,5.56,0.366,53.8,3.73,1.56,9.38
004243,广发道琼斯石油指数人民币C,指数型-海外股票,3.42,0.25y,价值平均法,0.92,10.67,1.28,66.7,0.46,-8.25,9.38
012831,南方中证新能源ETF联接A,指数型-股票,4.09,0.25y,价值平均法,3.77,7.24,0.577,66.7,1.87,-1.68,9.37
001629,天弘中证计算机ETF联接A,指数型-股票,2.85,0.25y,价值平均法,6.36,11.86,-0.011,66.7,3.13,3.85,9.36
002983,长信国防军工量化混合A,混合型-灵活,6.88,0.25y,定期定额(周),11.04,7.45,-0.016,46.2,5.37,6.07,9.35
004348,南方中证500ETF联接(LOF)C,指数型-股票,7.78,0.25y,定期定额(周),9.22,4.96,0.357,46.2,4.51,2.4,9.35
016942,工银中证1000指数增强A,指数型-股票,8.48,0.25y,定期定额(周),7.41,5.9,0.398,53.8,3.64,1.29,9.35
018919,华夏清洁能源龙头混合发起式C,混合型-偏股,2.36,0.25y,价值平均法,4.39,12.99,0.471,66.7,2.17,-1.0,9.35
022513,人保中证800指数增强A,指数型-股票,5.73,0.25y,定期定额(周),6.6,3.55,0.489,53.8,3.25,0.67,9.35
001158,工银新材料新能源股票,股票型,19.37,0.25y,定期定额(周),2.12,4.37,0.745,69.2,1.05,-2.77,9.34
017854,易方达云计算ETF联接C,指数型-股票,4.8,0.25y,价值平均法,5.77,10.88,0.107,66.7,2.85,2.73,9.34
001052,华夏中证500ETF联接A,指数型-股票,18.78,0.25y,定期定额(周),9.19,5.06,0.355,46.2,4.49,2.41,9.33
018049,申万菱信数字产业股票型发起式C,股票型,3.13,0.25y,定期定额(周),12.81,6.84,-0.081,38.5,6.21,8.22,9.33
001630,天弘中证计算机ETF联接C,指数型-股票,8.4,0.25y,价值平均法,6.29,11.87,-0.018,66.7,3.1,3.87,9.32
070039,嘉实中证500ETF联接C,指数型-股票,3.43,0.25y,定期定额(周),9.13,4.92,0.357,46.2,4.46,2.37,9.32
012832,南方中证新能源ETF联接C,指数型-股票,7.7,0.25y,价值平均法,3.68,7.26,0.567,66.7,1.82,-1.66,9.31
014420,中欧成长领航一年持有混合A,混合型-偏股,4.88,0.25y,定期定额(周),9.42,3.4,0.189,46.2,4.6,3.47,9.29
022804,中加中证A500指数增强发起式A,指数型-股票,4.06,0.25y,定期定额(周),6.59,3.07,0.427,53.8,3.24,1.02,9.29
008960,长信国防军工量化混合C,混合型-灵活,21.32,0.25y,定期定额(周),10.93,7.45,-0.028,46.2,5.32,6.1,9.28
164905,交银国证新能源指数(LOF)A,指数型-股票,2.97,0.25y,价值平均法,2.92,5.71,0.695,66.7,1.45,-2.52,9.28
016943,工银中证1000指数增强C,指数型-股票,2.94,0.25y,定期定额(周),7.3,5.91,0.382,53.8,3.59,1.34,9.27
560350,中证A50ETF摩根,指数型-股票,15.12,0.25y,定期定额(周),5.4,2.65,0.645,53.8,2.66,-0.34,9.26
006382,华夏中证500ETF联接C,指数型-股票,4.38,0.25y,定期定额(周),9.07,5.07,0.338,46.2,4.44,2.45,9.24
009873,中欧责任投资混合C,混合型-偏股,7.42,0.25y,定期定额(周),9.27,3.54,0.211,46.2,4.53,3.29,9.24
019431,永赢睿信混合A,混合型-偏股,59.94,0.25y,定期定额(周),7.72,4.95,0.244,53.8,3.79,2.39,9.24
000480,东方红新动力混合A,混合型-灵活,48.09,0.25y,定期定额(周),8.66,3.42,0.328,46.2,4.24,2.55,9.23
001117,中欧精选定期开放混合A,混合型-灵活,27.55,0.25y,定期定额(周),6.38,5.68,0.55,53.8,3.14,0.03,9.22
005437,易方达易百智能量化策略A,混合型-灵活,5.11,0.25y,定期定额(周),7.71,5.65,0.258,53.8,3.79,2.28,9.22
002018,鹏华弘安混合A,混合型-灵活,2.48,0.25y,定期定额(月),0.7,0.04,-1.664,100.0,0.35,-0.23,9.2
008375,中欧启航三年混合A,混合型-偏股,5.95,0.25y,定期定额(周),9.32,3.57,0.175,46.2,4.56,3.49,9.19
022805,中加中证A500指数增强发起式C,指数型-股票,2.31,0.25y,定期定额(周),6.48,3.07,0.404,53.8,3.19,1.07,9.19
002597,兴业成长动力混合A,混合型-灵活,3.11,0.25y,定期定额(周),6.52,3.25,0.397,53.8,3.21,1.28,9.18
012364,广发中证光伏产业指数A,指数型-股票,3.72,0.25y,价值平均法,5.56,11.99,0.098,66.7,2.74,2.23,9.18
110003,易方达上证50增强A,指数型-股票,130.32,0.25y,定期定额(周),7.94,3.73,0.108,53.8,3.89,3.11,9.17
159885,碳中和ETF鹏华,指数型-股票,2.2,0.25y,价值平均法,3.23,6.81,0.574,66.7,1.6,-1.63,9.17
005438,易方达易百智能量化策略C,混合型-灵活,6.28,0.25y,定期定额(周),7.62,5.65,0.245,53.8,3.74,2.32,9.16
010678,中欧均衡成长混合A,混合型-偏股,9.74,0.25y,定期定额(周),5.79,2.78,0.517,53.8,2.86,0.48,9.16
019941,富国洞见价值股票A,股票型,6.74,0.25y,定期定额(周),7.26,4.02,0.264,53.8,3.57,2.07,9.15
012001,中泰星宇价值成长混合A,混合型-偏股,16.1,0.25y,定期定额(周),8.96,4.96,0.304,46.2,4.38,2.66,9.14
012365,广发中证光伏产业指数C,指数型-股票,11.2,0.25y,价值平均法,5.51,12.0,0.091,66.7,2.72,2.24,9.14
019432,永赢睿信混合C,混合型-偏股,117.79,0.25y,定期定额(周),7.56,4.95,0.223,53.8,3.71,2.46,9.13
009896,广发港股通成长精选股票A,股票型,13.37,0.25y,定期定额(周),9.03,5.99,0.317,46.2,4.42,2.49,9.12
159857,光伏ETF天弘,指数型-股票,23.62,0.25y,价值平均法,5.51,12.61,0.08,66.7,2.72,2.37,9.12
004746,易方达上证50增强C,指数型-股票,11.79,0.25y,定期定额(周),7.87,3.73,0.094,53.8,3.86,3.14,9.11
159609,光伏ETF浦银,指数型-股票,2.12,0.25y,价值平均法,5.47,12.57,0.078,66.7,2.7,2.36,9.1
010887,南方消费升级混合A,混合型-偏股,9.4,0.25y,定期定额(周),4.68,3.45,0.402,61.5,2.32,0.2,9.09
017493,东方红新动力混合C,混合型-灵活,15.24,0.25y,定期定额(周),8.51,3.43,0.295,46.2,4.17,2.61,9.09
009897,广发港股通成长精选股票C,股票型,4.66,0.25y,定期定额(周),8.9,6.01,0.304,46.2,4.36,2.53,9.04
019942,富国洞见价值股票C,股票型,3.32,0.25y,定期定额(周),7.11,4.03,0.237,53.8,3.49,2.13,9.03
008258,中银证券中证500ETF联接A,指数型-股票,4.25,0.25y,定期定额(周),8.65,4.85,0.309,46.2,4.23,2.43,9.02
012607,汇添富保鑫灵活配置混合C,混合型-灵活,4.98,0.25y,定期定额(周),2.06,0.33,0.671,53.8,1.02,-0.01,9.01
015387,中欧沪深300指数增强A,指数型-股票,3.74,0.25y,定期定额(周),5.68,2.72,0.466,53.8,2.8,0.62,9.01
486002,工银全球精选股票(QDII),QDII-普通股票,12.27,0.25y,定期定额(周),8.23,2.93,0.268,46.2,4.04,2.67,9.0
012557,中欧景气前瞻一年混合A,混合型-偏股,3.62,0.25y,定期定额(周),6.04,8.78,0.589,53.8,2.98,-1.19,8.99
515790,光伏ETF华泰柏瑞,指数型-股票,106.51,0.25y,价值平均法,5.29,12.6,0.058,66.7,2.61,2.4,8.99
021183,平安中证A50ETF联接A,指数型-股票,6.36,0.25y,定期定额(周),4.85,2.53,0.62,53.8,2.4,-0.42,8.97
159985,豆粕ETF华夏,指数型-其他,28.95,0.25y,定期定额(月),1.05,6.4,0.88,66.7,0.52,-3.1,8.96
516290,光伏ETF汇添富,指数型-股票,6.53,0.25y,价值平均法,5.23,12.58,0.056,66.7,2.58,2.38,8.96
001314,易方达新益混合I,混合型-灵活,2.59,0.25y,定期定额(周),3.44,0.9,0.626,53.8,1.71,0.34,8.95
010888,南方消费升级混合C,混合型-偏股,4.08,0.25y,定期定额(周),4.53,3.45,0.371,61.5,2.24,0.27,8.95
011102,天弘中证光伏产业指数A,指数型-股票,19.89,0.25y,价值平均法,5.18,12.05,0.064,66.7,2.56,2.25,8.95
001691,南方香港成长灵活配置混合,QDII-混合灵活,14.14,0.25y,定期定额(周),10.53,6.58,-0.156,46.2,5.13,7.04,8.94
002906,南方中证500量化增强A,指数型-股票,4.08,0.25y,定期定额(周),6.7,4.64,0.301,53.8,3.3,1.55,8.92
002833,华夏新锦绣混合A,混合型-灵活,6.52,0.25y,定期定额(周),10.26,5.15,0.296,38.5,5.01,3.27,8.91
005062,博时中证500指数增强A,指数型-股票,2.47,0.25y,定期定额(周),8.51,4.96,0.287,46.2,4.17,2.5,8.91
011103,天弘中证光伏产业指数C,指数型-股票,61.67,0.25y,价值平均法,5.12,12.05,0.055,66.7,2.53,2.27,8.91
011981,国富匠心精选混合C,混合型-偏股,3.95,0.25y,定期定额(周),6.26,4.41,0.385,53.8,3.08,0.92,8.91
022366,贝莱德沪深300指数增强A,指数型-股票,2.55,0.25y,定期定额(周),5.78,2.67,0.395,53.8,2.85,0.9,8.91
166006,中欧行业成长混合(LOF)A,混合型-偏股,15.73,0.25y,定期定额(周),8.06,3.63,0.315,46.2,3.95,2.27,8.9
002834,华夏新锦绣混合C,混合型-灵活,8.73,0.25y,定期定额(周),10.23,5.15,0.292,38.5,4.99,3.28,8.89
021184,平安中证A50ETF联接C,指数型-股票,2.35,0.25y,定期定额(周),4.77,2.54,0.601,53.8,2.36,-0.38,8.89
002031,华夏策略混合,混合型-灵活,4.82,0.25y,定期定额(周),10.84,4.38,0.119,38.5,5.28,4.48,8.88
516180,光伏ETF平安,指数型-股票,2.01,0.25y,价值平均法,5.09,12.67,0.036,66.7,2.52,2.45,8.87
015388,中欧沪深300指数增强C,指数型-股票,2.93,0.25y,定期定额(周),5.52,2.72,0.429,53.8,2.72,0.68,8.86
004513,海富通沪深300指数增强A,指数型-股票,13.73,0.25y,定期定额(周),5.99,2.95,0.34,53.8,2.95,1.18,8.85
070021,嘉实主题新动力混合,混合型-偏股,6.34,0.25y,定期定额(周),7.09,4.88,0.183,53.8,3.49,2.4,8.85
002907,南方中证500量化增强C,指数型-股票,3.69,0.25y,定期定额(周),6.6,4.64,0.284,53.8,3.25,1.59,8.84
005613,摩根富时发达市场REITs指数(QDII)人民币A,指数型-海外股票,2.75,0.25y,定期定额(周),6.37,4.09,0.291,53.8,3.14,1.77,8.83
012679,华泰柏瑞光伏ETF联接A,指数型-股票,2.86,0.25y,价值平均法,4.98,11.87,0.043,66.7,2.46,2.25,8.83
004512,海富通沪深300指数增强C,指数型-股票,11.79,0.25y,定期定额(周),5.96,2.95,0.334,53.8,2.94,1.19,8.82
005275,中欧创新成长灵活配置混合A,混合型-灵活,16.56,0.25y,定期定额(周),8.62,3.48,0.143,46.2,4.22,3.3,8.82
017860,景顺长城致远混合A,混合型-偏股,5.38,0.25y,定期定额(周),4.95,2.9,0.559,53.8,2.44,-0.28,8.82
003379,中信保诚至选混合A,混合型-灵活,2.59,0.25y,定期定额(周),2.48,0.61,0.702,53.8,1.23,-0.07,8.81
012680,华泰柏瑞光伏ETF联接C,指数型-股票,4.2,0.25y,价值平均法,4.96,11.88,0.038,66.7,2.45,2.27,8.81
022367,贝莱德沪深300指数增强C,指数型-股票,2.61,0.25y,定期定额(周),5.66,2.68,0.371,53.8,2.79,0.94,8.81
009539,兴业睿进混合A,混合型-偏股,3.12,0.25y,定期定额(周),7.95,3.83,0.293,46.2,3.9,2.3,8.78
012239,惠升优势企业一年持有期混合,混合型-灵活,6.53,0.25y,定期定额(周),9.7,5.0,-0.041,46.2,4.74,4.84,8.78
012723,平安中证光伏产业指数C,指数型-股票,7.88,0.25y,价值平均法,4.9,11.98,0.035,66.7,2.42,2.28,8.78
012885,华夏中证光伏产业ETF发起式联接A,指数型-股票,3.66,0.25y,价值平均法,4.89,12.02,0.034,66.7,2.42,2.29,8.78
011542,鹏华远见回报三年持有混合,混合型-偏股,4.7,0.25y,定期定额(周),4.58,3.43,0.265,61.5,2.27,0.89,8.77
010296,万家互联互通中国优势A,混合型-偏股,2.32,0.25y,定期定额(周),4.17,5.53,0.412,61.5,2.07,-0.33,8.76
003380,中信保诚至选混合C,混合型-灵活,4.42,0.25y,定期定额(周),2.46,0.61,0.683,53.8,1.22,-0.06,8.75
562550,绿电ETF华夏,指数型-股票,11.89,0.25y,价值平均法,6.3,8.21,1.484,33.3,3.1,-6.48,8.75
013233,华夏中证500指数智选增强A,指数型-股票,9.12,0.25y,定期定额(周),8.36,4.96,0.235,46.2,4.1,2.73,8.74
163803,中银持续增长混合A,混合型-偏股,14.87,0.25y,定期定额(周),5.51,3.58,0.429,53.8,2.72,0.42,8.73
513800,日本东证指数ETF南方,指数型-海外股票,17.16,0.25y,定期定额(周),8.33,7.16,-0.134,53.8,4.08,5.37,8.73
009689,易方达瑞锦混合A,混合型-灵活,22.27,0.25y,定期定额(周),2.6,0.79,0.712,53.8,1.29,-0.16,8.72
004231,中欧行业成长混合(LOF)C,混合型-偏股,4.57,0.25y,定期定额(周),7.84,3.63,0.271,46.2,3.85,2.36,8.71
011189,建信智汇优选一年持有期混合(MOM),混合型-偏股,10.3,0.25y,定期定额(周),7.47,3.06,0.312,46.2,3.67,2.05,8.71
012929,银华中证光伏ETF发起式联接C,指数型-股票,5.73,0.25y,价值平均法,4.77,11.81,0.026,66.7,2.36,2.25,8.71
001441,易方达瑞信混合I,混合型-灵活,4.63,0.25y,定期定额(周),3.12,0.69,0.835,46.2,1.55,-0.04,8.7
005530,汇添富沪深300指数增强A,指数型-股票,9.99,0.25y,定期定额(周),5.66,2.6,0.308,53.8,2.79,1.2,8.69
012390,中欧产业前瞻混合A,混合型-偏股,10.0,0.25y,定期定额(周),5.58,8.69,0.522,53.8,2.75,-0.85,8.68
159980,有色ETF大成,指数型-其他,66.24,0.25y,定期定额(周),6.54,5.35,0.576,46.2,3.22,0.81,8.67
013234,华夏中证500指数智选增强C,指数型-股票,2.26,0.25y,定期定额(周),8.25,4.96,0.216,46.2,4.04,2.78,8.66
013616,广发睿智两年持有期混合发起式A,混合型-偏股,3.66,0.25y,定期定额(周),8.16,3.96,0.196,46.2,4.0,2.84,8.66
000309,大摩品质生活精选股票A,股票型,2.88,0.25y,定期定额(周),5.27,3.5,0.439,53.8,2.6,0.3,8.65
003630,摩根全球多元配置(QDII-FOF)美元现钞,QDII-混合平衡,6.17,0.25y,定期定额(周),6.32,2.67,0.491,46.2,3.11,1.16,8.65
003631,摩根全球多元配置(QDII-FOF)美元现汇,QDII-混合平衡,6.17,0.25y,定期定额(周),6.32,2.67,0.491,46.2,3.11,1.16,8.65
005276,中欧创新成长灵活配置混合C,混合型-灵活,15.14,0.25y,定期定额(周),8.4,3.5,0.1,46.2,4.11,3.39,8.63
011567,富国消费升级混合C,混合型-偏股,2.15,0.25y,定期定额(周),10.48,4.1,0.039,38.5,5.11,4.79,8.61
010409,富国消费精选30股票A,股票型,11.3,0.25y,价值平均法,5.19,6.64,-0.143,66.7,2.56,3.06,8.59
009690,易方达瑞锦混合C,混合型-灵活,22.19,0.25y,定期定额(周),2.55,0.78,0.668,53.8,1.27,-0.13,8.58
010556,汇添富沪深300指数增强C,指数型-股票,6.41,0.25y,定期定额(周),5.55,2.61,0.283,53.8,2.74,1.24,8.58
001442,易方达瑞信混合E,混合型-灵活,7.22,0.25y,定期定额(周),3.07,0.69,0.788,46.2,1.52,-0.01,8.56
010163,财通资管价值精选一年持有混合A,混合型-偏股,5.21,0.25y,定期定额(周),8.77,5.75,0.069,46.2,4.29,3.77,8.54
519979,长信内需成长混合A,混合型-偏股,2.58,0.25y,定期定额(周),11.43,3.86,0.165,30.8,5.56,4.55,8.54
001763,广发多策略混合,混合型-灵活,4.52,0.25y,定期定额(周),9.59,4.6,0.231,38.5,4.69,3.34,8.53
003591,华泰柏瑞享利混合A,混合型-灵活,2.51,0.25y,定期定额(周),1.32,0.26,0.679,53.8,0.66,-0.33,8.53
200007,长城安心回报混合A,混合型-灵活,7.86,0.25y,定期定额(周),6.39,3.51,0.13,53.8,3.15,2.28,8.53
161219,国投瑞银新兴产业混合(LOF)A,混合型-灵活,3.57,0.25y,定期定额(周),7.39,3.0,0.229,46.2,3.63,2.34,8.51
166001,中欧新趋势混合A,混合型-偏股,28.93,0.25y,定期定额(周),5.35,5.8,0.412,53.8,2.64,0.3,8.5
001881,中欧新趋势混合E,混合型-偏股,3.89,0.25y,定期定额(周),5.34,5.8,0.411,53.8,2.64,0.3,8.49
011264,中欧新趋势混合X,混合型-偏股,11.91,0.25y,定期定额(周),5.34,5.8,0.411,53.8,2.63,0.3,8.49
001725,汇添富高端制造股票A,股票型,10.6,0.25y,定期定额(周),5.96,3.28,0.55,46.2,2.94,0.3,8.48
165310,建信沪深300指数增强(LOF)A,指数型-股票,2.89,0.25y,定期定额(周),5.21,2.8,0.326,53.8,2.57,0.91,8.48
011042,国泰价值先锋股票A,股票型,2.29,0.25y,定期定额(周),7.17,5.42,-0.049,53.8,3.52,4.16,8.45
007040,前海联合泳隆混合C,混合型-灵活,4.14,0.25y,价值平均法,6.23,9.56,1.319,33.3,3.07,-5.33,8.41
007994,华夏中证500指数增强A,指数型-股票,38.06,0.25y,定期定额(周),7.72,4.9,0.194,46.2,3.79,2.65,8.39
009011,华夏睿阳一年持有混合,混合型-偏股,7.76,0.25y,定期定额(周),7.83,4.96,0.171,46.2,3.84,2.79,8.38
008359,华安医疗创新混合A,混合型-偏股,3.06,0.25y,定期定额(周),3.55,5.05,0.355,61.5,1.76,-0.47,8.37
010413,财通资管宸瑞一年持有混合A,混合型-偏股,4.29,0.25y,定期定额(周),8.28,5.81,0.078,46.2,4.06,3.49,8.35
014135,中欧金安量化混合A,混合型-偏股,10.07,0.25y,定期定额(周),5.92,5.22,0.2,53.8,2.92,1.75,8.35
005787,中欧新趋势混合C,混合型-偏股,3.83,0.25y,定期定额(周),5.12,5.8,0.376,53.8,2.53,0.39,8.33
002270,东吴安盈量化混合A,混合型-灵活,7.06,0.25y,定期定额(周),6.64,5.37,0.023,53.8,3.26,3.11,8.32
014275,易方达北交所精选两年定开混合A,混合型-偏股,2.14,0.25y,价值平均法,7.42,15.61,-0.814,66.7,3.64,9.95,8.32
007995,华夏中证500指数增强C,指数型-股票,15.6,0.25y,定期定额(周),7.62,4.9,0.178,46.2,3.74,2.69,8.31
002423,华宝标普美国消费美元,指数型-海外股票,6.25,0.25y,定期定额(周),6.95,4.51,0.29,46.2,3.42,1.83,8.27
000870,嘉实新收益混合,混合型-灵活,2.14,0.25y,定期定额(周),2.77,1.73,0.327,61.5,1.37,0.0,8.26
007910,大成有色金属期货ETF联接A,指数型-其他,6.4,0.25y,定期定额(周),5.93,5.13,0.494,46.2,2.92,0.85,8.25
513400,道琼斯ETF鹏华,指数型-海外股票,23.95,0.25y,定期定额(周),7.34,3.12,0.122,46.2,3.61,2.74,8.24
009951,广发稳健回报混合A,混合型-平衡,30.35,0.25y,定期定额(周),3.99,2.89,0.477,53.8,1.98,-0.16,8.23
270050,广发新经济混合A,混合型-偏股,3.95,0.25y,定期定额(周),9.79,4.13,0.02,38.5,4.78,4.33,8.23
013404,大成标普500等权重指数(QDII)A美元,指数型-海外股票,5.81,0.25y,定期定额(周),5.31,2.69,0.171,53.8,2.62,1.62,8.22
000988,嘉实全球互联网股票人民币,QDII-普通股票,4.42,0.25y,价值平均法,3.7,8.7,-0.01,66.7,1.83,1.87,8.21
010275,嘉实优质精选混合A,混合型-偏股,6.58,0.25y,定期定额(周),5.66,3.43,0.124,53.8,2.79,1.95,8.2
003411,鹏华弘康灵活配置混合A,混合型-灵活,9.35,0.25y,定期定额(月),0.73,0.05,-2.067,100.0,0.36,-0.21,8.18
014136,中欧金安量化混合C,混合型-偏股,5.22,0.25y,定期定额(周),5.69,5.23,0.165,53.8,2.81,1.83,8.18
008985,东方红启东三年持有混合,混合型-灵活,39.5,0.25y,定期定额(周),10.26,4.1,-0.145,38.5,5.01,5.75,8.15
007911,大成有色金属期货ETF联接C,指数型-其他,6.34,0.25y,定期定额(周),5.81,5.13,0.461,46.2,2.87,0.9,8.12
009952,广发稳健回报混合C,混合型-平衡,4.28,0.25y,定期定额(周),3.89,2.89,0.45,53.8,1.92,-0.12,8.12
159758,红利质量ETF华夏,指数型-股票,14.3,0.25y,定期定额(周),4.98,3.59,0.234,53.8,2.46,1.1,8.1
021985,财通资管先进制造混合发起式A,混合型-偏股,2.25,0.25y,定期定额(周),14.58,7.09,-0.329,23.1,7.04,10.91,8.09
160919,大成产业升级股票(LOF)A,股票型,3.34,0.25y,定期定额(周),4.46,3.21,0.33,53.8,2.2,0.46,8.09
003592,华泰柏瑞享利混合C,混合型-灵活,7.28,0.25y,定期定额(周),1.25,0.26,0.53,53.8,0.62,-0.3,8.07
005110,汇安多策略混合C,混合型-灵活,8.66,0.25y,定期定额(周),7.13,5.94,0.172,46.2,3.5,2.6,8.05
070022,嘉实领先成长混合,混合型-偏股,4.18,0.25y,定期定额(周),5.57,4.97,0.116,53.8,2.75,2.02,8.05
398051,中海环保新能源混合,混合型-灵活,7.78,0.25y,价值平均法,3.58,8.18,-0.079,66.7,1.78,2.22,8.04
009548,汇添富中盘价值精选混合A,混合型-偏股,55.12,0.25y,定期定额(周),5.69,3.95,0.051,53.8,2.81,2.4,8.03
021986,财通资管先进制造混合发起式C,混合型-偏股,23.85,0.25y,定期定额(周),14.45,7.09,-0.341,23.1,6.98,10.95,8.02
000006,西部利得量化成长混合A,混合型-偏股,13.37,0.25y,定期定额(周),4.74,3.82,0.251,53.8,2.34,0.92,8.01
000566,华泰柏瑞创新升级混合A,混合型-灵活,2.81,0.25y,定期定额(周),7.52,4.92,0.035,46.2,3.69,3.51,8.0
015789,永赢高端装备智选混合发起A,混合型-偏股,24.3,0.25y,定期定额(周),6.53,10.04,0.326,46.2,3.22,1.25,7.98
016440,华夏中证红利质量ETF发起式联接A,指数型-股票,3.41,0.25y,定期定额(周),4.75,3.42,0.219,53.8,2.35,1.07,7.98
517300,沪港深300ETF国寿,指数型-股票,17.26,0.25y,定期定额(周),6.03,2.78,0.265,46.2,2.97,1.53,7.98
070099,嘉实优质企业混合,混合型-偏股,9.86,0.25y,定期定额(周),7.57,5.47,0.024,46.2,3.72,3.59,7.97
001637,嘉实量化精选股票,股票型,3.17,0.25y,定期定额(周),6.87,5.05,0.157,46.2,3.38,2.47,7.94
010347,农银策略收益一年持有混合,混合型-偏股,27.47,0.25y,定期定额(周),6.57,3.9,0.182,46.2,3.23,2.13,7.92
910004,东方红启恒三年持有混合A,混合型-偏股,5.92,0.25y,定期定额(周),9.73,4.06,-0.144,38.5,4.75,5.42,7.92
005609,富国军工主题混合A,混合型-偏股,25.04,0.25y,定期定额(周),4.76,6.61,0.247,53.8,2.35,1.0,7.91
015790,永赢高端装备智选混合发起C,混合型-偏股,165.01,0.25y,定期定额(周),6.42,10.05,0.315,46.2,3.16,1.3,7.91
009549,汇添富中盘价值精选混合C,混合型-偏股,10.3,0.25y,定期定额(周),5.53,3.97,0.023,53.8,2.73,2.47,7.9
519212,万家宏观择时多策略混合A,混合型-灵活,4.73,0.25y,定期定额(周),-1.28,5.23,0.812,69.2,-0.64,-5.65,7.89
004997,广发高端制造股票A,股票型,36.87,0.25y,定期定额(周),1.21,3.35,0.601,61.5,0.6,-2.68,7.88
590005,中邮核心主题混合A,混合型-偏股,2.96,0.25y,定期定额(周),5.89,5.82,0.375,46.2,2.9,0.63,7.88
007460,华安成长创新混合A,混合型-偏股,12.06,0.25y,定期定额(周),6.99,3.08,-0.003,46.2,3.44,3.26,7.84
001277,博时国企改革股票A,股票型,2.03,0.25y,定期定额(周),5.17,4.2,0.08,53.8,2.55,1.97,7.83
008276,财通资管价值发现混合A,混合型-偏股,2.99,0.25y,定期定额(周),7.7,5.82,-0.055,46.2,3.78,3.87,7.83
011228,西部利得量化成长混合C,混合型-偏股,7.52,0.25y,定期定额(周),4.53,3.83,0.21,53.8,2.24,1.0,7.83
011704,东方阿尔法产业先锋混合A,混合型-偏股,6.33,0.25y,定期定额(周),7.85,7.78,-0.133,46.2,3.85,5.88,7.83
159840,锂电池ETF工银,指数型-股票,15.23,0.25y,价值平均法,6.51,9.39,0.979,33.3,3.2,-3.66,7.83
011113,富国军工主题混合C,混合型-偏股,3.38,0.25y,定期定额(周),4.6,6.61,0.228,53.8,2.27,1.06,7.81
010160,广发高端制造股票C,股票型,6.6,0.25y,定期定额(周),1.11,3.35,0.583,61.5,0.55,-2.64,7.8
012664,国寿安保沪港深300ETF联接C,指数型-股票,7.39,0.25y,定期定额(周),5.62,2.53,0.25,46.2,2.77,1.43,7.8
017787,万家宏观择时多策略混合C,混合型-灵活,2.51,0.25y,定期定额(周),-1.41,5.23,0.792,69.2,-0.71,-5.58,7.79
512950,央企改革ETF华夏,指数型-股票,59.58,0.25y,定期定额(周),4.62,3.71,0.159,53.8,2.28,1.28,7.77
011705,东方阿尔法产业先锋混合C,混合型-偏股,2.38,0.25y,定期定额(周),7.7,7.8,-0.147,46.2,3.78,5.93,7.74
512960,央企结构调整ETF博时,指数型-股票,56.73,0.25y,定期定额(周),4.59,3.71,0.152,53.8,2.27,1.29,7.74
009878,平安低碳经济混合A,混合型-偏股,10.54,0.25y,价值平均法,1.23,9.03,0.27,66.7,0.61,-0.88,7.71
005937,工银精选金融地产混合A,混合型-偏股,6.91,0.25y,定期定额(周),1.16,1.26,0.086,69.2,0.58,-0.21,7.7
008786,长城健康生活混合A,混合型-灵活,3.22,0.25y,定期定额(周),4.82,5.74,0.115,53.8,2.38,1.81,7.7
011246,嘉实阿尔法优选混合A,混合型-偏股,12.49,0.25y,定期定额(周),6.8,4.01,0.017,46.2,3.34,3.07,7.69
001256,泓德优选成长混合,混合型-偏股,9.5,0.25y,定期定额(周),8.44,3.86,0.028,38.5,4.13,3.65,7.68
006196,华夏中证央企ETF联接A,指数型-股票,3.26,0.25y,定期定额(周),4.41,3.51,0.151,53.8,2.18,1.21,7.67
011724,东方红启恒三年持有混合B,混合型-偏股,52.7,0.25y,定期定额(周),9.39,4.07,-0.198,38.5,4.59,5.55,7.66
013426,贝莱德中国新视野混合A,混合型-偏股,13.42,0.25y,定期定额(周),5.56,2.49,0.191,46.2,2.74,1.61,7.65
159959,央企ETF银华,指数型-股票,28.97,0.25y,定期定额(周),4.45,3.68,0.134,53.8,2.2,1.29,7.64
016978,博时均衡优选混合A,混合型-偏股,4.75,0.25y,定期定额(周),3.71,3.57,0.284,53.8,1.84,0.21,7.62
010744,工银灵动价值混合A,混合型-偏股,4.89,0.25y,定期定额(周),5.48,5.52,0.312,46.2,2.7,0.94,7.61
006438,博时央调ETF联接A,指数型-股票,2.99,0.25y,定期定额(周),4.31,3.49,0.137,53.8,2.13,1.2,7.6
159767,电池龙头ETF兴银,指数型-股票,2.3,0.25y,价值平均法,6.01,9.32,0.956,33.3,2.96,-3.66,7.59
005474,泰康均衡优选混合A,混合型-偏股,3.12,0.25y,定期定额(周),4.33,3.61,0.119,53.8,2.14,1.31,7.56
001050,汇添富中证500指数增强A,指数型-股票,13.03,0.25y,定期定额(周),6.55,4.86,0.019,46.2,3.23,3.04,7.53
013427,贝莱德中国新视野混合C,混合型-偏股,2.04,0.25y,定期定额(周),5.43,2.5,0.16,46.2,2.68,1.67,7.52
202801,南方全球精选配置股票(QDII-FOF)A,QDII-普通股票,20.7,0.25y,定期定额(周),6.59,2.97,0.285,38.5,3.24,1.92,7.5
513170,恒生央企ETF鹏华,指数型-海外股票,3.69,0.25y,定期定额(周),5.18,2.63,0.201,46.2,2.56,1.44,7.47
005421,中欧嘉泽灵活配置混合,混合型-灵活,2.69,0.25y,定期定额(周),4.33,3.8,0.067,53.8,2.14,1.55,7.45
016854,汇添富中证500指数增强C,指数型-股票,4.17,0.25y,定期定额(周),6.44,4.86,0.0,46.2,3.17,3.09,7.45
519738,交银周期回报灵活配置混合A,混合型-灵活,3.04,0.25y,定期定额(周),2.07,0.74,0.315,53.8,1.03,0.03,7.45
005137,长信沪深300指数增强A,指数型-股票,3.05,0.25y,定期定额(周),4.7,2.97,0.314,46.2,2.32,0.66,7.43
009147,建信新能源行业股票A,股票型,22.46,0.25y,价值平均法,7.72,10.63,0.465,33.3,3.79,0.73,7.41
011238,华安聚恒精选混合A,混合型-偏股,2.89,0.25y,定期定额(周),1.99,4.4,0.191,61.5,0.99,-0.13,7.4
007448,长信沪深300指数增强C,指数型-股票,7.92,0.25y,定期定额(周),4.59,2.97,0.292,46.2,2.27,0.7,7.34
002639,天弘价值精选混合发起A,混合型-灵活,3.56,0.25y,定期定额(周),1.57,0.38,0.213,53.8,0.78,-0.02,7.29
002808,泓德优势领航混合,混合型-灵活,16.1,0.25y,定期定额(周),7.93,3.52,-0.064,38.5,3.89,3.72,7.29
011239,华安聚恒精选混合C,混合型-偏股,2.89,0.25y,定期定额(周),1.85,4.41,0.167,61.5,0.92,-0.07,7.29
006608,泓德研究优选混合,混合型-偏股,13.75,0.25y,定期定额(周),8.48,4.19,-0.173,38.5,4.15,4.61,7.25
015508,兴业中证500指数增强C,指数型-股票,5.12,0.25y,定期定额(周),5.72,4.69,0.052,46.2,2.82,2.51,7.25
001528,诺安先进制造股票A,股票型,3.02,0.25y,定期定额(周),5.97,3.63,-0.031,46.2,2.94,2.71,7.23
006266,永赢智能领先混合A,混合型-偏股,4.35,0.25y,定期定额(周),6.59,5.49,-0.176,46.2,3.24,5.07,7.23
002236,大成360互联网+大数据100A,指数型-股票,7.86,0.25y,价值平均法,3.26,11.79,-0.466,66.7,1.62,5.04,7.21
010562,永赢成长领航混合A,混合型-偏股,3.1,0.25y,定期定额(周),6.54,5.46,-0.179,46.2,3.22,5.04,7.21
012184,大成创新趋势混合A,混合型-偏股,4.18,0.25y,定期定额(周),3.66,3.69,0.093,53.8,1.81,1.11,7.2
630016,华商价值共享混合发起式,混合型-灵活,2.47,0.25y,定期定额(周),4.05,5.56,0.034,53.8,2.01,1.7,7.2
470007,汇添富上证综合指数A,指数型-股票,9.35,0.25y,定期定额(周),4.91,2.85,0.142,46.2,2.42,1.48,7.19
001148,申万菱信多策略灵活配置混合A,混合型-灵活,4.66,0.25y,定期定额(周),2.62,3.07,0.29,53.8,1.3,-0.24,7.17
010563,永赢成长领航混合C,混合型-偏股,2.49,0.25y,定期定额(周),6.48,5.46,-0.185,46.2,3.19,5.06,7.17
012262,华宝可持续发展混合A,混合型-偏股,2.46,0.25y,定期定额(周),0.88,3.75,0.319,61.5,0.44,-1.32,7.17
010405,惠升医药健康6个月持有期混合,混合型-偏股,4.96,0.25y,定期定额(周),3.14,4.15,0.188,53.8,1.56,0.52,7.15
014203,鹏扬产业趋势一年持有混合A,混合型-偏股,2.35,0.25y,定期定额(周),4.03,3.92,-0.016,53.8,2.0,1.89,7.15
019144,东财景气驱动混合发起式C,混合型-偏股,10.5,0.25y,定期定额(周),3.98,11.56,0.499,46.2,1.97,-1.76,7.15
020267,宏利睿智成长混合A,混合型-偏股,3.11,0.25y,定期定额(周),3.28,4.5,0.167,53.8,1.63,0.59,7.15
001724,申万菱信多策略灵活配置混合C,混合型-灵活,6.7,0.25y,定期定额(周),2.6,3.1,0.282,53.8,1.29,-0.22,7.14
013004,国泰价值领航股票A,股票型,3.04,0.25y,定期定额(周),6.11,7.44,-0.048,46.2,3.01,3.27,7.13
015784,中信建投中证1000指数增强A,指数型-股票,2.06,0.25y,定期定额(周),4.24,4.89,-0.058,53.8,2.1,2.27,7.12
020003,国泰金龙行业混合,混合型-灵活,9.09,0.25y,定期定额(周),1.32,7.1,0.659,53.8,0.66,-4.24,7.1
003359,大成360互联网+大数据100C,指数型-股票,10.92,0.25y,价值平均法,3.08,11.81,-0.487,66.7,1.53,5.09,7.09
010624,富国稳健增长混合A,混合型-偏股,50.83,0.25y,定期定额(周),3.05,3.81,0.176,53.8,1.51,0.44,7.09
009210,中欧嘉和三年混合A,混合型-偏股,2.77,0.25y,定期定额(周),4.25,3.64,-0.095,53.8,2.1,2.2,7.08
002021,华夏回报二号混合,混合型-平衡,35.17,0.25y,定期定额(周),4.06,1.76,0.189,46.2,2.01,0.98,7.07
012473,大成成长回报六个月持有混合A,混合型-偏股,2.38,0.25y,定期定额(周),3.61,3.82,0.041,53.8,1.79,1.38,7.07
159502,标普生物科技ETF嘉实,指数型-海外股票,17.37,0.25y,定期定额(周),4.51,4.36,0.223,46.2,2.23,1.04,7.07
001420,南方大数据300A,指数型-股票,3.04,0.25y,定期定额(周),6.99,5.66,0.083,38.5,3.44,3.1,7.06
001898,易方达大健康混合,混合型-灵活,4.15,0.25y,定期定额(周),-0.15,2.02,0.12,69.2,-0.08,-0.95,7.06
011820,兴业兴智一年持有期混合A,混合型-偏股,8.84,0.25y,定期定额(周),3.83,3.23,-0.025,53.8,1.9,1.58,7.05
180003,银华-道琼斯88指数,指数型-其他,10.99,0.25y,定期定额(周),4.26,2.26,0.178,46.2,2.11,1.05,7.04
019216,天弘价值精选混合发起C,混合型-灵活,4.34,0.25y,定期定额(周),1.52,0.38,0.121,53.8,0.76,0.0,7.02
020268,宏利睿智成长混合C,混合型-偏股,2.26,0.25y,定期定额(周),3.12,4.51,0.135,53.8,1.55,0.66,7.01
000270,建信灵活配置混合A,混合型-灵活,4.06,0.25y,定期定额(周),5.52,6.12,-0.018,46.2,2.72,3.13,7.0
009057,博时科技创新混合A,混合型-偏股,2.16,0.25y,价值平均法,4.89,3.76,0.675,33.3,2.42,0.12,7.0
009264,泓德瑞兴三年持有期混合,混合型-偏股,18.16,0.25y,定期定额(周),6.92,4.22,-0.336,46.2,3.4,4.62,6.99
233006,大摩领先优势混合,混合型-偏股,3.12,0.25y,定期定额(周),4.6,4.18,-0.216,53.8,2.27,3.08,6.98
009570,鹏华匠心精选混合A,混合型-偏股,45.06,0.25y,定期定额(周),2.02,1.96,-0.063,61.5,1.0,0.66,6.97
010625,富国稳健增长混合C,混合型-偏股,40.69,0.25y,定期定额(周),2.89,3.81,0.144,53.8,1.43,0.5,6.95
020726,建信灵活配置混合C,混合型-灵活,8.71,0.25y,定期定额(周),5.41,6.12,-0.032,46.2,2.67,3.17,6.93
012107,泓德瑞嘉三年持有期混合A,混合型-偏股,4.73,0.25y,定期定额(周),8.22,4.31,-0.284,38.5,4.03,5.03,6.9
510980,上证指数ETF汇添富,指数型-股票,5.84,0.25y,定期定额(周),4.64,2.96,0.069,46.2,2.3,1.63,6.89
162415,华宝标普美国消费人民币A,指数型-海外股票,6.25,0.25y,定期定额(周),5.33,4.59,-0.046,46.2,2.63,2.6,6.86
011821,兴业兴智一年持有期混合C,混合型-偏股,4.36,0.25y,定期定额(周),3.6,3.22,-0.077,53.8,1.79,1.66,6.84
012877,富荣福耀混合C,混合型-偏股,3.59,0.25y,定期定额(周),5.27,6.81,-0.057,46.2,2.6,3.62,6.84
007968,华泰柏瑞研究精选A,混合型-偏股,3.27,0.25y,定期定额(周),3.54,3.54,-0.063,53.8,1.75,1.73,6.83
001054,工银新金融股票A,股票型,10.94,0.25y,定期定额(周),2.83,4.08,0.077,53.8,1.41,0.73,6.78
000031,华夏复兴混合A,混合型-偏股,18.05,0.25y,定期定额(周),4.02,2.82,0.127,46.2,1.99,1.09,6.74
121003,国投瑞银核心企业混合,混合型-偏股,10.74,0.25y,定期定额(周),4.76,4.96,0.019,46.2,2.35,2.11,6.74
501091,嘉实欣荣混合(LOF)A,混合型-偏股,2.9,0.25y,定期定额(周),3.55,6.81,-0.108,53.8,1.76,2.78,6.73
510130,上证中盘ETF易方达,指数型-股票,2.38,0.25y,定期定额(周),4.68,3.67,0.005,46.2,2.31,1.91,6.72
001511,兴全新视野定开混合,混合型-灵活,82.73,0.25y,定期定额(周),2.68,3.65,0.068,53.8,1.33,0.73,6.71
009152,南方瑞盛三年混合A,混合型-偏股,3.35,0.25y,定期定额(周),3.59,3.88,-0.131,53.8,1.78,2.12,6.71
014996,中欧量化先锋混合C,混合型-偏股,10.89,0.25y,定期定额(周),6.24,5.99,0.061,38.5,3.07,2.92,6.69
016492,南方均衡成长混合A,混合型-偏股,5.05,0.25y,定期定额(周),4.57,5.03,0.031,46.2,2.26,1.9,6.67
001766,摩根医疗健康股票A,股票型,4.3,0.25y,定期定额(周),-0.56,4.35,0.401,61.5,-0.28,-2.79,6.65
003629,摩根全球多元配置(QDII-FOF)人民币A,QDII-混合平衡,6.17,0.25y,定期定额(周),4.71,2.96,-0.054,46.2,2.33,1.95,6.65
004192,招商中证500指数增强A,指数型-股票,6.24,0.25y,定期定额(周),5.02,4.66,-0.091,46.2,2.48,2.89,6.65
002264,华夏乐享健康混合A,混合型-灵活,4.06,0.25y,定期定额(周),-0.44,3.94,0.365,61.5,-0.22,-2.49,6.64
519759,交银周期回报灵活配置混合C,混合型-灵活,2.06,0.25y,定期定额(周),2.05,0.74,0.292,46.2,1.02,0.04,6.63
001289,银华汇利灵活配置混合A,混合型-灵活,3.65,0.25y,定期定额(周),0.69,0.22,-0.475,69.2,0.35,-0.2,6.6
001500,泓德远见回报混合,混合型-灵活,9.11,0.25y,定期定额(周),2.83,3.95,-0.011,53.8,1.41,1.12,6.6
002001,华夏回报混合A,混合型-灵活,82.8,0.25y,定期定额(周),3.59,1.73,0.082,46.2,1.78,1.0,6.6
960002,华夏回报混合H,混合型-灵活,95.56,0.25y,定期定额(周),3.59,1.73,0.082,46.2,1.78,1.0,6.6
001319,农银信息传媒股票A,股票型,2.07,0.25y,定期定额(周),7.82,4.48,-0.352,38.5,3.84,5.22,6.58
009190,景顺长城核心优选一年持有混合,混合型-偏股,7.0,0.25y,定期定额(周),6.28,6.27,-0.431,46.2,3.09,6.38,6.58
011356,华泰柏瑞港股通时代机遇混合C,混合型-偏股,2.88,0.25y,价值平均法,4.05,13.83,-0.994,66.7,2.01,9.18,6.58
360001,光大量化股票A,股票型,13.1,0.25y,定期定额(周),4.58,4.44,-0.033,46.2,2.26,2.29,6.58
004193,招商中证500指数增强C,指数型-股票,4.87,0.25y,定期定额(周),4.91,4.67,-0.109,46.2,2.42,2.93,6.57
009225,天弘中证中美互联网(QDII)A,指数型-海外股票,2.55,0.25y,价值平均法,0.96,7.88,-0.231,66.7,0.48,1.2,6.57
501070,广发睿阳三年定开混合,混合型-偏股,4.28,0.25y,定期定额(周),4.78,4.0,-0.081,46.2,2.36,2.38,6.57
001236,博时丝路主题股票A,股票型,4.32,0.25y,定期定额(周),5.62,5.69,-0.256,46.2,2.77,4.14,6.56
021990,中加专精特新量化选股混合发起式A,混合型-偏股,2.17,0.25y,定期定额(周),4.71,5.38,-0.075,46.2,2.33,3.04,6.56
000945,华夏医疗健康混合A,混合型-灵活,7.28,0.25y,定期定额(周),-0.21,4.0,0.253,61.5,-0.1,-1.57,6.54
016493,南方均衡成长混合C,混合型-偏股,2.6,0.25y,定期定额(周),4.41,5.04,0.001,46.2,2.18,1.97,6.54
010947,中欧嘉选混合A,混合型-偏股,8.43,0.25y,定期定额(周),3.02,3.96,-0.091,53.8,1.5,1.69,6.53
019512,摩根全球多元配置(QDII-FOF)人民币C,QDII-混合平衡,3.53,0.25y,定期定额(周),4.61,2.97,-0.085,46.2,2.28,1.99,6.53
021694,银华抗通胀主题(QDII-FOF-LOF)C,QDII-商品,3.91,0.25y,价值平均法,-2.5,6.58,0.46,66.7,-1.26,-3.4,6.53
161815,银华抗通胀主题(QDII-FOF-LOF)A,QDII-商品,4.26,0.25y,价值平均法,-2.48,6.53,0.458,66.7,-1.25,-3.38,6.53
000117,广发轮动配置混合,混合型-偏股,2.33,0.25y,定期定额(周),3.81,4.42,-0.277,53.8,1.89,3.02,6.5
021991,中加专精特新量化选股混合发起式C,混合型-偏股,7.3,0.25y,定期定额(周),4.6,5.38,-0.09,46.2,2.27,3.08,6.48
159890,云计算ETF招商,指数型-股票,5.82,0.25y,价值平均法,6.76,11.47,0.15,33.3,3.32,2.94,6.48
011169,建信臻选混合,混合型-偏股,16.24,0.25y,价值平均法,1.66,4.93,-0.424,66.7,0.83,1.99,6.46
011498,富国沪深300基本面精选股票A,股票型,4.07,0.25y,定期定额(周),2.84,2.86,-0.106,53.8,1.41,1.54,6.46
163302,大摩资源优选混合(LOF),混合型-灵活,4.75,0.25y,定期定额(周),2.87,4.4,-0.104,53.8,1.42,1.73,6.43
590002,中邮核心成长混合A,混合型-偏股,23.1,0.25y,定期定额(周),3.67,5.72,0.103,46.2,1.82,1.34,6.42
003846,汇安丰恒灵活配置混合C,混合型-灵活,2.03,0.25y,定期定额(周),1.09,0.4,0.042,53.8,0.54,-0.18,6.4
005197,工银沪港深精选混合A,混合型-灵活,2.99,0.25y,定期定额(周),9.26,4.82,-0.388,30.8,4.53,6.61,6.4
001570,南方利安A,混合型-灵活,2.12,0.25y,定期定额(周),0.49,0.2,-0.788,76.9,0.24,-0.17,6.37
001164,中欧琪和灵活配置混合A,混合型-灵活,10.26,0.25y,定期定额(周),0.32,0.25,-0.678,76.9,0.16,-0.33,6.34
010314,大摩内需增长混合A,混合型-偏股,2.45,0.25y,定期定额(周),3.3,3.32,-0.256,53.8,1.64,2.41,6.33
011499,富国沪深300基本面精选股票C,股票型,12.2,0.25y,定期定额(周),2.7,2.87,-0.139,53.8,1.34,1.6,6.33
018448,中欧琪和灵活配置混合E,混合型-灵活,2.77,0.25y,定期定额(周),0.31,0.25,-0.677,76.9,0.16,-0.33,6.33
012975,西部利得碳中和混合发起A,混合型-偏股,6.0,0.25y,定期定额(周),1.56,7.95,0.124,53.8,0.78,0.32,6.31
017736,融通明锐混合C,混合型-偏股,2.97,0.25y,定期定额(周),6.37,7.21,-0.292,38.5,3.14,7.52,6.28
159790,碳中和ETF华夏,指数型-股票,15.0,0.25y,价值平均法,3.94,6.83,0.651,33.3,1.95,-1.72,6.28
017650,中庚港股通价值股票,股票型,5.94,0.25y,定期定额(周),3.45,3.68,-0.338,53.8,1.71,3.28,6.26
005176,富国精准医疗混合A,混合型-灵活,31.86,0.25y,定期定额(周),-1.32,4.71,0.36,61.5,-0.66,-2.95,6.24
012976,西部利得碳中和混合发起C,混合型-偏股,4.46,0.25y,定期定额(周),1.46,7.96,0.111,53.8,0.73,0.37,6.24
015245,南华丰汇混合A,混合型-偏股,9.67,0.25y,定期定额(周),1.08,4.47,-0.193,61.5,0.54,1.5,6.24
012093,鹏华创新升级混合A,混合型-偏股,2.91,0.25y,定期定额(周),5.25,5.07,-0.355,46.2,2.59,4.55,6.23
420001,天弘精选混合A,混合型-灵活,7.97,0.25y,定期定额(周),1.97,4.72,-0.001,53.8,0.98,0.73,6.22
001580,南方利安C,混合型-灵活,3.99,0.25y,定期定额(周),0.47,0.2,-0.851,76.9,0.23,-0.16,6.18
017646,易方达中证光伏产业ETF联接发起式A,指数型-股票,2.38,0.25y,价值平均法,6.08,11.85,0.167,33.3,2.99,2.05,6.18
561800,稀有金属ETF华富,指数型-股票,2.72,0.25y,定期定额(周),1.02,8.2,0.154,53.8,0.51,0.29,6.18
000573,天弘通利混合A,混合型-灵活,4.59,0.25y,定期定额(周),3.86,3.17,-0.103,46.2,1.91,1.95,6.15
021526,南华丰汇混合C,混合型-偏股,9.21,0.25y,定期定额(周),0.96,4.48,-0.215,61.5,0.48,1.55,6.15
481006,工银红利混合,混合型-偏股,3.19,0.25y,定期定额(周),5.19,5.44,-0.37,46.2,2.56,4.45,6.15
018209,富国精准医疗混合C,混合型-灵活,13.74,0.25y,定期定额(周),-1.47,4.72,0.342,61.5,-0.74,-2.88,6.14
510760,上证指数ETF国泰,指数型-股票,27.42,0.25y,定期定额(周),3.36,3.63,0.013,46.2,1.67,1.22,6.14
005055,华泰柏瑞量化阿尔法A,混合型-灵活,6.18,0.25y,定期定额(周),5.37,6.33,-0.034,38.5,2.65,3.19,6.13
014605,嘉实中证光伏产业ETF发起联接C,指数型-股票,4.51,0.25y,价值平均法,6.0,11.92,0.155,33.3,2.96,2.08,6.13
009086,鹏华价值共赢两年持有期混合,混合型-偏股,3.94,0.25y,定期定额(周),4.36,4.62,-0.196,46.2,2.16,2.75,6.12
516520,智能驾驶ETF华泰柏瑞,指数型-股票,10.03,0.25y,定期定额(周),7.8,5.73,-0.598,38.5,3.83,7.63,6.12
010731,广发创新医疗两年持有混合A,混合型-偏股,3.55,0.25y,定期定额(周),1.15,5.61,0.105,53.8,0.57,0.12,6.1
006532,华泰柏瑞量化阿尔法C,混合型-灵活,7.86,0.25y,定期定额(周),5.3,6.33,-0.043,38.5,2.62,3.22,6.09
011320,国泰上证综合ETF联接C,指数型-股票,2.16,0.25y,定期定额(周),3.19,3.4,0.019,46.2,1.58,1.07,6.08
012094,鹏华创新升级混合C,混合型-偏股,2.22,0.25y,定期定额(周),5.03,5.07,-0.389,46.2,2.48,4.63,6.07
001247,华泰柏瑞新利混合A,混合型-灵活,12.17,0.25y,定期定额(周),1.0,0.5,-0.019,53.8,0.5,-0.19,6.06
009630,浦银安盛ESG责任投资混合A,混合型-偏股,6.39,0.25y,定期定额(周),2.7,3.71,-0.275,53.8,1.34,2.67,6.05
014115,广发沪港深医药混合C,混合型-偏股,6.39,0.25y,定期定额(周),-1.43,5.12,0.275,61.5,-0.72,-2.33,6.05
007925,平安鑫享混合E,混合型-灵活,2.53,0.25y,定期定额(周),3.29,1.22,-0.153,46.2,1.63,1.15,6.04
519185,万家精选混合A,混合型-偏股,8.66,0.25y,定期定额(周),-4.03,5.19,0.461,69.2,-2.04,-4.65,6.04
159739,云计算ETF鹏华,指数型-股票,4.16,0.25y,价值平均法,5.88,11.46,0.094,33.3,2.9,3.0,6.03
009631,浦银安盛ESG责任投资混合C,混合型-偏股,2.77,0.25y,定期定额(周),2.61,3.7,-0.29,53.8,1.3,2.7,5.98
009571,鹏华匠心精选混合C,混合型-偏股,7.65,0.25y,定期定额(周),1.83,1.95,-0.126,53.8,0.91,0.75,5.97
001113,南方大数据100A,指数型-股票,12.44,0.25y,定期定额(周),3.49,5.42,-0.107,46.2,1.73,2.41,5.94
000960,招商医药健康产业股票,股票型,11.54,0.25y,定期定额(周),1.65,5.35,-0.109,53.8,0.82,1.85,5.93
015566,万家精选混合C,混合型-偏股,8.75,0.25y,定期定额(周),-4.17,5.2,0.436,69.2,-2.11,-4.58,5.93
022461,华商中证A500指数增强A,指数型-股票,6.75,0.25y,定期定额(周),2.35,3.6,-0.249,53.8,1.17,2.14,5.92
014754,华安景气优选混合A,混合型-偏股,2.15,0.25y,定期定额(周),4.65,3.15,-0.43,46.2,2.3,4.15,5.88
020151,中信保诚景气优选混合A,混合型-偏股,2.44,0.25y,定期定额(周),3.21,5.91,-0.097,46.2,1.59,2.53,5.86
008707,建信富时100指数(QDII)A美元现汇,指数型-海外股票,7.22,0.25y,定期定额(周),2.61,3.84,-0.32,53.8,1.3,2.22,5.85
501088,嘉实瑞虹三年定期混合,混合型-偏股,2.78,0.25y,定期定额(周),0.38,2.65,-0.199,61.5,0.19,0.33,5.85
001802,易方达瑞财混合I,混合型-灵活,13.07,0.25y,定期定额(周),2.1,0.71,-0.065,46.2,1.05,0.43,5.83
022462,华商中证A500指数增强C,指数型-股票,4.41,0.25y,定期定额(周),2.25,3.61,-0.271,53.8,1.12,2.19,5.83
162204,宏利行业精选混合A,混合型-偏股,7.76,0.25y,定期定额(周),1.87,3.9,-0.17,53.8,0.93,1.27,5.83
002091,华泰柏瑞新利混合C,混合型-灵活,9.69,0.25y,定期定额(周),0.95,0.51,-0.104,53.8,0.47,-0.16,5.81
009726,招商中证500等权重指数增强A,指数型-股票,4.78,0.25y,定期定额(周),3.87,4.6,-0.262,46.2,1.92,3.2,5.81
009805,国泰医药健康股票A,股票型,5.4,0.25y,定期定额(周),-0.87,4.8,0.02,61.5,-0.44,-0.5,5.81
160505,博时主题行业混合(LOF),混合型-偏股,48.27,0.25y,定期定额(周),-0.73,4.47,0.0,61.5,-0.37,-0.52,5.81
001278,前海开源清洁能源混合A,混合型-灵活,4.7,0.25y,价值平均法,-2.05,6.14,0.007,66.7,-1.03,-1.18,5.79
008708,建信富时100指数(QDII)C美元现汇,指数型-海外股票,3.75,0.25y,定期定额(周),2.56,3.87,-0.338,53.8,1.27,2.25,5.79
001490,汇添富国企创新股票A,股票型,3.27,0.25y,定期定额(周),3.26,3.47,-0.143,46.2,1.62,1.77,5.77
001694,华安沪港深外延增长灵活配置混合A,混合型-灵活,18.97,0.25y,定期定额(周),4.37,2.92,-0.43,46.2,2.16,3.98,5.77
560880,家电ETF广发,指数型-股票,5.6,0.25y,定期定额(周),7.05,3.89,-0.603,38.5,3.47,5.96,5.77
020152,中信保诚景气优选混合C,混合型-偏股,7.98,0.25y,定期定额(周),3.06,5.92,-0.118,46.2,1.52,2.59,5.76
519768,交银优选回报灵活配置混合A,混合型-灵活,2.65,0.25y,定期定额(周),1.01,0.37,-0.209,53.8,0.51,-0.1,5.75
002019,鹏华弘安混合C,混合型-灵活,5.77,0.25y,定期定额(月),0.61,0.05,-2.687,100.0,0.31,-0.19,5.72
320022,诺安研究精选股票A,股票型,6.68,0.25y,定期定额(周),5.16,8.03,-0.268,38.5,2.55,6.03,5.72
001150,融通互联网传媒灵活配置混合,混合型-灵活,8.57,0.25y,定期定额(周),5.05,7.3,-0.282,38.5,2.5,6.56,5.71
021875,路博迈资源精选股票发起A,股票型,3.74,0.25y,定期定额(周),0.41,7.87,0.034,53.8,0.21,0.55,5.67
011104,光大智能汽车主题股票A,股票型,5.46,0.25y,定期定额(周),2.74,4.63,-0.088,46.2,1.36,1.73,5.65
519191,万家新利灵活配置混合,混合型-灵活,4.91,0.25y,定期定额(周),-4.01,6.55,0.241,69.2,-2.03,-3.42,5.65
159671,稀有金属ETF工银,指数型-股票,15.82,0.25y,定期定额(周),-0.01,8.17,0.091,53.8,-0.0,0.39,5.64
009727,招商中证500等权重指数增强C,指数型-股票,4.52,0.25y,定期定额(周),3.65,4.6,-0.301,46.2,1.81,3.29,5.63
019087,工银中证稀有金属主题ETF发起式联接A,指数型-股票,5.34,0.25y,定期定额(周),-0.07,7.83,0.108,53.8,-0.04,0.02,5.63
019088,工银中证稀有金属主题ETF发起式联接C,指数型-股票,3.57,0.25y,定期定额(周),-0.11,7.84,0.105,53.8,-0.05,0.03,5.6
377020,摩根内需动力混合A,混合型-偏股,17.41,0.25y,定期定额(周),0.49,4.65,0.009,53.8,0.24,-0.09,5.59
470098,汇添富逆向投资混合A,混合型-偏股,8.18,0.25y,定期定额(周),2.55,4.15,-0.085,46.2,1.27,1.61,5.58
001167,金鹰科技创新股票A,股票型,23.65,0.25y,定期定额(周),4.06,6.14,-0.472,46.2,2.01,5.72,5.57
022670,招商中证A500指数增强发起式A,指数型-股票,2.19,0.25y,定期定额(周),3.12,4.12,-0.205,46.2,1.55,2.21,5.57
021876,路博迈资源精选股票发起C,股票型,19.64,0.25y,定期定额(周),0.23,7.88,0.014,53.8,0.12,0.62,5.56
019874,广发稀有金属ETF联接A,指数型-股票,4.72,0.25y,定期定额(周),-0.28,7.9,0.102,53.8,-0.14,0.02,5.53
014228,浦银安盛品质优选混合A,混合型-偏股,5.19,0.25y,定期定额(周),1.88,3.72,-0.358,53.8,0.94,2.73,5.52
022749,平安港股通红利优选混合C,混合型-偏股,4.59,0.25y,价值平均法,-6.2,5.52,-0.784,100.0,-3.15,-1.27,5.52
163110,申万菱信量化小盘股票(LOF)A,股票型,2.52,0.25y,定期定额(周),5.22,4.8,-0.344,38.5,2.58,4.53,5.49
006879,华安智能生活混合A,混合型-偏股,14.35,0.25y,定期定额(周),3.97,3.07,-0.475,46.2,1.97,4.02,5.48
019875,广发稀有金属ETF联接C,指数型-股票,30.49,0.25y,定期定额(周),-0.36,7.9,0.093,53.8,-0.18,0.06,5.48
159996,家电ETF国泰,指数型-股票,11.85,0.25y,定期定额(周),6.65,3.89,-0.663,38.5,3.27,6.05,5.47
519769,交银优选回报灵活配置混合C,混合型-灵活,4.14,0.25y,定期定额(周),0.97,0.37,-0.306,53.8,0.48,-0.08,5.47
019093,金鹰科技创新股票C,股票型,12.47,0.25y,定期定额(周),3.9,6.15,-0.492,46.2,1.93,5.78,5.46
013280,宏利睿智稳健混合C,混合型-灵活,2.17,0.25y,定期定额(周),1.22,3.94,-0.215,53.8,0.61,1.1,5.44
017303,华安景气领航混合A,混合型-偏股,9.39,0.25y,定期定额(周),3.94,2.98,-0.49,46.2,1.95,4.04,5.44
159608,稀有金属ETF广发,指数型-股票,50.81,0.25y,定期定额(周),-0.39,8.19,0.067,53.8,-0.2,0.43,5.44
000711,嘉实医疗保健股票,股票型,7.06,0.25y,定期定额(周),0.72,4.68,-0.173,53.8,0.36,2.0,5.43
005063,广发中证全指家用电器ETF联接A,指数型-股票,2.26,0.25y,定期定额(周),6.5,3.7,-0.647,38.5,3.2,5.7,5.43
014110,嘉实中证稀有金属主题ETF发起联接A,指数型-股票,5.5,0.25y,定期定额(周),-0.4,7.76,0.075,53.8,-0.2,0.17,5.43
519767,交银科技创新灵活配置混合A,混合型-灵活,3.14,0.25y,定期定额(周),7.02,6.41,-0.746,38.5,3.45,7.69,5.43
010956,天弘中证智能汽车指数发起式C,指数型-股票,3.6,0.25y,定期定额(周),6.52,5.51,-0.668,38.5,3.21,7.22,5.42
012886,华夏中证光伏产业ETF发起式联接C,指数型-股票,8.74,0.25y,价值平均法,4.83,12.03,0.027,33.3,2.39,2.3,5.4
014111,嘉实中证稀有金属主题ETF发起联接C,指数型-股票,25.3,0.25y,定期定额(周),-0.45,7.77,0.07,53.8,-0.23,0.19,5.4
562800,稀有金属ETF嘉实,指数型-股票,68.36,0.25y,定期定额(周),-0.46,8.19,0.059,53.8,-0.23,0.47,5.4
009362,招商丰盈积极配置混合A,混合型-偏股,6.46,0.25y,定期定额(周),4.19,4.86,-0.144,38.5,2.07,2.18,5.35
180010,银华优质增长混合,混合型-偏股,17.17,0.25y,定期定额(周),1.47,2.92,-0.331,53.8,0.73,1.56,5.32
011710,中欧睿泽混合A,混合型-偏股,2.66,0.25y,定期定额(周),3.36,3.47,-0.381,46.2,1.67,2.73,5.31
070018,嘉实回报混合,混合型-灵活,3.81,0.25y,定期定额(周),4.89,2.41,-0.391,38.5,2.41,3.25,5.31
013942,华宝中证稀有金属指数增强发起A,指数型-股票,3.1,0.25y,定期定额(周),-0.7,7.9,0.069,53.8,-0.35,0.06,5.3
165531,中信保诚多策略混合(LOF)A,混合型-灵活,10.84,0.25y,定期定额(周),2.46,5.26,-0.211,46.2,1.22,2.54,5.3
012510,国富优质企业一年持有期混合A,混合型-偏股,2.76,0.25y,定期定额(周),6.81,4.78,-0.793,38.5,3.35,7.48,5.28
001165,中欧琪和灵活配置混合C,混合型-灵活,16.68,0.25y,定期定额(周),0.19,0.25,-1.05,76.9,0.1,-0.27,5.26
011201,财通优势行业轮动混合A,混合型-偏股,4.68,0.25y,定期定额(周),2.59,4.87,-0.3,46.2,1.29,3.65,5.25
013943,华宝中证稀有金属指数增强发起C,指数型-股票,9.89,0.25y,定期定额(周),-0.78,7.9,0.061,53.8,-0.39,0.1,5.25
161026,富国中证国有企业改革指数(LOF)A,指数型-股票,19.32,0.25y,定期定额(周),3.28,3.17,-0.399,46.2,1.63,2.77,5.25
513160,港股科技ETF银华,指数型-股票,49.39,0.25y,价值平均法,1.66,11.54,-1.242,66.7,0.83,10.71,5.25
002593,富国美丽中国混合A,混合型-偏股,7.53,0.25y,定期定额(周),3.05,4.54,-0.377,46.2,1.51,3.46,5.23
005680,财通资管价值成长混合A,混合型-灵活,12.74,0.25y,定期定额(周),4.89,5.72,-0.372,38.5,2.42,4.06,5.21
010122,华泰柏瑞优势领航混合A,混合型-偏股,2.05,0.25y,定期定额(周),1.4,3.49,-0.394,53.8,0.7,2.36,5.2
008819,农银汇理策略趋势混合,混合型-偏股,3.23,0.25y,定期定额(周),2.33,4.24,-0.225,46.2,1.16,2.04,5.19
018561,中信保诚多策略混合(LOF)C,混合型-灵活,15.75,0.25y,定期定额(周),2.31,5.27,-0.235,46.2,1.15,2.61,5.19
270001,广发聚富混合,混合型-灵活,12.5,0.25y,定期定额(周),4.92,3.18,-0.42,38.5,2.43,3.59,5.19
000452,南方医药保健灵活配置混合A,混合型-灵活,17.67,0.25y,定期定额(周),-3.09,4.57,0.209,61.5,-1.56,-2.73,5.18
510210,上证指数ETF富国,指数型-股票,89.14,0.25y,定期定额(周),2.22,3.18,-0.213,46.2,1.11,1.51,5.16
012434,银华多元回报一年持有期混合,混合型-偏股,8.63,0.25y,定期定额(周),2.58,4.27,-0.286,46.2,1.28,2.22,5.15
161033,富国中证智能汽车(LOF)A,指数型-股票,2.26,0.25y,定期定额(周),6.1,5.48,-0.712,38.5,3.0,7.24,5.15
004075,交银医药创新股票A,股票型,17.28,0.25y,定期定额(周),-0.39,4.03,-0.055,53.8,-0.2,0.44,5.13
021605,富国消费精选30股票C,股票型,13.12,0.25y,价值平均法,5.01,6.66,-0.172,33.3,2.47,3.11,5.12
015915,永赢医药创新智选混合发起A,混合型-偏股,11.25,0.25y,定期定额(周),-2.61,5.42,0.003,61.5,-1.32,-0.52,5.1
121006,国投瑞银稳健增长混合,混合型-偏股,8.13,0.25y,定期定额(周),2.6,4.09,-0.316,46.2,1.29,2.36,5.1
206001,鹏华弘泰A,混合型-灵活,4.41,0.25y,定期定额(月),0.21,0.15,-2.101,100.0,0.1,-0.31,5.07
515250,智能汽车ETF富国,指数型-股票,5.33,0.25y,定期定额(周),6.01,5.75,-0.748,38.5,2.96,7.69,5.06
014933,南方医药保健灵活配置混合C,混合型-灵活,3.35,0.25y,定期定额(周),-3.29,4.58,0.181,61.5,-1.66,-2.64,5.04
015916,永赢医药创新智选混合发起C,混合型-偏股,51.82,0.25y,定期定额(周),-2.72,5.41,-0.008,61.5,-1.37,-0.48,5.03
515680,央企创新ETF嘉实,指数型-股票,18.84,0.25y,定期定额(周),-0.12,4.61,-0.132,53.8,-0.06,0.24,5.03
519651,银河转型混合A,混合型-灵活,2.47,0.25y,定期定额(周),2.43,4.9,-0.33,46.2,1.21,2.85,5.03
121002,国投瑞银景气行业混合,混合型-灵活,6.06,0.25y,定期定额(周),2.57,4.2,-0.36,46.2,1.28,2.48,4.99
515600,央企创新ETF广发,指数型-股票,18.12,0.25y,定期定额(周),-0.21,4.62,-0.144,53.8,-0.11,0.26,4.96
011843,民生加银内核驱动混合A,混合型-偏股,3.55,0.25y,定期定额(周),3.19,3.68,-0.172,38.5,1.58,2.36,4.95
022371,鹏华弘泰混合D,混合型-灵活,2.52,0.25y,定期定额(月),0.22,0.14,-2.168,100.0,0.11,-0.31,4.95
100053,富国上证指数ETF联接A,指数型-股票,3.79,0.25y,定期定额(周),1.91,3.02,-0.278,46.2,0.95,1.5,4.87
008290,华安现代生活混合,混合型-偏股,2.04,0.25y,定期定额(周),4.77,5.03,-0.572,38.5,2.35,5.64,4.84
014972,华安沪港深外延增长灵活配置混合C,混合型-灵活,2.39,0.25y,定期定额(周),4.18,2.94,-0.464,38.5,2.07,4.04,4.84
515900,央企创新ETF博时,指数型-股票,37.89,0.25y,定期定额(周),-0.36,4.6,-0.17,53.8,-0.18,0.29,4.84
008866,博时产业新趋势混合A,混合型-灵活,3.8,0.25y,定期定额(周),4.61,2.02,-0.582,38.5,2.28,3.6,4.82
014449,富国融丰两年定期开放混合A,混合型-偏股,2.03,0.25y,定期定额(周),0.0,3.7,-0.26,53.8,0.0,0.9,4.82
000220,富国医疗保健行业混合A,混合型-偏股,6.8,0.25y,定期定额(周),-0.29,4.62,-0.263,53.8,-0.15,1.97,4.81
013286,富国上证指数ETF联接C,指数型-股票,7.45,0.25y,定期定额(周),1.85,3.01,-0.292,46.2,0.92,1.53,4.81
501186,华夏兴融混合(LOF)A,混合型-灵活,4.72,0.25y,定期定额(周),1.56,1.91,-0.236,46.2,0.78,0.59,4.8
001706,诺安积极回报混合A,混合型-灵活,6.69,0.25y,定期定额(周),4.38,5.28,-0.549,38.5,2.17,6.18,4.79
000780,鹏华医疗保健股票,股票型,3.8,0.25y,定期定额(周),0.74,4.6,-0.505,53.8,0.37,3.71,4.78
011405,银华稳健增长一年持有期混合,混合型-偏股,8.6,0.25y,定期定额(周),1.15,3.14,-0.523,53.8,0.57,2.2,4.77
660010,农银策略精选混合,混合型-偏股,19.64,0.25y,定期定额(周),1.73,4.11,-0.295,46.2,0.86,2.02,4.77
001230,鹏华医药科技股票A,股票型,16.53,0.25y,定期定额(周),0.65,4.38,-0.483,53.8,0.33,3.13,4.74
070032,嘉实优化红利混合A,混合型-偏股,11.19,0.25y,定期定额(周),4.04,2.46,-0.473,38.5,2.0,3.18,4.73
007139,富国民裕进取沪港深成长A,混合型-偏股,6.86,0.25y,定期定额(周),5.15,3.1,-0.746,38.5,2.54,5.9,4.71
012847,诺安积极回报混合C,混合型-灵活,5.52,0.25y,定期定额(周),4.25,5.28,-0.565,38.5,2.1,6.22,4.71
013610,中信保诚前瞻优势混合,混合型-偏股,4.77,0.25y,定期定额(周),1.8,4.03,-0.365,46.2,0.9,2.58,4.68
003175,华泰柏瑞多策略混合A,混合型-灵活,9.91,0.25y,定期定额(周),0.33,3.36,-0.382,53.8,0.17,0.97,4.66
017900,鹏华医药科技股票C,股票型,16.98,0.25y,定期定额(周),0.54,4.38,-0.5,53.8,0.27,3.17,4.66
011363,南方兴润价值一年持有混合A,混合型-灵活,39.57,0.25y,定期定额(周),3.25,3.76,-0.317,38.5,1.61,2.69,4.64
000127,农银行业领先混合,混合型-偏股,6.21,0.25y,定期定额(周),1.44,4.14,-0.307,46.2,0.72,1.91,4.62
003693,大成景尚灵活配置混合C,混合型-灵活,42.98,0.25y,定期定额(周),0.9,0.36,-0.636,53.8,0.45,0.01,4.61
011556,富国民裕进取沪港深成长C,混合型-偏股,4.84,0.25y,定期定额(周),5.03,3.11,-0.766,38.5,2.49,5.94,4.61
530680,上证180ETF兴业,指数型-股票,2.15,0.25y,定期定额(周),2.61,3.45,-0.562,46.2,1.3,3.09,4.59
013621,华安智能生活混合C,混合型-偏股,2.18,0.25y,定期定额(周),3.8,3.07,-0.506,38.5,1.88,4.09,4.57
009562,工银全球股票(QDII)美元,QDII-普通股票,3.65,0.25y,定期定额(周),3.03,3.85,-0.664,46.2,1.5,3.61,4.54
009618,交银启汇混合A,混合型-偏股,10.17,0.25y,定期定额(周),2.89,3.47,-0.661,46.2,1.43,3.89,4.53
017304,华安景气领航混合C,混合型-偏股,10.79,0.25y,定期定额(周),3.78,3.0,-0.522,38.5,1.87,4.11,4.53
008063,汇添富大盘核心资产混合A,混合型-偏股,15.41,0.25y,定期定额(周),1.48,4.11,-0.38,46.2,0.74,2.64,4.52
001008,工银国企改革股票,股票型,7.52,0.25y,定期定额(周),5.47,8.53,-0.123,23.1,2.7,4.68,4.51
015450,华泰柏瑞多策略混合C,混合型-灵活,6.24,0.25y,定期定额(周),0.19,3.36,-0.425,53.8,0.09,1.03,4.5
159529,标普消费ETF景顺,指数型-海外股票,8.58,0.25y,定期定额(周),4.34,4.66,-0.569,38.5,2.15,3.68,4.5
011364,南方兴润价值一年持有混合C,混合型-灵活,10.81,0.25y,定期定额(周),3.07,3.76,-0.352,38.5,1.52,2.75,4.48
110012,易方达科汇灵活配置混合,混合型-灵活,13.98,0.25y,定期定额(周),1.31,3.91,0.036,38.5,0.66,0.11,4.48
320011,诺安中小盘精选混合A,混合型-偏股,4.63,0.25y,定期定额(周),4.48,3.48,-0.316,30.8,2.22,3.41,4.46
001984,摩根中国生物医药混合(QDII)A,QDII-混合偏股,4.96,0.25y,定期定额(周),-3.48,4.8,-0.115,61.5,-1.75,-0.51,4.45
001128,宝盈新兴产业混合A,混合型-灵活,5.44,0.25y,定期定额(周),4.09,6.95,-0.218,30.8,2.02,3.44,4.43
159561,德国ETF嘉实,指数型-海外股票,18.79,0.25y,定期定额(周),3.37,5.43,-0.874,46.2,1.67,6.77,4.42
011373,招商前沿医疗保健股票A,股票型,5.29,0.25y,定期定额(周),0.74,5.89,-0.331,46.2,0.37,3.33,4.41
011626,嘉实匠心回报混合A,混合型-偏股,4.15,0.25y,定期定额(周),2.87,3.04,-0.72,46.2,1.42,3.89,4.4
014771,中泰红利优选一年持有混合发起,混合型-偏股,9.93,0.25y,定期定额(周),-0.23,1.76,-0.359,53.8,-0.11,0.23,4.4
588860,科创医药ETF工银,指数型-股票,2.71,0.25y,定期定额(周),-0.93,4.54,-0.333,53.8,-0.47,2.19,4.4
513030,德国ETF华安,指数型-海外股票,16.22,0.25y,定期定额(周),3.32,5.39,-0.88,46.2,1.64,6.74,4.38
000831,工银医疗保健股票,股票型,22.43,0.25y,定期定额(周),-3.16,4.48,-0.231,61.5,-1.59,0.35,4.36
470006,汇添富医药保健混合,混合型-偏股,21.19,0.25y,定期定额(周),-1.55,4.77,-0.195,53.8,-0.78,0.46,4.33
012815,宝盈新兴产业混合C,混合型-灵活,2.59,0.25y,定期定额(周),3.93,6.96,-0.241,30.8,1.95,3.5,4.32
530006,建信核心精选混合,混合型-偏股,2.92,0.25y,定期定额(周),1.58,2.44,-0.481,46.2,0.79,2.09,4.31
000913,农银医疗保健股票,股票型,11.42,0.25y,定期定额(周),-1.52,4.4,-0.242,53.8,-0.76,1.3,4.3
008763,天弘越南市场股票发起(QDII)A,QDII-普通股票,27.0,0.25y,定期定额(周),3.69,5.18,-1.012,46.2,1.83,7.72,4.3
004190,招商沪深300指数增强A,指数型-股票,4.28,0.25y,定期定额(周),1.94,3.26,-0.572,46.2,0.97,3.01,4.29
588700,科创医药ETF嘉实,指数型-股票,2.79,0.25y,定期定额(周),-1.15,4.56,-0.352,53.8,-0.57,2.22,4.27
008764,天弘越南市场股票发起(QDII)C,QDII-普通股票,17.3,0.25y,定期定额(周),3.64,5.19,-1.021,46.2,1.8,7.75,4.26
004191,招商沪深300指数增强C,指数型-股票,2.29,0.25y,定期定额(周),1.84,3.26,-0.594,46.2,0.91,3.05,4.2
009879,平安低碳经济混合C,混合型-偏股,6.22,0.25y,价值平均法,1.01,9.04,0.226,33.3,0.5,-0.79,4.19
011058,景顺长城成长龙头一年持有混合A,混合型-偏股,17.67,0.25y,定期定额(周),2.79,4.28,-0.793,46.2,1.38,4.48,4.19
159623,成渝经济圈ETF博时,指数型-股票,31.22,0.25y,定期定额(周),-0.21,3.15,-0.171,46.2,-0.1,0.54,4.16
001152,融通新区域新经济灵活配置混合,混合型-灵活,2.39,0.25y,定期定额(周),0.55,4.97,-0.366,46.2,0.28,2.32,4.15
008923,建信医疗健康行业股票A,股票型,6.31,0.25y,定期定额(周),-4.77,5.34,0.003,61.5,-2.42,-1.75,4.13
010094,交银产业机遇混合,混合型-偏股,9.84,0.25y,定期定额(周),5.98,4.23,-0.857,30.8,2.95,8.05,4.12
008546,南方产业优势两年混合A,混合型-偏股,11.27,0.25y,定期定额(周),0.46,3.37,-0.695,53.8,0.23,2.77,4.11
011069,工银成长精选混合A,混合型-偏股,9.11,0.25y,定期定额(周),-3.93,5.48,-0.223,61.5,-1.98,0.37,4.11
050026,博时医疗保健行业混合A,混合型-偏股,16.0,0.25y,定期定额(周),-0.77,4.23,-0.47,53.8,-0.39,2.11,4.11
008293,农银汇理创新医疗混合,混合型-偏股,5.22,0.25y,定期定额(周),-1.86,4.42,-0.272,53.8,-0.93,1.34,4.1
159750,港股科技50ETF招商,指数型-海外股票,16.68,0.25y,价值平均法,-1.9,7.38,-0.961,66.7,-0.95,5.45,4.1
501087,交银瑞丰混合(LOF),混合型-偏股,5.74,0.25y,定期定额(周),-3.26,2.66,-0.208,61.5,-1.64,-1.5,4.09
159747,香港科技ETF南方,指数型-海外股票,4.92,0.25y,价值平均法,-1.89,7.43,-0.976,66.7,-0.95,5.61,4.08
004139,中邮军民融合灵活配置混合A,混合型-灵活,7.11,0.25y,定期定额(周),0.51,6.28,-0.479,46.2,0.26,4.49,4.07
008924,建信医疗健康行业股票C,股票型,5.93,0.25y,定期定额(周),-4.87,5.35,-0.009,61.5,-2.47,-1.7,4.07
000614,华安德国(DAX)联接(QDII)A,指数型-海外股票,3.41,0.25y,定期定额(周),2.9,5.02,-0.928,46.2,1.44,6.33,4.06
011059,景顺长城成长龙头一年持有混合C,混合型-偏股,2.23,0.25y,定期定额(周),2.65,4.28,-0.825,46.2,1.31,4.54,4.06
510180,上证180ETF华安,指数型-股票,215.68,0.25y,定期定额(周),1.97,3.44,-0.682,46.2,0.98,3.24,4.04
010129,宝盈发展新动能股票C,股票型,2.54,0.25y,定期定额(周),3.36,7.03,-0.272,30.8,1.67,3.39,4.01
011070,工银成长精选混合C,混合型-偏股,3.08,0.25y,定期定额(周),-4.08,5.48,-0.242,61.5,-2.06,0.44,4.01
015016,华安德国(DAX)联接(QDII)C,指数型-海外股票,2.34,0.25y,定期定额(周),2.84,5.02,-0.939,46.2,1.41,6.35,4.01
021633,招商中证香港科技ETF发起式联接(QDII)A,指数型-海外股票,3.14,0.25y,价值平均法,-1.92,6.96,-0.983,66.7,-0.97,5.16,4.0
022243,中邮军民融合灵活配置混合C,混合型-灵活,4.07,0.25y,定期定额(周),0.41,6.28,-0.491,46.2,0.21,4.53,4.0
519736,交银新成长混合,混合型-偏股,38.88,0.25y,定期定额(周),0.24,2.87,-0.322,46.2,0.12,0.82,4.0
519170,浦银安盛增长动力混合A,混合型-灵活,5.66,0.25y,定期定额(周),0.26,4.94,-0.393,46.2,0.13,2.3,3.97
021634,招商中证香港科技ETF发起式联接(QDII)C,指数型-海外股票,7.36,0.25y,价值平均法,-2.0,6.97,-0.994,66.7,-1.01,5.18,3.95
016562,鹏华精选成长混合C,混合型-偏股,3.52,0.25y,定期定额(周),-1.91,4.4,0.085,46.2,-0.96,-1.54,3.92
011635,富国港股通策略精选混合A,混合型-偏股,10.4,0.25y,定期定额(周),2.74,3.96,-0.577,38.5,1.36,3.86,3.89
513190,港股通金融ETF华夏,指数型-股票,22.37,0.25y,定期定额(周),0.59,2.18,-0.844,53.8,0.3,3.32,3.86
005911,广发双擎升级混合A,混合型-偏股,46.53,0.25y,定期定额(周),0.69,3.9,-0.145,38.5,0.35,0.67,3.83
011173,银华心享一年持有期混合,混合型-偏股,32.9,0.25y,定期定额(周),2.66,3.66,-0.608,38.5,1.32,4.02,3.81
020594,华夏软件龙头混合发起式C,混合型-偏股,3.53,0.25y,定期定额(周),1.44,5.89,-0.439,38.5,0.72,4.99,3.8
561990,沪深300增强ETF招商,指数型-股票,4.18,0.25y,定期定额(周),1.08,3.16,-0.618,46.2,0.54,2.82,3.8
000215,广发趋势优选灵活配置混合A,混合型-灵活,6.95,0.25y,定期定额(周),0.73,0.91,-0.838,53.8,0.37,0.54,3.76
011636,富国港股通策略精选混合C,混合型-偏股,11.77,0.25y,定期定额(周),2.59,3.97,-0.606,38.5,1.29,3.92,3.76
160133,南方天元新产业股票(LOF),股票型,8.28,0.25y,定期定额(周),1.0,3.26,-0.61,46.2,0.5,2.58,3.76
009468,博时健康成长双周定期可赎回混合A,混合型-偏股,2.88,0.25y,定期定额(周),-1.46,4.95,-0.529,53.8,-0.73,2.49,3.74
202007,南方隆元产业主题混合,混合型-偏股,9.09,0.25y,定期定额(周),0.98,3.09,-0.621,46.2,0.49,2.44,3.72
000408,民生加银城镇化混合A,混合型-灵活,3.79,0.25y,定期定额(周),-3.33,7.58,-0.123,53.8,-1.68,-1.07,3.71
690007,民生加银景气行业混合A,混合型-偏股,8.07,0.25y,定期定额(周),1.38,2.93,-0.701,46.2,0.69,2.13,3.66
001222,鹏华外延成长混合,混合型-灵活,6.58,0.25y,定期定额(周),0.77,3.27,-0.598,46.2,0.39,2.09,3.65
004851,广发医疗保健股票A,股票型,39.07,0.25y,定期定额(周),-4.91,3.99,-0.162,61.5,-2.49,-1.26,3.65
003412,鹏华弘康灵活配置混合C,混合型-灵活,24.84,0.25y,定期定额(月),0.69,0.04,-2.61,66.7,0.34,-0.2,3.64
161724,招商中证煤炭等权指数(LOF)A,指数型-股票,7.13,0.25y,定期定额(周),-8.43,8.62,0.148,69.2,-4.31,-5.05,3.64
013596,招商中证煤炭等权指数(LOF)C,指数型-股票,3.69,0.25y,定期定额(周),-8.45,8.62,0.144,69.2,-4.32,-5.04,3.62
003026,安信新价值混合A,混合型-灵活,8.78,0.25y,定期定额(周),1.17,0.72,-0.4,38.5,0.58,0.19,3.61
013958,华商鑫选回报一年持有混合A,混合型-偏股,2.05,0.25y,定期定额(周),4.22,5.56,-0.687,30.8,2.09,5.95,3.59
009163,广发医疗保健股票C,股票型,6.0,0.25y,定期定额(周),-5.01,3.99,-0.177,61.5,-2.54,-1.21,3.58
011212,富国稳健策略6个月持有混合A,混合型-偏股,5.82,0.25y,定期定额(周),1.54,3.15,-0.474,38.5,0.77,2.39,3.54
000985,嘉实逆向策略股票,股票型,3.77,0.25y,定期定额(周),0.73,4.33,-0.661,46.2,0.36,2.78,3.53
000165,国投瑞银策略精选混合,混合型-灵活,8.44,0.25y,定期定额(周),1.54,4.31,-0.491,38.5,0.77,2.87,3.52
004010,华泰柏瑞鼎利灵活配置混合A,混合型-灵活,47.55,0.25y,定期定额(周),0.31,0.51,-0.839,53.8,0.16,-0.07,3.51
013797,博时优质鑫选一年持有期混合A,混合型-偏股,14.1,0.25y,定期定额(周),3.31,2.09,-0.891,38.5,1.64,3.91,3.49
519752,交银新回报灵活配置混合A,混合型-灵活,2.26,0.25y,定期定额(周),1.04,0.47,-0.78,46.2,0.52,0.14,3.49
000854,鹏华养老产业股票,股票型,3.93,0.25y,定期定额(周),0.22,4.42,-0.639,46.2,0.11,3.73,3.48
513890,恒生科技ETF摩根,指数型-海外股票,8.78,0.25y,价值平均法,-1.99,8.82,-1.285,66.7,-1.0,7.53,3.47
003715,宝盈消费主题混合,混合型-灵活,2.42,0.25y,定期定额(周),3.87,3.23,-0.662,30.8,1.92,4.4,3.46
008127,广发趋势优选灵活配置混合C,混合型-灵活,2.12,0.25y,定期定额(周),0.63,0.91,-0.935,53.8,0.31,0.58,3.46
018156,创金合信全球医药生物股票发起(QDII)C,QDII-普通股票,2.14,0.25y,定期定额(周),1.52,4.38,-0.555,38.5,0.76,3.77,3.44
517900,银行AH优选ETF招商,指数型-股票,9.49,0.25y,定期定额(周),-2.78,1.4,-0.513,61.5,-1.4,-0.52,3.44
530001,建信恒久价值混合,混合型-偏股,8.01,0.25y,定期定额(周),-1.57,4.88,-0.62,53.8,-0.79,2.19,3.43
003027,安信新价值混合C,混合型-灵活,25.7,0.25y,定期定额(周),1.12,0.72,-0.465,38.5,0.56,0.22,3.41
010671,景顺长城大中华混合(QDII)A美元现汇,QDII-混合偏股,5.99,0.25y,定期定额(周),1.08,4.41,-0.828,46.2,0.54,4.28,3.4
012888,工银兴瑞一年持有期混合A,混合型-偏股,9.34,0.25y,定期定额(周),-3.24,5.31,-0.35,53.8,-1.63,1.52,3.4
004475,华泰柏瑞富利混合A,混合型-灵活,37.22,0.25y,定期定额(周),-0.2,3.32,-0.515,46.2,-0.1,1.15,3.37
009119,广发品质回报混合A,混合型-偏股,3.55,0.25y,定期定额(周),3.53,3.65,-1.039,38.5,1.75,6.79,3.36
090019,大成景恒混合A,混合型-偏股,6.24,0.25y,定期定额(周),-0.32,5.29,-0.583,46.2,-0.16,3.19,3.36
070003,嘉实稳健混合,混合型-偏股,16.48,0.25y,定期定额(周),-0.69,2.45,-0.759,53.8,-0.34,1.63,3.35
010393,工银健康生活混合A,混合型-偏股,7.96,0.25y,定期定额(周),-3.54,5.34,-0.315,53.8,-1.78,1.21,3.34
020989,南方恒生科技ETF发起联接(QDII)C,指数型-海外股票,17.28,0.25y,价值平均法,-2.18,8.33,-1.294,66.7,-1.1,7.18,3.34
519760,交银新回报灵活配置混合C,混合型-灵活,2.06,0.25y,定期定额(周),1.01,0.47,-0.832,46.2,0.5,0.15,3.34
018578,摩根恒生科技ETF发起式联接(QDII)C,指数型-海外股票,2.66,0.25y,价值平均法,-2.02,8.32,-1.333,66.7,-1.02,7.23,3.3
006038,大成景恒混合C,混合型-偏股,11.47,0.25y,定期定额(周),-0.48,5.29,-0.607,46.2,-0.24,3.26,3.24
006551,中庚价值领航混合,混合型-偏股,50.2,0.25y,定期定额(周),-2.67,4.01,-0.452,53.8,-1.34,0.45,3.23
012584,南方中国新兴经济9个月持有期混合(QDII)A,QDII-混合偏股,7.46,0.25y,定期定额(周),0.43,5.65,-0.878,46.2,0.21,6.36,3.23
003839,易方达瑞通灵活配置混合A,混合型-灵活,2.9,0.25y,定期定额(周),0.62,0.67,-0.738,46.2,0.31,0.31,3.21
005689,中银医疗保健混合A,混合型-灵活,4.6,0.25y,定期定额(周),-7.12,5.18,0.064,61.5,-3.63,-3.36,3.21
320016,诺安多策略混合A,混合型-偏股,25.41,0.25y,定期定额(周),0.64,6.26,-0.521,38.5,0.32,4.22,3.21
486001,工银全球股票(QDII)人民币,QDII-普通股票,3.65,0.25y,定期定额(周),1.92,3.91,-1.047,46.2,0.95,4.37,3.21
004011,华泰柏瑞鼎利灵活配置混合C,混合型-灵活,106.81,0.25y,定期定额(周),0.25,0.52,-0.945,53.8,0.13,-0.04,3.2
013385,信澳优势价值混合A,混合型-偏股,5.27,0.25y,定期定额(周),6.1,6.09,-0.109,7.7,3.01,3.69,3.2
159741,恒生科技ETF嘉实,指数型-海外股票,11.27,0.25y,价值平均法,-2.5,8.96,-1.328,66.7,-1.26,7.68,3.19
162207,宏利效率优选混合(LOF),混合型-偏股,3.61,0.25y,定期定额(周),2.25,4.17,-1.186,46.2,1.12,6.06,3.16
513260,恒生科技ETF汇添富,指数型-海外股票,68.39,0.25y,价值平均法,-2.56,8.96,-1.328,66.7,-1.29,7.67,3.16
001917,招商量化精选股票A,股票型,36.47,0.25y,定期定额(周),0.12,5.34,-0.772,46.2,0.06,4.18,3.15
023350,诺安多策略混合C,混合型-偏股,25.22,0.25y,定期定额(周),0.56,6.26,-0.535,38.5,0.28,4.28,3.15
000925,汇添富外延增长股票A,股票型,29.5,0.25y,定期定额(周),-0.81,3.92,-0.527,46.2,-0.41,1.58,3.14
013127,汇添富恒生科技ETF联接发起式(QDII)A,指数型-海外股票,12.68,0.25y,价值平均法,-2.44,8.45,-1.337,66.7,-1.23,7.23,3.14
013308,易方达恒生科技ETF联接(QDII)A,指数型-海外股票,56.22,0.25y,价值平均法,-2.38,8.49,-1.353,66.7,-1.2,7.44,3.14
014597,华泰柏瑞富利混合C,混合型-灵活,12.87,0.25y,定期定额(周),-0.41,3.32,-0.573,46.2,-0.2,1.24,3.14
015282,华安恒生科技ETF发起式联接(QDII)A,指数型-海外股票,4.7,0.25y,价值平均法,-2.56,8.76,-1.331,66.7,-1.29,7.44,3.13
519677,银河定投宝,指数型-股票,3.31,0.25y,定期定额(周),0.77,4.56,-0.501,38.5,0.39,2.33,3.13
159740,恒生科技ETF大成,指数型-海外股票,184.16,0.25y,价值平均法,-2.64,8.94,-1.334,66.7,-1.33,7.64,3.12
013128,汇添富恒生科技ETF联接发起式(QDII)C,指数型-海外股票,21.66,0.25y,价值平均法,-2.49,8.46,-1.346,66.7,-1.25,7.25,3.1
015283,华安恒生科技ETF发起式联接(QDII)C,指数型-海外股票,24.6,0.25y,价值平均法,-2.6,8.77,-1.338,66.7,-1.31,7.46,3.1
513010,恒生科技ETF易方达,指数型-海外股票,295.53,0.25y,价值平均法,-2.62,8.97,-1.352,66.7,-1.32,7.83,3.1
513580,恒生科技ETF华安,指数型-海外股票,45.16,0.25y,价值平均法,-2.65,8.95,-1.341,66.7,-1.34,7.7,3.1
013309,易方达恒生科技ETF联接(QDII)C,指数型-海外股票,112.82,0.25y,价值平均法,-2.47,8.5,-1.365,66.7,-1.24,7.46,3.08
014438,博时恒生科技ETF发起式联接(QDII)A,指数型-海外股票,8.49,0.25y,价值平均法,-2.53,8.47,-1.353,66.7,-1.27,7.3,3.07
159713,稀土ETF富国,指数型-股票,9.62,0.25y,定期定额(周),-0.49,8.38,-0.401,38.5,-0.25,4.08,3.07
159742,恒生科技ETF博时,指数型-海外股票,47.58,0.25y,价值平均法,-2.68,8.95,-1.348,66.7,-1.35,7.71,3.07
012979,大成恒生科技ETF发起式联接A,指数型-海外股票,26.85,0.25y,价值平均法,-2.6,8.56,-1.35,66.7,-1.31,7.33,3.06
003840,易方达瑞通灵活配置混合C,混合型-灵活,2.17,0.25y,定期定额(周),0.57,0.67,-0.79,46.2,0.29,0.33,3.05
014439,博时恒生科技ETF发起式联接(QDII)C,指数型-海外股票,13.52,0.25y,价值平均法,-2.56,8.48,-1.358,66.7,-1.29,7.32,3.05
110032,易方达恒生国企ETF联接现汇A,指数型-海外股票,10.45,0.25y,价值平均法,-2.26,5.69,-1.253,66.7,-1.13,3.87,3.05
110033,易方达恒生国企ETF联接现钞A,指数型-海外股票,10.45,0.25y,价值平均法,-2.26,5.69,-1.253,66.7,-1.13,3.87,3.05
012348,天弘恒生科技ETF联接A,指数型-海外股票,48.14,0.25y,价值平均法,-2.57,8.57,-1.363,66.7,-1.29,7.38,3.04
006446,华夏海外聚享混合发起式(QDII-FOF)A美元现汇,QDII-混合平衡,2.14,0.25y,定期定额(周),1.3,2.42,-0.93,46.2,0.65,1.77,3.03
006447,华夏海外聚享混合发起式(QDII-FOF)A美元现钞,QDII-混合平衡,2.14,0.25y,定期定额(周),1.3,2.42,-0.93,46.2,0.65,1.77,3.03
007950,招商量化精选股票C,股票型,20.57,0.25y,定期定额(周),-0.04,5.35,-0.799,46.2,-0.02,4.24,3.03
012349,天弘恒生科技ETF联接C,指数型-海外股票,97.71,0.25y,价值平均法,-2.6,8.57,-1.367,66.7,-1.31,7.4,3.02
001298,金鹰民族新兴混合A,混合型-灵活,4.24,0.25y,定期定额(周),1.31,6.04,-0.815,38.5,0.65,6.97,3.01
023035,中欧恒生科技指数发起(QDII)C,指数型-海外股票,2.84,0.25y,价值平均法,-2.56,8.32,-1.375,66.7,-1.29,7.26,3.0
159715,稀土ETF易方达,指数型-股票,5.49,0.25y,定期定额(周),-0.64,8.4,-0.406,38.5,-0.32,4.06,3.0
012980,大成恒生科技ETF发起式联接C,指数型-海外股票,21.39,0.25y,价值平均法,-2.7,8.58,-1.364,66.7,-1.36,7.36,2.99
010385,华安汇嘉精选混合A,混合型-偏股,12.37,0.25y,定期定额(周),2.91,4.12,-0.302,23.1,1.45,2.61,2.98
080012,长盛电子信息产业混合A,混合型-偏股,3.13,0.25y,定期定额(周),2.43,3.12,-0.546,30.8,1.21,2.54,2.98
008958,嘉实回报精选股票,股票型,2.98,0.25y,定期定额(周),0.41,2.5,-0.851,46.2,0.2,3.01,2.97
022005,广发恒生科技ETF联接(QDII)F,指数型-海外股票,2.83,0.25y,价值平均法,-2.68,8.64,-1.386,66.7,-1.35,7.6,2.97
012804,广发恒生科技ETF联接(QDII)A,指数型-海外股票,17.7,0.25y,价值平均法,-2.69,8.64,-1.387,66.7,-1.35,7.6,2.96
513380,恒生科技ETF广发,指数型-海外股票,119.43,0.25y,价值平均法,-2.85,9.07,-1.38,66.7,-1.44,7.89,2.95
012805,广发恒生科技ETF联接(QDII)C,指数型-海外股票,65.84,0.25y,价值平均法,-2.72,8.64,-1.393,66.7,-1.37,7.62,2.93
100026,富国天合稳健优选混合,混合型-偏股,23.19,0.25y,定期定额(周),0.15,3.6,-0.825,46.2,0.07,3.09,2.93
014939,同泰产业升级混合C,混合型-偏股,2.39,0.25y,定期定额(周),9.14,5.77,-1.081,7.7,4.47,13.34,2.92
012570,建信恒生科技指数发起(QDII)A,指数型-海外股票,12.51,0.25y,价值平均法,-2.72,8.52,-1.39,66.7,-1.37,7.33,2.91
515450,红利低波50ETF南方,指数型-股票,160.45,0.25y,定期定额(周),-2.87,2.26,-0.452,53.8,-1.45,-0.8,2.91
008279,国泰中证煤炭ETF联接A,指数型-股票,2.47,0.25y,定期定额(周),-9.75,5.66,0.114,69.2,-5.0,-5.49,2.9
001801,汇添富达欣混合A,混合型-灵活,9.46,0.25y,定期定额(周),-6.98,5.1,-0.179,61.5,-3.55,-1.19,2.87
010386,华安汇嘉精选混合C,混合型-偏股,3.03,0.25y,定期定额(周),2.79,4.13,-0.327,23.1,1.39,2.67,2.87
160105,南方积极配置混合(LOF),混合型-灵活,5.8,0.25y,定期定额(周),2.85,3.24,-1.065,38.5,1.41,5.1,2.87
012571,建信恒生科技指数发起(QDII)C,指数型-海外股票,9.0,0.25y,价值平均法,-2.79,8.54,-1.402,66.7,-1.41,7.36,2.86
000075,华夏恒生ETF联接现汇,指数型-海外股票,39.13,0.25y,定期定额(周),-0.33,2.76,-0.778,46.2,-0.17,3.1,2.85
000076,华夏恒生ETF联接现钞,指数型-海外股票,39.13,0.25y,定期定额(周),-0.33,2.76,-0.778,46.2,-0.17,3.1,2.85
008280,国泰中证煤炭ETF联接C,指数型-股票,8.72,0.25y,定期定额(周),-9.83,5.66,0.103,69.2,-5.04,-5.45,2.84
166020,中欧成长优选混合A,混合型-灵活,3.74,0.25y,定期定额(周),-3.23,2.8,-0.446,53.8,-1.63,-0.64,2.84
513560,香港科技ETF兴银,指数型-股票,8.68,0.25y,价值平均法,-3.84,7.26,-1.183,66.7,-1.94,5.81,2.84
001891,中欧成长优选混合E,混合型-灵活,3.02,0.25y,定期定额(周),-3.24,2.8,-0.448,53.8,-1.63,-0.63,2.83
002165,汇添富达欣混合C,混合型-灵活,10.19,0.25y,定期定额(周),-7.07,5.1,-0.192,61.5,-3.6,-1.14,2.8
018010,长盛电子信息产业混合C,混合型-偏股,2.28,0.25y,定期定额(周),2.26,3.12,-0.59,30.8,1.12,2.6,2.8
161029,富国中证银行指数(LOF)A,指数型-股票,4.97,0.25y,定期定额(周),-3.8,1.08,-0.479,61.5,-1.92,-1.16,2.8
005805,华泰柏瑞医疗健康A,混合型-偏股,2.87,0.25y,定期定额(周),-3.62,6.27,-0.617,53.8,-1.83,3.31,2.79
159751,港股通科技ETF鹏华,指数型-股票,11.29,0.25y,价值平均法,-3.85,7.22,-1.203,66.7,-1.94,5.85,2.79
011530,泓德优质治理灵活配置混合,混合型-灵活,3.28,0.25y,定期定额(周),-2.08,3.87,-0.777,53.8,-1.05,1.79,2.78
513020,港股科技ETF国泰,指数型-股票,43.26,0.25y,价值平均法,-3.95,7.38,-1.202,66.7,-1.99,6.0,2.78
513130,恒生科技ETF华泰柏瑞,指数型-海外股票,476.24,0.25y,价值平均法,-3.37,8.82,-1.351,66.7,-1.7,7.48,2.78
005833,工银红利优享混合A,混合型-灵活,60.8,0.25y,定期定额(周),-3.3,3.46,-0.144,46.2,-1.66,-1.48,2.77
513980,港股科技ETF景顺,指数型-股票,187.47,0.25y,价值平均法,-3.96,7.35,-1.208,66.7,-2.0,6.0,2.76
560280,工程机械ETF广发,指数型-股票,31.33,0.25y,定期定额(周),4.69,5.68,-0.937,23.1,2.32,9.8,2.75
008298,华夏中证银行ETF联接A,指数型-股票,2.08,0.25y,定期定额(周),-3.89,1.08,-0.482,61.5,-1.96,-1.19,2.74
011061,广发安悦回报混合C,混合型-灵活,2.2,0.25y,定期定额(周),0.96,0.59,-0.401,30.8,0.48,0.01,2.74
515020,银行ETF华夏,指数型-股票,8.3,0.25y,定期定额(周),-4.07,1.14,-0.462,61.5,-2.06,-1.26,2.73
013330,富国中证银行指数(LOF)C,指数型-股票,2.21,0.25y,定期定额(周),-3.87,1.09,-0.501,61.5,-1.95,-1.12,2.72
001417,汇添富医疗服务灵活配置混合A,混合型-灵活,24.38,0.25y,定期定额(周),-7.33,5.09,-0.18,61.5,-3.73,-1.39,2.71
013403,华夏恒生科技ETF发起式联接(QDII)C,指数型-海外股票,57.3,0.25y,价值平均法,-3.1,8.67,-1.424,66.7,-1.56,7.56,2.71
006002,工银医药健康股票A,股票型,13.41,0.25y,定期定额(周),-4.62,5.32,-0.415,53.8,-2.34,1.46,2.7
013431,华泰柏瑞景气汇选三年持有期混合A,混合型-偏股,3.8,0.25y,定期定额(周),-0.79,3.31,-0.699,46.2,-0.4,1.5,2.7
014772,中泰红利价值一年持有混合发起,混合型-偏股,8.03,0.25y,定期定额(周),-0.71,2.04,-0.674,46.2,-0.36,0.86,2.7
020232,嘉实互融精选股票C,股票型,12.85,0.25y,定期定额(周),-5.19,5.73,-0.321,53.8,-2.63,1.21,2.7
513180,恒生科技ETF华夏,指数型-海外股票,497.97,0.25y,价值平均法,-3.29,9.13,-1.414,66.7,-1.66,7.93,2.7
539003,建信富时100指数(QDII)A人民币,指数型-海外股票,7.22,0.25y,定期定额(周),1.09,4.14,-0.752,38.5,0.54,2.98,2.7
005834,工银红利优享混合C,混合型-灵活,3.44,0.25y,定期定额(周),-3.4,3.47,-0.17,46.2,-1.72,-1.43,2.67
015310,华泰柏瑞恒生科技ETF联接(QDII)A,指数型-海外股票,4.84,0.25y,价值平均法,-3.42,8.44,-1.372,66.7,-1.73,7.12,2.67
159910,基本面120ETF嘉实,指数型-股票,2.37,0.25y,定期定额(周),-1.24,4.19,-0.659,46.2,-0.62,1.94,2.67
022853,中航优选领航混合发起C,混合型-偏股,6.64,0.25y,定期定额(周),-9.77,6.73,-0.124,69.2,-5.01,-2.38,2.66
004260,德邦稳盈增长灵活配置混合A,混合型-灵活,2.67,0.25y,定期定额(周),1.27,7.71,-0.777,30.8,0.64,10.32,2.65
014057,富国金安均衡精选混合A,混合型-偏股,6.1,0.25y,定期定额(周),1.62,3.16,-0.553,30.8,0.81,2.8,2.65
022680,华泰柏瑞恒生科技ETF联接(QDII)I,指数型-海外股票,3.34,0.25y,价值平均法,-3.46,8.44,-1.376,66.7,-1.74,7.13,2.65
008299,华夏中证银行ETF联接C,指数型-股票,2.03,0.25y,定期定额(周),-3.96,1.08,-0.509,61.5,-2.0,-1.16,2.64
510710,上证50ETF博时,指数型-股票,4.64,0.25y,定期定额(周),0.32,2.92,-0.967,46.2,0.16,3.05,2.64
006282,摩根欧洲动力策略股票(QDII)A,QDII-普通股票,5.82,0.25y,定期定额(周),1.56,4.47,-0.913,38.5,0.78,4.5,2.63
015121,汇添富医疗服务灵活配置混合C,混合型-灵活,5.88,0.25y,定期定额(周),-7.48,5.1,-0.195,61.5,-3.81,-1.36,2.61
015311,华泰柏瑞恒生科技ETF联接(QDII)C,指数型-海外股票,37.79,0.25y,价值平均法,-3.51,8.45,-1.383,66.7,-1.77,7.14,2.61
017973,易方达港股通优质增长混合A,混合型-偏股,24.58,0.25y,定期定额(周),6.54,5.6,-1.003,15.4,3.22,10.58,2.61
006003,工银医药健康股票C,股票型,6.21,0.25y,定期定额(周),-4.77,5.32,-0.433,53.8,-2.41,1.52,2.6
008706,建信富时100指数(QDII)C人民币,指数型-海外股票,3.75,0.25y,定期定额(周),0.98,4.14,-0.778,38.5,0.49,3.02,2.6
016495,景顺长城中证港股通科技ETF发起联接A,指数型-股票,4.11,0.25y,价值平均法,-4.03,7.08,-1.247,66.7,-2.04,5.71,2.6
002196,金鹰技术领先灵活配置混合C,混合型-灵活,2.03,0.25y,定期定额(周),0.32,1.18,-1.231,53.8,0.16,1.22,2.59
519690,交银稳健配置混合,混合型-灵活,11.23,0.25y,定期定额(周),3.93,5.91,-1.109,30.8,1.95,7.77,2.59
015740,国泰中证港股通科技ETF发起联接C,指数型-股票,9.1,0.25y,价值平均法,-4.08,7.13,-1.247,66.7,-2.06,5.72,2.58
018463,德邦稳盈增长灵活配置混合C,混合型-灵活,47.75,0.25y,定期定额(周),1.16,7.71,-0.788,30.8,0.58,10.37,2.58
161032,富国中证煤炭指数(LOF)A,指数型-股票,4.87,0.25y,定期定额(周),-10.29,5.7,0.06,69.2,-5.28,-5.38,2.57
019450,摩根欧洲动力策略股票(QDII)C,QDII-普通股票,2.23,0.25y,定期定额(周),1.46,4.47,-0.934,38.5,0.73,4.55,2.55
110023,易方达医疗保健行业混合A,混合型-偏股,32.51,0.25y,定期定额(周),-5.32,4.76,-0.308,53.8,-2.7,0.26,2.55
013275,富国中证煤炭指数(LOF)C,指数型-股票,10.35,0.25y,定期定额(周),-10.34,5.67,0.047,69.2,-5.31,-5.31,2.52
016496,景顺长城中证港股通科技ETF发起联接C,指数型-股票,11.81,0.25y,价值平均法,-4.15,7.1,-1.261,66.7,-2.1,5.74,2.52
017974,易方达港股通优质增长混合C,混合型-偏股,4.46,0.25y,定期定额(周),6.4,5.6,-1.021,15.4,3.15,10.62,2.52
001237,博时上证50ETF联接A,指数型-股票,2.21,0.25y,定期定额(周),0.22,2.78,-1.007,46.2,0.11,2.94,2.49
159887,银行ETF富国,指数型-股票,12.45,0.25y,定期定额(周),-4.28,1.13,-0.512,61.5,-2.16,-1.23,2.49
019020,易方达医疗保健行业混合C,混合型-偏股,2.78,0.25y,定期定额(周),-5.43,4.79,-0.319,53.8,-2.75,0.29,2.48
011651,招商港股通核心精选股票A,股票型,2.24,0.25y,定期定额(周),5.7,4.37,-0.838,15.4,2.81,7.63,2.46
161723,招商中证银行指数A,指数型-股票,8.4,0.25y,定期定额(周),-4.11,1.08,-0.556,61.5,-2.08,-1.1,2.45
320015,诺安行业轮动混合A,混合型-偏股,2.29,0.25y,定期定额(周),1.82,3.17,-0.676,30.8,0.91,3.09,2.45
562990,碳中和ETF易方达,指数型-股票,4.7,0.25y,定期定额(周),-2.72,4.54,-0.479,46.2,-1.37,0.95,2.45
016847,中欧高端装备股票发起A,股票型,4.81,0.25y,定期定额(周),-3.44,10.98,-0.551,46.2,-1.74,4.69,2.44
090016,大成消费主题混合A,混合型-偏股,3.36,0.25y,定期定额(周),-0.64,3.26,-0.905,46.2,-0.32,3.45,2.44
014028,招商中证银行指数C,指数型-股票,2.25,0.25y,定期定额(周),-4.13,1.09,-0.564,61.5,-2.09,-1.09,2.43
501050,华夏上证50AH优选指数A,指数型-股票,15.43,0.25y,定期定额(周),1.79,3.09,-1.039,38.5,0.89,4.39,2.43
519021,国泰金鼎价值混合,混合型-灵活,5.02,0.25y,定期定额(周),0.01,3.31,-0.654,38.5,0.01,2.1,2.43
004905,华泰柏瑞生物医药混合A,混合型-灵活,3.55,0.25y,定期定额(周),-7.97,5.12,-0.181,61.5,-4.07,-1.94,2.4
515220,煤炭ETF国泰,指数型-股票,101.13,0.25y,定期定额(周),-10.68,6.0,0.039,69.2,-5.49,-5.35,2.39
016848,中欧高端装备股票发起C,股票型,13.1,0.25y,定期定额(周),-3.57,10.99,-0.563,46.2,-1.8,4.74,2.37
000690,前海开源大海洋混合,混合型-灵活,6.31,0.25y,定期定额(周),-3.94,9.14,-0.479,46.2,-1.99,3.99,2.36
160106,南方高增长混合(LOF),混合型-偏股,13.41,0.25y,定期定额(周),2.15,3.42,-1.159,38.5,1.07,5.21,2.35
012346,易方达港股通成长混合A,混合型-偏股,12.16,0.25y,定期定额(周),1.66,5.68,-0.785,30.8,0.83,5.81,2.34
516310,银行ETF易方达,指数型-股票,21.63,0.25y,定期定额(周),-4.38,1.14,-0.558,61.5,-2.22,-1.14,2.34
516000,大数据ETF华夏,指数型-股票,3.47,0.25y,定期定额(周),-1.99,6.86,-0.489,38.5,-1.0,4.6,2.33
009193,富国红利精选混合(QDII)美元,QDII-混合偏股,12.79,0.25y,定期定额(周),-1.71,3.29,-0.7,46.2,-0.86,1.45,2.31
011128,华安精致生活混合A,混合型-偏股,14.82,0.25y,定期定额(周),2.19,4.61,-0.468,23.1,1.09,2.97,2.3
233009,大摩多因子策略混合A,混合型-偏股,5.9,0.25y,定期定额(周),0.9,5.32,-1.016,38.5,0.45,6.4,2.3
017043,汇添富品质价值混合,混合型-偏股,16.27,0.25y,定期定额(周),-0.29,2.02,-1.0,46.2,-0.15,3.01,2.29
590001,中邮核心优选混合A,混合型-偏股,7.77,0.25y,定期定额(周),-1.32,3.49,-0.792,46.2,-0.66,1.83,2.29
010031,华泰柏瑞生物医药混合C,混合型-灵活,2.0,0.25y,定期定额(周),-8.16,5.12,-0.204,61.5,-4.16,-1.84,2.28
010645,富国全球健康生活主题混合(QDII)美元,QDII-混合偏股,3.11,0.25y,定期定额(周),-5.78,4.7,-0.325,53.8,-2.93,-0.33,2.27
012347,易方达港股通成长混合C,混合型-偏股,3.6,0.25y,定期定额(周),1.57,5.67,-0.8,30.8,0.78,5.85,2.27
399011,中海医疗保健主题股票A,股票型,3.67,0.25y,定期定额(周),-4.89,4.63,-0.557,53.8,-2.48,1.72,2.24
015190,汇添富行业整合混合C,混合型-偏股,3.64,0.25y,定期定额(周),-1.1,3.79,-0.534,38.5,-0.55,1.53,2.23
001044,嘉实新消费股票A,股票型,11.64,0.25y,定期定额(周),0.02,2.82,-0.74,38.5,0.01,2.0,2.21
012186,招商品质成长混合A,混合型-偏股,6.43,0.25y,定期定额(周),-2.2,5.89,-0.812,46.2,-1.1,4.56,2.2
011129,华安精致生活混合C,混合型-偏股,2.49,0.25y,定期定额(周),2.05,4.61,-0.496,23.1,1.02,3.03,2.18
210009,金鹰核心资源混合A,混合型-偏股,9.17,0.25y,定期定额(周),-0.04,6.19,-0.954,38.5,-0.02,7.31,2.18
010110,广发医药健康混合A,混合型-偏股,11.55,0.25y,定期定额(周),-7.78,5.31,-0.377,61.5,-3.97,-0.18,2.17
001548,天弘上证50ETF联接A,指数型-股票,7.62,0.25y,定期定额(周),-0.18,2.82,-1.081,46.2,-0.09,3.02,2.14
011152,国富兴海回报混合A,混合型-偏股,4.51,0.25y,定期定额(周),0.88,3.08,-0.956,38.5,0.44,3.11,2.14
001915,宝盈医疗健康沪港深股票A,股票型,6.73,0.25y,定期定额(周),-8.43,5.68,-0.276,61.5,-4.31,-0.86,2.13
009360,招商创新增长混合A,混合型-偏股,3.4,0.25y,定期定额(周),-2.29,5.81,-0.829,46.2,-1.15,4.59,2.13
159916,基本面ETF建信,指数型-股票,2.52,0.25y,定期定额(周),-1.4,3.59,-0.87,46.2,-0.7,2.55,2.13
001549,天弘上证50ETF联接C,指数型-股票,7.05,0.25y,定期定额(周),-0.23,2.82,-1.096,46.2,-0.12,3.04,2.09
010111,广发医药健康混合C,混合型-偏股,8.4,0.25y,定期定额(周),-7.91,5.33,-0.392,61.5,-4.04,-0.13,2.09
012671,嘉实核心蓝筹混合A,混合型-偏股,3.44,0.25y,定期定额(周),3.09,5.33,-1.203,30.8,1.53,8.24,2.09
020437,宝盈医疗健康沪港深股票C,股票型,10.93,0.25y,定期定额(周),-8.51,5.7,-0.287,61.5,-4.35,-0.8,2.08
070006,嘉实服务增值行业混合,混合型-灵活,8.63,0.25y,定期定额(周),-3.85,2.29,-0.975,61.5,-1.94,0.48,2.08
530015,建信深证基本面60ETF联接A,指数型-股票,2.35,0.25y,定期定额(周),-1.37,3.37,-0.887,46.2,-0.69,2.4,2.08
012187,招商品质成长混合C,混合型-偏股,2.75,0.25y,定期定额(周),-2.39,5.9,-0.84,46.2,-1.2,4.64,2.07
610004,信澳中小盘混合A,混合型-偏股,2.02,0.25y,定期定额(周),-4.49,7.03,-0.776,53.8,-2.27,3.01,2.04
160517,博时中证银行ETF联接A,指数型-股票,5.67,0.25y,定期定额(周),-4.6,1.08,-0.623,61.5,-2.32,-1.15,2.02
003318,景顺长城中证500行业中性低波动指数A,指数型-股票,6.54,0.25y,定期定额(周),0.09,5.22,-0.924,38.5,0.04,4.21,2.0
004685,金元顺安元启灵活配置混合,混合型-灵活,15.76,0.25y,定期定额(周),-2.14,4.16,-0.803,46.2,-1.08,2.4,2.0
019959,湘财医药健康混合C,混合型-偏股,2.71,0.25y,定期定额(周),-4.13,4.46,-0.791,53.8,-2.09,2.29,2.0
260110,景顺长城精选蓝筹混合,混合型-偏股,14.05,0.25y,定期定额(周),0.11,3.38,-0.88,38.5,0.05,3.08,2.0
005669,前海开源公用事业股票,股票型,59.38,0.25y,价值平均法,5.09,9.73,-0.074,0.0,2.51,2.9,1.99
017606,华泰柏瑞轮动精选混合A,混合型-偏股,8.71,0.25y,定期定额(周),-1.47,3.34,-0.887,46.2,-0.74,1.77,1.98
501005,汇添富中证精准医疗指数(LOF)A,指数型-股票,7.25,0.25y,定期定额(周),-5.19,5.44,-0.637,53.8,-2.63,1.92,1.97
005522,华泰保兴吉年福定开混合,混合型-灵活,2.43,0.25y,定期定额(周),-0.86,5.9,-0.746,38.5,-0.43,3.05,1.96
011876,景顺长城医疗健康混合A,混合型-偏股,2.7,0.25y,定期定额(周),-8.56,5.01,-0.275,61.5,-4.38,-1.64,1.96
005700,工银新经济混合(QDII)美元,QDII-混合灵活,2.87,0.25y,定期定额(周),-7.05,5.48,-0.257,53.8,-3.59,-0.64,1.95
510850,上证50ETF工银,指数型-股票,2.22,0.25y,定期定额(周),-0.43,2.96,-1.135,46.2,-0.21,3.31,1.93
015052,东方红医疗升级股票发起A,股票型,8.65,0.25y,定期定额(周),-7.64,5.46,-0.543,61.5,-3.9,0.85,1.92
011877,景顺长城医疗健康混合C,混合型-偏股,4.68,0.25y,定期定额(周),-8.63,5.01,-0.285,61.5,-4.41,-1.6,1.91
020901,招商成长量化选股股票A,股票型,14.5,0.25y,定期定额(周),-0.82,5.0,-0.794,38.5,-0.41,3.62,1.91
501006,汇添富中证精准医疗指数(LOF)C,指数型-股票,3.43,0.25y,定期定额(周),-5.28,5.43,-0.65,53.8,-2.68,1.96,1.91
005225,广发量化多因子混合A,混合型-灵活,51.28,0.25y,定期定额(周),-0.97,4.97,-0.773,38.5,-0.48,3.64,1.9
005009,申万菱信行业轮动股票A,股票型,2.83,0.25y,定期定额(周),-1.03,7.85,-0.446,30.8,-0.51,3.0,1.88
015290,格林高股息优选混合C,混合型-偏股,3.3,0.25y,定期定额(周),1.37,5.65,-1.307,38.5,0.68,7.58,1.87
001104,华安新丝路主题股票A,股票型,3.85,0.25y,定期定额(周),0.23,5.75,-0.307,23.1,0.12,2.29,1.86
015053,东方红医疗升级股票发起C,股票型,13.46,0.25y,定期定额(周),-7.76,5.46,-0.558,61.5,-3.96,0.91,1.85
017607,华泰柏瑞轮动精选混合C,混合型-偏股,9.97,0.25y,定期定额(周),-1.59,3.34,-0.921,46.2,-0.8,1.82,1.85
510100,上证50ETF易方达,指数型-股票,31.17,0.25y,定期定额(周),-0.53,2.96,-1.153,46.2,-0.26,3.29,1.85
530000,上证50ETF天弘,指数型-股票,13.8,0.25y,定期定额(周),-0.55,2.96,-1.149,46.2,-0.28,3.26,1.84
009414,中银大健康股票A,股票型,2.36,0.25y,定期定额(周),-9.33,6.09,-0.22,61.5,-4.78,-1.99,1.83
014339,长江智能制造混合发起式A,混合型-偏股,5.61,0.25y,定期定额(周),3.69,3.18,-0.988,23.1,1.83,4.62,1.83
007379,易方达上证50ETF联接基金A,指数型-股票,2.56,0.25y,定期定额(周),-0.48,2.82,-1.163,46.2,-0.24,3.14,1.82
015157,申万菱信行业轮动股票C,股票型,3.42,0.25y,定期定额(周),-1.12,7.86,-0.459,30.8,-0.56,3.03,1.82
011783,泓德睿源三年持有期混合,混合型-灵活,27.89,0.25y,定期定额(周),-0.73,4.5,-0.825,38.5,-0.37,3.07,1.81
016021,华安优嘉精选混合A,混合型-偏股,2.86,0.25y,定期定额(周),1.44,4.17,-0.547,23.1,0.72,2.99,1.81
007380,易方达上证50ETF联接基金C,指数型-股票,2.71,0.25y,定期定额(周),-0.51,2.82,-1.17,46.2,-0.25,3.15,1.8
020902,招商成长量化选股股票C,股票型,12.57,0.25y,定期定额(周),-0.97,5.01,-0.82,38.5,-0.48,3.69,1.79
006274,圆信永丰医药健康A,混合型-偏股,2.66,0.25y,定期定额(周),-0.47,4.84,-0.979,38.5,-0.24,5.62,1.78
006218,富国生物医药科技混合A,混合型-偏股,3.81,0.25y,定期定额(周),-6.43,5.17,-0.496,53.8,-3.27,1.27,1.77
023103,圆信永丰医药健康C,混合型-偏股,6.91,0.25y,定期定额(周),-0.49,4.84,-0.984,38.5,-0.25,5.63,1.76
516150,稀土ETF嘉实,指数型-股票,82.12,0.25y,定期定额(周),-1.46,8.46,-0.483,30.8,-0.73,4.31,1.76
520600,港股通汽车ETF广发,指数型-股票,6.96,0.25y,定期定额(月),-7.79,9.32,-0.877,66.7,-3.97,1.75,1.76
011251,华安聚嘉精选混合A,混合型-偏股,7.51,0.25y,定期定额(周),1.46,4.37,-0.588,23.1,0.73,3.26,1.74
014340,长江智能制造混合发起式C,混合型-偏股,2.74,0.25y,定期定额(周),3.59,3.18,-1.017,23.1,1.78,4.66,1.72
016022,华安优嘉精选混合C,混合型-偏股,2.7,0.25y,定期定额(周),1.32,4.18,-0.573,23.1,0.66,3.04,1.71
011035,嘉实中证稀土产业ETF联接A,指数型-股票,14.13,0.25y,定期定额(周),-1.44,8.11,-0.496,30.8,-0.72,4.01,1.7
011036,嘉实中证稀土产业ETF联接C,指数型-股票,46.73,0.25y,定期定额(周),-1.47,8.11,-0.498,30.8,-0.74,4.02,1.69
159850,恒生国企ETF华夏,指数型-海外股票,5.83,0.25y,价值平均法,-3.94,5.91,-1.569,66.7,-1.99,4.54,1.69
001717,工银前沿医疗股票A,股票型,73.42,0.25y,定期定额(周),-8.22,4.95,-0.518,61.5,-4.2,0.3,1.68
512190,浙商之江凤凰ETF,指数型-股票,2.88,0.25y,定期定额(周),-0.3,4.61,-0.98,38.5,-0.15,4.0,1.68
009014,泓德睿泽混合,混合型-偏股,35.97,0.25y,定期定额(周),-1.03,4.67,-0.835,38.5,-0.51,3.01,1.66
510800,上证50ETF建信,指数型-股票,2.8,0.25y,定期定额(周),-0.69,2.99,-1.202,46.2,-0.35,3.37,1.66
168204,国联中证煤炭指数(LOF)A,指数型-股票,3.06,0.25y,定期定额(周),-10.7,6.34,0.043,61.5,-5.5,-5.45,1.63
011252,华安聚嘉精选混合C,混合型-偏股,4.97,0.25y,定期定额(周),1.31,4.37,-0.618,23.1,0.65,3.33,1.62
012993,汇添富品牌力一年持有混合A,混合型-偏股,2.9,0.25y,定期定额(周),-3.4,3.87,-0.703,46.2,-1.71,1.09,1.61
001679,前海开源中国稀缺资产混合A,混合型-灵活,19.26,0.25y,定期定额(周),-0.52,3.8,-0.6,30.8,-0.26,2.15,1.59
002708,大摩健康产业混合A,混合型-偏股,13.66,0.25y,定期定额(周),-5.46,4.08,-0.71,53.8,-2.77,1.59,1.59
561190,碳中和ETF富国,指数型-股票,2.48,0.25y,定期定额(周),-2.8,4.54,-0.502,38.5,-1.41,1.02,1.59
001102,前海开源国家比较优势混合A,混合型-灵活,22.03,0.25y,定期定额(周),-0.51,3.82,-0.605,30.8,-0.26,2.16,1.58
010685,工银前沿医疗股票C,股票型,10.48,0.25y,定期定额(周),-8.36,4.98,-0.537,61.5,-4.27,0.36,1.58
009860,易方达中证银行ETF联接(LOF)C,指数型-股票,6.93,0.25y,定期定额(周),-4.21,1.07,-0.588,53.8,-2.13,-1.08,1.54
166027,中欧创业板两年定开混合A,混合型-偏股,7.2,0.25y,定期定额(周),-3.35,2.59,-0.683,46.2,-1.69,0.59,1.54
002079,前海开源中国稀缺资产混合C,混合型-灵活,5.3,0.25y,定期定额(周),-0.59,3.8,-0.617,30.8,-0.3,2.18,1.52
519997,长信银利精选混合A,混合型-偏股,2.63,0.25y,定期定额(周),1.99,5.33,-0.835,23.1,0.99,5.27,1.52
003304,前海开源沪港深核心资源混合A,混合型-灵活,8.48,0.25y,定期定额(周),-3.41,8.79,-0.204,30.8,-1.72,1.78,1.48
010714,东方红远见价值混合A,混合型-偏股,9.2,0.25y,定期定额(周),0.96,4.91,-0.988,30.8,0.48,4.96,1.48
001178,前海开源再融资股票,股票型,2.87,0.25y,定期定额(周),-1.42,5.12,-0.868,38.5,-0.71,3.44,1.47
003305,前海开源沪港深核心资源混合C,混合型-灵活,15.27,0.25y,定期定额(周),-3.43,8.8,-0.205,30.8,-1.73,1.79,1.47
005675,易方达恒生国企ETF联接C,指数型-海外股票,3.47,0.25y,价值平均法,-3.94,5.6,-1.652,66.7,-1.99,4.48,1.47
000339,长城医疗保健混合A,混合型-偏股,2.42,0.25y,定期定额(周),-6.61,5.17,-0.578,53.8,-3.36,0.87,1.45
009846,国富港股通远见价值混合A,混合型-偏股,5.96,0.25y,定期定额(周),-0.38,4.95,-1.125,38.5,-0.19,5.62,1.45
011598,信澳医药健康混合A,混合型-偏股,2.28,0.25y,定期定额(周),-4.54,7.0,-0.71,46.2,-2.3,3.11,1.44
001594,天弘中证银行ETF联接A,指数型-股票,9.45,0.25y,定期定额(周),-4.35,1.1,-0.61,53.8,-2.2,-1.06,1.43
012368,大摩优享六个月持有期混合A,混合型-偏股,2.66,0.25y,定期定额(周),-2.09,1.52,-0.895,46.2,-1.05,0.51,1.43
014332,华泰柏瑞中证稀土产业ETF发起式联接C,指数型-股票,4.84,0.25y,定期定额(周),-1.86,8.1,-0.545,30.8,-0.93,4.07,1.43
018128,博时北证50成份指数发起式A,指数型-股票,2.5,0.25y,价值平均法,-4.41,14.64,-1.868,66.7,-2.23,10.25,1.42
512820,银行ETF汇添富,指数型-股票,7.5,0.25y,定期定额(周),-4.52,1.14,-0.592,53.8,-2.29,-1.1,1.42
009791,中欧创业板两年定开混合C,混合型-偏股,2.38,0.25y,定期定额(周),-3.48,2.59,-0.717,46.2,-1.76,0.65,1.41
009909,嘉实动力先锋混合A,混合型-偏股,15.27,0.25y,定期定额(周),-4.04,4.65,-0.712,46.2,-2.04,1.52,1.4
021299,中欧北证50成份指数发起C,指数型-股票,4.36,0.25y,价值平均法,-4.52,14.76,-1.862,66.7,-2.29,10.28,1.4
001595,天弘中证银行ETF联接C,指数型-股票,36.85,0.25y,定期定额(周),-4.39,1.1,-0.628,53.8,-2.22,-1.03,1.37
018129,博时北证50成份指数发起式C,指数型-股票,3.26,0.25y,价值平均法,-4.51,14.65,-1.882,66.7,-2.28,10.28,1.35
008283,易方达金融行业股票发起式A,股票型,2.27,0.25y,定期定额(周),-0.27,2.78,-1.523,46.2,-0.14,6.29,1.33
160631,鹏华中证银行指数(LOF)A,指数型-股票,3.7,0.25y,定期定额(周),-4.4,1.09,-0.64,53.8,-2.23,-1.02,1.33
512800,银行ETF华宝,指数型-股票,119.71,0.25y,定期定额(周),-4.61,1.14,-0.611,53.8,-2.33,-1.1,1.32
000529,广发竞争优势混合A,混合型-灵活,3.84,0.25y,定期定额(周),-3.21,4.48,-0.942,46.2,-1.62,3.04,1.3
012284,光大健康优加混合A,混合型-偏股,7.38,0.25y,定期定额(周),-7.19,5.29,-0.568,53.8,-3.66,1.15,1.29
017516,易方达北证50成份指数C,指数型-股票,3.42,0.25y,价值平均法,-4.64,14.8,-1.891,66.7,-2.35,10.34,1.29
017524,南方北证50成份指数发起C,指数型-股票,2.25,0.25y,价值平均法,-4.69,14.81,-1.885,66.7,-2.38,10.34,1.29
166005,中欧价值发现混合A,混合型-偏股,20.85,0.25y,定期定额(周),-4.07,2.96,-0.653,46.2,-2.05,-0.3,1.26
481004,工银稳健成长混合A,混合型-偏股,6.49,0.25y,定期定额(周),-2.4,3.95,-0.723,38.5,-1.21,1.73,1.25
007207,华夏常阳三年定开混合,混合型-偏股,3.14,0.25y,定期定额(周),0.43,2.45,-0.902,30.8,0.22,2.29,1.24
009910,嘉实动力先锋混合C,混合型-偏股,2.36,0.25y,定期定额(周),-4.24,4.67,-0.75,46.2,-2.14,1.61,1.24
017512,广发北证50成份指数A,指数型-股票,3.03,0.25y,价值平均法,-4.71,14.79,-1.898,66.7,-2.38,10.3,1.24
021173,华安北证50成份指数发起式C,指数型-股票,4.82,0.25y,价值平均法,-4.71,14.71,-1.897,66.7,-2.38,10.28,1.24
017518,招商北证50成份指数发起式C,指数型-股票,2.78,0.25y,价值平均法,-4.75,14.47,-1.896,66.7,-2.41,10.2,1.22
018113,工银北证50成份指数C,指数型-股票,2.84,0.25y,价值平均法,-4.75,14.86,-1.904,66.7,-2.41,10.37,1.22
011403,融通鑫新成长混合A,混合型-偏股,2.29,0.25y,定期定额(周),-4.89,4.85,-0.643,46.2,-2.48,1.1,1.21
160142,南方优势产业(LOF),混合型-灵活,8.27,0.25y,定期定额(周),2.97,4.62,-1.193,23.1,1.47,7.1,1.21
159639,碳中和ETF南方,指数型-股票,2.57,0.25y,定期定额(周),-3.36,4.6,-0.578,38.5,-1.69,1.13,1.2
017513,广发北证50成份指数C,指数型-股票,3.38,0.25y,价值平均法,-4.79,14.8,-1.909,66.7,-2.42,10.33,1.19
019150,国联国企改革混合C,混合型-灵活,3.95,0.25y,定期定额(周),-2.49,1.92,-0.944,46.2,-1.25,0.51,1.18
262001,景顺长城大中华混合(QDII)A人民币,QDII-混合偏股,5.99,0.25y,定期定额(周),-0.54,4.62,-1.178,38.5,-0.27,4.92,1.18
001835,易方达瑞祥混合A,混合型-灵活,2.41,0.25y,定期定额(周),0.37,0.66,-1.185,38.5,0.18,0.42,1.17
002340,富国价值优势混合A,混合型-偏股,10.41,0.25y,定期定额(周),-2.0,4.09,-0.874,38.5,-1.0,3.01,1.17
009864,招商景气优选股票A,股票型,8.38,0.25y,定期定额(周),-6.28,5.15,-1.085,61.5,-3.19,1.77,1.17
010644,富国全球健康生活主题混合(QDII)人民币A,QDII-混合偏股,3.11,0.25y,定期定额(周),-7.27,4.66,-0.556,53.8,-3.7,0.4,1.17
550008,中信保诚优胜精选混合A,混合型-偏股,20.26,0.25y,定期定额(周),-1.48,3.1,-0.914,38.5,-0.74,2.21,1.17
001484,天弘新价值混合A,混合型-灵活,3.53,0.25y,定期定额(周),-3.67,1.57,-0.666,46.2,-1.85,-0.47,1.16
002118,广发安盈混合A,混合型-灵活,24.76,0.25y,定期定额(周),0.76,0.31,-1.696,46.2,0.38,0.25,1.16
019107,南方智信混合C,混合型-偏股,4.39,0.25y,定期定额(周),1.72,4.61,-1.333,30.8,0.86,7.02,1.13
159569,港股红利低波ETF景顺,指数型-股票,4.74,0.25y,定期定额(周),-3.7,2.17,-0.396,38.5,-1.87,-0.98,1.13
001900,诺安精选价值混合A,混合型-偏股,2.67,0.25y,定期定额(周),-9.96,5.95,-0.49,61.5,-5.11,0.02,1.11
006105,宏利印度股票(QDII)A,QDII-普通股票,15.87,0.25y,价值平均法,-3.05,10.33,-2.014,66.7,-1.54,6.03,1.11
010592,南方医药创新股票A,股票型,11.02,0.25y,定期定额(周),-9.26,5.32,-0.585,61.5,-4.74,0.13,1.11
011404,融通鑫新成长混合C,混合型-偏股,2.43,0.25y,定期定额(周),-5.01,4.85,-0.664,46.2,-2.54,1.15,1.11
240020,华宝医药生物混合A,混合型-偏股,4.48,0.25y,定期定额(周),-10.5,6.09,-0.345,61.5,-5.4,-1.63,1.1
011643,嘉实时代先锋三年持有混合A,混合型-偏股,11.3,0.25y,定期定额(周),-4.33,4.63,-0.809,46.2,-2.19,1.92,1.09
513690,港股红利ETF博时,指数型-股票,50.86,0.25y,定期定额(周),-1.38,1.67,-0.906,38.5,-0.69,1.32,1.07
513080,法国ETF华安,指数型-海外股票,9.98,0.25y,定期定额(周),0.03,5.85,-1.395,38.5,0.02,6.81,1.06
004232,中欧价值发现混合C,混合型-偏股,7.16,0.25y,定期定额(周),-4.26,2.97,-0.708,46.2,-2.15,-0.21,1.05
022150,诺安精选价值混合C,混合型-偏股,4.39,0.25y,定期定额(周),-10.06,5.96,-0.501,61.5,-5.16,0.06,1.04
011468,国富竞争优势三年持有期混合A,混合型-偏股,4.06,0.25y,定期定额(周),-0.56,2.89,-1.149,38.5,-0.28,2.88,1.03
010593,南方医药创新股票C,股票型,5.62,0.25y,定期定额(周),-9.39,5.33,-0.603,61.5,-4.81,0.19,1.02
009865,招商景气优选股票C,股票型,2.89,0.25y,定期定额(周),-6.48,5.17,-1.126,61.5,-3.29,1.86,1.0
019593,嘉实中证国新央企现代能源ETF联接C,指数型-股票,3.45,0.25y,定期定额(周),-5.46,4.27,-0.183,38.5,-2.77,-2.29,1.0
270002,广发稳健增长混合A,混合型-平衡,82.15,0.25y,定期定额(周),-0.41,3.12,-1.229,38.5,-0.2,3.47,0.95
010583,富国蓝筹精选股票(QDII)美元,QDII-普通股票,15.5,0.25y,定期定额(周),-5.3,4.79,-0.735,46.2,-2.69,2.14,0.92
011466,兴业医疗保健混合A,混合型-偏股,2.41,0.25y,定期定额(周),-5.53,4.16,-1.031,53.8,-2.8,3.18,0.92
010338,国投瑞银远见成长混合A,混合型-偏股,3.28,0.25y,定期定额(周),0.63,4.66,-0.787,23.1,0.31,3.12,0.9
000729,建信中小盘先锋股票A,股票型,3.71,0.25y,定期定额(周),1.49,4.28,-0.996,23.1,0.74,4.76,0.89
009007,兴全沪港深两年持有混合,混合型-偏股,10.34,0.25y,定期定额(周),-1.46,4.5,-1.172,38.5,-0.73,5.48,0.89
161706,招商优质成长混合(LOF),混合型-偏股,19.35,0.25y,定期定额(周),-3.79,2.8,-0.876,46.2,-1.91,0.29,0.86
015039,长信金利趋势混合C,混合型-偏股,32.96,0.25y,价值平均法,-1.01,8.55,-1.403,33.3,-0.5,14.03,0.85
009326,广发稳健增长混合C,混合型-平衡,2.03,0.25y,定期定额(周),-0.51,3.12,-1.258,38.5,-0.26,3.51,0.84
512040,价值100ETF富国,指数型-股票,31.3,0.25y,定期定额(周),-3.19,3.05,-0.694,38.5,-1.61,0.53,0.84
022286,长城医药产业精选混合发起式A,混合型-偏股,3.95,0.25y,定期定额(周),-10.98,6.47,-0.437,61.5,-5.65,-0.54,0.82
001852,融通中国风1号灵活配置混合A/B,混合型-灵活,12.62,0.25y,定期定额(周),-2.65,4.49,-0.944,38.5,-1.33,3.41,0.79
012660,华安新乐享灵活配置混合C,混合型-灵活,7.67,0.25y,定期定额(周),0.18,0.24,-1.928,53.8,0.09,0.09,0.79
001775,鹏华弘泰C,混合型-灵活,4.08,0.25y,定期定额(月),0.16,0.15,-2.455,66.7,0.08,-0.29,0.78
010929,大成核心价值甄选混合A,混合型-偏股,3.92,0.25y,定期定额(周),-0.76,2.08,-1.199,38.5,-0.38,2.52,0.77
010108,景顺长城核心招景混合A,混合型-偏股,28.05,0.25y,定期定额(周),-1.95,5.67,-1.218,38.5,-0.98,6.98,0.75
012421,华夏优加生活混合A,混合型-偏股,3.33,0.25y,定期定额(周),-1.2,6.09,-0.99,30.8,-0.6,6.01,0.75
021186,中信保诚中证500指数增强C,指数型-股票,2.49,0.25y,定期定额(周),-2.17,4.68,-1.083,38.5,-1.09,4.46,0.74
022287,长城医药产业精选混合发起式C,混合型-偏股,18.14,0.25y,定期定额(周),-11.11,6.48,-0.452,61.5,-5.72,-0.48,0.74
019624,泉果嘉源三年持有期混合A,混合型-偏股,6.58,0.25y,定期定额(周),0.61,3.51,-1.237,30.8,0.3,4.91,0.73
004703,南方兴盛先锋混合A,混合型-偏股,2.19,0.25y,定期定额(周),-2.52,3.22,-1.231,46.2,-1.27,2.17,0.72
019666,易方达中证创新药产业ETF联接发起式A,指数型-股票,2.49,0.25y,定期定额(周),-7.32,5.1,-0.781,53.8,-3.73,1.15,0.69
159920,恒生ETF华夏,指数型-海外股票,108.72,0.25y,定期定额(周),-1.78,3.12,-1.131,38.5,-0.89,3.99,0.68
006748,富国中证价值ETF联接A,指数型-股票,5.17,0.25y,定期定额(周),-3.2,2.92,-0.761,38.5,-1.61,0.63,0.67
011868,中信建投远见回报混合A,混合型-偏股,2.84,0.25y,定期定额(周),-3.8,5.11,-0.746,38.5,-1.92,1.68,0.67
159858,创新药ETF南方,指数型-股票,4.18,0.25y,定期定额(周),-7.6,5.43,-0.756,53.8,-3.88,1.23,0.67
019667,易方达中证创新药产业ETF联接发起式C,指数型-股票,3.36,0.25y,定期定额(周),-7.38,5.1,-0.792,53.8,-3.76,1.18,0.65
008273,广发优质生活混合A,混合型-偏股,4.89,0.25y,定期定额(周),2.96,3.98,-1.092,15.4,1.47,6.33,0.63
019625,泉果嘉源三年持有期混合C,混合型-偏股,2.38,0.25y,定期定额(周),0.5,3.51,-1.261,30.8,0.25,4.95,0.63
000071,华夏恒生ETF联接A,指数型-海外股票,39.13,0.25y,定期定额(周),-1.78,2.97,-1.16,38.5,-0.89,3.83,0.59
014859,大成慧心优选一年持有混合A,混合型-偏股,2.07,0.25y,定期定额(周),-1.79,3.42,-1.153,38.5,-0.9,3.43,0.58
010062,南方行业精选一年混合A,混合型-偏股,13.47,0.25y,定期定额(周),-0.14,5.56,-0.842,23.1,-0.07,4.22,0.57
014519,博时恒生高股息率ETF发起式联接A,指数型-股票,2.56,0.25y,定期定额(周),-1.59,1.61,-1.071,38.5,-0.8,1.52,0.57
019124,博道红利智航股票A,股票型,3.21,0.25y,定期定额(周),-3.16,2.56,-0.782,38.5,-1.59,0.15,0.56
014520,博时恒生高股息率ETF发起式联接C,指数型-股票,2.84,0.25y,定期定额(周),-1.61,1.61,-1.077,38.5,-0.81,1.52,0.55
159525,红利低波ETF富国,指数型-股票,4.57,0.25y,定期定额(周),-4.41,1.41,-0.73,46.2,-2.23,-0.73,0.55
019363,大成至信回报三年定开放混合,混合型-偏股,6.14,0.25y,定期定额(周),-0.97,1.86,-1.233,38.5,-0.48,2.19,0.54
006381,华夏恒生ETF联接C,指数型-海外股票,4.77,0.25y,定期定额(周),-1.85,2.97,-1.174,38.5,-0.93,3.87,0.53
518800,黄金ETF国泰,指数型-其他,403.86,0.25y,定期定额(周),-4.66,6.67,-0.866,38.5,-2.36,6.04,0.52
021482,华夏中证红利低波动ETF发起式联接A,指数型-股票,4.68,0.25y,定期定额(周),-4.22,1.3,-0.771,46.2,-2.13,-0.64,0.5
001577,嘉实低价策略股票,股票型,2.13,0.25y,定期定额(周),-3.41,4.76,-1.253,46.2,-1.72,3.39,0.49
001966,圆信永丰兴源灵活配置混合C,混合型-灵活,2.55,0.25y,定期定额(周),-1.16,4.84,-1.084,30.8,-0.58,5.63,0.48
161611,融通内需驱动混合A,混合型-偏股,3.98,0.25y,定期定额(周),0.13,4.62,-0.943,23.1,0.06,4.67,0.47
510050,上证50ETF华夏,指数型-股票,667.31,0.25y,定期定额(周),-1.17,2.95,-1.293,38.5,-0.59,3.43,0.47
164705,汇添富恒生指数(QDII-LOF)A,指数型-海外股票,3.07,0.25y,定期定额(周),-1.89,2.98,-1.192,38.5,-0.95,3.83,0.46
010063,南方行业精选一年混合C,混合型-偏股,2.7,0.25y,定期定额(周),-0.29,5.57,-0.87,23.1,-0.14,4.29,0.45
019026,易方达金融行业股票发起式C,股票型,4.16,0.25y,定期定额(周),-0.4,2.79,-1.548,38.5,-0.2,6.34,0.45
019125,博道红利智航股票C,股票型,7.79,0.25y,定期定额(周),-3.24,2.56,-0.814,38.5,-1.64,0.19,0.45
159547,红利低波ETF华夏,指数型-股票,10.44,0.25y,定期定额(周),-4.45,1.37,-0.757,46.2,-2.25,-0.68,0.45
021483,华夏中证红利低波动ETF发起式联接C,指数型-股票,3.04,0.25y,定期定额(周),-4.26,1.31,-0.788,46.2,-2.15,-0.62,0.44
001051,华夏上证50ETF联接A,指数型-股票,11.05,0.25y,定期定额(周),-1.14,2.81,-1.311,38.5,-0.57,3.27,0.42
017415,中泰元和价值精选混合A,混合型-偏股,7.03,0.25y,定期定额(周),-1.86,3.44,-1.177,38.5,-0.93,2.41,0.39
562860,疫苗ETF嘉实,指数型-股票,2.25,0.25y,定期定额(周),-8.38,6.59,-0.756,53.8,-4.28,0.85,0.39
002119,广发安盈混合C,混合型-灵活,35.99,0.25y,定期定额(周),0.65,0.31,-1.967,46.2,0.33,0.29,0.38
420003,天弘永定价值成长混合A,混合型-偏股,5.47,0.25y,定期定额(周),-4.45,3.59,-1.037,46.2,-2.25,1.5,0.37
510880,红利ETF华泰柏瑞,指数型-股票,171.39,0.25y,定期定额(周),-6.62,2.54,-0.48,46.2,-3.37,-2.2,0.36
020458,平安医药精选股票A,股票型,5.08,0.25y,定期定额(周),-10.39,6.8,-0.429,53.8,-5.34,-0.13,0.35
512890,红利低波ETF华泰柏瑞,指数型-股票,311.87,0.25y,定期定额(周),-4.47,1.22,-0.762,46.2,-2.26,-0.75,0.34
560700,央企红利ETF广发,指数型-股票,4.22,0.25y,定期定额(周),-3.91,2.83,-0.402,30.8,-1.97,-0.94,0.34
005733,华夏上证50ETF联接C,指数型-股票,4.94,0.25y,定期定额(周),-1.22,2.82,-1.335,38.5,-0.61,3.3,0.33
513290,纳指生物科技ETF汇添富,指数型-海外股票,15.12,0.25y,定期定额(周),-0.87,3.92,-0.822,23.1,-0.44,4.03,0.31
012782,银华中证创新药产业ETF发起式联接C,指数型-股票,3.54,0.25y,定期定额(周),-7.82,5.09,-0.869,53.8,-3.99,1.34,0.3
019036,易方达全球医药行业混合发起式(QDII)C(美元现汇),QDII-混合偏股,5.7,0.25y,定期定额(周),-10.08,5.93,-0.461,53.8,-5.17,-0.69,0.29
501019,国泰国证航天军工指数(LOF)A,指数型-股票,7.71,0.25y,定期定额(周),-3.59,6.7,-1.121,38.5,-1.81,6.09,0.29
012737,广发创新药ETF联接A,指数型-股票,4.24,0.25y,定期定额(周),-7.97,5.19,-0.858,53.8,-4.07,1.31,0.27
020459,平安医药精选股票C,股票型,6.35,0.25y,定期定额(周),-10.53,6.8,-0.444,53.8,-5.41,-0.07,0.27
021286,广发安盈混合E,混合型-灵活,40.84,0.25y,定期定额(周),0.65,0.31,-2.007,46.2,0.32,0.3,0.27
005699,工银新经济混合(QDII)人民币A,QDII-混合灵活,2.87,0.25y,定期定额(周),-8.45,5.62,-0.447,46.2,-4.32,0.11,0.26
015599,国泰国证航天军工指数(LOF)C,指数型-股票,9.7,0.25y,定期定额(周),-3.64,6.69,-1.129,38.5,-1.84,6.11,0.26
519020,国泰金泰灵活配置混合A,混合型-灵活,5.37,0.25y,定期定额(周),-3.02,3.76,-1.106,38.5,-1.52,3.89,0.26
519995,长信金利趋势混合A,混合型-偏股,35.61,0.25y,价值平均法,-2.56,8.52,-1.491,33.3,-1.29,16.18,0.26
519022,国泰金泰灵活配置混合C,混合型-灵活,3.25,0.25y,定期定额(周),-3.05,3.77,-1.11,38.5,-1.54,3.9,0.24
012738,广发创新药ETF联接C,指数型-股票,11.48,0.25y,定期定额(周),-8.02,5.19,-0.866,53.8,-4.09,1.34,0.23
021247,兴全红利混合A,混合型-偏股,2.28,0.25y,定期定额(周),-3.58,1.59,-1.09,46.2,-1.81,0.15,0.21
161728,招商瑞智优选混合(LOF),混合型-灵活,17.04,0.25y,定期定额(周),-3.08,3.12,-1.003,38.5,-1.55,1.18,0.19
360005,光大红利混合A,混合型-偏股,2.51,0.25y,定期定额(周),-4.27,2.02,-1.011,46.2,-2.16,0.01,0.18
010969,华夏安阳6个月持有期混合A,混合型-偏股,9.15,0.25y,定期定额(周),0.1,2.95,-1.334,30.8,0.05,3.83,0.17
020558,工银健康产业混合A,混合型-偏股,2.42,0.25y,定期定额(周),-11.14,5.89,-0.727,61.5,-5.73,0.9,0.15
750001,安信灵活配置混合A,混合型-灵活,15.29,0.25y,定期定额(周),-4.99,1.83,-1.169,53.8,-2.53,-0.16,0.15
007718,中银创新医疗混合A,混合型-偏股,16.19,0.25y,定期定额(周),-12.37,6.03,-0.459,61.5,-6.39,-1.18,0.14
010469,圆信永丰聚优股票A,股票型,3.6,0.25y,定期定额(周),-1.59,4.76,-1.155,30.8,-0.8,5.73,0.14
159835,创新药ETF建信,指数型-股票,3.14,0.25y,定期定额(周),-8.43,5.43,-0.841,53.8,-4.31,1.28,0.14
159936,可选消费ETF广发,指数型-股票,3.08,0.25y,定期定额(周),0.33,3.61,-1.436,30.8,0.16,5.14,0.14
017894,汇添富纳斯达克生物科技ETF发起式联接(QDII)人民币A,指数型-海外股票,2.39,0.25y,定期定额(周),-1.01,3.71,-0.864,23.1,-0.5,3.85,0.13
002363,华安安康灵活配置混合A,混合型-灵活,15.87,0.25y,定期定额(周),0.49,1.35,-1.338,30.8,0.25,1.43,0.12
004224,南方军工改革灵活配置混合A,混合型-灵活,29.18,0.25y,定期定额(周),-4.24,6.57,-1.083,38.5,-2.14,5.72,0.1
010500,中银创新医疗混合C,混合型-偏股,8.64,0.25y,定期定额(周),-12.46,6.03,-0.47,61.5,-6.44,-1.14,0.09
159992,创新药ETF银华,指数型-股票,151.77,0.25y,定期定额(周),-8.45,5.45,-0.864,53.8,-4.32,1.41,0.09
562850,央企能源ETF嘉实,指数型-股票,4.48,0.25y,定期定额(周),-5.75,4.59,-0.205,30.8,-2.92,-2.23,0.08
000948,华夏沪港通恒生ETF联接A,指数型-股票,10.4,0.25y,定期定额(周),-2.15,3.08,-1.325,38.5,-1.08,4.24,0.07
515120,创新药ETF广发,指数型-股票,88.26,0.25y,定期定额(周),-8.52,5.47,-0.864,53.8,-4.35,1.42,0.07
010470,圆信永丰聚优股票C,股票型,2.12,0.25y,定期定额(周),-1.69,4.76,-1.172,30.8,-0.85,5.77,0.06
160125,南方香港优选股票,QDII-普通股票,5.72,0.25y,定期定额(周),-4.17,5.56,-1.127,38.5,-2.11,6.27,0.05
005561,创金合信中证红利低波动指数A,指数型-股票,20.86,0.25y,定期定额(周),-4.63,1.32,-0.879,46.2,-2.34,-0.59,0.04
011148,南方军工改革灵活配置混合C,混合型-灵活,9.17,0.25y,定期定额(周),-4.33,6.57,-1.097,38.5,-2.19,5.76,0.04
001558,天弘医疗健康混合A,混合型-偏股,2.6,0.25y,定期定额(周),-0.95,4.36,-1.269,30.8,-0.48,4.94,0.03
020988,南方恒生科技ETF发起联接(QDII)A,指数型-海外股票,6.48,0.25y,价值平均法,-2.14,8.33,-1.288,33.3,-1.07,7.16,0.03
520990,港股央企红利ETF景顺,指数型-股票,49.29,0.25y,定期定额(周),-4.03,2.2,-0.824,38.5,-2.03,0.01,0.01
001405,东方红策略精选混合A,混合型-灵活,9.6,0.25y,定期定额(周),-0.07,0.67,-1.551,38.5,-0.03,0.71,-0.0
021248,兴全红利混合C,混合型-偏股,2.17,0.25y,定期定额(周),-3.72,1.59,-1.15,46.2,-1.88,0.22,-0.0
005734,华夏沪港通恒生ETF联接C,指数型-股票,9.18,0.25y,定期定额(周),-2.24,3.09,-1.343,38.5,-1.12,4.27,-0.01
003593,国泰景气行业灵活配置混合,混合型-灵活,4.42,0.25y,定期定额(周),-8.05,6.59,-0.644,46.2,-4.11,0.2,-0.03
005562,创金合信中证红利低波动指数C,指数型-股票,20.55,0.25y,定期定额(周),-4.68,1.32,-0.897,46.2,-2.37,-0.57,-0.03
240008,华宝收益增长混合A,混合型-灵活,6.65,0.25y,定期定额(周),-0.59,2.07,-1.24,30.8,-0.29,2.54,-0.03
001559,天弘医疗健康混合C,混合型-偏股,3.0,0.25y,定期定额(周),-1.04,4.36,-1.288,30.8,-0.52,4.98,-0.05
540012,汇丰晋信恒生龙头指数A,指数型-股票,2.12,0.25y,定期定额(周),-4.49,2.61,-1.129,46.2,-2.27,0.6,-0.06
011248,嘉实品质回报混合,混合型-偏股,22.16,0.25y,定期定额(周),-2.31,2.48,-1.303,38.5,-1.16,3.31,-0.07
080005,长盛量化红利混合A,混合型-偏股,3.91,0.25y,定期定额(周),-5.04,2.46,-1.025,46.2,-2.55,0.34,-0.08
163115,申万菱信中证军工指数(LOF)A,指数型-股票,6.26,0.25y,定期定额(周),-4.63,6.53,-1.11,38.5,-2.34,5.78,-0.11
519007,海富通强化回报混合,混合型-灵活,2.28,0.25y,定期定额(周),-2.23,3.33,-1.324,38.5,-1.12,2.64,-0.11
010673,兴全中证800六个月持有指数A,指数型-股票,10.72,0.25y,定期定额(周),-1.63,3.71,-1.188,30.8,-0.82,4.27,-0.12
010709,安信医药健康股票A,股票型,4.99,0.25y,定期定额(周),-8.5,4.84,-0.98,53.8,-4.34,2.65,-0.13
004454,前海开源盈鑫C,混合型-灵活,3.04,0.25y,定期定额(周),-2.01,1.4,-1.538,46.2,-1.01,0.69,-0.15
159336,央企红利ETF融通,指数型-股票,5.5,0.25y,定期定额(周),-4.41,3.18,-0.179,23.1,-2.23,-1.92,-0.15
512560,军工ETF易方达,指数型-股票,7.65,0.25y,定期定额(周),-4.96,6.93,-1.096,38.5,-2.51,6.11,-0.16
012842,易方达中证军工(LOF)C,指数型-股票,4.17,0.25y,定期定额(周),-4.85,6.51,-1.093,38.5,-2.45,5.62,-0.17
020155,长盛量化红利混合C,混合型-偏股,2.06,0.25y,定期定额(周),-5.13,2.46,-1.054,46.2,-2.6,0.38,-0.19
002364,华安安康灵活配置混合C,混合型-灵活,3.41,0.25y,定期定额(周),0.35,1.35,-1.442,30.8,0.17,1.5,-0.2
010710,安信医药健康股票C,股票型,15.43,0.25y,定期定额(周),-8.6,4.84,-0.995,53.8,-4.4,2.69,-0.2
217002,招商安泰平衡混合,混合型-平衡,3.48,0.25y,定期定额(周),-1.85,1.04,-1.555,46.2,-0.93,0.71,-0.2
160916,大成优选混合(LOF)A,混合型-偏股,6.54,0.25y,定期定额(周),-2.12,3.55,-1.067,30.8,-1.06,2.36,-0.21
377530,摩根行业轮动混合A,混合型-偏股,3.83,0.25y,定期定额(周),-7.78,6.54,-0.771,46.2,-3.97,0.53,-0.22
000596,前海开源中证军工指数A,指数型-股票,6.29,0.25y,定期定额(周),-4.91,6.51,-1.119,38.5,-2.48,5.73,-0.24
019052,华泰柏瑞科技创新混合发起式C,混合型-偏股,2.04,0.25y,定期定额(周),-2.38,6.36,-1.276,30.8,-1.2,7.75,-0.24
159748,创新药ETF富国,指数型-股票,5.69,0.25y,定期定额(周),-7.98,5.18,-1.187,53.8,-4.08,4.5,-0.24
007455,富国蓝筹精选股票(QDII)人民币,QDII-普通股票,15.5,0.25y,定期定额(周),-6.75,4.74,-1.006,46.2,-3.44,2.87,-0.26
008515,国富基本面优选混合A,混合型-偏股,18.82,0.25y,定期定额(周),-2.75,3.24,-1.293,38.5,-1.39,2.56,-0.26
200006,长城消费增值混合A,混合型-偏股,5.33,0.25y,定期定额(周),-0.85,7.07,-0.867,15.4,-0.43,6.55,-0.29
006445,华夏海外聚享混合发起式(QDII-FOF)A人民币,QDII-混合平衡,2.14,0.25y,定期定额(周),-0.25,2.51,-1.718,38.5,-0.13,2.51,-0.3
002233,工银丰收回报灵活配置混合C,混合型-灵活,3.0,0.25y,定期定额(周),-1.15,4.45,-0.976,23.1,-0.57,2.72,-0.31
002199,前海开源中证军工指数C,指数型-股票,3.07,0.25y,定期定额(周),-5.03,6.58,-1.14,38.5,-2.55,5.8,-0.33
378546,摩根全球天然资源混合(QDII)A,QDII-混合偏股,3.84,0.25y,定期定额(周),-2.67,6.01,-1.055,30.8,-1.35,2.22,-0.36
021734,国富基本面优选混合C,混合型-偏股,4.47,0.25y,定期定额(周),-2.85,3.24,-1.322,38.5,-1.43,2.6,-0.37
399001,中海上证50指数增强,指数型-股票,2.46,0.25y,定期定额(周),-0.72,2.91,-1.44,30.8,-0.36,4.51,-0.37
016322,嘉实安益混合A,混合型-灵活,2.05,0.25y,定期定额(周),0.66,0.38,-1.933,38.5,0.33,0.3,-0.38
019414,长城消费增值混合C,混合型-偏股,7.98,0.25y,定期定额(周),-1.0,7.07,-0.886,15.4,-0.5,6.62,-0.39
001316,安信稳健增值混合A,混合型-灵活,55.15,0.25y,定期定额(周),-0.92,0.58,-2.055,53.8,-0.46,-0.1,-0.41
001406,东方红策略精选混合C,混合型-灵活,7.64,0.25y,定期定额(周),-0.2,0.67,-1.688,38.5,-0.1,0.77,-0.42
014163,富国港股通量化精选股票C,股票型,2.64,0.25y,定期定额(周),-3.33,3.5,-1.325,38.5,-1.68,3.99,-0.42
022164,西部利得央企优选股票A,股票型,5.05,0.25y,定期定额(周),-3.5,2.68,-1.173,38.5,-1.77,1.44,-0.42
512810,军工ETF华宝,指数型-股票,7.56,0.25y,定期定额(周),-5.43,6.92,-1.147,38.5,-2.76,6.2,-0.45
517120,创新药ETF华泰柏瑞,指数型-股票,2.81,0.25y,定期定额(周),-8.12,5.04,-1.246,53.8,-4.15,4.5,-0.45
006757,国泰中证生物医药ETF联接C,指数型-股票,3.98,0.25y,定期定额(周),-6.35,4.61,-1.165,46.2,-3.23,3.34,-0.46
015285,国投瑞银产业转型一年持有混合A,混合型-偏股,5.19,0.25y,定期定额(周),-4.84,3.27,-0.992,38.5,-2.45,1.45,-0.47
019578,摩根全球天然资源混合(QDII)C,QDII-混合偏股,4.84,0.25y,定期定额(周),-2.79,6.01,-1.086,30.8,-1.41,2.27,-0.48
110025,易方达资源行业混合,混合型-偏股,32.64,0.25y,定期定额(周),-8.07,7.43,-0.927,46.2,-4.12,2.62,-0.48
512290,生物医药ETF国泰,指数型-股票,36.85,0.25y,定期定额(周),-6.69,4.9,-1.144,46.2,-3.4,3.52,-0.5
006228,中欧医疗创新股票A,股票型,40.47,0.25y,定期定额(周),-8.7,5.46,-0.799,46.2,-4.45,2.31,-0.51
017416,中泰元和价值精选混合C,混合型-偏股,2.54,0.25y,定期定额(周),-1.99,3.45,-1.217,30.8,-1.0,2.47,-0.53
017971,摩根海外稳健配置混合(QDII-FOF)美元现汇,QDII-FOF,14.31,0.25y,定期定额(周),0.31,0.19,-2.846,61.5,0.15,0.03,-0.54
017972,摩根海外稳健配置混合(QDII-FOF)美元现钞,QDII-FOF,14.31,0.25y,定期定额(周),0.31,0.19,-2.846,61.5,0.15,0.03,-0.54
020645,南方智弘混合A,混合型-偏股,3.98,0.25y,定期定额(周),1.08,5.38,-1.353,15.4,0.54,8.85,-0.54
022165,西部利得央企优选股票C,股票型,3.95,0.25y,定期定额(周),-3.61,2.68,-1.208,38.5,-1.82,1.5,-0.55
009010,华夏兴阳一年持有混合,混合型-偏股,7.56,0.25y,定期定额(周),-0.73,4.58,-1.617,30.8,-0.36,6.72,-0.58
005123,南方优享分红混合A,混合型-灵活,4.83,0.25y,定期定额(周),-2.51,2.41,-1.456,38.5,-1.26,2.83,-0.59
011285,民生价值优选6个月持有股票A,股票型,5.97,0.25y,定期定额(周),-0.85,3.54,-1.468,30.8,-0.43,3.43,-0.59
012852,嘉实远见先锋一年持有期混合A,混合型-偏股,13.67,0.25y,定期定额(周),-6.98,5.12,-1.086,46.2,-3.55,2.17,-0.59
013402,华夏恒生科技ETF发起式联接(QDII)A,指数型-海外股票,45.63,0.25y,价值平均法,-3.05,8.66,-1.415,33.3,-1.53,7.53,-0.59
517110,创新药ETF国泰,指数型-股票,4.83,0.25y,定期定额(周),-8.52,5.19,-1.246,53.8,-4.36,4.54,-0.59
013776,中泰兴为价值精选混合A,混合型-偏股,16.08,0.25y,定期定额(周),-2.14,3.42,-1.218,30.8,-1.08,2.42,-0.6
513860,港股通科技ETF海富通,指数型-股票,35.64,0.25y,价值平均法,-4.01,7.42,-1.207,33.3,-2.03,6.02,-0.6
517380,创新药ETF天弘,指数型-股票,18.57,0.25y,定期定额(周),-8.47,5.2,-1.288,53.8,-4.33,5.18,-0.61
002178,嘉实新起点混合C,混合型-灵活,2.38,0.25y,定期定额(周),0.68,0.54,-1.708,30.8,0.34,0.78,-0.62
210002,金鹰红利价值混合A,混合型-灵活,12.38,0.25y,定期定额(周),-1.59,5.08,-1.145,23.1,-0.8,5.53,-0.62
001550,天弘中证医药100A,指数型-股票,6.93,0.25y,定期定额(周),-8.51,3.91,-1.427,61.5,-4.35,2.05,-0.63
006229,中欧医疗创新股票C,股票型,28.81,0.25y,定期定额(周),-8.88,5.46,-0.823,46.2,-4.54,2.4,-0.63
019035,易方达全球医药行业混合发起式(QDII)C(人民币),QDII-混合偏股,5.7,0.25y,定期定额(周),-11.43,5.91,-0.653,53.8,-5.89,0.04,-0.64
020646,南方智弘混合C,混合型-偏股,3.78,0.25y,定期定额(周),0.93,5.39,-1.374,15.4,0.47,8.91,-0.64
011738,华安兴安优选一年持有混合A,混合型-平衡,2.0,0.25y,定期定额(周),0.25,3.45,-1.738,30.8,0.12,4.99,-0.66
121010,国投瑞银瑞源灵活配置混合A,混合型-灵活,3.55,0.25y,定期定额(周),-1.27,3.78,-1.079,23.1,-0.64,2.35,-0.66
009869,嘉实产业先锋混合A,混合型-偏股,8.25,0.25y,定期定额(周),-7.51,4.67,-0.984,46.2,-3.83,1.17,-0.67
161222,国投瑞银瑞利混合(LOF)A,混合型-灵活,6.33,0.25y,定期定额(周),-1.0,4.05,-1.147,23.1,-0.5,2.89,-0.67
011673,长城医药科技六个月持有混合A,混合型-偏股,3.26,0.25y,定期定额(周),-10.88,6.05,-0.823,53.8,-5.6,1.61,-0.68
159622,创新药ETF东财,指数型-股票,8.37,0.25y,定期定额(周),-8.67,5.19,-1.267,53.8,-4.43,4.64,-0.69
018446,工银领航三年持有混合,混合型-偏股,22.62,0.25y,定期定额(周),-2.04,4.82,-1.459,30.8,-1.03,6.65,-0.7
018504,景顺长城周期优选混合A,混合型-偏股,30.24,0.25y,定期定额(周),-6.84,4.73,-0.779,38.5,-3.48,0.67,-0.71
014564,天弘创新药精选50ETF联接A,指数型-股票,3.2,0.25y,定期定额(周),-8.32,4.94,-1.347,53.8,-4.25,5.13,-0.72
501059,西部利得国企红利指数增强A,指数型-股票,2.35,0.25y,定期定额(周),-5.76,1.9,-1.066,46.2,-2.92,-0.57,-0.72
003017,广发中证军工ETF联接A,指数型-股票,6.93,0.25y,定期定额(周),-5.68,6.56,-1.199,38.5,-2.88,5.82,-0.73
013777,中泰兴为价值精选混合C,混合型-偏股,4.76,0.25y,定期定额(周),-2.27,3.43,-1.257,30.8,-1.14,2.48,-0.74
016563,金鹰红利价值混合C,混合型-灵活,2.48,0.25y,定期定额(周),-1.74,5.09,-1.171,23.1,-0.87,5.59,-0.74
005693,广发中证军工ETF联接C,指数型-股票,23.8,0.25y,定期定额(周),-5.74,6.56,-1.206,38.5,-2.91,5.84,-0.76
012061,富国全球消费精选混合(QDII)美元,QDII-混合偏股,7.82,0.25y,定期定额(周),-3.96,4.71,-1.4,38.5,-2.0,4.45,-0.76
014565,天弘创新药精选50ETF联接C,指数型-股票,7.8,0.25y,定期定额(周),-8.38,4.94,-1.354,53.8,-4.28,5.15,-0.76
003032,平安医疗健康混合A,混合型-偏股,17.03,0.25y,定期定额(周),-10.92,6.73,-0.505,46.2,-5.62,0.21,-0.77
512660,军工ETF国泰,指数型-股票,94.08,0.25y,定期定额(周),-5.96,6.95,-1.199,38.5,-3.03,6.33,-0.77
010357,南方阿尔法混合A,混合型-偏股,22.57,0.25y,定期定额(周),-0.06,4.5,-1.497,23.1,-0.03,6.72,-0.78
007466,华泰柏瑞中证红利低波ETF联接A,指数型-股票,64.12,0.25y,定期定额(周),-5.05,1.26,-1.128,46.2,-2.56,-0.26,-0.79
018505,景顺长城周期优选混合C,混合型-偏股,45.61,0.25y,定期定额(周),-6.93,4.74,-0.796,38.5,-3.53,0.72,-0.79
022951,华泰柏瑞中证红利低波ETF联接Y,指数型-股票,6.68,0.25y,定期定额(周),-5.04,1.26,-1.126,46.2,-2.55,-0.27,-0.79
512680,军工ETF广发,指数型-股票,52.88,0.25y,定期定额(周),-6.03,6.95,-1.199,38.5,-3.06,6.3,-0.8
009439,西部利得国企红利指数增强C,指数型-股票,4.35,0.25y,定期定额(周),-5.83,1.91,-1.091,46.2,-2.96,-0.54,-0.81
020602,易方达中证红利低波动ETF联接发起式A,指数型-股票,21.78,0.25y,定期定额(周),-5.01,1.34,-1.172,46.2,-2.54,0.03,-0.81
090013,大成竞争优势混合A,混合型-偏股,34.14,0.25y,定期定额(周),-4.15,2.46,-1.469,46.2,-2.1,0.25,-0.82
161024,富国中证军工指数(LOF)A,指数型-股票,38.68,0.25y,定期定额(周),-5.84,6.55,-1.219,38.5,-2.96,5.96,-0.82
009870,嘉实产业先锋混合C,混合型-偏股,2.26,0.25y,定期定额(周),-7.7,4.68,-1.021,46.2,-3.93,1.25,-0.83
020137,平安医疗健康混合C,混合型-偏股,18.77,0.25y,定期定额(周),-11.02,6.73,-0.516,46.2,-5.67,0.25,-0.83
001583,安信新常态股票A,股票型,4.86,0.25y,定期定额(周),0.05,3.85,-1.507,23.1,0.02,5.96,-0.84
515890,红利ETF博时,指数型-股票,4.5,0.25y,定期定额(周),-6.25,2.47,-1.099,46.2,-3.18,-0.41,-0.86
160219,国泰国证医药卫生行业指数A,指数型-股票,6.22,0.25y,定期定额(周),-7.56,3.66,-1.387,53.8,-3.86,2.81,-0.87
003187,嘉实安益混合C,混合型-灵活,11.74,0.25y,定期定额(周),0.6,0.39,-2.115,38.5,0.3,0.34,-0.88
019888,中欧周期优选混合发起A,混合型-偏股,20.13,0.25y,定期定额(周),-5.46,9.77,-0.947,30.8,-2.77,4.35,-0.88
007467,华泰柏瑞中证红利低波ETF联接C,指数型-股票,59.71,0.25y,定期定额(周),-5.12,1.28,-1.156,46.2,-2.6,-0.23,-0.89
009108,富国红利精选混合(QDII)人民币,QDII-混合偏股,12.79,0.25y,定期定额(周),-3.21,3.59,-1.16,30.8,-1.62,2.21,-0.9
010358,南方阿尔法混合C,混合型-偏股,4.22,0.25y,定期定额(周),-0.2,4.5,-1.524,23.1,-0.1,6.78,-0.9
010608,华泰柏瑞质量领先混合A,混合型-偏股,12.27,0.25y,定期定额(周),-3.77,4.46,-1.504,38.5,-1.9,4.98,-0.9
013035,富国中证军工指数(LOF)C,指数型-股票,2.74,0.25y,定期定额(周),-5.95,6.55,-1.233,38.5,-3.02,5.99,-0.9
008969,睿远均衡价值三年持有混合A,混合型-偏股,82.64,0.25y,定期定额(周),-4.47,2.99,-1.237,38.5,-2.26,1.97,-0.91
005904,华泰保兴成长优选A,混合型-偏股,12.06,0.25y,定期定额(周),-7.96,5.65,-1.05,46.2,-4.06,1.41,-0.93
002009,中欧瑾通灵活配置混合A,混合型-灵活,21.47,0.25y,定期定额(周),-0.1,0.62,-1.281,23.1,-0.05,0.18,-0.94
012406,永赢长远价值混合A,混合型-偏股,23.05,0.25y,定期定额(周),-2.42,4.9,-1.066,23.1,-1.22,3.61,-0.94
018449,中欧瑾通灵活配置混合E,混合型-灵活,4.77,0.25y,定期定额(周),-0.11,0.61,-1.287,23.1,-0.05,0.19,-0.96
019889,中欧周期优选混合发起C,混合型-偏股,23.96,0.25y,定期定额(周),-5.6,9.77,-0.967,30.8,-2.84,4.42,-0.97
008970,睿远均衡价值三年持有混合C,混合型-偏股,9.4,0.25y,定期定额(周),-4.54,2.99,-1.254,38.5,-2.3,2.0,-0.98
012407,永赢长远价值混合C,混合型-偏股,4.65,0.25y,定期定额(周),-2.46,4.91,-1.076,23.1,-1.24,3.63,-0.98
009138,嘉实瑞成两年持有期混合A,混合型-偏股,5.33,0.25y,定期定额(周),-6.29,4.71,-1.405,46.2,-3.19,3.64,-1.0
021415,泰康红利低波ETF联接A,指数型-股票,2.05,0.25y,定期定额(周),-4.88,1.33,-0.949,38.5,-2.47,-0.53,-1.02
005905,华泰保兴成长优选C,混合型-偏股,2.5,0.25y,定期定额(周),-8.1,5.66,-1.075,46.2,-4.13,1.47,-1.04
018413,大成竞争优势混合C,混合型-偏股,15.41,0.25y,定期定额(周),-4.29,2.47,-1.538,46.2,-2.17,0.32,-1.04
001338,安信稳健增值混合C,混合型-灵活,33.02,0.25y,定期定额(周),-1.04,0.58,-2.285,53.8,-0.52,-0.04,-1.06
006624,中泰玉衡价值优选混合A,混合型-灵活,12.42,0.25y,定期定额(周),-4.25,2.44,-1.247,38.5,-2.15,0.48,-1.06
015564,大成弘远回报一年持有混合A,混合型-偏股,7.1,0.25y,定期定额(周),-3.06,2.02,-1.455,38.5,-1.54,0.61,-1.1
513600,恒生指数ETF南方,指数型-股票,20.68,0.25y,定期定额(周),-2.99,3.24,-1.367,30.8,-1.5,4.42,-1.13
560860,工业有色ETF万家,指数型-股票,101.7,0.25y,定期定额(周),-6.61,10.72,-1.009,30.8,-3.36,7.12,-1.17
016090,中泰玉衡价值优选混合C,混合型-灵活,2.14,0.25y,定期定额(周),-4.36,2.45,-1.285,38.5,-2.2,0.52,-1.19
017192,天弘中证工业有色金属主题ETF发起联接A,指数型-股票,10.14,0.25y,定期定额(周),-6.42,10.43,-1.032,30.8,-3.26,6.84,-1.19
018489,万家中证工业有色金属主题ETF发起式联接A,指数型-股票,3.94,0.25y,定期定额(周),-6.42,10.19,-1.029,30.8,-3.26,6.73,-1.19
021181,中欧价值精选混合A,混合型-偏股,9.14,0.25y,定期定额(周),-6.52,4.06,-1.377,46.2,-3.32,2.4,-1.19
019916,富国医药创新股票A,股票型,11.12,0.25y,定期定额(周),-11.35,6.0,-1.03,53.8,-5.84,3.36,-1.21
005576,华泰柏瑞新金融地产混合A,混合型-灵活,14.24,0.25y,定期定额(周),-4.46,2.62,-1.346,38.5,-2.25,1.99,-1.22
017193,天弘中证工业有色金属主题ETF发起联接C,指数型-股票,68.32,0.25y,定期定额(周),-6.48,10.44,-1.038,30.8,-3.29,6.86,-1.22
018490,万家中证工业有色金属主题ETF发起式联接C,指数型-股票,16.11,0.25y,定期定额(周),-6.46,10.19,-1.035,30.8,-3.29,6.75,-1.22
018695,博道消费智航C,股票型,4.58,0.25y,定期定额(周),-3.12,3.64,-1.373,30.8,-1.57,3.92,-1.22
009664,汇添富医疗积极成长一年持有混合A,混合型-偏股,16.87,0.25y,定期定额(周),-12.34,5.61,-0.792,53.8,-6.37,1.2,-1.24
002010,中欧瑾通灵活配置混合C,混合型-灵活,97.94,0.25y,定期定额(周),-0.18,0.62,-1.388,23.1,-0.09,0.22,-1.26
021182,中欧价值精选混合C,混合型-偏股,11.71,0.25y,定期定额(周),-6.61,4.07,-1.397,46.2,-3.36,2.44,-1.27
019917,富国医药创新股票C,股票型,37.36,0.25y,定期定额(周),-11.48,6.0,-1.046,53.8,-5.91,3.42,-1.29
003095,中欧医疗健康混合A,混合型-偏股,129.74,0.25y,定期定额(周),-10.55,5.05,-1.086,53.8,-5.42,1.44,-1.3
014329,国联优势产业混合A,混合型-偏股,25.82,0.25y,定期定额(周),-4.2,1.86,-1.648,46.2,-2.12,1.13,-1.31
090007,大成策略回报混合A,混合型-偏股,29.15,0.25y,定期定额(周),-4.7,2.43,-1.576,46.2,-2.38,0.37,-1.31
003165,鹏华弘嘉混合A,混合型-灵活,3.53,0.25y,定期定额(周),-4.54,4.92,-1.519,38.5,-2.3,4.06,-1.32
501302,南方恒指ETF联接(LOF)A,指数型-股票,2.3,0.25y,定期定额(周),-3.04,3.16,-1.434,30.8,-1.53,4.39,-1.32
560150,红利低波ETF泰康,指数型-股票,7.91,0.25y,定期定额(周),-5.36,1.41,-0.99,38.5,-2.72,-0.51,-1.32
004598,南方中证银行ETF发起联接C,指数型-股票,2.84,0.25y,价值平均法,-7.45,3.95,-2.069,66.7,-3.8,1.55,-1.33
011040,天弘国证生物医药ETF发起式联接A,指数型-股票,2.6,0.25y,定期定额(周),-9.99,6.16,-1.243,53.8,-5.12,2.23,-1.33
003166,鹏华弘嘉混合C,混合型-灵活,2.16,0.25y,定期定额(周),-4.59,4.92,-1.53,38.5,-2.32,4.08,-1.36
009665,汇添富医疗积极成长一年持有混合C,混合型-偏股,2.07,0.25y,定期定额(周),-12.54,5.61,-0.815,53.8,-6.48,1.28,-1.37
011041,天弘国证生物医药ETF发起式联接C,指数型-股票,9.38,0.25y,定期定额(周),-10.05,6.16,-1.252,53.8,-5.16,2.25,-1.37
016374,华泰柏瑞新金融地产混合C,混合型-灵活,16.42,0.25y,定期定额(周),-4.6,2.62,-1.387,38.5,-2.33,2.05,-1.37
007016,富国睿泽回报混合,混合型-偏股,2.58,0.25y,定期定额(周),-2.16,3.45,-1.573,30.8,-1.09,3.55,-1.38
159726,港股通高股息ETF华夏,指数型-股票,4.73,0.25y,定期定额(周),-2.27,1.81,-1.475,30.8,-1.14,2.52,-1.4
005659,南方恒生指数ETF联接C,指数型-股票,2.15,0.25y,定期定额(周),-3.14,3.17,-1.454,30.8,-1.58,4.43,-1.41
003096,中欧医疗健康混合C,混合型-偏股,122.95,0.25y,定期定额(周),-10.73,5.06,-1.116,53.8,-5.52,1.52,-1.44
001551,天弘中证医药100C,指数型-股票,6.55,0.25y,定期定额(周),-8.57,3.91,-1.44,53.8,-4.38,2.08,-1.45
012748,华泰柏瑞远见智选混合A,混合型-偏股,5.62,0.25y,定期定额(周),-3.85,3.6,-0.986,23.1,-1.94,2.7,-1.45
014330,国联优势产业混合C,混合型-偏股,14.93,0.25y,定期定额(周),-4.3,1.86,-1.689,46.2,-2.17,1.17,-1.45
005354,富国沪港深行业精选混合A,混合型-灵活,7.94,0.25y,定期定额(周),-3.48,4.87,-1.501,30.8,-1.76,5.66,-1.47
023177,安信灵活配置混合C,混合型-灵活,4.88,0.25y,定期定额(周),-5.08,1.84,-1.207,38.5,-2.57,-0.12,-1.51
159859,生物医药ETF天弘,指数型-股票,39.83,0.25y,定期定额(周),-10.59,6.54,-1.247,53.8,-5.44,2.4,-1.53
018225,大成策略回报混合C,混合型-偏股,3.83,0.25y,定期定额(周),-4.84,2.44,-1.644,46.2,-2.45,0.43,-1.54
161726,招商国证生物医药指数(LOF)A,指数型-股票,65.12,0.25y,定期定额(周),-10.28,6.23,-1.29,53.8,-5.28,2.35,-1.54
008164,南方标普红利低波50ETF联接C,指数型-股票,30.25,0.25y,定期定额(周),-4.1,2.15,-1.136,30.8,-2.07,0.23,-1.55
159549,红利低波ETF天弘,指数型-股票,53.15,0.25y,定期定额(周),-5.04,1.82,-1.246,38.5,-2.55,0.32,-1.55
561570,油气ETF华泰柏瑞,指数型-股票,2.07,0.25y,定期定额(周),-10.1,5.39,-0.124,30.8,-5.18,-4.08,-1.55
012417,招商国证生物医药指数(LOF)C,指数型-股票,15.1,0.25y,定期定额(周),-10.31,6.21,-1.297,53.8,-5.29,2.37,-1.57
001910,泰康新机遇混合,混合型-灵活,16.38,0.25y,定期定额(周),-2.54,4.1,-1.712,30.8,-1.28,6.17,-1.6
213002,宝盈泛沿海增长混合,混合型-偏股,5.03,0.25y,定期定额(周),-4.39,5.41,-1.361,30.8,-2.22,4.21,-1.6
159930,能源ETF汇添富,指数型-股票,19.65,0.25y,定期定额(周),-11.66,5.25,-0.207,38.5,-6.01,-4.17,-1.61
163407,兴全沪深300指数(LOF)A,指数型-股票,39.43,0.25y,定期定额(周),-3.09,2.69,-1.488,30.8,-1.56,3.19,-1.63
501065,汇添富经典成长定开混合,混合型-偏股,3.01,0.25y,定期定额(周),-1.32,3.41,-1.581,23.1,-0.66,5.23,-1.66
013853,大成匠心卓越三年持有混合A,混合型-偏股,29.24,0.25y,定期定额(周),-1.85,1.75,-1.642,30.8,-0.93,2.11,-1.67
020603,易方达中证红利低波动ETF联接发起式C,指数型-股票,8.25,0.25y,定期定额(周),-5.08,1.34,-1.198,38.5,-2.58,0.06,-1.68
160605,鹏华中国50混合,混合型-灵活,36.56,0.25y,定期定额(周),-7.24,5.43,-0.788,30.8,-3.69,0.09,-1.68
005106,银华农业产业股票发起式A,股票型,4.11,0.25y,价值平均法,-15.66,11.17,-0.987,66.7,-8.16,-1.63,-1.72
007230,兴全沪深300指数(LOF)C,指数型-股票,3.09,0.25y,定期定额(周),-3.18,2.69,-1.514,30.8,-1.6,3.24,-1.73
008682,富国中证红利指数增强C,指数型-股票,6.21,0.25y,定期定额(周),-6.15,2.18,-1.468,46.2,-3.12,0.41,-1.73
040005,华安宏利混合A,混合型-偏股,16.62,0.25y,定期定额(周),-4.19,5.92,-0.783,15.4,-2.12,2.78,-1.75
002408,中信建投医改混合A,混合型-灵活,4.51,0.25y,定期定额(周),-13.21,6.4,-0.878,53.8,-6.84,0.95,-1.76
013123,汇添富精选核心优势一年持有混合A,混合型-偏股,2.43,0.25y,定期定额(周),-2.84,5.86,-1.503,23.1,-1.43,7.75,-1.76
014064,银华农业产业股票发起式C,股票型,8.58,0.25y,价值平均法,-15.71,11.18,-0.994,66.7,-8.19,-1.61,-1.76
080001,长盛成长价值混合A,混合型-偏股,2.63,0.25y,定期定额(周),-4.33,3.27,-1.627,38.5,-2.19,2.3,-1.77
515950,医药50ETF富国,指数型-股票,5.24,0.25y,定期定额(周),-9.33,3.63,-1.432,53.8,-4.78,2.13,-1.77
020397,中银港股通医药混合发起A,混合型-偏股,6.5,0.25y,定期定额(周),-15.94,7.75,-0.781,61.5,-8.32,0.14,-1.78
005732,富国臻选成长灵活配置混合A,混合型-灵活,3.12,0.25y,定期定额(周),-4.21,6.02,-1.231,23.1,-2.13,5.77,-1.8
040008,华安策略优选混合A,混合型-偏股,30.43,0.25y,定期定额(周),-2.85,3.67,-1.314,23.1,-1.43,3.32,-1.8
013854,大成匠心卓越三年持有混合C,混合型-偏股,2.43,0.25y,定期定额(周),-1.94,1.75,-1.68,30.8,-0.98,2.15,-1.81
007553,中信建投医改混合C,混合型-灵活,4.25,0.25y,定期定额(周),-13.3,6.4,-0.89,53.8,-6.89,0.99,-1.82
561760,油气ETF博时,指数型-股票,5.33,0.25y,定期定额(周),-11.51,6.1,0.014,30.8,-5.93,-5.46,-1.84
563020,红利低波ETF易方达,指数型-股票,75.16,0.25y,定期定额(周),-5.35,1.41,-1.228,38.5,-2.71,0.1,-1.84
020398,中银港股通医药混合发起C,混合型-偏股,12.31,0.25y,定期定额(周),-16.05,7.76,-0.793,61.5,-8.38,0.18,-1.85
520660,港股通央企红利ETF南方,指数型-股票,26.68,0.25y,定期定额(周),-5.14,2.22,-1.081,30.8,-2.61,0.37,-1.85
011826,汇添富健康生活一年持有混合A,混合型-偏股,5.2,0.25y,定期定额(周),-13.75,5.78,-0.843,53.8,-7.13,1.35,-1.88
012761,华泰柏瑞上证红利ETF联接A,指数型-股票,2.68,0.25y,定期定额(周),-7.58,2.38,-0.922,38.5,-3.86,-1.49,-1.89
001287,安信优势增长混合A,混合型-灵活,7.42,0.25y,定期定额(周),-7.24,4.66,-1.587,46.2,-3.69,2.97,-1.9
005143,国联沪港深大消费主题C,混合型-灵活,2.31,0.25y,定期定额(周),-2.31,5.42,-1.686,23.1,-1.16,8.8,-1.92
011834,大成投资严选六月持有混合A,混合型-偏股,10.29,0.25y,定期定额(周),-4.81,2.5,-1.822,46.2,-2.44,0.7,-1.93
012762,华泰柏瑞上证红利ETF联接C,指数型-股票,3.14,0.25y,定期定额(周),-7.61,2.39,-0.931,38.5,-3.88,-1.48,-1.93
002036,安信优势增长混合C,混合型-灵活,7.36,0.25y,定期定额(周),-7.29,4.66,-1.598,46.2,-3.72,3.0,-1.94
008271,大成优势企业混合A,混合型-偏股,25.78,0.25y,定期定额(周),-2.55,2.22,-1.698,30.8,-1.29,2.73,-2.01
159309,油气ETF汇添富,指数型-股票,17.48,0.25y,定期定额(周),-11.84,6.24,-0.008,30.8,-6.11,-5.43,-2.01
009051,易方达中证红利ETF联接发起式A,指数型-股票,35.36,0.25y,定期定额(周),-6.4,2.37,-1.222,38.5,-3.25,-0.33,-2.02
022925,易方达中证红利ETF联接发起式Y,指数型-股票,2.32,0.25y,定期定额(周),-6.4,2.37,-1.221,38.5,-3.26,-0.33,-2.02
006113,汇添富创新医药混合A,混合型-偏股,74.25,0.25y,定期定额(周),-13.81,5.52,-0.885,53.8,-7.16,1.28,-2.04
009052,易方达中证红利ETF联接发起式C,指数型-股票,15.62,0.25y,定期定额(周),-6.42,2.37,-1.229,38.5,-3.26,-0.32,-2.04
513730,东南亚科技ETF华泰柏瑞,指数型-海外股票,10.34,0.25y,定期定额(周),-4.07,5.37,-1.674,30.8,-2.06,6.4,-2.04
017526,华夏北证50成份指数C,指数型-股票,3.65,0.25y,价值平均法,-4.64,14.93,-1.897,33.3,-2.35,10.44,-2.05
021102,国泰北证50成份指数发起C,指数型-股票,2.22,0.25y,价值平均法,-4.58,14.89,-1.901,33.3,-2.32,10.41,-2.05
161616,融通医疗保健行业混合A/B,混合型-偏股,5.75,0.25y,定期定额(周),-9.03,4.61,-1.367,46.2,-4.62,3.0,-2.05
510720,红利国企ETF国泰,指数型-股票,18.04,0.25y,定期定额(周),-8.42,3.21,-0.928,38.5,-4.3,-1.32,-2.07
012153,博时研究慧选混合A,混合型-偏股,3.11,0.25y,定期定额(周),-7.62,3.75,-1.547,46.2,-3.88,2.45,-2.08
513820,港股通红利ETF汇添富,指数型-股票,31.77,0.25y,定期定额(周),-2.67,1.67,-1.323,23.1,-1.34,1.74,-2.08
012208,华夏港股前沿经济混合(QDII)A,QDII-混合偏股,6.42,0.25y,定期定额(周),-5.39,4.97,-1.526,30.8,-2.73,7.51,-2.09
017522,富国北证50成份指数C,指数型-股票,3.01,0.25y,价值平均法,-4.79,14.81,-1.888,33.3,-2.42,10.33,-2.1
018121,万家北证50成份指数发起式C,指数型-股票,3.34,0.25y,价值平均法,-4.68,14.83,-1.905,33.3,-2.37,10.37,-2.1
021162,天弘北证50成份指数发起C,指数型-股票,3.9,0.25y,价值平均法,-4.7,14.99,-1.913,33.3,-2.38,10.55,-2.11
512120,医药ETF华安,指数型-股票,3.68,0.25y,定期定额(周),-10.34,4.54,-1.453,53.8,-5.31,2.19,-2.11
020516,华泰柏瑞东南亚科技ETF发起式联接(QDII)C,指数型-海外股票,2.04,0.25y,定期定额(周),-3.93,4.99,-1.722,30.8,-1.99,6.02,-2.16
007368,浙商沪港深精选混合A,混合型-偏股,2.19,0.25y,定期定额(周),-3.98,3.43,-2.0,38.5,-2.01,5.97,-2.18
008269,大成睿享混合A,混合型-偏股,44.23,0.25y,定期定额(周),-4.47,2.58,-1.671,38.5,-2.26,0.57,-2.18
530003,建信优选成长混合A,混合型-偏股,10.47,0.25y,定期定额(周),-0.45,3.91,-1.995,23.1,-0.23,6.76,-2.18
012154,博时研究慧选混合C,混合型-偏股,2.64,0.25y,定期定额(周),-7.76,3.76,-1.579,46.2,-3.96,2.52,-2.2
013463,大成致远优势一年持有期混合A,混合型-偏股,2.66,0.25y,定期定额(周),-4.02,2.17,-1.749,38.5,-2.03,0.91,-2.21
515180,红利ETF易方达,指数型-股票,124.6,0.25y,定期定额(周),-6.86,2.51,-1.236,38.5,-3.49,-0.3,-2.22
310388,申万菱信消费增长混合A,混合型-偏股,2.61,0.25y,定期定额(周),0.98,5.4,-1.816,7.7,0.49,11.6,-2.23
501092,交银瑞思混合(LOF),混合型-偏股,9.13,0.25y,定期定额(周),-4.11,4.16,-1.659,30.8,-2.07,4.76,-2.23
002989,融通通乾研究精选灵活配置混合A,混合型-灵活,2.73,0.25y,定期定额(周),-12.98,5.67,-1.363,61.5,-6.71,0.14,-2.24
009162,富国医药成长30股票A,股票型,3.94,0.25y,定期定额(周),-9.68,5.91,-1.132,38.5,-4.96,4.31,-2.26
008272,大成优势企业混合C,混合型-偏股,9.08,0.25y,定期定额(周),-2.75,2.23,-1.768,30.8,-1.38,2.81,-2.27
017749,国投瑞银景气驱动混合A,混合型-偏股,4.02,0.25y,定期定额(周),-5.32,6.22,-1.553,30.8,-2.7,5.61,-2.27
501305,汇添富港股红利ETF联接A,指数型-股票,6.06,0.25y,定期定额(周),-2.7,1.6,-1.394,23.1,-1.36,1.72,-2.28
008134,鹏华优选价值股票A,股票型,26.86,0.25y,定期定额(周),-3.67,2.71,-1.611,30.8,-1.85,1.99,-2.3
010591,富国中国中小盘混合(QDII)美元,QDII-混合偏股,33.81,0.25y,定期定额(周),-6.54,4.69,-1.301,30.8,-3.32,4.06,-2.33
011114,富国沪港深行业精选混合C,混合型-灵活,7.29,0.25y,定期定额(周),-3.59,4.88,-1.522,23.1,-1.81,5.7,-2.33
008270,大成睿享混合C,混合型-偏股,24.3,0.25y,定期定额(周),-4.57,2.58,-1.719,38.5,-2.31,0.62,-2.34
020866,华安恒生港股通中国央企红利ETF发起式联接A,指数型-股票,5.77,0.25y,定期定额(周),-2.43,2.5,-1.57,23.1,-1.22,3.05,-2.36
513920,港股通央企红利ETF华安,指数型-股票,59.88,0.25y,定期定额(周),-2.62,2.65,-1.555,23.1,-1.32,3.2,-2.37
159954,恒生中国企业ETF南方,指数型-股票,2.46,0.25y,定期定额(周),-5.21,3.38,-1.838,38.5,-2.64,4.99,-2.38
017750,国投瑞银景气驱动混合C,混合型-偏股,14.62,0.25y,定期定额(周),-5.48,6.23,-1.581,30.8,-2.78,5.67,-2.4
090010,大成中证红利指数A,指数型-股票,24.83,0.25y,定期定额(周),-6.71,2.36,-1.325,38.5,-3.41,-0.19,-2.4
020867,华安恒生港股通中国央企红利ETF发起式联接C,指数型-股票,3.54,0.25y,定期定额(周),-2.49,2.5,-1.587,23.1,-1.25,3.07,-2.42
501306,汇添富港股红利ETF联接C,指数型-股票,4.83,0.25y,定期定额(周),-2.8,1.6,-1.431,23.1,-1.41,1.77,-2.42
017519,汇添富北证50成份指数A,指数型-股票,2.16,0.25y,定期定额(周),-4.68,5.16,-1.893,30.8,-2.37,10.38,-2.43
561360,石油ETF国泰,指数型-股票,45.84,0.25y,定期定额(周),-11.5,5.37,-0.289,30.8,-5.93,-3.66,-2.46
002779,新疆前海联合新思路混合C,混合型-灵活,2.1,0.25y,定期定额(周),-5.17,2.17,-1.951,46.2,-2.62,0.68,-2.47
515300,300红利低波ETF嘉实,指数型-股票,55.7,0.25y,定期定额(周),-6.51,2.09,-1.01,30.8,-3.31,-1.22,-2.47
009103,鹏扬红利优选混合C,混合型-偏股,2.72,0.25y,定期定额(周),-6.49,3.55,-1.522,38.5,-3.3,1.13,-2.48
160643,鹏华空天军工指数(LOF)A,指数型-股票,6.61,0.25y,定期定额(周),-5.93,7.33,-1.296,23.1,-3.01,6.84,-2.48
010364,鹏华空天军工指数(LOF)C,指数型-股票,12.79,0.25y,定期定额(周),-5.96,7.32,-1.299,23.1,-3.03,6.85,-2.5
017520,汇添富北证50成份指数C,指数型-股票,3.54,0.25y,定期定额(周),-4.77,5.16,-1.906,30.8,-2.41,10.41,-2.5
020258,鹏华优选价值股票C,股票型,11.11,0.25y,定期定额(周),-3.82,2.73,-1.666,30.8,-1.93,2.06,-2.5
019341,西部利得研究精选混合C,混合型-偏股,4.13,0.25y,定期定额(周),-8.89,6.42,-1.657,46.2,-4.55,3.83,-2.53
017140,华宝中证有色金属ETF发起式联接A,指数型-股票,2.36,0.25y,定期定额(周),-9.3,8.99,-1.063,30.8,-4.76,4.98,-2.54
516110,汽车ETF国泰,指数型-股票,5.79,0.25y,定期定额(周),-3.13,3.72,-1.625,23.1,-1.58,4.52,-2.56
516220,化工ETF国泰,指数型-股票,4.49,0.25y,定期定额(周),-8.65,8.07,-1.05,30.8,-4.42,2.26,-2.56
017141,华宝中证有色金属ETF发起式联接C,指数型-股票,7.33,0.25y,定期定额(周),-9.36,9.0,-1.071,30.8,-4.8,5.01,-2.58
100032,富国中证红利指数增强A,指数型-股票,50.12,0.25y,定期定额(周),-6.23,2.16,-1.484,38.5,-3.16,0.42,-2.58
013527,嘉实中证细分化工产业主题ETF发起联接A,指数型-股票,2.63,0.25y,定期定额(周),-8.54,7.76,-1.07,30.8,-4.36,2.11,-2.59
017669,大成卓远视野混合A,混合型-偏股,4.9,0.25y,定期定额(周),-5.31,2.5,-1.991,46.2,-2.69,0.54,-2.59
562060,标普A股红利ETF华宝,指数型-股票,44.54,0.25y,定期定额(周),-7.36,2.4,-1.668,46.2,-3.75,1.5,-2.59
013528,嘉实中证细分化工产业主题ETF发起联接C,指数型-股票,13.03,0.25y,定期定额(周),-8.56,7.76,-1.073,30.8,-4.37,2.12,-2.61
004432,南方有色金属ETF联接A,指数型-股票,27.09,0.25y,定期定额(周),-9.41,9.2,-1.097,30.8,-4.82,5.37,-2.62
021978,中欧中证细分化工产业主题指数发起C,指数型-股票,3.54,0.25y,定期定额(周),-8.59,7.86,-1.072,30.8,-4.39,2.09,-2.62
160630,鹏华中证国防指数(LOF)A,指数型-股票,25.16,0.25y,定期定额(周),-6.16,7.17,-1.312,23.1,-3.13,6.82,-2.62
260112,景顺长城能源基建混合A,混合型-偏股,29.33,0.25y,定期定额(周),-7.09,3.13,-1.44,38.5,-3.61,0.64,-2.62
012041,鹏华中证国防指数(LOF)C,指数型-股票,7.0,0.25y,定期定额(周),-6.18,7.17,-1.315,23.1,-3.14,6.83,-2.63
010990,南方有色金属ETF联接E,指数型-股票,13.34,0.25y,定期定额(周),-9.43,9.2,-1.1,30.8,-4.83,5.38,-2.64
015896,天弘中证细分化工产业主题ETF联接A,指数型-股票,3.67,0.25y,定期定额(周),-8.59,7.89,-1.092,30.8,-4.39,2.24,-2.65
166025,中欧远见两年定开混合A,混合型-偏股,9.73,0.25y,定期定额(周),-5.04,2.38,-1.808,38.5,-2.55,1.96,-2.66
512670,国防ETF鹏华,指数型-股票,28.23,0.25y,定期定额(周),-6.5,7.47,-1.288,23.1,-3.31,6.97,-2.66
159638,高端装备ETF嘉实,指数型-股票,14.57,0.25y,定期定额(周),-8.53,8.01,-1.277,30.8,-4.36,6.41,-2.67
004433,南方有色金属ETF联接C,指数型-股票,69.42,0.25y,定期定额(周),-9.5,9.2,-1.108,30.8,-4.87,5.41,-2.68
015897,天弘中证细分化工产业主题ETF联接C,指数型-股票,23.79,0.25y,定期定额(周),-8.63,7.9,-1.1,30.8,-4.41,2.26,-2.68
022211,人保红利智享混合A,混合型-偏股,2.36,0.25y,定期定额(周),-7.46,2.46,-1.639,46.2,-3.8,0.11,-2.68
515100,红利低波100ETF景顺,指数型-股票,61.88,0.25y,定期定额(周),-5.22,1.81,-1.374,30.8,-2.64,0.53,-2.7
008891,安信价值成长混合A,混合型-偏股,3.06,0.25y,定期定额(周),-6.93,4.08,-1.665,38.5,-3.53,3.68,-2.71
206007,鹏华消费优选混合,混合型-偏股,3.39,0.25y,定期定额(周),-5.85,4.26,-1.622,30.8,-2.97,5.84,-2.71
018028,嘉实中证高端装备细分50ETF发起联接C,指数型-股票,4.24,0.25y,定期定额(周),-8.36,7.69,-1.316,30.8,-4.27,6.19,-2.73
012537,华宝中证细分化工产业主题ETF联接A,指数型-股票,5.08,0.25y,定期定额(周),-8.67,7.79,-1.116,30.8,-4.43,2.27,-2.74
017090,景顺长城能源基建混合C,混合型-偏股,3.45,0.25y,定期定额(周),-7.24,3.11,-1.468,38.5,-3.69,0.65,-2.75
000746,招商行业精选股票基金,股票型,34.12,0.25y,定期定额(周),-6.81,4.35,-1.636,38.5,-3.46,1.57,-2.78
001180,广发医药卫生联接A,指数型-股票,19.66,0.25y,定期定额(周),-9.07,3.66,-1.601,46.2,-4.64,2.68,-2.78
012538,华宝中证细分化工产业主题ETF联接C,指数型-股票,9.77,0.25y,定期定额(周),-8.72,7.79,-1.124,30.8,-4.46,2.29,-2.78
512400,有色金属ETF南方,指数型-股票,275.67,0.25y,定期定额(周),-9.95,9.64,-1.098,30.8,-5.1,5.71,-2.78
008892,安信价值成长混合C,混合型-偏股,2.11,0.25y,定期定额(周),-7.02,4.08,-1.683,38.5,-3.57,3.72,-2.79
159876,有色ETF华宝,指数型-股票,18.91,0.25y,定期定额(周),-10.03,9.48,-1.074,30.8,-5.15,5.32,-2.8
516020,化工ETF华宝,指数型-股票,60.52,0.25y,定期定额(周),-9.08,8.1,-1.092,30.8,-4.65,2.34,-2.82
002978,广发医药卫生联接C,指数型-股票,2.82,0.25y,定期定额(周),-9.13,3.66,-1.612,46.2,-4.68,2.7,-2.83
516120,化工ETF富国,指数型-股票,75.88,0.25y,定期定额(周),-9.09,8.12,-1.096,30.8,-4.65,2.35,-2.83
001306,中欧永裕混合A,混合型-偏股,2.09,0.25y,定期定额(周),-5.96,4.31,-1.875,38.5,-3.03,3.57,-2.84
017670,大成卓远视野混合C,混合型-偏股,2.63,0.25y,定期定额(周),-5.46,2.5,-2.069,46.2,-2.77,0.61,-2.84
020273,富国中证细分化工产业主题ETF发起式联接A,指数型-股票,5.45,0.25y,定期定额(周),-9.01,8.01,-1.103,30.8,-4.61,2.18,-2.84
021562,天弘中证央企红利50指数发起C,指数型-股票,2.09,0.25y,定期定额(周),-6.29,3.07,-1.01,23.1,-3.19,-0.1,-2.84
006595,广发港股通优质增长混合A,混合型-偏股,4.76,0.25y,定期定额(周),-2.88,3.12,-2.107,30.8,-1.45,5.34,-2.85
011630,东财有色增强A,指数型-股票,4.01,0.25y,定期定额(周),-10.07,9.14,-1.07,30.8,-5.17,4.84,-2.86
019116,东财卓越成长混合发起式C,混合型-偏股,2.07,0.25y,价值平均法,-9.28,13.46,-1.535,33.3,-4.75,10.32,-2.86
020274,富国中证细分化工产业主题ETF发起式联接C,指数型-股票,50.41,0.25y,定期定额(周),-9.05,8.01,-1.111,30.8,-4.63,2.2,-2.87
021297,鹏华国证有色金属行业ETF发起式联接C,指数型-股票,4.36,0.25y,定期定额(周),-9.65,9.09,-1.176,30.8,-4.95,5.65,-2.88
159331,红利港股ETF国泰,指数型-股票,2.47,0.25y,定期定额(周),-3.37,1.99,-1.556,23.1,-1.7,2.14,-2.88
159938,医药ETF广发,指数型-股票,52.07,0.25y,定期定额(周),-9.51,3.85,-1.585,46.2,-4.88,2.82,-2.88
005801,工银印度基金美元,QDII-混合偏股,22.09,0.25y,定期定额(周),-3.67,3.55,-2.062,30.8,-1.85,6.77,-2.89
011631,东财有色增强C,指数型-股票,5.88,0.25y,定期定额(周),-10.14,9.14,-1.078,30.8,-5.2,4.87,-2.9
020735,东财有色增强E,指数型-股票,2.12,0.25y,定期定额(周),-10.14,9.14,-1.078,30.8,-5.2,4.87,-2.9
159586,计算机ETF南方,指数型-股票,3.04,0.25y,定期定额(周),-7.15,5.72,-1.282,23.1,-3.64,7.34,-2.91
159880,有色ETF鹏华,指数型-股票,15.98,0.25y,定期定额(周),-9.95,9.72,-1.176,30.8,-5.1,6.23,-2.92
260103,景顺长城动力平衡混合,混合型-灵活,7.48,0.25y,定期定额(周),-4.43,2.31,-1.709,30.8,-2.24,1.92,-2.93
008347,中信建投甄选混合A,混合型-偏股,4.11,0.25y,定期定额(周),-4.81,4.63,-1.517,23.1,-2.44,4.31,-2.94
013392,广发港股通优质增长混合C,混合型-偏股,4.34,0.25y,定期定额(周),-2.98,3.12,-2.133,30.8,-1.5,5.38,-2.95
159870,化工ETF鹏华,指数型-股票,268.82,0.25y,定期定额(周),-9.26,8.11,-1.119,30.8,-4.74,2.39,-2.95
011121,广发兴诚混合A,混合型-偏股,7.3,0.25y,定期定额(周),-8.95,3.76,-1.377,38.5,-4.58,2.42,-2.96
012060,富国全球消费精选混合(QDII)人民币A,QDII-混合偏股,7.82,0.25y,定期定额(周),-5.43,4.79,-1.773,30.8,-2.75,5.15,-2.96
159871,有色ETF银华,指数型-股票,10.87,0.25y,定期定额(周),-10.33,9.44,-1.096,30.8,-5.31,5.29,-2.97
002137,诺安利鑫灵活配置混合A,混合型-灵活,12.33,0.25y,定期定额(周),-5.63,5.8,-1.374,23.1,-2.86,3.06,-2.98
006259,汇添富红利增长混合A,混合型-偏股,7.53,0.25y,定期定额(周),-4.05,2.11,-2.099,38.5,-2.05,2.2,-2.98
160221,国泰国证有色金属行业指数(LOF)A,指数型-股票,25.65,0.25y,定期定额(周),-9.81,9.55,-1.207,30.8,-5.03,6.0,-2.98
002851,南方品质优选灵活配置混合A,混合型-灵活,9.01,0.25y,定期定额(周),-4.12,2.38,-1.84,30.8,-2.08,3.15,-2.99
012588,南方港股通优势企业混合A,混合型-偏股,12.01,0.25y,定期定额(周),-3.85,4.75,-1.802,23.1,-1.94,7.06,-3.0
014942,鹏华中证细分化工产业主题ETF联接A,指数型-股票,3.61,0.25y,定期定额(周),-9.15,7.77,-1.144,30.8,-4.68,2.17,-3.0
018387,华泰柏瑞港股通红利ETF联接基金A,指数型-股票,4.6,0.25y,定期定额(周),-3.34,1.8,-1.588,23.1,-1.69,1.99,-3.0
015596,国泰国证有色金属行业指数(LOF)C,指数型-股票,14.2,0.25y,定期定额(周),-9.86,9.56,-1.212,30.8,-5.06,6.02,-3.01
011130,广发兴诚混合C,混合型-偏股,8.9,0.25y,定期定额(周),-9.03,3.77,-1.39,38.5,-4.62,2.47,-3.02
005051,摩根标普港股通低波红利指数A,指数型-股票,28.6,0.25y,定期定额(周),-1.95,2.07,-1.923,23.1,-0.98,3.3,-3.04
014943,鹏华中证细分化工产业主题ETF联接C,指数型-股票,14.06,0.25y,定期定额(周),-9.21,7.77,-1.155,30.8,-4.72,2.2,-3.05
019933,工银国证港股通科技ETF发起式联接A,指数型-股票,11.96,0.25y,价值平均法,-7.2,7.99,-1.786,33.3,-3.67,7.89,-3.05
019934,工银国证港股通科技ETF发起式联接C,指数型-股票,5.13,0.25y,价值平均法,-7.22,7.98,-1.789,33.3,-3.68,7.9,-3.06
008404,华泰紫金泰盈混合A,混合型-偏股,2.55,0.25y,定期定额(周),-4.41,4.34,-1.609,23.1,-2.23,3.67,-3.09
012062,富国全球消费精选混合(QDII)人民币C,QDII-混合偏股,7.68,0.25y,定期定额(周),-5.57,4.8,-1.802,30.8,-2.82,5.2,-3.09
018388,华泰柏瑞港股通红利ETF联接基金C,指数型-股票,6.79,0.25y,定期定额(周),-3.41,1.8,-1.611,23.1,-1.72,2.01,-3.09
520900,港股通红利ETF广发,指数型-股票,15.78,0.25y,定期定额(周),-5.58,2.2,-1.527,30.8,-2.83,1.12,-3.09
512700,银行ETF南方,指数型-股票,10.89,0.25y,定期定额(周),-5.42,1.15,-1.395,30.8,-2.75,1.44,-3.11
159581,红利ETF万家,指数型-股票,13.75,0.25y,定期定额(周),-7.65,2.49,-1.475,38.5,-3.9,-0.01,-3.13
513630,港股低波红利ETF摩根,指数型-股票,156.68,0.25y,定期定额(周),-2.38,2.1,-1.89,23.1,-1.2,3.4,-3.13
000955,南方产业活力,股票型,2.61,0.25y,定期定额(周),-4.18,2.42,-1.896,30.8,-2.11,3.28,-3.14
008405,华泰紫金泰盈混合C,混合型-偏股,6.39,0.25y,定期定额(周),-4.46,4.35,-1.623,23.1,-2.26,3.69,-3.14
159636,港股通科技30ETF工银,指数型-股票,296.63,0.25y,价值平均法,-7.64,8.45,-1.779,33.3,-3.9,8.31,-3.14
012708,东方红中证红利低波动指数A,指数型-股票,37.49,0.25y,定期定额(周),-4.88,1.55,-1.278,23.1,-2.47,0.69,-3.15
020511,金鹰科技致远混合C,混合型-偏股,3.25,0.25y,定期定额(周),-4.1,5.8,-1.248,7.7,-2.07,7.62,-3.16
515150,一带一路ETF富国,指数型-股票,9.07,0.25y,定期定额(周),-8.54,4.76,-1.162,30.8,-4.37,-0.07,-3.18
161907,红利ETF联接,指数型-股票,3.2,0.25y,定期定额(周),-7.32,2.35,-1.554,38.5,-3.73,0.13,-3.21
005052,摩根标普港股通低波红利指数C,指数型-股票,19.33,0.25y,定期定额(周),-2.09,2.07,-1.973,23.1,-1.05,3.36,-3.22
011866,广发价值增长混合A,混合型-偏股,6.43,0.25y,定期定额(周),-5.02,4.69,-1.944,30.8,-2.54,5.29,-3.22
213006,宝盈核心优势混合A,混合型-灵活,4.97,0.25y,定期定额(周),-5.51,5.79,-1.881,30.8,-2.79,5.08,-3.23
015558,万家中证红利ETF联接C,指数型-股票,2.65,0.25y,定期定额(周),-7.36,2.36,-1.566,38.5,-3.75,0.15,-3.25
270021,广发聚瑞混合A,混合型-偏股,13.82,0.25y,定期定额(周),-5.53,3.77,-1.792,30.8,-2.8,3.79,-3.25
018132,博时中证有色金属矿业主题指数A,指数型-股票,8.28,0.25y,定期定额(周),-10.86,8.9,-1.13,30.8,-5.59,5.31,-3.26
161605,融通蓝筹成长混合A/B,混合型-灵活,4.52,0.25y,定期定额(周),-7.27,2.68,-1.66,38.5,-3.7,1.29,-3.26
162605,景顺长城鼎益混合(LOF)A,混合型-偏股,63.21,0.25y,定期定额(周),-0.27,2.9,-1.497,0.0,-0.14,5.81,-3.27
159899,软件ETF招商,指数型-股票,5.52,0.25y,定期定额(周),-7.01,6.4,-1.479,23.1,-3.57,7.81,-3.28
005453,前海开源医疗健康A,混合型-灵活,4.89,0.25y,定期定额(周),-8.75,5.82,-1.426,30.8,-4.48,5.55,-3.29
005454,前海开源医疗健康C,混合型-灵活,4.44,0.25y,定期定额(周),-8.76,5.82,-1.429,30.8,-4.48,5.56,-3.3
018133,博时中证有色金属矿业主题指数C,指数型-股票,17.51,0.25y,定期定额(周),-10.93,8.9,-1.139,30.8,-5.63,5.34,-3.3
515060,房地产ETF华夏,指数型-股票,6.14,0.25y,定期定额(周),-5.58,5.23,-1.668,23.1,-2.83,7.16,-3.31
470888,汇添富香港优势精选混合(QDII)A,QDII-混合偏股,3.84,0.25y,定期定额(周),-14.95,5.05,-0.834,46.2,-7.78,-0.28,-3.32
016707,华夏有色金属ETF联接A,指数型-股票,16.23,0.25y,定期定额(周),-10.63,9.19,-1.201,30.8,-5.47,5.42,-3.33
159690,有色矿业ETF招商,指数型-股票,8.1,0.25y,定期定额(周),-11.19,9.26,-1.132,30.8,-5.76,5.79,-3.33
006529,中欧匠心两年持有期混合A,混合型-偏股,16.71,0.25y,定期定额(周),-5.27,3.06,-2.122,38.5,-2.67,3.08,-3.34
161217,国投瑞银中证资源指数(LOF)A,指数型-股票,4.7,0.25y,定期定额(周),-9.08,6.94,-1.334,30.8,-4.65,3.59,-3.34
020466,华泰柏瑞中证中央企业红利ETF发起式联接A,指数型-股票,2.11,0.25y,定期定额(周),-6.83,1.85,-0.975,23.1,-3.48,-0.96,-3.35
560360,软件ETF万家,指数型-股票,3.21,0.25y,定期定额(周),-7.48,6.61,-1.419,23.1,-3.81,7.27,-3.35
021461,国投瑞银中证资源指数(LOF)C,指数型-股票,2.9,0.25y,定期定额(周),-9.11,6.94,-1.339,30.8,-4.66,3.6,-3.36
011740,博时成长精选混合A,混合型-偏股,2.98,0.25y,定期定额(周),-5.9,4.54,-1.853,30.8,-2.99,5.03,-3.37
008163,南方标普红利低波50ETF联接A,指数型-股票,105.25,0.25y,定期定额(周),-4.95,2.14,-1.419,23.1,-2.51,0.57,-3.38
016708,华夏有色金属ETF联接C,指数型-股票,78.48,0.25y,定期定额(周),-10.71,9.19,-1.211,30.8,-5.51,5.45,-3.38
021534,华夏有色金属ETF联接D,指数型-股票,20.35,0.25y,定期定额(周),-10.7,9.19,-1.21,30.8,-5.5,5.45,-3.38
519002,华安安信消费混合A,混合型-偏股,20.13,0.25y,定期定额(周),-4.33,3.57,-1.704,23.1,-2.19,3.24,-3.38
000628,大成高鑫股票A,股票型,109.88,0.25y,定期定额(周),-3.83,2.47,-2.053,30.8,-1.93,3.15,-3.39
019164,汇添富有色金属ETF联接A,指数型-股票,4.04,0.25y,定期定额(周),-10.65,9.01,-1.219,30.8,-5.48,5.45,-3.39
159929,医药ETF汇添富,指数型-股票,23.93,0.25y,定期定额(周),-10.1,3.98,-1.708,46.2,-5.18,2.85,-3.41
005223,广发中证基建工程ETF联接A,指数型-股票,4.75,0.25y,定期定额(周),-7.92,4.76,-1.11,23.1,-4.04,1.48,-3.42
001837,前海开源沪港深蓝筹精选混合A,混合型-灵活,4.57,0.25y,定期定额(周),-7.3,6.38,-1.687,30.8,-3.72,4.86,-3.44
019085,工银价值精选混合A,混合型-偏股,94.99,0.25y,定期定额(周),-5.53,5.47,-1.72,23.1,-2.8,6.82,-3.45
019165,汇添富有色金属ETF联接C,指数型-股票,5.91,0.25y,定期定额(周),-10.75,9.02,-1.23,30.8,-5.53,5.49,-3.45
005224,广发中证基建工程ETF联接C,指数型-股票,6.17,0.25y,定期定额(周),-7.98,4.76,-1.122,23.1,-4.07,1.5,-3.47
013270,前海开源聚利一年持有混合A,混合型-偏股,2.93,0.25y,定期定额(周),-7.46,6.24,-1.668,30.8,-3.8,4.66,-3.47
019062,易方达软件ETF联接C,指数型-股票,4.69,0.25y,定期定额(周),-7.39,6.28,-1.471,23.1,-3.77,7.14,-3.48
159652,有色ETF汇添富,指数型-股票,44.12,0.25y,定期定额(周),-11.13,9.48,-1.2,30.8,-5.73,5.74,-3.48
010457,广发睿鑫混合A,混合型-偏股,2.0,0.25y,定期定额(周),-8.44,3.15,-1.63,38.5,-4.31,2.29,-3.49
018167,国泰有色矿业ETF联接A,指数型-股票,3.31,0.25y,定期定额(周),-11.15,8.98,-1.196,30.8,-5.74,5.63,-3.5
017528,嘉实北证50成份指数C,指数型-股票,3.14,0.25y,定期定额(周),-5.08,5.18,-1.965,23.1,-2.57,10.58,-3.52
001857,易方达现代服务业混合,混合型-灵活,4.15,0.25y,定期定额(周),-6.17,2.32,-1.986,38.5,-3.14,2.73,-3.53
018168,国泰有色矿业ETF联接C,指数型-股票,10.95,0.25y,定期定额(周),-11.19,8.98,-1.202,30.8,-5.76,5.64,-3.53
021536,天弘中证软件服务指数发起C,指数型-股票,4.16,0.25y,定期定额(周),-7.54,6.29,-1.467,23.1,-3.84,7.06,-3.53
516650,有色金属ETF华夏,指数型-股票,128.98,0.25y,定期定额(周),-11.24,9.51,-1.206,30.8,-5.79,5.76,-3.53
561330,矿业ETF国泰,指数型-股票,26.15,0.25y,定期定额(周),-11.56,9.3,-1.16,30.8,-5.96,5.86,-3.53
012344,嘉实领先优势混合A,混合型-偏股,15.26,0.25y,定期定额(周),-8.27,4.87,-1.845,38.5,-4.22,4.6,-3.54
516970,基建ETF广发,指数型-股票,18.42,0.25y,定期定额(周),-8.34,5.02,-1.106,23.1,-4.26,1.58,-3.55
010787,华安优势企业混合A,混合型-偏股,14.5,0.25y,定期定额(周),-4.76,4.39,-1.765,23.1,-2.41,4.26,-3.56
165520,中信保诚中证800有色指数(LOF)A,指数型-股票,20.69,0.25y,定期定额(周),-10.88,9.14,-1.271,30.8,-5.6,5.79,-3.56
515110,一带一路ETF易方达,指数型-股票,4.03,0.25y,定期定额(周),-8.99,4.77,-1.248,30.8,-4.6,0.01,-3.56
019086,工银价值精选混合C,混合型-偏股,13.05,0.25y,定期定额(周),-5.68,5.48,-1.748,23.1,-2.88,6.88,-3.57
000849,汇丰晋信双核策略混合A,混合型-灵活,7.08,0.25y,定期定额(周),-5.15,6.99,-1.882,23.1,-2.61,7.51,-3.59
100061,富国中国中小盘混合(QDII)人民币A,QDII-混合偏股,33.81,0.25y,定期定额(周),-7.95,4.85,-1.618,30.8,-4.06,4.76,-3.6
019670,广发港股创新药ETF联接(QDII)A,指数型-海外股票,10.4,0.25y,定期定额(周),-11.99,5.71,-1.315,38.5,-6.19,4.44,-3.61
013081,中信保诚中证800有色指数(LOF)C,指数型-股票,5.35,0.25y,定期定额(周),-10.97,9.14,-1.282,30.8,-5.64,5.83,-3.62
017630,富国周期精选三年持有期混合A,混合型-偏股,6.44,0.25y,定期定额(周),-9.26,5.0,-1.654,38.5,-4.74,2.72,-3.62
014466,工银行业优选混合A,混合型-偏股,2.25,0.25y,定期定额(周),-5.79,3.27,-1.56,23.1,-2.94,3.44,-3.63
022083,华安中证有色金属矿业主题ETF发起式联接A,指数型-股票,9.54,0.25y,定期定额(周),-11.41,8.85,-1.205,30.8,-5.88,5.58,-3.63
021881,鑫元华证沪深港红利50指数A,指数型-股票,4.92,0.25y,定期定额(周),-6.52,2.21,-1.553,30.8,-3.31,0.38,-3.64
310328,申万菱信新动力混合A,混合型-偏股,4.21,0.25y,定期定额(周),-5.49,6.3,-1.432,15.4,-2.78,4.89,-3.65
019671,广发港股创新药ETF联接(QDII)C,指数型-海外股票,25.01,0.25y,定期定额(周),-12.06,5.71,-1.324,38.5,-6.22,4.47,-3.66
022084,华安中证有色金属矿业主题ETF发起式联接C,指数型-股票,14.21,0.25y,定期定额(周),-11.47,8.85,-1.211,30.8,-5.91,5.6,-3.66
019937,华安恒生互联网科技业ETF发起式联接(QDII)C,指数型-海外股票,2.34,0.25y,价值平均法,-8.06,9.68,-1.963,33.3,-4.12,8.89,-3.68
257010,国联安小盘精选混合,混合型-灵活,9.09,0.25y,定期定额(周),-5.31,4.23,-1.693,23.1,-2.69,3.48,-3.68
562930,软件ETF易方达,指数型-股票,8.25,0.25y,定期定额(周),-8.01,6.63,-1.476,23.1,-4.09,7.43,-3.68
000850,汇丰晋信双核策略混合C,混合型-灵活,17.55,0.25y,定期定额(周),-5.27,6.99,-1.904,23.1,-2.67,7.55,-3.69
001375,金元顺安优质精选混合C,混合型-灵活,2.14,0.25y,定期定额(周),-6.3,3.63,-1.474,23.1,-3.2,2.32,-3.69
003822,中信建投轮换混合A,混合型-偏股,7.13,0.25y,定期定额(周),-5.19,4.29,-1.751,23.1,-2.63,4.34,-3.69
010717,前海开源优质企业6个月持有混合A,混合型-偏股,21.56,0.25y,定期定额(周),-7.77,6.25,-1.719,30.8,-3.96,4.72,-3.71
021962,景顺长城中证国新港股通央企红利ETF联接C,指数型-股票,3.24,0.25y,定期定额(周),-5.35,2.09,-1.501,23.1,-2.71,1.15,-3.71
021882,鑫元华证沪深港红利50指数C,指数型-股票,2.6,0.25y,定期定额(周),-6.59,2.21,-1.581,30.8,-3.35,0.42,-3.73
515080,中证红利ETF招商,指数型-股票,88.68,0.25y,定期定额(周),-7.4,3.25,-1.52,30.8,-3.77,0.35,-3.73
021961,景顺长城中证国新港股通央企红利ETF联接A,指数型-股票,4.2,0.25y,定期定额(周),-5.37,2.08,-1.508,23.1,-2.72,1.16,-3.74
164402,前海开源中航军工指数A,指数型-股票,6.89,0.25y,定期定额(周),-7.78,6.96,-1.547,23.1,-3.97,7.37,-3.77
003823,中信建投轮换混合C,混合型-偏股,6.23,0.25y,定期定额(周),-5.28,4.3,-1.773,23.1,-2.68,4.39,-3.78
161715,招商大宗商品(LOF),指数型-股票,6.92,0.25y,定期定额(周),-10.41,7.27,-1.253,30.8,-5.35,1.62,-3.82
001579,国泰大农业股票A,股票型,4.62,0.25y,定期定额(周),-10.19,4.66,-1.501,38.5,-5.23,0.63,-3.84
014521,诺安利鑫灵活配置混合C,混合型-灵活,6.75,0.25y,定期定额(周),-5.72,5.8,-1.395,15.4,-2.9,3.11,-3.84
159688,恒生互联网ETF华安,指数型-海外股票,13.48,0.25y,价值平均法,-8.66,10.26,-1.962,33.3,-4.43,9.38,-3.84
010718,前海开源优质企业6个月持有混合C,混合型-偏股,2.82,0.25y,定期定额(周),-7.93,6.26,-1.754,30.8,-4.05,4.81,-3.85
257060,国联安上证商品ETF联接A,指数型-股票,2.18,0.25y,定期定额(周),-8.72,6.16,-1.217,23.1,-4.46,2.13,-3.85
320005,诺安价值增长混合A,混合型-偏股,16.78,0.25y,定期定额(周),-7.53,4.98,-1.009,15.4,-3.84,0.64,-3.86
021760,中欧中证港股通创新药指数发起C,指数型-股票,7.49,0.25y,定期定额(周),-12.29,5.81,-1.393,38.5,-6.35,4.92,-3.87
001874,前海开源沪港深价值精选混合,混合型-灵活,3.7,0.25y,定期定额(周),-7.76,6.52,-1.811,30.8,-3.96,5.19,-3.88
004263,华安沪港深机会灵活配置混合,混合型-灵活,12.18,0.25y,定期定额(周),-10.76,4.85,-1.548,38.5,-5.53,3.54,-3.88
012589,南方港股通优势企业混合C,混合型-偏股,6.42,0.25y,定期定额(周),-3.99,4.75,-1.832,15.4,-2.02,7.12,-3.89
013895,宝盈成长精选混合A,混合型-偏股,3.52,0.25y,定期定额(周),-7.96,5.09,-1.71,30.8,-4.06,4.05,-3.89
009564,汇安消费龙头混合A,混合型-偏股,2.5,0.25y,定期定额(周),-6.93,5.03,-1.951,30.8,-3.53,5.73,-3.93
159307,红利低波100ETF博时,指数型-股票,48.37,0.25y,定期定额(周),-5.35,1.81,-1.554,23.1,-2.71,1.09,-3.93
510170,大宗商品ETF国联安,指数型-股票,6.25,0.25y,定期定额(周),-9.07,6.45,-1.206,23.1,-4.65,2.31,-3.93
000471,富国城镇发展股票,股票型,4.61,0.25y,定期定额(周),-7.53,4.41,-2.138,38.5,-3.84,5.26,-3.95
513780,港股创新药ETF景顺,指数型-股票,27.52,0.25y,定期定额(周),-12.73,6.07,-1.372,38.5,-6.58,5.1,-3.95
513120,港股创新药ETF广发,指数型-海外股票,248.48,0.25y,定期定额(周),-12.9,5.99,-1.341,38.5,-6.67,4.82,-3.97
013896,宝盈成长精选混合C,混合型-偏股,3.48,0.25y,定期定额(周),-8.07,5.09,-1.734,30.8,-4.12,4.1,-3.99
008704,广发高股息优享混合A,混合型-偏股,2.67,0.25y,定期定额(周),-7.72,3.41,-1.652,30.8,-3.94,2.05,-4.0
520700,港股通创新药ETF万家,指数型-股票,8.42,0.25y,定期定额(周),-12.84,6.09,-1.377,38.5,-6.64,5.13,-4.0
021551,博时中证红利低波动100ETF联接C,指数型-股票,2.33,0.25y,定期定额(周),-5.14,1.71,-1.609,23.1,-2.6,1.06,-4.01
159588,石油ETF景顺,指数型-股票,14.45,0.25y,定期定额(周),-11.97,6.77,-0.253,15.4,-6.17,-3.81,-4.02
460002,华泰柏瑞积极成长混合,混合型-灵活,4.94,0.25y,定期定额(周),-6.38,4.95,-2.104,30.8,-3.24,6.54,-4.02
021550,博时中证红利低波动100ETF联接A,指数型-股票,15.29,0.25y,定期定额(周),-5.13,1.71,-1.622,23.1,-2.6,1.12,-4.03
012709,东方红中证红利低波动指数C,指数型-股票,32.63,0.25y,定期定额(周),-4.98,1.55,-1.311,15.4,-2.52,0.73,-4.05
561580,央企红利ETF华泰柏瑞,指数型-股票,15.35,0.25y,定期定额(周),-7.41,2.06,-1.219,23.1,-3.77,-0.12,-4.06
008860,民生加银龙头优选股票A,股票型,2.69,0.25y,定期定额(周),-4.11,2.99,-1.974,23.1,-2.08,2.66,-4.07
501029,华宝标普中国A股红利机会ETF联接A(LOF),指数型-股票,17.57,0.25y,定期定额(周),-7.33,2.63,-2.008,38.5,-3.74,2.23,-4.07
001875,前海开源沪港深优势精选混合A,混合型-灵活,33.78,0.25y,定期定额(周),-8.15,6.38,-1.826,30.8,-4.16,5.08,-4.08
002657,招商安裕灵活配置混合A,混合型-灵活,2.01,0.25y,定期定额(周),-3.78,2.35,-2.295,30.8,-1.91,2.07,-4.1
013171,华夏恒生互联网科技业ETF联接(QDII)A,指数型-海外股票,14.06,0.25y,价值平均法,-8.82,9.84,-2.031,33.3,-4.51,9.09,-4.1
012620,嘉实中证软件服务ETF联接C,指数型-股票,21.9,0.25y,定期定额(周),-8.47,6.34,-1.582,23.1,-4.33,7.27,-4.15
013172,华夏恒生互联网科技业ETF联接(QDII)C,指数型-海外股票,24.38,0.25y,价值平均法,-8.91,9.84,-2.044,33.3,-4.56,9.1,-4.17
550001,中信保诚四季红混合A,混合型-灵活,4.49,0.25y,定期定额(周),-7.04,2.85,-1.744,30.8,-3.58,0.68,-4.17
005125,华宝标普中国A股红利机会ETF联接C,指数型-股票,7.21,0.25y,定期定额(周),-7.42,2.67,-2.042,38.5,-3.78,2.29,-4.18
159697,石油ETF鹏华,指数型-股票,31.24,0.25y,定期定额(周),-12.27,6.86,-0.277,15.4,-6.34,-3.76,-4.18
460001,华泰柏瑞盛世中国混合,混合型-偏股,8.27,0.25y,定期定额(周),-6.56,4.84,-2.147,30.8,-3.34,6.5,-4.2
040007,华安中小盘成长混合,混合型-偏股,17.25,0.25y,定期定额(周),-7.02,5.83,-2.034,30.8,-3.57,4.88,-4.21
513090,香港证券ETF易方达,指数型-股票,216.22,0.25y,定期定额(周),-5.22,4.01,-2.178,23.1,-2.65,9.78,-4.24
001111,中欧瑾泉灵活配置混合C,混合型-灵活,2.17,0.25y,定期定额(周),-9.43,3.1,-2.002,46.2,-4.83,0.4,-4.25
010381,浙商智选价值混合A,混合型-偏股,3.15,0.25y,定期定额(周),-7.08,3.15,-2.232,38.5,-3.61,3.93,-4.26
018242,万家颐德一年持有期混合A,混合型-偏股,2.48,0.25y,定期定额(周),-5.46,3.32,-1.563,15.4,-2.77,3.52,-4.26
013095,安信远见成长混合A,混合型-偏股,22.14,0.25y,定期定额(周),-6.14,2.22,-1.933,30.8,-3.12,1.86,-4.27
019994,创金合信北证50成份指数增强C,指数型-股票,3.64,0.25y,定期定额(周),-6.24,5.1,-2.062,23.1,-3.17,10.04,-4.27
159607,中概互联网ETF嘉实,指数型-海外股票,10.6,0.25y,价值平均法,-9.35,8.67,-1.941,33.3,-4.79,7.44,-4.27
011066,大成高鑫股票C,股票型,41.67,0.25y,定期定额(周),-3.93,2.47,-2.088,23.1,-1.98,3.19,-4.28
519001,银华价值优选混合,混合型-偏股,14.56,0.25y,定期定额(周),-4.23,3.9,-2.192,23.1,-2.14,5.5,-4.32
164824,工银印度基金人民币,QDII-混合偏股,22.09,0.25y,定期定额(周),-5.12,3.6,-2.444,30.8,-2.59,7.43,-4.36
159590,软件ETF汇添富,指数型-股票,4.96,0.25y,定期定额(周),-7.53,6.43,-1.536,15.4,-3.84,7.89,-4.38
006921,南方智诚混合,混合型-偏股,3.14,0.25y,定期定额(周),-5.96,1.83,-1.948,30.8,-3.03,1.15,-4.41
012637,国泰中证全指软件ETF联接C,指数型-股票,2.72,0.25y,定期定额(周),-7.33,6.1,-1.562,15.4,-3.73,7.58,-4.41
513220,中概互联ETF招商,指数型-海外股票,6.93,0.25y,价值平均法,-9.44,8.56,-1.982,33.3,-4.84,7.38,-4.41
013096,安信远见成长混合C,混合型-偏股,3.68,0.25y,定期定额(周),-6.26,2.22,-1.974,30.8,-3.18,1.92,-4.42
021619,天弘石油天然气指数A,指数型-股票,2.44,0.25y,定期定额(周),-11.94,4.77,-0.756,23.1,-6.16,-1.73,-4.43
005228,汇添富港股通专注成长,混合型-偏股,2.37,0.25y,定期定额(周),-6.01,5.82,-2.144,23.1,-3.05,9.18,-4.44
021620,天弘石油天然气指数C,指数型-股票,7.0,0.25y,定期定额(周),-11.98,4.77,-0.764,23.1,-6.18,-1.71,-4.47
011132,鹏扬沪深300质量成长低波动A,指数型-股票,2.55,0.25y,定期定额(周),-8.43,4.04,-1.834,30.8,-4.31,3.84,-4.49
515230,软件ETF国泰,指数型-股票,44.62,0.25y,定期定额(周),-7.79,6.48,-1.554,15.4,-3.97,7.92,-4.52
159378,通用航空ETF永赢,指数型-股票,6.97,0.25y,定期定额(周),-12.86,7.18,-1.642,38.5,-6.65,5.71,-4.54
159898,医疗器械ETF招商,指数型-股票,5.47,0.25y,定期定额(周),-5.79,4.23,-1.372,7.7,-2.94,4.13,-4.55
562600,医疗器械ETF华夏,指数型-股票,4.84,0.25y,定期定额(周),-5.8,4.24,-1.371,7.7,-2.94,4.11,-4.55
006567,中泰星元灵活配置混合A,混合型-灵活,41.12,0.25y,定期定额(周),-6.62,2.71,-1.983,30.8,-3.36,1.19,-4.56
021822,景顺长城国证石油天然气ETF发起式联接基金A,指数型-股票,3.5,0.25y,定期定额(周),-11.75,4.83,-0.479,15.4,-6.06,-3.05,-4.56
159605,中概互联ETF广发,指数型-海外股票,41.7,0.25y,价值平均法,-9.83,8.67,-1.991,33.3,-5.04,7.5,-4.56
513750,港股通非银ETF广发,指数型-股票,283.04,0.25y,定期定额(周),-4.97,3.33,-1.974,15.4,-2.52,8.73,-4.56
011133,鹏扬沪深300质量成长低波动C,指数型-股票,2.03,0.25y,定期定额(周),-8.52,4.05,-1.854,30.8,-4.36,3.88,-4.57
540008,汇丰晋信低碳先锋股票A,股票型,28.28,0.25y,价值平均法,-11.5,12.01,-1.664,33.3,-5.92,4.77,-4.57
021823,景顺长城国证石油天然气ETF发起式联接基金C,指数型-股票,5.54,0.25y,定期定额(周),-11.8,4.83,-0.487,15.4,-6.09,-3.04,-4.6
021030,汇添富国证港股通创新药ETF发起式联接A,指数型-股票,11.18,0.25y,定期定额(周),-14.66,5.8,-1.25,38.5,-7.62,3.04,-4.61
022327,宏利高端装备股票A,股票型,8.32,0.25y,定期定额(周),-11.68,6.97,-1.37,30.8,-6.02,1.49,-4.62
021031,汇添富国证港股通创新药ETF发起式联接C,指数型-股票,34.32,0.25y,定期定额(周),-14.7,5.81,-1.256,38.5,-7.64,3.06,-4.64
021251,华夏中证全指医疗器械ETF发起式联接C,指数型-股票,2.18,0.25y,定期定额(周),-5.76,4.06,-1.41,7.7,-2.92,4.02,-4.65
013511,汇丰晋信低碳先锋股票C,股票型,3.34,0.25y,价值平均法,-11.62,12.04,-1.683,33.3,-5.99,4.81,-4.66
520580,新兴亚洲ETF招商,指数型-海外股票,2.53,0.25y,定期定额(周),-4.64,5.74,-2.038,15.4,-2.35,6.6,-4.68
012940,中泰星元灵活配置混合C,混合型-灵活,8.37,0.25y,定期定额(周),-6.71,2.71,-2.02,30.8,-3.41,1.23,-4.69
022328,宏利高端装备股票C,股票型,10.51,0.25y,定期定额(周),-11.77,6.97,-1.388,30.8,-6.07,1.53,-4.69
004643,南方中证房地产ETF发起联接C,指数型-股票,4.98,0.25y,定期定额(周),-6.26,5.08,-1.805,15.4,-3.18,7.02,-4.71
007605,嘉实沪深300红利低波动ETF联接A,指数型-股票,15.13,0.25y,定期定额(周),-8.13,2.13,-1.656,30.8,-4.15,-0.49,-4.72
162202,宏利周期混合,混合型-偏股,3.83,0.25y,定期定额(周),-12.95,5.23,-1.426,38.5,-6.7,0.23,-4.72
007606,嘉实沪深300红利低波动ETF联接C,指数型-股票,8.57,0.25y,定期定额(周),-8.06,1.99,-1.652,30.8,-4.12,-0.5,-4.73
512200,房地产ETF南方,指数型-股票,59.12,0.25y,定期定额(周),-6.51,5.3,-1.791,15.4,-3.31,7.36,-4.73
020500,广发中证港股通非银ETF发起式联接A,指数型-股票,4.17,0.25y,定期定额(周),-4.99,3.22,-2.028,15.4,-2.53,8.43,-4.74
020406,国泰中证油气产业ETF发起联接C,指数型-股票,6.72,0.25y,定期定额(周),-12.01,5.02,-0.923,23.1,-6.2,-0.98,-4.78
001643,汇丰晋信智造先锋股票A,股票型,7.74,0.25y,价值平均法,-11.8,12.56,-1.74,33.3,-6.08,5.36,-4.8
020501,广发中证港股通非银ETF发起式联接C,指数型-股票,16.54,0.25y,定期定额(周),-5.07,3.22,-2.04,15.4,-2.57,8.46,-4.8
012930,中庚价值先锋股票,股票型,21.29,0.25y,定期定额(周),-9.13,5.77,-1.992,30.8,-4.67,5.57,-4.85
017937,易方达中证医疗ETF联接发起式A,指数型-股票,3.79,0.25y,定期定额(周),-6.8,3.87,-1.649,15.4,-3.46,4.61,-4.85
501060,中金中证优选300指数(LOF)A,指数型-股票,8.88,0.25y,定期定额(周),-6.41,2.67,-2.193,30.8,-3.26,2.81,-4.85
240022,华宝资源优选混合A,混合型-偏股,21.41,0.25y,定期定额(周),-14.51,9.3,-1.493,38.5,-7.54,4.13,-4.86
001644,汇丰晋信智造先锋股票C,股票型,7.83,0.25y,价值平均法,-11.91,12.59,-1.757,33.3,-6.14,5.4,-4.88
012765,广发大盘价值混合A,混合型-偏股,2.84,0.25y,定期定额(周),-5.19,4.38,-2.251,23.1,-2.63,4.87,-4.88
017938,易方达中证医疗ETF联接发起式C,指数型-股票,2.62,0.25y,定期定额(周),-6.85,3.87,-1.663,15.4,-3.48,4.65,-4.9
004702,南方金融主题灵活配置混合A,混合型-灵活,2.12,0.25y,定期定额(周),-9.33,4.93,-1.932,30.8,-4.78,4.85,-4.91
011068,华宝资源优选混合C,混合型-偏股,12.85,0.25y,定期定额(周),-14.58,9.29,-1.506,38.5,-7.58,4.18,-4.91
501061,中金中证优选300指数(LOF)C,指数型-股票,2.93,0.25y,定期定额(周),-6.46,2.67,-2.211,30.8,-3.28,2.83,-4.91
519694,交银蓝筹混合,混合型-偏股,10.36,0.25y,定期定额(周),-5.49,4.18,-2.033,15.4,-2.78,8.16,-4.91
022980,天弘中证红利低波动100联接Y,指数型-股票,2.51,0.25y,定期定额(周),-6.51,2.18,-1.776,23.1,-3.31,0.74,-4.93
159570,港股通创新药ETF汇添富,指数型-股票,242.13,0.25y,定期定额(周),-15.63,6.17,-1.258,38.5,-8.15,3.32,-4.94
008114,天弘中证红利低波动100联接A,指数型-股票,21.88,0.25y,定期定额(周),-6.52,2.18,-1.781,23.1,-3.32,0.75,-4.95
000778,鹏华先进制造股票,股票型,3.47,0.25y,定期定额(周),-4.31,2.96,-2.1,15.4,-2.18,5.26,-4.98
022690,华安医药生物股票发起式A,股票型,8.15,0.25y,定期定额(周),-13.69,5.8,-1.288,30.8,-7.1,4.28,-4.98
159567,港股创新药ETF银华,指数型-股票,76.01,0.25y,定期定额(周),-15.69,6.19,-1.266,38.5,-8.18,3.34,-4.98
010387,易方达医药生物股票A,股票型,19.96,0.25y,定期定额(周),-15.94,6.16,-1.17,38.5,-8.32,1.8,-4.99
001878,嘉实沪港深精选股票,股票型,23.55,0.25y,定期定额(周),-10.96,5.45,-2.042,38.5,-5.64,4.98,-5.0
159847,医疗ETF易方达,指数型-股票,14.2,0.25y,定期定额(周),-7.24,4.08,-1.655,15.4,-3.69,4.9,-5.0
159873,医疗设备ETF天弘,指数型-股票,2.76,0.25y,定期定额(周),-6.46,4.25,-1.456,7.7,-3.28,4.23,-5.01
270005,广发聚丰混合A,混合型-偏股,41.52,0.25y,定期定额(周),-7.49,6.77,-1.717,15.4,-3.82,5.86,-5.01
510810,上海国企ETF汇添富,指数型-股票,51.36,0.25y,定期定额(周),-4.3,3.3,-1.816,7.7,-2.17,5.26,-5.01
000477,广发主题领先混合A,混合型-灵活,6.66,0.25y,定期定额(周),-5.43,1.8,-1.959,23.1,-2.75,0.73,-5.02
008115,天弘中证红利低波动100联接C,指数型-股票,33.31,0.25y,定期定额(周),-6.59,2.19,-1.805,23.1,-3.35,0.78,-5.03
017477,安信睿见优选混合A,混合型-偏股,49.35,0.25y,定期定额(周),-9.02,4.35,-1.98,30.8,-4.62,4.11,-5.03
022691,华安医药生物股票发起式C,股票型,2.53,0.25y,定期定额(周),-13.79,5.8,-1.301,30.8,-7.15,4.32,-5.04
010025,广发聚丰混合C,混合型-偏股,3.74,0.25y,定期定额(周),-7.59,6.77,-1.737,15.4,-3.87,5.91,-5.09
010204,中银港股通优势成长股票,股票型,2.08,0.25y,定期定额(周),-3.53,5.07,-2.361,15.4,-1.78,6.38,-5.1
021856,博时中证油气资源ETF发起式联接C,指数型-股票,2.68,0.25y,定期定额(周),-12.37,6.02,-0.695,15.4,-6.39,-1.89,-5.13
021902,广发主题领先混合C,混合型-灵活,2.43,0.25y,定期定额(周),-5.5,1.81,-1.992,23.1,-2.79,0.76,-5.13
159828,医疗ETF国泰,指数型-股票,22.94,0.25y,定期定额(周),-7.41,4.06,-1.687,15.4,-3.77,4.98,-5.14
011503,建信智能生活混合,混合型-偏股,3.26,0.25y,定期定额(周),-3.19,4.75,-2.525,15.4,-1.61,8.68,-5.16
010815,农银新兴消费股票,股票型,11.65,0.25y,定期定额(周),-6.95,4.1,-2.347,30.8,-3.54,3.91,-5.17
012578,富国红利混合A,混合型-偏股,3.68,0.25y,定期定额(周),-8.24,2.91,-2.019,30.8,-4.21,2.4,-5.18
502056,广发中证医疗ETF联接(LOF)A,指数型-股票,7.27,0.25y,定期定额(周),-7.19,3.88,-1.723,15.4,-3.66,4.76,-5.18
015860,宝盈国证证券龙头指数发起C,指数型-股票,2.55,0.25y,定期定额(周),-5.44,4.45,-2.113,15.4,-2.76,7.02,-5.19
560260,医疗ETF广发,指数型-股票,15.36,0.25y,定期定额(周),-7.5,4.09,-1.701,15.4,-3.82,5.0,-5.2
007109,南方沪港深核心优势混合A,混合型-偏股,2.35,0.25y,定期定额(周),-4.78,3.08,-2.399,23.1,-2.42,4.52,-5.22
009881,广发中证医疗ETF联接C,指数型-股票,8.22,0.25y,定期定额(周),-7.23,3.88,-1.732,15.4,-3.68,4.78,-5.22
016340,银河价值成长混合A,混合型-偏股,2.09,0.25y,定期定额(周),-10.0,7.86,-1.399,15.4,-5.13,4.93,-5.22
010846,南方卓越优选3个月持有期混合A,混合型-偏股,14.71,0.25y,定期定额(周),-6.9,1.93,-2.121,30.8,-3.51,1.11,-5.24
520500,恒生创新药ETF华泰柏瑞,指数型-海外股票,21.4,0.25y,定期定额(周),-16.87,7.0,-1.207,38.5,-8.82,3.09,-5.24
159797,医疗器械ETF汇添富,指数型-股票,3.05,0.25y,定期定额(周),-6.78,4.22,-1.506,7.7,-3.45,4.25,-5.26
202005,南方成份精选混合A,混合型-偏股,15.21,0.25y,定期定额(周),-7.42,1.51,-1.918,30.8,-3.78,0.24,-5.27
011911,华夏消费优选混合A,混合型-偏股,3.04,0.25y,定期定额(周),-7.47,3.65,-1.99,23.1,-3.81,3.92,-5.3
012643,招商中证红利ETF联接A,指数型-股票,4.48,0.25y,定期定额(周),-7.46,2.45,-1.788,23.1,-3.8,0.7,-5.31
003501,宏利睿智稳健混合A,混合型-灵活,5.27,0.25y,定期定额(周),-7.9,3.94,-1.628,15.4,-4.03,3.76,-5.32
010161,广发瑞安精选股票A,股票型,3.38,0.25y,定期定额(周),-7.18,3.99,-2.43,30.8,-3.66,5.48,-5.32
012579,富国红利混合C,混合型-偏股,2.77,0.25y,定期定额(周),-8.38,2.91,-2.06,30.8,-4.28,2.47,-5.33
021711,南方周期优选混合发起A,混合型-偏股,2.07,0.25y,定期定额(周),-11.67,6.15,-1.768,30.8,-6.02,4.74,-5.33
159883,医疗器械ETF永赢,指数型-股票,55.46,0.25y,定期定额(周),-6.9,4.24,-1.519,7.7,-3.51,4.3,-5.34
013415,永赢中证全指医疗器械ETF发起联接A,指数型-股票,2.78,0.25y,定期定额(周),-6.74,4.11,-1.55,7.7,-3.43,4.16,-5.38
100029,富国天成红利混合,混合型-灵活,5.92,0.25y,定期定额(周),-6.82,1.84,-2.151,30.8,-3.47,0.44,-5.38
016128,景顺长城中证红利低波动100ETF发起联接A,指数型-股票,3.47,0.25y,定期定额(周),-5.6,1.7,-1.768,15.4,-2.84,0.99,-5.4
020829,东财北证50指数发起式C,指数型-股票,4.49,0.25y,价值平均法,-4.65,14.99,-1.908,0.0,-2.35,10.53,-5.41
013416,永赢中证全指医疗器械ETF发起联接C,指数型-股票,7.58,0.25y,定期定额(周),-6.78,4.1,-1.561,7.7,-3.45,4.19,-5.42
016129,景顺长城中证红利低波动100ETF发起联接C,指数型-股票,2.58,0.25y,定期定额(周),-5.62,1.7,-1.776,15.4,-2.85,1.0,-5.43
010847,南方卓越优选3个月持有期混合C,混合型-偏股,2.13,0.25y,定期定额(周),-7.05,1.93,-2.176,30.8,-3.59,1.18,-5.44
519686,交银上证180公司治理联接,指数型-股票,2.45,0.25y,定期定额(周),-5.64,2.31,-2.222,23.1,-2.86,2.64,-5.44
001645,国泰大健康股票A,股票型,2.57,0.25y,定期定额(周),-8.56,5.17,-1.978,23.1,-4.37,4.7,-5.49
162412,华宝医疗ETF联接A,指数型-股票,43.04,0.25y,定期定额(周),-7.55,3.84,-1.802,15.4,-3.85,4.81,-5.52
512170,医疗ETF华宝,指数型-股票,279.96,0.25y,定期定额(周),-7.88,4.07,-1.768,15.4,-4.02,5.05,-5.52
519095,新华行业周期轮换混合A,混合型-偏股,2.42,0.25y,定期定额(周),-10.24,8.11,-1.484,15.4,-5.26,4.86,-5.52
014068,工银瑞信悦享混合A,混合型-偏股,2.8,0.25y,定期定额(周),-10.87,8.43,-1.447,15.4,-5.59,6.12,-5.53
510010,180治理ETF交银,指数型-股票,2.43,0.25y,定期定额(周),-6.0,2.49,-2.215,23.1,-3.05,2.82,-5.53
660012,农银消费主题混合A,混合型-偏股,3.62,0.25y,定期定额(周),-4.5,3.1,-2.261,15.4,-2.28,4.48,-5.53
011078,诺德品质消费6个月持有混合,混合型-偏股,2.33,0.25y,定期定额(周),-8.46,2.75,-2.144,30.8,-4.32,3.2,-5.54
016283,华泰柏瑞积极优选股票C,股票型,4.25,0.25y,定期定额(周),-5.68,2.61,-1.958,15.4,-2.88,2.4,-5.54
070010,嘉实主题混合,混合型-灵活,18.23,0.25y,定期定额(周),-8.28,5.07,-2.015,23.1,-4.23,4.11,-5.54
011425,广发优势成长股票A,股票型,25.04,0.25y,定期定额(周),-9.29,6.97,-1.96,23.1,-4.76,5.6,-5.55
012323,华宝医疗ETF联接C,指数型-股票,26.21,0.25y,定期定额(周),-7.59,3.84,-1.807,15.4,-3.87,4.82,-5.55
021979,兴全红利量化选股股票A,股票型,2.34,0.25y,定期定额(周),-6.88,1.47,-1.845,23.1,-3.5,0.84,-5.56
040020,华安升级主题混合A,混合型-偏股,2.3,0.25y,定期定额(周),-9.03,3.41,-2.112,30.8,-4.62,3.29,-5.56
007303,京管泰富优势混合A,混合型-偏股,2.42,0.25y,定期定额(周),-9.12,4.43,-2.187,30.8,-4.67,4.17,-5.57
050024,博时上证自然资源ETF联接A,指数型-股票,5.57,0.25y,定期定额(周),-10.65,5.6,-1.634,23.1,-5.48,3.13,-5.57
160613,鹏华盛世创新混合(LOF)A,混合型-偏股,10.6,0.25y,定期定额(周),-6.46,2.57,-2.124,23.1,-3.28,1.95,-5.57
011426,广发优势成长股票C,股票型,19.47,0.25y,定期定额(周),-9.36,6.97,-1.979,23.1,-4.79,5.65,-5.62
019827,鹏华国证石油天然气ETF联接A,指数型-股票,3.84,0.25y,定期定额(周),-12.58,5.03,-0.852,15.4,-6.5,-1.3,-5.62
513910,港股通央企红利ETF华夏,指数型-股票,47.02,0.25y,定期定额(周),-4.73,1.91,-2.128,15.4,-2.39,3.06,-5.63
019828,鹏华国证石油天然气ETF联接C,指数型-股票,17.12,0.25y,定期定额(周),-12.63,5.03,-0.859,15.4,-6.53,-1.28,-5.66
159993,证券ETF鹏华,指数型-股票,37.65,0.25y,定期定额(周),-6.25,4.7,-2.194,15.4,-3.18,7.42,-5.66
510410,资源ETF博时,指数型-股票,9.82,0.25y,定期定额(周),-11.14,5.81,-1.614,23.1,-5.73,3.31,-5.68
000370,广发全球医疗保健美元现汇(QDII)A,指数型-海外股票,13.07,0.25y,定期定额(周),-1.27,3.78,-2.324,0.0,-0.64,6.16,-5.71
000326,南方中小盘成长股票A,股票型,2.19,0.25y,定期定额(周),-8.02,3.17,-1.969,23.1,-4.1,2.09,-5.72
260117,景顺长城支柱产业混合A,混合型-偏股,5.74,0.25y,定期定额(周),-9.21,5.14,-1.955,23.1,-4.72,4.31,-5.73
012260,广发睿明优质企业混合A,混合型-偏股,4.64,0.25y,定期定额(周),-9.21,3.05,-2.159,30.8,-4.72,3.83,-5.76
020254,鹏华盛世创新混合(LOF)C,混合型-偏股,4.72,0.25y,定期定额(周),-6.6,2.57,-2.178,23.1,-3.36,2.02,-5.76
021142,华夏港股通央企红利ETF联接A,指数型-股票,7.68,0.25y,定期定额(周),-4.61,1.81,-2.195,15.4,-2.33,2.98,-5.77
021512,景顺长城支柱产业混合C,混合型-偏股,6.45,0.25y,定期定额(周),-9.28,5.15,-1.964,23.1,-4.75,4.34,-5.77
011046,富国优质企业混合A,混合型-偏股,3.93,0.25y,定期定额(周),-9.49,6.07,-1.764,15.4,-4.86,6.82,-5.82
021143,华夏港股通央企红利ETF联接C,指数型-股票,6.99,0.25y,定期定额(周),-4.68,1.82,-2.224,15.4,-2.37,3.01,-5.87
020485,中欧中证全指软件开发指数发起C,指数型-股票,3.53,0.25y,定期定额(周),-8.35,5.7,-1.706,7.7,-4.27,8.31,-5.88
000880,富国研究精选灵活配置混合A,混合型-灵活,4.64,0.25y,定期定额(周),-9.1,5.77,-2.159,23.1,-4.66,6.98,-5.89
001927,华夏消费升级灵活配置混合A,混合型-灵活,3.5,0.25y,定期定额(周),-6.52,2.37,-2.294,23.1,-3.31,3.64,-5.89
011853,招商中证消费龙头指数增强A,指数型-股票,4.03,0.25y,定期定额(周),-5.91,2.75,-2.451,23.1,-3.0,4.25,-5.89
009950,财通资管均衡价值一年持有期混合,混合型-偏股,10.16,0.25y,定期定额(周),-8.41,3.72,-2.144,23.1,-4.3,5.45,-5.9
019636,富国研究精选灵活配置混合D,混合型-灵活,26.67,0.25y,定期定额(周),-9.14,5.75,-2.154,23.1,-4.68,6.97,-5.9
009381,汇安核心资产混合A,混合型-偏股,2.2,0.25y,定期定额(周),-7.6,3.35,-1.841,15.4,-3.87,2.63,-5.91
003956,南方产业智选股票A,股票型,11.45,0.25y,定期定额(周),-8.83,2.76,-2.17,30.8,-4.52,1.54,-5.92
001344,易方达医药ETF联接A,指数型-股票,5.08,0.25y,定期定额(周),-11.0,3.94,-1.996,30.8,-5.66,3.64,-5.95
007883,易方达医药ETF联接C,指数型-股票,7.87,0.25y,定期定额(周),-11.03,3.93,-1.998,30.8,-5.67,3.64,-5.97
021513,富国港股通红利精选混合A,混合型-偏股,8.69,0.25y,定期定额(周),-5.76,3.53,-2.548,23.1,-2.92,4.33,-5.97
009774,财通资管优选回报一年持有期混合,混合型-偏股,4.28,0.25y,定期定额(周),-8.29,3.69,-2.207,23.1,-4.23,5.79,-5.98
011275,交银成长动力一年持有混合A,混合型-偏股,9.87,0.25y,定期定额(周),-6.22,4.33,-2.354,15.4,-3.16,8.19,-5.99
011854,招商中证消费龙头指数增强C,指数型-股票,9.68,0.25y,定期定额(周),-6.0,2.74,-2.478,23.1,-3.04,4.29,-5.99
011855,银华长荣混合A,混合型-偏股,2.4,0.25y,定期定额(周),-6.31,2.01,-2.277,23.1,-3.2,2.31,-5.99
450009,国富中小盘股票A,股票型,20.54,0.25y,定期定额(周),-6.98,3.78,-2.399,23.1,-3.56,4.88,-6.01
016313,富国研究精选灵活配置混合C,混合型-灵活,14.75,0.25y,定期定额(周),-9.27,5.76,-2.187,23.1,-4.75,7.05,-6.02
540006,汇丰晋信大盘股票A,股票型,22.7,0.25y,定期定额(周),-8.09,3.45,-2.154,23.1,-4.13,3.59,-6.02
000251,工银金融地产混合A,混合型-偏股,10.77,0.25y,定期定额(周),-8.04,3.29,-2.452,30.8,-4.11,3.08,-6.05
012370,银华鑫利一年持有期混合,混合型-偏股,3.04,0.25y,定期定额(周),-6.37,2.03,-2.292,23.1,-3.24,2.27,-6.05
005544,银华瑞和灵活配置混合A,混合型-灵活,11.52,0.25y,定期定额(周),-13.29,5.96,-1.343,23.1,-6.88,0.76,-6.07
004505,博时新兴消费主题混合A,混合型-偏股,2.32,0.25y,定期定额(周),-6.68,2.86,-2.064,15.4,-3.4,3.42,-6.08
006724,工银深证红利ETF联接C,指数型-股票,2.15,0.25y,定期定额(周),-7.27,3.59,-2.338,23.1,-3.7,4.06,-6.08
012175,易方达稳健增利混合A,混合型-平衡,6.19,0.25y,定期定额(周),-4.2,1.89,-2.36,15.4,-2.12,1.89,-6.08
011690,招商品质发现混合A,混合型-偏股,12.14,0.25y,定期定额(周),-9.49,2.74,-2.184,30.8,-4.86,3.03,-6.09
013485,尚正竞争优势混合发起A,混合型-偏股,2.21,0.25y,定期定额(周),-9.38,3.4,-1.863,23.1,-4.81,0.96,-6.09
016341,银河价值成长混合C,混合型-偏股,2.52,0.25y,定期定额(周),-10.14,7.87,-1.42,7.7,-5.21,4.99,-6.09
561010,软件ETF华安,指数型-股票,2.2,0.25y,定期定额(周),-8.92,6.01,-1.732,7.7,-4.57,8.66,-6.11
001955,中欧养老产业混合A,混合型-偏股,12.48,0.25y,定期定额(周),-7.23,3.08,-2.314,23.1,-3.68,3.59,-6.12
513530,港股通红利ETF华泰柏瑞,指数型-海外股票,33.16,0.25y,定期定额(周),-4.82,1.69,-1.968,7.7,-2.44,2.88,-6.12
020111,富国恒生港股通创新药及医疗保健ETF发起式联接C,指数型-股票,5.96,0.25y,定期定额(周),-15.07,6.33,-1.615,30.8,-7.84,5.82,-6.13
005241,中欧时代智慧混合A,混合型-偏股,2.37,0.25y,定期定额(周),-8.9,3.73,-2.408,30.8,-4.56,3.9,-6.14
021514,富国港股通红利精选混合C,混合型-偏股,6.34,0.25y,定期定额(周),-5.91,3.53,-2.593,23.1,-3.0,4.39,-6.14
180012,银华富裕主题混合A,混合型-偏股,76.69,0.25y,定期定额(周),-7.16,2.58,-2.229,23.1,-3.64,1.77,-6.15
011777,易方达稳健增长混合A,混合型-平衡,6.42,0.25y,定期定额(周),-4.3,1.93,-2.376,15.4,-2.17,1.94,-6.16
159905,红利ETF工银,指数型-股票,19.37,0.25y,定期定额(周),-7.62,3.83,-2.336,23.1,-3.88,4.37,-6.16
159692,证券ETF东财,指数型-股票,10.83,0.25y,定期定额(周),-6.88,4.65,-2.3,15.4,-3.5,7.47,-6.17
310398,申万菱信沪深300价值指数A,指数型-股票,5.94,0.25y,定期定额(周),-6.41,1.75,-2.273,23.1,-3.26,1.82,-6.17
512010,医药ETF易方达,指数型-股票,172.15,0.25y,定期定额(周),-11.64,4.14,-1.998,30.8,-6.0,3.86,-6.17
016970,华夏恒生生物科技ETF发起式联接(QDII)A,指数型-海外股票,4.75,0.25y,定期定额(周),-14.15,5.85,-1.797,30.8,-7.35,6.49,-6.2
010654,天弘医药创新A,混合型-偏股,5.71,0.25y,定期定额(周),-13.31,5.11,-1.856,30.8,-6.89,5.35,-6.21
010994,博时创新经济混合A,混合型-偏股,3.83,0.25y,定期定额(周),-7.12,4.58,-2.234,15.4,-3.63,6.04,-6.24
016971,华夏恒生生物科技ETF发起式联接(QDII)C,指数型-海外股票,14.17,0.25y,定期定额(周),-14.21,5.85,-1.805,30.8,-7.38,6.52,-6.24
010549,富国均衡策略混合,混合型-偏股,13.51,0.25y,定期定额(周),-8.39,4.64,-2.342,23.1,-4.29,5.8,-6.26
010655,天弘医药创新C,混合型-偏股,6.0,0.25y,定期定额(周),-13.38,5.12,-1.868,30.8,-6.93,5.4,-6.26
012008,易方达稳健回报混合A,混合型-平衡,6.52,0.25y,定期定额(周),-4.37,1.93,-2.406,15.4,-2.21,1.95,-6.26
011691,招商品质发现混合C,混合型-偏股,3.99,0.25y,定期定额(周),-9.66,2.74,-2.23,30.8,-4.95,3.12,-6.27
005810,南方瑞祥一年混合A,混合型-灵活,2.31,0.25y,定期定额(周),-6.13,1.8,-2.054,15.4,-3.12,1.44,-6.28
070011,嘉实策略混合,混合型-灵活,18.44,0.25y,定期定额(周),-9.92,3.91,-2.302,30.8,-5.09,3.7,-6.28
012483,前海开源优质龙头6个月持有混合A,混合型-偏股,4.63,0.25y,定期定额(周),-7.0,4.2,-2.262,15.4,-3.57,6.0,-6.3
011220,南方匠心优选股票A,股票型,21.81,0.25y,定期定额(周),-7.26,1.99,-2.181,23.1,-3.7,0.97,-6.31
012484,前海开源优质龙头6个月持有混合C,混合型-偏股,2.41,0.25y,定期定额(周),-7.03,4.22,-2.264,15.4,-3.58,6.01,-6.31
270025,广发行业领先混合A,混合型-偏股,6.4,0.25y,定期定额(周),-7.22,4.76,-2.566,23.1,-3.68,6.25,-6.31
012778,中欧养老产业混合C,混合型-偏股,4.14,0.25y,定期定额(周),-7.42,3.09,-2.371,23.1,-3.78,3.67,-6.33
513280,恒生生物科技ETF汇添富,指数型-海外股票,4.72,0.25y,定期定额(周),-14.76,6.06,-1.767,30.8,-7.68,6.64,-6.33
159892,恒生医药ETF华夏,指数型-海外股票,59.99,0.25y,定期定额(周),-14.84,6.08,-1.78,30.8,-7.72,6.74,-6.38
002624,广发优企精选混合A,混合型-灵活,7.15,0.25y,定期定额(周),-7.36,4.75,-2.594,23.1,-3.75,6.4,-6.42
159506,港股通医疗ETF富国,指数型-股票,30.04,0.25y,定期定额(周),-15.88,6.55,-1.622,30.8,-8.28,6.0,-6.42
159615,恒生生物科技ETF南方,指数型-海外股票,6.16,0.25y,定期定额(周),-14.88,6.07,-1.794,30.8,-7.74,6.77,-6.43
515850,证券ETF富国,指数型-股票,3.33,0.25y,定期定额(周),-7.43,4.66,-2.323,15.4,-3.78,7.24,-6.46
516100,金融科技ETF华夏,指数型-股票,11.51,0.25y,定期定额(周),-9.25,6.37,-1.827,7.7,-4.74,8.66,-6.46
000965,汇丰晋信新动力混合A,混合型-偏股,25.86,0.25y,定期定额(周),-8.97,3.35,-2.174,23.1,-4.59,3.06,-6.49
217009,招商核心价值混合,混合型-偏股,6.6,0.25y,定期定额(周),-7.34,4.66,-2.675,23.1,-3.74,7.61,-6.5
217010,招商大盘蓝筹混合,混合型-偏股,4.17,0.25y,定期定额(周),-7.47,4.76,-2.677,23.1,-3.81,7.92,-6.52
011037,富国长期成长混合A,混合型-偏股,27.53,0.25y,定期定额(周),-8.7,4.64,-2.402,23.1,-4.45,5.81,-6.53
001469,广发中证全指金融地产联接A,指数型-股票,3.55,0.25y,定期定额(周),-7.27,2.89,-2.455,23.1,-3.7,3.32,-6.54
160218,国泰国证房地产行业指数A,指数型-股票,2.76,0.25y,定期定额(周),-8.64,4.9,-2.191,15.4,-4.42,7.72,-6.54
015718,财通资管均衡臻选混合A,混合型-偏股,8.51,0.25y,定期定额(周),-8.93,3.71,-2.326,23.1,-4.57,5.66,-6.55
516860,金融科技ETF博时,指数型-股票,14.31,0.25y,定期定额(周),-9.34,6.33,-1.849,7.7,-4.78,8.67,-6.55
016843,嘉实中证全指证券公司ETF发起联接C,指数型-股票,2.23,0.25y,定期定额(周),-7.27,4.43,-2.371,15.4,-3.7,6.88,-6.57
011578,汇丰晋信核心成长A,混合型-偏股,10.75,0.25y,价值平均法,-14.09,13.6,-2.194,33.3,-7.31,7.09,-6.58
023182,太平中证红利指数A,指数型-股票,5.39,0.25y,定期定额(周),-7.64,5.57,-2.188,15.4,-3.9,3.03,-6.58
159940,金融地产ETF广发,指数型-股票,5.59,0.25y,定期定额(周),-7.61,3.05,-2.428,23.1,-3.88,3.48,-6.58
013341,工银核心机遇混合A,混合型-偏股,3.66,0.25y,定期定额(周),-9.62,8.53,-2.08,15.4,-4.93,6.37,-6.62
160516,博时证券公司ETF联接A,指数型-股票,4.54,0.25y,定期定额(周),-7.29,4.38,-2.393,15.4,-3.71,6.94,-6.63
020503,汇丰晋信新动力混合C,混合型-偏股,10.68,0.25y,定期定额(周),-9.12,3.35,-2.211,23.1,-4.67,3.12,-6.64
159333,港股央企红利ETF万家,指数型-股票,5.12,0.25y,定期定额(周),-5.59,1.9,-2.385,15.4,-2.83,3.26,-6.64
015719,财通资管均衡臻选混合C,混合型-偏股,3.15,0.25y,定期定额(周),-9.05,3.72,-2.355,23.1,-4.63,5.71,-6.66
011579,汇丰晋信核心成长C,混合型-偏股,3.76,0.25y,价值平均法,-14.21,13.63,-2.212,33.3,-7.38,7.13,-6.67
021584,中欧中证港股通央企红利指数发起(QDII)C,指数型-海外股票,2.31,0.25y,定期定额(周),-5.27,1.85,-2.449,15.4,-2.67,3.32,-6.67
013477,华宝中证金融科技主题ETF发起式联接A,指数型-股票,3.03,0.25y,定期定额(周),-9.28,6.06,-1.895,7.7,-4.75,8.39,-6.68
159822,新经济ETF银华,指数型-海外股票,2.35,0.25y,定期定额(周),-9.54,3.66,-2.283,23.1,-4.89,5.73,-6.68
007992,华夏中证全指证券公司ETF联接A,指数型-股票,3.36,0.25y,定期定额(周),-7.41,4.44,-2.396,15.4,-3.78,6.92,-6.69
016303,中信建投北交所精选两年定开混合A,混合型-偏股,2.44,0.25y,价值平均法,-12.55,15.13,-2.573,33.3,-6.48,9.62,-6.7
003624,创金合信资源股票发起式A,股票型,6.23,0.25y,定期定额(周),-16.01,8.98,-1.756,30.8,-8.35,5.63,-6.71
007993,华夏中证全指证券公司ETF联接C,指数型-股票,3.19,0.25y,定期定额(周),-7.48,4.44,-2.409,15.4,-3.81,6.95,-6.74
011924,嘉实港股互联网产业核心资产A,混合型-偏股,11.05,0.25y,定期定额(周),-11.05,5.76,-2.298,23.1,-5.68,9.45,-6.74
013342,工银核心机遇混合C,混合型-偏股,7.51,0.25y,定期定额(周),-9.77,8.54,-2.111,15.4,-5.01,6.44,-6.74
013478,华宝中证金融科技主题ETF发起式联接C,指数型-股票,16.74,0.25y,定期定额(周),-9.36,6.06,-1.905,7.7,-4.79,8.41,-6.74
001371,富国沪港深价值混合A,混合型-灵活,14.14,0.25y,定期定额(周),-8.33,3.97,-2.525,23.1,-4.26,5.83,-6.75
515010,证券ETF华夏,指数型-股票,16.72,0.25y,定期定额(周),-7.81,4.68,-2.383,15.4,-3.99,7.3,-6.75
001838,国投瑞银国家安全混合A,混合型-灵活,19.53,0.25y,定期定额(周),-11.44,6.97,-2.287,23.1,-5.89,9.56,-6.78
003625,创金合信资源股票发起式C,股票型,17.86,0.25y,定期定额(周),-16.12,8.99,-1.771,30.8,-8.41,5.68,-6.78
159851,金融科技ETF华宝,指数型-股票,73.31,0.25y,定期定额(周),-9.8,6.4,-1.877,7.7,-5.02,8.77,-6.78
501016,国泰中证申万证券行业指数(LOF)A,指数型-股票,10.74,0.25y,定期定额(周),-7.55,4.43,-2.41,15.4,-3.85,6.91,-6.78
161027,富国中证全指证券公司指数(LOF)A,指数型-股票,11.57,0.25y,定期定额(周),-7.53,4.49,-2.423,15.4,-3.84,6.98,-6.79
000727,融通健康产业灵活配置混合A/B,混合型-灵活,14.07,0.25y,定期定额(周),-10.09,4.55,-1.937,15.4,-5.18,4.57,-6.82
011925,嘉实港股互联网产业核心资产C,混合型-偏股,8.68,0.25y,定期定额(周),-11.16,5.76,-2.316,23.1,-5.74,9.49,-6.82
012874,易方达中证全指证券公司指数(LOF)C,指数型-股票,4.06,0.25y,定期定额(周),-7.61,4.47,-2.424,15.4,-3.88,7.02,-6.82
008850,景顺长城价值稳进定开混合,混合型-灵活,8.97,0.25y,定期定额(周),-7.81,3.01,-2.506,23.1,-3.98,3.59,-6.85
161720,招商中证全指证券公司指数(LOF)A,指数型-股票,13.67,0.25y,定期定额(周),-7.58,4.44,-2.437,15.4,-3.87,7.01,-6.85
163113,申万菱信中证申万证券行业指数(LOF)A,指数型-股票,12.56,0.25y,定期定额(周),-7.58,4.39,-2.435,15.4,-3.87,6.95,-6.85
512570,证券ETF易方达,指数型-股票,23.55,0.25y,定期定额(周),-7.94,4.69,-2.401,15.4,-4.05,7.31,-6.85
010611,万家战略发展产业混合A,混合型-偏股,5.93,0.25y,定期定额(周),-11.83,7.26,-1.335,7.7,-6.1,1.73,-6.86
012590,易方达中证全指证券公司ETF联接A,指数型-股票,2.88,0.25y,定期定额(周),-7.63,4.45,-2.434,15.4,-3.89,6.98,-6.86
004069,南方中证全指证券公司ETF联接A,指数型-股票,11.24,0.25y,定期定额(周),-7.63,4.47,-2.445,15.4,-3.89,7.1,-6.87
006780,广发稳健策略混合A,混合型-偏股,8.69,0.25y,定期定额(周),-7.26,3.13,-2.352,15.4,-3.7,4.75,-6.87
013597,招商中证全指证券公司指数(LOF)C,指数型-股票,3.7,0.25y,定期定额(周),-7.61,4.43,-2.443,15.4,-3.88,7.02,-6.87
017941,国投瑞银国家安全混合C,混合型-灵活,4.52,0.25y,定期定额(周),-11.56,6.97,-2.305,23.1,-5.96,9.61,-6.87
012700,易方达中证全指证券公司ETF联接C,指数型-股票,11.59,0.25y,定期定额(周),-7.64,4.44,-2.44,15.4,-3.9,6.99,-6.88
160419,华安中证全指证券公司ETF联接A,指数型-股票,2.17,0.25y,定期定额(周),-7.54,4.36,-2.447,15.4,-3.84,6.87,-6.88
160633,鹏华中证全指证券公司指数(LOF)A,指数型-股票,12.34,0.25y,定期定额(周),-7.64,4.44,-2.441,15.4,-3.89,7.0,-6.88
501047,汇添富中证全指证券公司ETF联接(LOF)A,指数型-股票,3.66,0.25y,定期定额(周),-7.62,4.43,-2.444,15.4,-3.88,6.96,-6.88
001628,招商体育文化休闲股票A,股票型,2.03,0.25y,定期定额(周),-10.88,6.32,-2.175,15.4,-5.6,11.62,-6.89
012044,鹏华中证全指证券公司指数(LOF)C,指数型-股票,4.26,0.25y,定期定额(周),-7.65,4.44,-2.444,15.4,-3.9,7.01,-6.89
008590,天弘中证全指证券公司ETF联接A,指数型-股票,3.45,0.25y,定期定额(周),-7.67,4.45,-2.444,15.4,-3.91,7.0,-6.9
009274,融通健康产业灵活配置混合C,混合型-灵活,4.38,0.25y,定期定额(周),-10.19,4.57,-1.956,15.4,-5.23,4.62,-6.9
159842,券商ETF银华,指数型-股票,99.73,0.25y,定期定额(周),-7.97,4.66,-2.415,15.4,-4.07,7.27,-6.9
012363,国泰中证全指证券公司ETF联接C,指数型-股票,6.56,0.25y,定期定额(周),-7.63,4.39,-2.452,15.4,-3.89,7.02,-6.91
518660,黄金ETF工银,指数型-其他,92.46,0.25y,定期定额(周),-11.28,6.66,-1.67,7.7,-5.81,7.8,-6.91
518850,黄金ETF华夏,指数型-其他,168.05,0.25y,定期定额(周),-11.28,6.66,-1.669,7.7,-5.81,7.79,-6.91
006098,华宝券商ETF联接A,指数型-股票,10.17,0.25y,定期定额(周),-7.71,4.44,-2.452,15.4,-3.93,7.01,-6.93
501048,汇添富中证全指证券公司ETF联接(LOF)C,指数型-股票,5.6,0.25y,定期定额(周),-7.67,4.44,-2.457,15.4,-3.91,6.99,-6.93
560090,证券ETF汇添富,指数型-股票,30.73,0.25y,定期定额(周),-8.0,4.68,-2.423,15.4,-4.08,7.34,-6.93
010612,万家战略发展产业混合C,混合型-偏股,12.34,0.25y,定期定额(周),-11.93,7.26,-1.355,7.7,-6.16,1.79,-6.94
000930,博时黄金I,指数型-其他,6.02,0.25y,定期定额(周),-11.37,6.67,-1.675,7.7,-5.86,7.83,-6.95
004070,南方中证全指证券公司ETF联接C,指数型-股票,48.02,0.25y,定期定额(周),-7.72,4.47,-2.464,15.4,-3.94,7.14,-6.95
008591,天弘中证全指证券公司ETF联接C,指数型-股票,25.77,0.25y,定期定额(周),-7.72,4.45,-2.458,15.4,-3.94,7.02,-6.95
011131,富国沪港深价值混合C,混合型-灵活,2.45,0.25y,定期定额(周),-8.53,4.02,-2.573,23.1,-4.36,5.84,-6.95
159934,黄金ETF易方达,指数型-其他,418.32,0.25y,定期定额(周),-11.36,6.67,-1.674,7.7,-5.85,7.83,-6.95
009198,前海开源黄金ETF联接A,指数型-其他,4.97,0.25y,定期定额(周),-11.15,6.47,-1.694,7.7,-5.74,7.48,-6.96
159812,黄金ETF前海开源,指数型-其他,18.71,0.25y,定期定额(周),-11.37,6.67,-1.679,7.7,-5.85,7.83,-6.96
159937,黄金ETF博时,指数型-其他,477.94,0.25y,定期定额(周),-11.37,6.67,-1.676,7.7,-5.86,7.84,-6.96
518880,黄金ETF华安,指数型-其他,1138.16,0.25y,定期定额(周),-11.37,6.67,-1.677,7.7,-5.85,7.83,-6.96
001043,工银美丽城镇股票A,股票型,2.51,0.25y,定期定额(周),-10.72,5.3,-2.338,23.1,-5.51,7.21,-6.97
290002,泰信先行策略混合,混合型-灵活,3.79,0.25y,定期定额(周),-11.65,6.08,-2.163,23.1,-6.0,5.83,-6.97
512900,证券ETF南方,指数型-股票,64.04,0.25y,定期定额(周),-8.06,4.72,-2.435,15.4,-4.11,7.45,-6.97
015395,招商体育文化休闲股票C,股票型,2.26,0.25y,定期定额(周),-11.01,6.33,-2.194,15.4,-5.67,11.69,-6.98
516200,证券ETF华安,指数型-股票,3.49,0.25y,定期定额(周),-8.05,4.67,-2.436,15.4,-4.11,7.32,-6.98
519183,万家双引擎灵活配置混合A,混合型-灵活,17.67,0.25y,定期定额(周),-12.14,5.91,-1.242,7.7,-6.27,0.18,-6.98
008142,工银黄金ETF联接A,指数型-其他,18.03,0.25y,定期定额(周),-11.18,6.64,-1.715,7.7,-5.76,7.7,-7.0
021499,博时黄金ETF联接E,指数型-其他,6.94,0.25y,定期定额(周),-11.18,6.57,-1.712,7.7,-5.76,7.59,-7.0
512880,证券ETF国泰,指数型-股票,516.27,0.25y,定期定额(周),-8.12,4.71,-2.435,15.4,-4.14,7.38,-7.0
000218,国泰黄金ETF联接A,指数型-其他,164.52,0.25y,定期定额(周),-11.32,6.69,-1.703,7.7,-5.83,7.77,-7.01
002610,博时黄金ETF联接A,指数型-其他,58.07,0.25y,定期定额(周),-11.19,6.57,-1.711,7.7,-5.76,7.59,-7.01
007531,华宝券商ETF联接C,指数型-股票,29.39,0.25y,定期定额(周),-7.79,4.45,-2.47,15.4,-3.98,7.04,-7.01
013276,富国中证全指证券公司指数(LOF)C,指数型-股票,2.85,0.25y,定期定额(周),-7.69,4.44,-2.483,15.4,-3.92,7.0,-7.01
021740,前海开源黄金ETF联接C,指数型-其他,13.06,0.25y,定期定额(周),-11.22,6.47,-1.704,7.7,-5.78,7.51,-7.01
512000,券商ETF华宝,指数型-股票,350.1,0.25y,定期定额(周),-8.13,4.69,-2.437,15.4,-4.15,7.36,-7.01
020199,万家双引擎灵活配置混合C,混合型-灵活,18.86,0.25y,定期定额(周),-12.22,5.91,-1.259,7.7,-6.31,0.23,-7.04
008143,工银黄金ETF联接C,指数型-其他,15.54,0.25y,定期定额(周),-11.25,6.65,-1.725,7.7,-5.79,7.73,-7.05
020341,工银黄金ETF联接E,指数型-其他,33.78,0.25y,定期定额(周),-11.26,6.65,-1.725,7.7,-5.8,7.73,-7.05
002611,博时黄金ETF联接C,指数型-其他,366.6,0.25y,定期定额(周),-11.26,6.57,-1.722,7.7,-5.8,7.63,-7.06
011418,汇添富消费精选两年持有股票A,股票型,21.64,0.25y,定期定额(周),-8.63,3.74,-2.582,23.1,-4.41,5.7,-7.06
022502,国泰黄金ETF联接E,指数型-其他,26.68,0.25y,定期定额(周),-11.39,6.7,-1.712,7.7,-5.87,7.8,-7.06
004253,国泰黄金ETF联接C,指数型-其他,191.42,0.25y,定期定额(周),-11.4,6.7,-1.714,7.7,-5.87,7.8,-7.07
000307,易方达黄金ETF联接A,指数型-其他,73.63,0.25y,定期定额(周),-11.35,6.68,-1.727,7.7,-5.84,7.75,-7.08
008701,华夏黄金ETF联接A,指数型-其他,30.01,0.25y,定期定额(周),-11.35,6.72,-1.738,7.7,-5.84,7.84,-7.1
000216,华安黄金ETF联接A,指数型-其他,119.61,0.25y,定期定额(周),-11.35,6.66,-1.735,7.7,-5.84,7.74,-7.11
009330,鹏华成长价值混合A,混合型-偏股,4.12,0.25y,定期定额(周),-4.29,2.49,-2.58,7.7,-2.17,4.18,-7.11
022653,华安黄金ETF联接I,指数型-其他,29.54,0.25y,定期定额(周),-11.35,6.67,-1.735,7.7,-5.84,7.74,-7.11
540002,汇丰晋信龙腾混合A,混合型-偏股,3.34,0.25y,价值平均法,-15.85,12.87,-2.091,33.3,-8.27,5.86,-7.11
002963,易方达黄金ETF联接C,指数型-其他,237.86,0.25y,定期定额(周),-11.42,6.68,-1.736,7.7,-5.88,7.78,-7.13
000217,华安黄金ETF联接C,指数型-其他,327.62,0.25y,定期定额(周),-11.42,6.67,-1.745,7.7,-5.88,7.78,-7.15
008702,华夏黄金ETF联接C,指数型-其他,65.38,0.25y,定期定额(周),-11.42,6.72,-1.748,7.7,-5.88,7.87,-7.15
019244,汇丰晋信龙腾混合C,混合型-偏股,2.97,0.25y,价值平均法,-15.94,12.89,-2.104,33.3,-8.32,5.89,-7.17
400032,东方主题精选混合,混合型-灵活,5.03,0.25y,定期定额(周),-9.2,5.83,-2.396,15.4,-4.71,7.91,-7.19
512710,军工龙头ETF富国,指数型-股票,95.77,0.25y,定期定额(周),-14.48,8.32,-1.952,23.1,-7.52,7.5,-7.24
001714,工银文体产业股票A,股票型,29.64,0.25y,定期定额(周),-8.63,3.05,-2.67,23.1,-4.41,6.59,-7.29
018381,安信红利精选混合A,混合型-偏股,3.67,0.25y,定期定额(周),-7.75,1.89,-2.798,30.8,-3.95,1.48,-7.3
010143,交银施罗德启欣混合,混合型-偏股,11.47,0.25y,定期定额(周),-6.69,4.43,-2.521,7.7,-3.4,8.65,-7.31
018558,易方达港股通医药ETF联接C,指数型-股票,2.11,0.25y,定期定额(周),-14.14,5.57,-1.931,23.1,-7.34,6.5,-7.32
009098,景顺长城价值领航两年持有,混合型-偏股,7.74,0.25y,定期定额(周),-8.99,3.27,-2.529,23.1,-4.6,3.82,-7.33
018391,南方上海金ETF联接A,指数型-其他,2.44,0.25y,定期定额(周),-11.02,6.81,-1.86,7.7,-5.67,7.28,-7.33
020124,银华沪深股通精选混合C,混合型-偏股,5.09,0.25y,定期定额(周),-7.88,3.74,-2.511,15.4,-4.02,5.88,-7.33
501021,华宝港股通标普香港上市中国中小盘指数(LOF)A,指数型-股票,3.13,0.25y,定期定额(周),-9.68,4.56,-2.302,15.4,-4.96,6.53,-7.37
519671,银河沪深300价值指数A,指数型-股票,17.11,0.25y,定期定额(周),-6.76,1.8,-2.393,15.4,-3.44,1.9,-7.37
009477,中银上海金ETF联接A,指数型-其他,2.16,0.25y,定期定额(周),-10.98,6.72,-1.88,7.7,-5.65,7.19,-7.38
018392,南方上海金ETF联接C,指数型-其他,12.34,0.25y,定期定额(周),-11.08,6.81,-1.869,7.7,-5.7,7.31,-7.38
001445,华安国企改革主题灵活配置混合A,混合型-灵活,2.7,0.25y,定期定额(周),-7.89,3.44,-2.472,15.4,-4.03,4.67,-7.39
002132,广发鑫享灵活配置混合A,混合型-灵活,9.11,0.25y,定期定额(周),-12.07,2.72,-2.193,30.8,-6.23,1.17,-7.4
013991,中欧港股通精选一年持有混合A,混合型-偏股,2.77,0.25y,定期定额(周),-8.58,4.96,-2.654,15.4,-4.39,10.4,-7.4
513700,港股通医药ETF鹏华,指数型-股票,7.17,0.25y,定期定额(周),-14.52,5.78,-1.919,23.1,-7.54,6.69,-7.4
014725,广发成长动力三年持有混合A,混合型-偏股,10.2,0.25y,定期定额(周),-13.03,5.26,-1.957,23.1,-6.74,2.22,-7.42
000369,广发全球医疗保健指数人民币(QDII)A,指数型-海外股票,13.07,0.25y,定期定额(周),-2.74,4.07,-2.807,0.0,-1.38,6.84,-7.43
001195,工银农业产业股票,股票型,4.23,0.25y,定期定额(周),-15.2,4.28,-1.782,30.8,-7.91,-0.25,-7.43
009478,中银上海金ETF联接C,指数型-其他,38.8,0.25y,定期定额(周),-11.05,6.73,-1.892,7.7,-5.69,7.22,-7.43
513200,港股通医药ETF易方达,指数型-股票,15.33,0.25y,定期定额(周),-14.76,5.85,-1.906,23.1,-7.68,6.77,-7.45
000663,国投瑞银美丽中国混合A,混合型-灵活,2.83,0.25y,定期定额(周),-9.23,4.65,-1.962,7.7,-4.73,2.88,-7.47
011011,融通产业趋势精选混合A,混合型-偏股,2.75,0.25y,定期定额(周),-13.19,7.43,-1.745,15.4,-6.83,3.28,-7.47
518680,金ETF富国,指数型-其他,81.21,0.25y,定期定额(周),-11.44,7.04,-1.873,7.7,-5.9,7.62,-7.48
159830,金ETF天弘,指数型-其他,37.42,0.25y,定期定额(周),-11.46,7.04,-1.876,7.7,-5.91,7.63,-7.49
159834,金ETF南方,指数型-其他,18.02,0.25y,定期定额(周),-11.46,7.05,-1.879,7.7,-5.9,7.65,-7.5
516820,医疗创新ETF平安,指数型-股票,17.7,0.25y,定期定额(周),-14.4,3.25,-2.26,38.5,-7.48,2.24,-7.5
002387,工银沪港深股票A,股票型,6.07,0.25y,定期定额(周),-8.23,4.68,-2.364,7.7,-4.21,8.63,-7.51
007733,南方智锐混合A,混合型-偏股,14.42,0.25y,定期定额(周),-10.69,4.04,-2.335,23.1,-5.5,2.85,-7.51
009504,富国上海金ETF联接A,指数型-其他,13.68,0.25y,定期定额(周),-11.4,7.06,-1.896,7.7,-5.87,7.54,-7.53
070019,嘉实价值优势混合A,混合型-偏股,10.04,0.25y,定期定额(周),-10.87,4.63,-2.419,23.1,-5.59,4.75,-7.54
159718,港股医药ETF平安,指数型-股票,2.05,0.25y,定期定额(周),-14.86,5.93,-1.928,23.1,-7.73,6.76,-7.54
159831,金ETF嘉实,指数型-其他,21.16,0.25y,定期定额(周),-11.52,7.05,-1.886,7.7,-5.94,7.66,-7.54
518600,金ETF广发,指数型-其他,76.07,0.25y,定期定额(周),-11.53,7.05,-1.886,7.7,-5.94,7.66,-7.54
011282,华夏消费龙头混合A,混合型-偏股,7.3,0.25y,定期定额(周),-7.28,2.71,-2.578,15.4,-3.71,4.3,-7.56
019194,融通产业趋势精选混合C,混合型-偏股,4.24,0.25y,定期定额(周),-13.32,7.44,-1.766,15.4,-6.9,3.34,-7.56
260104,景顺长城内需增长混合A,混合型-偏股,14.3,0.25y,定期定额(周),-9.2,2.96,-2.563,23.1,-4.71,3.65,-7.57
009505,富国上海金ETF联接C,指数型-其他,38.42,0.25y,定期定额(周),-11.48,7.06,-1.907,7.7,-5.91,7.57,-7.58
014661,天弘黄金ETF联接A,指数型-其他,4.27,0.25y,定期定额(周),-11.44,7.04,-1.914,7.7,-5.89,7.56,-7.59
018524,华泰紫金恒生互联网科技业指数型发起基金(QDII)C,指数型-海外股票,2.29,0.25y,价值平均法,-9.03,9.85,-2.07,0.0,-4.62,9.21,-7.6
518860,上海金ETF建信,指数型-其他,48.49,0.25y,定期定额(周),-11.54,7.04,-1.906,7.7,-5.95,7.65,-7.6
014662,天弘黄金ETF联接C,指数型-其他,30.89,0.25y,定期定额(周),-11.51,7.04,-1.925,7.7,-5.93,7.59,-7.64
008986,广发上海金ETF联接A,指数型-其他,6.53,0.25y,定期定额(周),-11.53,7.11,-1.928,7.7,-5.94,7.61,-7.65
007734,南方智锐混合C,混合型-偏股,9.69,0.25y,定期定额(周),-10.83,4.05,-2.374,23.1,-5.57,2.91,-7.66
016550,永赢消费龙头智选混合发起C,混合型-偏股,2.31,0.25y,定期定额(周),-9.31,4.16,-2.204,7.7,-4.77,7.91,-7.66
016582,嘉实上海金ETF发起联接C,指数型-其他,19.22,0.25y,定期定额(周),-11.46,6.87,-1.934,7.7,-5.9,7.51,-7.66
021738,广发上海金ETF联接F,指数型-其他,4.8,0.25y,定期定额(周),-11.54,7.11,-1.93,7.7,-5.95,7.61,-7.66
009033,建信上海金ETF联接A,指数型-其他,12.43,0.25y,定期定额(周),-11.45,7.0,-1.943,7.7,-5.9,7.56,-7.67
540003,汇丰晋信动态策略混合A,混合型-灵活,15.3,0.25y,定期定额(周),-11.73,7.59,-1.823,7.7,-6.05,5.25,-7.68
960003,汇丰晋信动态策略混合H,混合型-灵活,2.69,0.25y,定期定额(周),-11.74,7.59,-1.824,7.7,-6.05,5.25,-7.68
008060,景顺长城价值边际灵活配置混合A,混合型-灵活,9.24,0.25y,定期定额(周),-9.9,3.31,-2.533,23.1,-5.08,3.73,-7.71
008987,广发上海金ETF联接C,指数型-其他,49.3,0.25y,定期定额(周),-11.61,7.12,-1.941,7.7,-5.99,7.64,-7.71
008712,景顺长城品质成长混合A,混合型-偏股,6.91,0.25y,定期定额(周),-10.24,3.47,-2.489,23.1,-5.26,3.69,-7.72
009034,建信上海金ETF联接C,指数型-其他,36.21,0.25y,定期定额(周),-11.54,7.0,-1.956,7.7,-5.95,7.59,-7.73
160716,嘉实基本面50指数(LOF)A,指数型-股票,7.94,0.25y,定期定额(周),-7.47,1.81,-2.395,15.4,-3.81,1.55,-7.73
020026,国泰成长优选混合,混合型-偏股,4.31,0.25y,定期定额(周),-15.8,9.02,-1.923,23.1,-8.24,6.3,-7.75
016335,汇丰晋信动态策略混合C,混合型-灵活,2.02,0.25y,定期定额(周),-11.85,7.59,-1.843,7.7,-6.11,5.3,-7.77
011206,创金合信竞争优势混合A,混合型-偏股,5.22,0.25y,定期定额(周),-8.38,3.47,-2.518,15.4,-4.28,3.87,-7.78
017835,信澳匠心回报混合A,混合型-偏股,5.35,0.25y,定期定额(周),-9.0,8.33,-2.468,7.7,-4.61,9.88,-7.78
516550,农业ETF嘉实,指数型-股票,2.09,0.25y,定期定额(周),-15.19,5.48,-2.055,30.8,-7.91,1.33,-7.8
015779,景顺长城价值边际灵活配置混合C,混合型-灵活,3.65,0.25y,定期定额(周),-9.99,3.31,-2.558,23.1,-5.13,3.77,-7.81
011830,富国天恒混合A,混合型-偏股,4.23,0.25y,定期定额(周),-8.94,3.79,-2.442,15.4,-4.57,3.33,-7.83
001127,中银宏观策略混合A,混合型-灵活,2.33,0.25y,定期定额(周),-12.51,6.06,-2.343,23.1,-6.47,4.85,-7.85
011478,工银美丽城镇股票C,股票型,2.32,0.25y,定期定额(周),-10.83,5.25,-2.373,15.4,-5.57,7.27,-7.87
002011,华夏红利混合,混合型-灵活,45.79,0.25y,定期定额(周),-8.79,3.09,-2.391,15.4,-4.5,1.98,-7.88
017836,信澳匠心回报混合C,混合型-偏股,11.86,0.25y,定期定额(周),-9.14,8.34,-2.492,7.7,-4.68,9.94,-7.88
005644,广发沪港深龙头混合,混合型-偏股,6.74,0.25y,定期定额(周),-5.54,2.5,-2.637,7.7,-2.81,3.05,-7.9
005402,广发资源优选股票A,股票型,9.55,0.25y,定期定额(周),-12.36,8.11,-2.175,15.4,-6.39,5.97,-7.93
013009,万家港股通精选混合A,混合型-偏股,2.52,0.25y,定期定额(周),-6.38,5.7,-2.583,0.0,-3.24,9.48,-7.97
008131,景顺长城竞争优势混合,混合型-偏股,18.38,0.25y,定期定额(周),-10.16,3.32,-2.6,23.1,-5.22,3.73,-7.99
011831,富国天恒混合C,混合型-偏股,3.76,0.25y,定期定额(周),-9.08,3.8,-2.486,15.4,-4.65,3.39,-7.99
010235,广发资源优选股票C,股票型,4.1,0.25y,定期定额(周),-12.45,8.11,-2.192,15.4,-6.43,6.01,-8.0
450002,国富弹性市值混合A,混合型-偏股,17.91,0.25y,定期定额(周),-8.45,2.99,-2.873,23.1,-4.32,3.98,-8.0
019337,万家国企动力混合C,混合型-偏股,2.53,0.25y,定期定额(周),-11.3,5.61,-1.905,7.7,-5.82,3.24,-8.03
013010,万家港股通精选混合C,混合型-偏股,2.14,0.25y,定期定额(周),-6.5,5.71,-2.606,0.0,-3.31,9.52,-8.07
020104,易方达石油化工ETF联接A,指数型-股票,5.02,0.25y,定期定额(周),-15.04,6.12,-1.913,23.1,-7.82,1.34,-8.09
519756,交银国企改革灵活配置混合A,混合型-灵活,6.2,0.25y,定期定额(周),-9.73,3.98,-2.561,15.4,-4.99,6.65,-8.09
012533,嘉实价值驱动一年持有期混合A,混合型-偏股,10.31,0.25y,定期定额(周),-11.35,4.79,-2.628,23.1,-5.84,6.11,-8.1
016450,南方新材料股票发起C,股票型,2.15,0.25y,定期定额(周),-14.2,5.38,-1.788,15.4,-7.37,3.28,-8.1
010273,嘉实价值长青混合A,混合型-偏股,22.82,0.25y,定期定额(周),-11.51,4.84,-2.604,23.1,-5.93,5.95,-8.11
012003,招商价值成长混合A,混合型-偏股,5.0,0.25y,定期定额(周),-8.9,4.96,-2.808,15.4,-4.56,8.25,-8.13
020105,易方达石油化工ETF联接C,指数型-股票,12.57,0.25y,定期定额(周),-15.1,6.13,-1.927,23.1,-7.86,1.37,-8.15
010274,嘉实价值长青混合C,混合型-偏股,4.99,0.25y,定期定额(周),-11.59,4.83,-2.621,23.1,-5.98,5.98,-8.18
022269,中信保诚周期优选混合A,混合型-偏股,6.47,0.25y,定期定额(周),-14.74,7.04,-1.756,15.4,-7.66,2.31,-8.2
018382,安信红利精选混合C,混合型-偏股,2.79,0.25y,定期定额(周),-7.87,1.89,-2.847,23.1,-4.01,1.53,-8.24
010963,信澳周期动力混合A,混合型-偏股,6.96,0.25y,定期定额(周),-9.62,8.35,-2.565,7.7,-4.93,9.91,-8.25
012724,国泰中证畜牧养殖ETF联接A,指数型-股票,3.75,0.25y,定期定额(周),-16.16,4.84,-1.731,23.1,-8.44,0.58,-8.28
014414,招商中证畜牧养殖ETF联接A,指数型-股票,2.29,0.25y,定期定额(周),-16.23,4.82,-1.722,23.1,-8.47,0.58,-8.29
022270,中信保诚周期优选混合C,混合型-偏股,14.32,0.25y,定期定额(周),-14.87,7.06,-1.78,15.4,-7.73,2.37,-8.3
012234,华安聚弘精选混合A,混合型-偏股,8.81,0.25y,定期定额(周),-11.38,4.37,-2.635,23.1,-5.86,4.76,-8.31
012725,国泰中证畜牧养殖ETF联接C,指数型-股票,7.66,0.25y,定期定额(周),-16.23,4.84,-1.743,23.1,-8.47,0.62,-8.34
516570,化工行业ETF易方达,指数型-股票,23.29,0.25y,定期定额(周),-15.65,6.26,-1.937,23.1,-8.16,1.66,-8.34
014999,华泰保兴吉年盈混合A,混合型-偏股,2.02,0.25y,定期定额(周),-11.1,4.12,-2.686,23.1,-5.71,4.82,-8.35
510230,金融ETF国泰,指数型-股票,42.28,0.25y,定期定额(周),-8.44,2.54,-2.635,15.4,-4.32,3.12,-8.35
015455,信澳周期动力混合C,混合型-偏股,5.2,0.25y,定期定额(周),-9.77,8.36,-2.591,7.7,-5.01,9.96,-8.36
014415,招商中证畜牧养殖ETF联接C,指数型-股票,6.85,0.25y,定期定额(周),-16.31,4.82,-1.741,23.1,-8.52,0.62,-8.37
014424,博时恒生医疗保健ETF发起式联接(QDII)A,指数型-海外股票,5.93,0.25y,定期定额(周),-15.44,5.44,-2.17,23.1,-8.04,7.11,-8.38
005269,华泰柏瑞港股通量化混合A,混合型-灵活,2.08,0.25y,定期定额(周),-8.78,3.86,-2.869,15.4,-4.49,7.73,-8.39
483003,工银精选平衡混合,混合型-偏股,13.86,0.25y,定期定额(周),-5.53,2.11,-2.773,7.7,-2.8,2.29,-8.39
008179,同泰慧盈混合C,混合型-偏股,3.63,0.25y,定期定额(周),-21.7,11.86,-1.693,30.8,-11.51,7.1,-8.4
014425,博时恒生医疗保健ETF发起式联接(QDII)C,指数型-海外股票,6.96,0.25y,定期定额(周),-15.48,5.44,-2.176,23.1,-8.07,7.13,-8.4
519606,国泰金鑫股票A,股票型,4.69,0.25y,定期定额(周),-16.6,8.97,-2.087,23.1,-8.68,6.8,-8.41
003378,泰康策略优选混合,混合型-灵活,12.0,0.25y,定期定额(周),-8.42,3.92,-2.568,7.7,-4.3,5.74,-8.45
002030,中信保诚新选混合B,混合型-灵活,4.37,0.25y,定期定额(周),-15.67,6.75,-1.664,15.4,-8.17,1.02,-8.47
160910,大成创新成长混合(LOF)A,混合型-灵活,8.52,0.25y,定期定额(周),-8.19,3.43,-2.835,15.4,-4.18,4.24,-8.47
011184,东方阿尔法招阳混合A,混合型-偏股,2.2,0.25y,定期定额(周),-14.02,8.85,-2.323,15.4,-7.28,9.84,-8.51
519702,交银趋势混合A,混合型-偏股,36.67,0.25y,定期定额(周),-11.52,4.09,-2.592,23.1,-5.94,2.41,-8.53
159867,养殖ETF鹏华,指数型-股票,8.34,0.25y,定期定额(周),-17.05,5.07,-1.718,23.1,-8.92,0.65,-8.56
516670,畜牧养殖ETF招商,指数型-股票,13.35,0.25y,定期定额(周),-17.14,5.12,-1.704,23.1,-8.97,0.62,-8.56
519180,万家180指数A,指数型-股票,6.04,0.25y,定期定额(周),-13.68,13.52,-2.042,7.7,-7.09,7.63,-8.56
008371,华安汇智精选两年持有混合,混合型-偏股,2.3,0.25y,定期定额(周),-11.85,4.37,-2.674,23.1,-6.11,4.83,-8.58
513060,恒生医疗ETF博时,指数型-海外股票,62.84,0.25y,定期定额(周),-16.23,5.71,-2.161,23.1,-8.48,7.41,-8.6
021378,兴业中证港股通互联网ETF联接C,指数型-股票,6.34,0.25y,价值平均法,-16.05,9.72,-2.817,33.3,-8.38,10.03,-8.66
013430,交银趋势混合C,混合型-偏股,8.32,0.25y,定期定额(周),-11.65,4.09,-2.633,23.1,-6.01,2.47,-8.67
017856,华夏中证石化产业ETF发起式联接C,指数型-股票,3.15,0.25y,定期定额(周),-15.59,6.04,-2.074,23.1,-8.12,1.79,-8.67
159731,石化ETF华夏,指数型-股票,12.93,0.25y,定期定额(周),-16.05,6.27,-2.013,23.1,-8.38,1.8,-8.67
019313,易方达中证港股通互联网ETF发起式联接A,指数型-股票,2.37,0.25y,价值平均法,-16.33,9.81,-2.788,33.3,-8.53,10.08,-8.68
010795,民生价值发现一年持有混合A,混合型-偏股,2.63,0.25y,定期定额(周),-10.04,3.88,-3.099,23.1,-5.15,7.81,-8.69
004357,南方智慧混合,混合型-灵活,2.85,0.25y,定期定额(周),-8.7,1.74,-2.546,15.4,-4.45,1.51,-8.72
013293,长城健康消费混合A,混合型-偏股,2.07,0.25y,定期定额(周),-7.05,3.91,-2.677,0.0,-3.59,8.03,-8.72
014283,华夏北交所精选两年定开混合发起式,混合型-偏股,5.21,0.25y,定期定额(周),-11.44,6.49,-2.842,15.4,-5.89,12.04,-8.72
019314,易方达中证港股通互联网ETF发起式联接C,指数型-股票,3.26,0.25y,价值平均法,-16.41,9.83,-2.799,33.3,-8.57,10.1,-8.73
159865,养殖ETF国泰,指数型-股票,47.41,0.25y,定期定额(周),-17.38,5.13,-1.744,23.1,-9.11,0.7,-8.74
320013,诺安全球黄金,QDII-商品,9.67,0.25y,定期定额(周),-11.48,8.64,-2.377,7.7,-5.91,7.02,-8.75
011518,嘉实价值臻选混合A,混合型-偏股,12.07,0.25y,定期定额(周),-12.26,5.01,-2.762,23.1,-6.33,6.2,-8.76
010483,交银启道混合,混合型-偏股,14.84,0.25y,定期定额(周),-8.84,4.41,-2.771,7.7,-4.52,8.63,-8.79
001027,前海开源中证大农业指数增强A,指数型-股票,3.35,0.25y,定期定额(周),-14.98,4.31,-2.439,30.8,-7.8,1.6,-8.8
005760,富国周期优势混合A,混合型-偏股,9.02,0.25y,定期定额(周),-12.57,5.47,-2.104,7.7,-6.5,5.53,-8.8
006308,汇添富全球消费混合(QDII)人民币A,QDII-混合偏股,2.32,0.25y,定期定额(周),-6.07,4.71,-3.154,7.7,-3.08,6.95,-8.8
160918,大成中小盘混合(LOF)A,混合型-偏股,2.91,0.25y,定期定额(周),-8.43,3.27,-2.892,15.4,-4.31,3.6,-8.8
014328,格林新兴产业混合C,混合型-偏股,13.66,0.25y,定期定额(周),-9.54,5.32,-2.638,7.7,-4.89,7.08,-8.81
164701,汇添富黄金及贵金属(QDII-LOF-FOF)A,QDII-商品,11.04,0.25y,定期定额(周),-12.17,10.36,-2.34,7.7,-6.28,7.64,-8.81
010874,泰康品质生活混合A,混合型-偏股,9.09,0.25y,定期定额(周),-8.96,4.0,-2.637,7.7,-4.59,5.88,-8.82
160719,嘉实黄金,QDII-商品,5.28,0.25y,定期定额(周),-11.68,8.95,-2.388,7.7,-6.02,7.22,-8.83
165513,中信保诚全球商品主题(QDII-FOF-LOF)A,QDII-商品,4.97,0.25y,定期定额(周),-11.32,9.08,-2.439,7.7,-5.83,6.95,-8.84
020969,中信保诚全球商品主题(QDII-FOF-LOF)C,QDII-商品,2.76,0.25y,定期定额(周),-11.37,9.08,-2.448,7.7,-5.86,6.97,-8.88
014412,招商核心竞争力混合A,混合型-偏股,16.05,0.25y,定期定额(周),-8.89,5.18,-3.036,15.4,-4.55,6.12,-8.89
011565,富国周期优势混合C,混合型-偏股,4.12,0.25y,定期定额(周),-12.7,5.48,-2.128,7.7,-6.57,5.59,-8.9
012389,信澳品质回报6个月持有混合,混合型-偏股,5.68,0.25y,定期定额(周),-10.02,2.91,-2.308,7.7,-5.14,2.81,-8.91
017126,华宝中证港股通互联网ETF发起联接C,指数型-股票,4.72,0.25y,价值平均法,-16.68,9.87,-2.837,33.3,-8.72,10.08,-8.93
010875,泰康品质生活混合C,混合型-偏股,2.51,0.25y,定期定额(周),-9.09,3.99,-2.666,7.7,-4.65,5.93,-8.94
012067,嘉实蓝筹优势混合A,混合型-偏股,6.2,0.25y,定期定额(周),-10.47,3.88,-2.726,15.4,-5.38,5.1,-8.97
012225,嘉实优势精选混合A,混合型-偏股,4.91,0.25y,定期定额(周),-10.39,3.85,-2.759,15.4,-5.34,5.09,-9.02
009542,银华富利精选混合A,混合型-偏股,11.98,0.25y,定期定额(周),-13.97,4.7,-2.811,30.8,-7.25,3.91,-9.04
010410,长城品质成长混合A,混合型-偏股,12.12,0.25y,定期定额(周),-10.91,4.49,-3.087,23.1,-5.61,6.51,-9.06
014413,招商核心竞争力混合C,混合型-偏股,5.3,0.25y,定期定额(周),-9.07,5.18,-3.087,15.4,-4.64,6.2,-9.08
020021,国泰金融ETF联接A,指数型-股票,2.47,0.25y,定期定额(周),-8.04,2.41,-2.674,7.7,-4.1,3.02,-9.09
159792,港股通互联网ETF富国,指数型-股票,620.29,0.25y,价值平均法,-17.45,10.47,-2.821,33.3,-9.14,10.63,-9.1
513040,港股通互联网ETF易方达,指数型-股票,82.78,0.25y,价值平均法,-17.48,10.46,-2.819,33.3,-9.16,10.6,-9.11
001908,国投瑞银境煊灵活配置混合C,混合型-灵活,2.39,0.25y,定期定额(周),-10.36,4.25,-2.477,7.7,-5.32,4.11,-9.12
159856,互联网龙头ETF工银,指数型-股票,2.26,0.25y,定期定额(周),-13.97,5.69,-2.477,15.4,-7.25,9.09,-9.12
180013,银华领先策略混合,混合型-偏股,2.64,0.25y,定期定额(周),-8.32,3.99,-3.175,15.4,-4.25,5.92,-9.13
005161,华商上游产业股票A,股票型,14.99,0.25y,定期定额(周),-17.12,8.9,-2.204,23.1,-8.96,4.32,-9.14
513770,港股互联网ETF华宝,指数型-股票,105.05,0.25y,价值平均法,-17.49,10.44,-2.829,33.3,-9.17,10.6,-9.14
001552,天弘中证证券保险A,指数型-股票,7.57,0.25y,定期定额(周),-10.46,4.97,-2.945,15.4,-5.37,7.59,-9.15
014917,汇丰晋信时代先锋混合A,混合型-偏股,4.12,0.25y,价值平均法,-17.32,13.93,-2.795,33.3,-9.07,8.1,-9.16
005847,富国沪港深业绩驱动混合型A,混合型-偏股,24.65,0.25y,定期定额(周),-9.29,6.07,-2.583,0.0,-4.76,8.47,-9.17
159568,港股互联网ETF博时,指数型-股票,5.31,0.25y,价值平均法,-17.54,10.46,-2.834,33.3,-9.19,10.61,-9.17
001553,天弘中证证券保险C,指数型-股票,17.19,0.25y,定期定额(周),-10.5,4.97,-2.954,15.4,-5.39,7.6,-9.18
014673,富国中证港股通互联网ETF发起式联接A,指数型-股票,21.33,0.25y,价值平均法,-17.34,10.08,-2.86,33.3,-9.08,10.29,-9.2
010010,国投瑞银港股通6个月定开股票,股票型,4.94,0.25y,定期定额(周),-9.2,3.65,-3.08,15.4,-4.71,6.6,-9.22
002258,大成国企改革灵活配置混合A,混合型-灵活,11.56,0.25y,定期定额(周),-19.24,7.9,-1.744,23.1,-10.14,0.42,-9.23
014674,富国中证港股通互联网ETF发起式联接C,指数型-股票,57.83,0.25y,价值平均法,-17.38,10.1,-2.867,33.3,-9.11,10.3,-9.23
008715,景顺长城价值驱动一年持有混合,混合型-灵活,4.27,0.25y,定期定额(周),-10.55,5.38,-2.566,7.7,-5.42,4.86,-9.24
018023,华商上游产业股票C,股票型,19.87,0.25y,定期定额(周),-17.25,8.91,-2.226,23.1,-9.03,4.38,-9.24
519915,富国消费主题混合A,混合型-偏股,24.64,0.25y,定期定额(周),-7.08,3.56,-2.776,0.0,-3.61,5.72,-9.24
005583,易方达港股通红利混合A,混合型-灵活,37.14,0.25y,定期定额(周),-6.33,4.33,-3.317,7.7,-3.22,7.79,-9.25
011117,富国沪港深业绩驱动混合型C,混合型-偏股,14.63,0.25y,定期定额(周),-9.43,6.08,-2.609,0.0,-4.83,8.52,-9.28
288001,华夏经典混合,混合型-偏股,18.49,0.25y,定期定额(周),-11.26,3.83,-2.688,15.4,-5.8,4.28,-9.28
160625,鹏华中证800证券保险指数(LOF)A,指数型-股票,14.93,0.25y,定期定额(周),-10.57,4.96,-2.987,15.4,-5.43,7.64,-9.29
018294,景顺长城国企价值混合A,混合型-偏股,3.0,0.25y,定期定额(周),-11.42,3.96,-2.328,7.7,-5.88,3.03,-9.32
019197,大成国企改革灵活配置混合C,混合型-灵活,2.74,0.25y,定期定额(周),-19.36,7.9,-1.766,23.1,-10.2,0.46,-9.33
015693,鹏华中证800证券保险指数(LOF)C,指数型-股票,2.8,0.25y,定期定额(周),-10.64,4.97,-2.997,15.4,-5.47,7.66,-9.34
007751,景顺长城沪港深红利成长低波指数A,指数型-股票,25.08,0.25y,定期定额(周),-7.73,1.66,-2.714,7.7,-3.94,2.68,-9.38
007760,景顺长城沪港深红利成长低波指数C,指数型-股票,11.41,0.25y,定期定额(周),-7.73,1.67,-2.714,7.7,-3.94,2.68,-9.38
021735,景顺长城沪港深红利成长低波指数E,指数型-股票,2.87,0.25y,定期定额(周),-7.72,1.66,-2.721,7.7,-3.94,2.69,-9.39
159201,自由现金流ETF华夏,指数型-股票,184.53,0.25y,定期定额(周),-12.51,4.07,-2.439,15.4,-6.46,1.54,-9.4
515630,证券保险ETF鹏华,指数型-股票,8.26,0.25y,定期定额(周),-11.07,5.19,-2.974,15.4,-5.7,7.94,-9.4
006408,汇添富消费升级混合A,混合型-偏股,18.67,0.25y,定期定额(周),-9.39,3.93,-2.87,7.7,-4.81,7.61,-9.41
011309,富国消费主题混合C,混合型-偏股,8.18,0.25y,定期定额(周),-7.28,3.52,-2.811,0.0,-3.71,5.8,-9.41
011164,富国兴远优选12个月持有混合A,混合型-偏股,9.69,0.25y,定期定额(周),-10.65,3.95,-2.831,15.4,-5.47,3.71,-9.43
012178,银华富饶精选三年持有期混合,混合型-偏股,5.32,0.25y,定期定额(周),-15.38,3.75,-1.977,15.4,-8.01,1.6,-9.44
018295,景顺长城国企价值混合C,混合型-偏股,2.41,0.25y,定期定额(周),-11.55,3.96,-2.365,7.7,-5.95,3.1,-9.46
018940,长城景气成长混合C,混合型-偏股,12.93,0.25y,定期定额(周),-15.72,7.77,-2.383,15.4,-8.2,8.68,-9.46
008545,泓德丰润三年持有期混合,混合型-偏股,12.55,0.25y,定期定额(周),-10.23,3.95,-3.193,23.1,-5.25,2.95,-9.48
015187,汇添富消费升级混合C,混合型-偏股,2.14,0.25y,定期定额(周),-9.54,3.94,-2.901,7.7,-4.89,7.67,-9.54
000893,工银创新动力股票,股票型,16.74,0.25y,定期定额(周),-8.43,3.01,-2.858,7.7,-4.31,3.14,-9.57
018309,招商社会责任混合A,混合型-偏股,4.26,0.25y,定期定额(周),-9.84,5.74,-3.207,15.4,-5.05,6.8,-9.58
011165,富国兴远优选12个月持有混合C,混合型-偏股,4.03,0.25y,定期定额(周),-10.8,3.97,-2.874,15.4,-5.55,3.77,-9.59
008480,永赢股息优选A,混合型-偏股,3.54,0.25y,定期定额(周),-8.77,2.42,-3.078,15.4,-4.48,3.49,-9.6
009661,平安研究睿选混合A,混合型-偏股,7.69,0.25y,价值平均法,-15.54,12.98,-3.244,33.3,-8.1,8.61,-9.6
009958,长安鑫悦消费混合A,混合型-偏股,2.68,0.25y,定期定额(周),-8.73,3.54,-2.686,0.0,-4.46,6.69,-9.6
010425,国投瑞银开放视角精选混合A,混合型-偏股,4.25,0.25y,定期定额(周),-11.29,4.6,-2.528,7.7,-5.81,3.71,-9.62
004857,广发中证全指建筑材料指数C,指数型-股票,3.22,0.25y,定期定额(周),-11.48,5.26,-2.679,7.7,-5.91,7.37,-9.64
008481,永赢股息优选C,混合型-偏股,2.04,0.25y,定期定额(周),-8.8,2.42,-3.094,15.4,-4.5,3.51,-9.65
010715,财通资管消费升级一年持有A,混合型-偏股,3.36,0.25y,定期定额(周),-9.51,4.3,-3.027,7.7,-4.88,8.43,-9.73
009714,华安聚优精选混合,混合型-偏股,34.34,0.25y,定期定额(周),-12.14,4.39,-2.797,15.4,-6.27,4.93,-9.76
010783,德邦沪港深龙头混合A,混合型-偏股,6.43,0.25y,定期定额(周),-9.55,3.25,-3.165,15.4,-4.9,5.31,-9.77
012196,招商品质生活混合A,混合型-偏股,7.86,0.25y,定期定额(周),-7.53,3.4,-3.155,7.7,-3.84,4.3,-9.77
012255,富国高质量混合,混合型-偏股,8.17,0.25y,定期定额(周),-7.86,3.52,-2.914,0.0,-4.01,7.06,-9.78
002207,前海开源金银珠宝混合C,混合型-灵活,87.24,0.25y,定期定额(周),-20.76,10.44,-1.756,15.4,-10.98,7.21,-9.79
000986,太平灵活配置,混合型-灵活,2.65,0.25y,定期定额(周),-8.55,3.69,-2.988,7.7,-4.37,3.58,-9.8
001302,前海开源金银珠宝混合A,混合型-灵活,22.18,0.25y,定期定额(周),-20.75,10.44,-1.76,15.4,-10.98,7.22,-9.8
017826,兴全欣越混合A,混合型-偏股,10.06,0.25y,定期定额(周),-7.09,4.01,-3.032,0.0,-3.61,6.04,-9.81
011136,广发盛兴混合A,混合型-偏股,11.78,0.25y,定期定额(周),-9.82,3.81,-2.866,7.7,-5.04,5.22,-9.83
162607,景顺长城资源垄断混合(LOF)A,混合型-偏股,16.08,0.25y,定期定额(周),-14.15,6.01,-2.591,15.4,-7.35,5.22,-9.84
014423,汇丰晋信研究精选混合,混合型-偏股,16.33,0.25y,价值平均法,-18.41,13.65,-2.888,33.3,-9.67,7.57,-9.85
008901,富国内需增长混合A,混合型-偏股,8.17,0.25y,定期定额(周),-8.0,3.62,-2.935,0.0,-4.08,7.13,-9.87
006124,国联高股息混合C,混合型-偏股,2.33,0.25y,定期定额(周),-9.07,2.93,-2.87,7.7,-4.64,3.02,-9.9
023262,景顺长城资源垄断混合(LOF)C,混合型-偏股,2.44,0.25y,定期定额(周),-14.13,5.88,-2.626,15.4,-7.33,5.32,-9.92
166024,中欧恒利三年定期开放混合,混合型-偏股,3.02,0.25y,定期定额(周),-11.68,5.28,-3.094,15.4,-6.02,7.84,-9.94
006179,富国品质生活混合A,混合型-偏股,7.49,0.25y,定期定额(周),-8.19,3.42,-2.919,0.0,-4.18,6.95,-9.95
005004,交银品质升级混合A,混合型-偏股,2.48,0.25y,定期定额(周),-11.13,3.55,-2.688,7.7,-5.73,5.08,-9.96
017827,兴全欣越混合C,混合型-偏股,4.15,0.25y,定期定额(周),-7.23,4.02,-3.072,0.0,-3.68,6.09,-9.96
007110,国投瑞银港股通混合A,混合型-偏股,4.71,0.25y,定期定额(周),-10.38,3.77,-3.194,15.4,-5.33,6.52,-9.98
010041,嘉实港股优势混合A,混合型-偏股,21.92,0.25y,定期定额(周),-14.58,4.71,-2.862,23.1,-7.58,5.85,-9.98
012193,泓德睿诚混合A,混合型-灵活,6.55,0.25y,定期定额(周),-9.61,3.35,-3.191,15.4,-4.93,3.85,-9.99
004877,汇添富全球医疗混合(QDII)人民币,QDII-混合偏股,4.62,0.25y,定期定额(周),-5.38,3.63,-3.373,0.0,-2.73,6.13,-10.0
008928,宏利消费红利指数A,指数型-股票,6.54,0.25y,定期定额(周),-11.69,4.06,-2.923,15.4,-6.03,4.09,-10.03
510150,消费ETF招商,指数型-股票,16.83,0.25y,定期定额(周),-9.16,3.12,-2.719,0.0,-4.69,5.5,-10.04
519714,交银消费新驱动股票,股票型,4.75,0.25y,定期定额(周),-11.24,3.58,-2.711,7.7,-5.79,5.08,-10.06
008929,宏利消费红利指数C,指数型-股票,3.72,0.25y,定期定额(周),-11.75,4.06,-2.94,15.4,-6.06,4.11,-10.09
501049,东方红睿玺三年持有混合A,混合型-偏股,54.76,0.25y,定期定额(周),-13.26,4.11,-2.924,23.1,-6.87,1.8,-10.11
159587,粮食ETF广发,指数型-股票,2.41,0.25y,定期定额(周),-20.62,8.83,-1.926,23.1,-10.9,0.59,-10.13
010042,嘉实港股优势混合C,混合型-偏股,3.08,0.25y,定期定额(周),-14.76,4.71,-2.902,23.1,-7.67,5.93,-10.14
162102,金鹰中小盘精选混合A,混合型-偏股,5.89,0.25y,定期定额(周),-17.55,17.48,-2.342,7.7,-9.2,12.82,-10.15
159698,粮食ETF鹏华,指数型-股票,11.93,0.25y,定期定额(周),-20.62,8.69,-1.957,23.1,-10.9,0.61,-10.21
159745,建材ETF国泰,指数型-股票,16.64,0.25y,定期定额(周),-12.7,5.51,-2.76,7.7,-6.56,7.84,-10.25
502023,鹏华国证钢铁行业指数(LOF)A,指数型-股票,2.74,0.25y,定期定额(周),-18.52,6.94,-1.983,15.4,-9.73,1.76,-10.26
012810,鹏华国证钢铁行业指数(LOF)C,指数型-股票,3.82,0.25y,定期定额(周),-18.55,6.94,-1.987,15.4,-9.75,1.77,-10.28
004868,交银股息优化混合,混合型-偏股,2.0,0.25y,定期定额(周),-11.78,3.01,-2.932,15.4,-6.08,4.05,-10.29
022590,中信保诚幸福消费混合C,混合型-偏股,2.36,0.25y,定期定额(周),-12.23,4.6,-2.483,0.0,-6.32,6.75,-10.34
020651,博时国证粮食产业指数发起式C,指数型-股票,3.06,0.25y,定期定额(周),-20.23,8.29,-2.07,23.1,-10.69,0.79,-10.35
513950,恒生红利ETF富国,指数型-海外股票,30.59,0.25y,定期定额(周),-6.86,2.13,-3.427,7.7,-3.49,4.85,-10.36
004854,广发中证全指汽车指数A,指数型-股票,5.16,0.25y,定期定额(周),-10.97,4.11,-2.894,7.7,-5.64,4.38,-10.4
164906,交银中证海外中国互联网指数(LOF)A,指数型-海外股票,57.34,0.25y,定期定额(周),-12.45,5.81,-2.887,7.7,-6.43,8.36,-10.4
180020,银华成长先锋混合,混合型-灵活,2.5,0.25y,定期定额(周),-18.41,6.94,-2.109,15.4,-9.68,3.06,-10.4
013945,交银中证海外中国互联网指数(LOF)C,指数型-海外股票,6.01,0.25y,定期定额(周),-12.46,5.82,-2.889,7.7,-6.44,8.36,-10.41
018999,万家趋势领先混合A,混合型-偏股,9.27,0.25y,定期定额(周),-16.62,7.48,-2.199,7.7,-8.69,5.74,-10.42
009983,永赢港股通品质生活慧选混合A,混合型-偏股,5.73,0.25y,定期定额(周),-14.06,4.54,-2.819,15.4,-7.3,6.04,-10.44
013132,创金合信文娱媒体股票发起A,股票型,3.05,0.25y,定期定额(周),-10.0,3.43,-2.798,0.0,-5.13,6.33,-10.44
004855,广发中证全指汽车指数C,指数型-股票,5.72,0.25y,定期定额(周),-11.01,4.12,-2.91,7.7,-5.67,4.4,-10.45
000950,易方达证券保险ETF联接A,指数型-股票,12.79,0.25y,定期定额(周),-12.07,5.35,-3.25,15.4,-6.23,7.83,-10.48
159399,现金流ETF国泰,指数型-股票,53.61,0.25y,定期定额(周),-12.95,4.64,-2.937,15.4,-6.7,4.1,-10.48
007882,易方达证券保险ETF联接C,指数型-股票,12.45,0.25y,定期定额(周),-12.09,5.34,-3.253,15.4,-6.24,7.84,-10.49
019000,万家趋势领先混合C,混合型-偏股,13.24,0.25y,定期定额(周),-16.72,7.48,-2.215,7.7,-8.74,5.78,-10.49
021087,鹏华国证粮食产业ETF发起式联接C,指数型-股票,4.09,0.25y,定期定额(周),-19.97,8.37,-2.171,23.1,-10.54,0.96,-10.49
910005,东方红启兴三年持有混合A,混合型-偏股,3.77,0.25y,定期定额(周),-13.4,5.43,-2.96,15.4,-6.94,5.39,-10.5
003634,嘉实农业产业股票A,股票型,8.3,0.25y,定期定额(周),-18.24,3.78,-2.247,23.1,-9.58,1.07,-10.55
021918,永赢港股通品质生活慧选混合C,混合型-偏股,2.4,0.25y,定期定额(周),-14.19,4.55,-2.844,15.4,-7.37,6.1,-10.55
011099,富国价值创造混合A,混合型-偏股,24.27,0.25y,定期定额(周),-8.73,3.49,-3.078,0.0,-4.47,6.9,-10.56
013133,创金合信文娱媒体股票发起C,股票型,3.06,0.25y,定期定额(周),-10.12,3.43,-2.829,0.0,-5.19,6.38,-10.57
000772,景顺长城中国回报混合A,混合型-灵活,7.66,0.25y,定期定额(周),-14.94,5.08,-2.7,15.4,-7.77,4.39,-10.59
260109,景顺长城内需增长贰号混合A,混合型-偏股,22.8,0.25y,定期定额(周),-10.89,3.0,-3.232,15.4,-5.6,4.72,-10.6
160629,鹏华中证传媒指数(LOF)A,指数型-股票,3.22,0.25y,定期定额(周),-15.1,5.94,-2.699,7.7,-7.86,11.48,-10.62
004752,广发中证传媒ETF联接A,指数型-股票,3.36,0.25y,定期定额(周),-15.2,5.74,-2.667,7.7,-7.91,11.21,-10.63
001508,富国新动力灵活配置混合A,混合型-灵活,17.65,0.25y,定期定额(周),-10.15,3.7,-3.098,7.7,-5.21,4.22,-10.65
004753,广发中证传媒ETF联接C,指数型-股票,10.01,0.25y,定期定额(周),-15.23,5.74,-2.673,7.7,-7.93,11.23,-10.65
015468,嘉实农业产业股票C,股票型,2.24,0.25y,定期定额(周),-18.35,3.78,-2.276,23.1,-9.64,1.14,-10.66
015675,鹏华中证传媒指数(LOF)C,指数型-股票,2.96,0.25y,定期定额(周),-15.17,5.94,-2.708,7.7,-7.9,11.5,-10.67
018995,景顺长城中国回报混合C,混合型-灵活,2.41,0.25y,定期定额(周),-15.03,5.11,-2.734,15.4,-7.82,4.42,-10.7
159805,传媒ETF鹏华,指数型-股票,4.82,0.25y,定期定额(周),-15.63,5.98,-2.665,7.7,-8.15,11.67,-10.72
512070,证券保险ETF易方达,指数型-股票,150.8,0.25y,定期定额(周),-12.81,5.66,-3.259,15.4,-6.62,8.23,-10.72
000991,工银战略转型股票A,股票型,12.43,0.25y,定期定额(周),-12.54,4.58,-2.952,7.7,-6.48,8.14,-10.73
012197,招商品质生活混合C,混合型-偏股,3.13,0.25y,定期定额(周),-7.72,3.42,-3.232,0.0,-3.94,4.39,-10.79
001510,富国新动力灵活配置混合C,混合型-灵活,3.28,0.25y,定期定额(周),-10.28,3.7,-3.144,7.7,-5.28,4.27,-10.82
288002,华夏收入混合,混合型-偏股,16.97,0.25y,定期定额(周),-11.86,2.59,-3.008,15.4,-6.12,2.33,-10.82
516810,农业ETF华夏,指数型-股票,3.84,0.25y,定期定额(周),-20.85,5.85,-2.044,23.1,-11.03,-0.21,-10.83
001651,工银新蓝筹股票A,股票型,2.96,0.25y,定期定额(周),-9.17,4.24,-3.495,7.7,-4.7,7.46,-10.86
002685,中欧丰泓沪港深混合A,混合型-灵活,9.25,0.25y,定期定额(周),-13.47,4.61,-2.728,7.7,-6.98,4.86,-10.86
016297,中欧丰泰港股通混合A,混合型-偏股,6.25,0.25y,定期定额(周),-14.24,5.05,-2.659,7.7,-7.39,5.38,-10.89
510630,消费ETF华夏,指数型-股票,4.31,0.25y,定期定额(周),-11.9,3.6,-2.886,7.7,-6.14,3.72,-10.9
512980,传媒ETF广发,指数型-股票,52.1,0.25y,定期定额(周),-15.98,5.97,-2.691,7.7,-8.34,11.73,-10.91
010769,天弘中证农业主题ETF联接A,指数型-股票,3.49,0.25y,定期定额(周),-20.42,5.52,-2.131,23.1,-10.79,-0.11,-10.92
015879,富国中证农业主题ETF联接C,指数型-股票,3.75,0.25y,定期定额(周),-20.3,5.65,-2.165,23.1,-10.72,0.03,-10.92
010770,天弘中证农业主题ETF联接C,指数型-股票,9.09,0.25y,定期定额(周),-20.46,5.52,-2.142,23.1,-10.82,-0.09,-10.96
090004,大成精选增值混合A,混合型-灵活,10.52,0.25y,定期定额(周),-9.97,3.11,-3.496,15.4,-5.11,3.4,-10.99
017435,华宝中证沪港深新消费指数C,指数型-股票,4.1,0.25y,定期定额(周),-14.44,5.33,-2.86,7.7,-7.5,9.56,-11.02
161810,银华内需精选混合(LOF),混合型-偏股,23.61,0.25y,定期定额(周),-21.71,8.1,-1.917,15.4,-11.52,3.67,-11.02
007523,汇添富内需增长股票A,股票型,2.47,0.25y,定期定额(周),-8.38,3.01,-3.255,0.0,-4.28,5.98,-11.03
501093,华夏翔阳两年定开混合,混合型-偏股,2.86,0.25y,定期定额(周),-14.22,4.22,-2.76,7.7,-7.38,6.02,-11.18
159855,影视ETF银华,指数型-股票,2.49,0.25y,定期定额(周),-14.62,5.39,-2.99,7.7,-7.6,11.63,-11.2
010996,招商品质升级混合A,混合型-偏股,10.64,0.25y,定期定额(周),-11.23,3.06,-3.111,7.7,-5.78,4.51,-11.22
516620,影视ETF国泰,指数型-股票,2.61,0.25y,定期定额(周),-14.5,5.35,-3.023,7.7,-7.53,11.85,-11.22
011203,永赢惠添益混合A,混合型-偏股,4.91,0.25y,定期定额(周),-13.07,3.49,-3.098,15.4,-6.76,2.73,-11.26
014038,交银启诚混合A,混合型-偏股,26.98,0.25y,定期定额(周),-13.07,4.19,-3.209,15.4,-6.76,4.01,-11.28
011204,永赢惠添益混合C,混合型-偏股,2.36,0.25y,定期定额(周),-13.15,3.5,-3.124,15.4,-6.81,2.76,-11.35
501090,华宝中证消费龙头ETF联接A,指数型-股票,7.41,0.25y,定期定额(周),-9.18,2.52,-3.463,7.7,-4.7,4.8,-11.35
373010,摩根双息平衡混合A,混合型-灵活,6.83,0.25y,定期定额(周),-10.96,2.97,-3.132,7.7,-5.64,2.37,-11.4
240010,华宝行业精选混合,混合型-偏股,10.79,0.25y,定期定额(周),-8.53,3.74,-3.446,0.0,-4.36,6.49,-11.41
019778,鹏扬消费量化选股混合C,混合型-偏股,4.3,0.25y,定期定额(周),-12.74,3.76,-3.008,7.7,-6.58,4.54,-11.43
501066,东方红恒元五年持有混合,混合型-偏股,2.45,0.25y,定期定额(周),-14.58,4.15,-3.266,23.1,-7.58,2.1,-11.45
008174,国泰蓝筹精选混合A,混合型-偏股,3.84,0.25y,定期定额(周),-9.18,3.87,-3.684,7.7,-4.7,6.66,-11.46
014039,交银启诚混合C,混合型-偏股,8.83,0.25y,定期定额(周),-13.24,4.21,-3.263,15.4,-6.85,4.09,-11.47
520550,港股红利低波ETF招商,指数型-股票,11.9,0.25y,定期定额(周),-7.93,2.46,-3.733,7.7,-4.05,5.17,-11.47
001631,天弘中证食品饮料ETF联接A,指数型-股票,11.3,0.25y,定期定额(周),-11.88,3.16,-3.094,7.7,-6.13,3.93,-11.48
010536,泰康优势企业混合A,混合型-偏股,4.25,0.25y,定期定额(周),-9.64,4.14,-3.285,0.0,-4.94,5.68,-11.48
012437,德邦价值优选混合A,混合型-偏股,2.49,0.25y,定期定额(周),-15.15,7.96,-2.922,7.7,-7.88,7.28,-11.49
240004,华宝动力组合混合A,混合型-偏股,9.47,0.25y,定期定额(周),-8.66,3.92,-3.474,0.0,-4.43,6.65,-11.49
001632,天弘中证食品饮料ETF联接C,指数型-股票,39.85,0.25y,定期定额(周),-11.92,3.16,-3.104,7.7,-6.15,3.95,-11.52
159545,恒生红利低波ETF易方达,指数型-股票,71.88,0.25y,定期定额(周),-8.47,2.33,-3.645,7.7,-4.33,4.93,-11.54
270008,广发核心精选混合,混合型-偏股,6.76,0.25y,定期定额(周),-11.79,3.99,-3.264,7.7,-6.08,5.15,-11.59
513360,教育ETF博时,指数型-海外股票,2.98,0.25y,定期定额(周),-16.01,4.65,-2.699,7.7,-8.36,6.7,-11.6
021457,易方达恒生红利低波ETF联接A,指数型-股票,23.44,0.25y,定期定额(周),-8.17,2.03,-3.68,7.7,-4.17,4.66,-11.63
159736,食品饮料ETF天弘,指数型-股票,50.57,0.25y,定期定额(周),-12.52,3.34,-3.095,7.7,-6.47,4.15,-11.68
001186,富国文体健康股票A,股票型,12.06,0.25y,定期定额(周),-12.22,3.83,-3.192,7.7,-6.31,4.38,-11.69
009394,银华同力精选混合,混合型-偏股,10.39,0.25y,定期定额(周),-22.57,7.61,-2.001,15.4,-12.0,2.6,-11.7
007548,易方达ESG责任投资股票,股票型,2.3,0.25y,定期定额(周),-11.28,3.62,-3.324,7.7,-5.81,3.91,-11.72
021458,易方达恒生红利低波ETF联接C,指数型-股票,12.57,0.25y,定期定额(周),-8.25,2.02,-3.705,7.7,-4.21,4.69,-11.73
007082,平安高端制造混合A,混合型-偏股,2.63,0.25y,定期定额(周),-14.16,4.57,-2.784,0.0,-7.35,8.0,-11.74
011278,华夏内需驱动混合A,混合型-偏股,9.37,0.25y,定期定额(周),-10.98,3.32,-3.17,0.0,-5.65,6.2,-11.81
016298,中欧丰泰港股通混合C,混合型-偏股,5.65,0.25y,定期定额(周),-14.41,5.05,-2.696,0.0,-7.49,5.45,-11.81
010298,汇添富品牌驱动六个月持有混合,混合型-偏股,12.51,0.25y,定期定额(周),-9.08,3.07,-3.493,0.0,-4.65,6.56,-11.85
012690,广发消费领先混合A,混合型-偏股,3.25,0.25y,定期定额(周),-10.55,2.98,-3.245,0.0,-5.42,6.44,-11.87
007083,平安高端制造混合C,混合型-偏股,3.89,0.25y,定期定额(周),-14.34,4.58,-2.817,0.0,-7.45,8.07,-11.88
007412,景顺长城绩优成长混合A,混合型-偏股,21.28,0.25y,定期定额(周),-11.13,2.8,-3.367,7.7,-5.73,4.44,-11.9
011333,鹏华品质优选混合A,混合型-偏股,23.15,0.25y,定期定额(周),-9.54,2.28,-3.562,7.7,-4.89,4.12,-11.9
011125,富国文体健康股票C,股票型,2.64,0.25y,定期定额(周),-12.38,3.85,-3.264,7.7,-6.39,4.45,-11.92
005888,华夏新兴消费混合A,混合型-偏股,3.26,0.25y,定期定额(周),-10.96,3.68,-3.295,0.0,-5.64,6.98,-11.97
005236,银华食品饮料量化股票发起式C,股票型,4.78,0.25y,定期定额(周),-12.2,3.26,-3.268,7.7,-6.3,4.37,-11.98
016892,鹏华中证中药ETF联接C,指数型-股票,3.34,0.25y,定期定额(周),-11.8,3.19,-3.036,0.0,-6.08,4.02,-12.06
501011,汇添富中证中药ETF联接(LOF)A,指数型-股票,5.8,0.25y,定期定额(周),-11.81,3.21,-3.05,0.0,-6.09,4.03,-12.09
516130,消费龙头ETF华宝,指数型-股票,10.32,0.25y,定期定额(周),-10.38,2.65,-3.589,7.7,-5.33,5.11,-12.11
001349,富国改革动力混合,混合型-偏股,11.39,0.25y,定期定额(周),-18.48,10.05,-2.74,7.7,-9.71,7.76,-12.14
159647,中药ETF鹏华,指数型-股票,14.46,0.25y,定期定额(周),-12.34,3.37,-3.014,0.0,-6.37,4.2,-12.17
501012,汇添富中证中药ETF联接(LOF)C,指数型-股票,4.15,0.25y,定期定额(周),-11.9,3.22,-3.072,0.0,-6.14,4.07,-12.18
560080,中药ETF汇添富,指数型-股票,25.1,0.25y,定期定额(周),-12.4,3.37,-3.024,0.0,-6.4,4.22,-12.21
159707,地产ETF华宝,指数型-股票,5.7,0.25y,定期定额(周),-18.09,8.4,-3.177,15.4,-9.49,9.38,-12.23
015288,永赢优质生活混合C,混合型-偏股,3.06,0.25y,定期定额(周),-11.02,3.11,-3.31,0.0,-5.67,6.03,-12.24
070012,嘉实海外中国股票混合,QDII-混合偏股,17.97,0.25y,定期定额(周),-12.65,4.49,-3.465,7.7,-6.54,6.37,-12.25
010178,大成企业能力驱动混合A,混合型-偏股,10.76,0.25y,定期定额(周),-11.09,3.55,-3.551,7.7,-5.71,3.53,-12.26
017991,华泰柏瑞致远混合A,混合型-偏股,2.62,0.25y,定期定额(周),-19.91,9.02,-2.636,7.7,-10.51,9.73,-12.26
159768,房地产ETF银华,指数型-股票,3.51,0.25y,定期定额(周),-18.18,8.39,-3.187,15.4,-9.55,9.43,-12.28
011174,中庚价值品质一年持有期混合,混合型-偏股,8.68,0.25y,定期定额(周),-14.85,3.85,-3.016,7.7,-7.72,4.5,-12.29
000124,华宝服务优选混合,混合型-偏股,4.33,0.25y,定期定额(周),-14.06,5.18,-3.107,0.0,-7.29,8.86,-12.34
017992,华泰柏瑞致远混合C,混合型-偏股,10.47,0.25y,定期定额(周),-20.02,9.02,-2.653,7.7,-10.57,9.78,-12.34
005233,广发睿毅领先混合A,混合型-偏股,9.44,0.25y,定期定额(周),-14.05,5.16,-3.301,0.0,-7.29,13.26,-12.39
011893,易方达长期价值混合A,混合型-偏股,4.69,0.25y,定期定额(周),-9.75,3.5,-3.576,0.0,-5.0,5.18,-12.39
005812,鹏华产业精选混合A,混合型-灵活,6.32,0.25y,定期定额(周),-16.63,5.33,-2.923,7.7,-8.69,5.3,-12.45
012449,广发睿毅领先混合C,混合型-偏股,4.08,0.25y,定期定额(周),-14.13,5.16,-3.315,0.0,-7.33,13.29,-12.45
005970,国泰消费优选股票,股票型,4.59,0.25y,定期定额(周),-12.82,3.31,-3.406,7.7,-6.63,5.45,-12.46
006345,景顺长城集英两年定开混合,混合型-偏股,10.74,0.25y,定期定额(周),-11.66,2.65,-3.51,7.7,-6.01,4.57,-12.51
008190,国泰中证钢铁ETF联接C,指数型-股票,3.65,0.25y,定期定额(周),-19.32,6.41,-2.531,7.7,-10.18,3.68,-12.55
019776,鹏华产业精选混合C,混合型-灵活,3.47,0.25y,定期定额(周),-16.76,5.34,-2.949,7.7,-8.76,5.35,-12.56
501209,银华富久食品饮料精选混合(LOF)A,混合型-偏股,2.52,0.25y,定期定额(周),-14.98,4.38,-3.097,7.7,-7.79,3.17,-12.58
022522,中欧农业产业混合发起C,混合型-偏股,9.62,0.25y,价值平均法,-24.76,12.29,-2.9,33.3,-13.26,3.95,-12.59
516770,游戏ETF华泰柏瑞,指数型-股票,3.11,0.25y,定期定额(周),-16.6,5.66,-2.982,0.0,-8.68,12.38,-12.61
001466,华富永鑫灵活配置混合A,混合型-灵活,2.38,0.25y,定期定额(周),-25.24,10.4,-1.937,7.7,-13.54,7.26,-12.67
001467,华富永鑫灵活配置混合C,混合型-灵活,14.63,0.25y,定期定额(周),-25.27,10.39,-1.94,7.7,-13.55,7.26,-12.68
001810,中欧潜力价值灵活配置混合A,混合型-灵活,14.66,0.25y,定期定额(周),-14.99,4.54,-3.586,15.4,-7.8,6.47,-12.69
012729,国泰中证动漫游戏ETF联接C,指数型-股票,6.67,0.25y,定期定额(周),-16.25,5.36,-3.038,0.0,-8.49,11.8,-12.71
022481,国泰中证动漫游戏ETF联接E,指数型-股票,2.19,0.25y,定期定额(周),-16.26,5.36,-3.036,0.0,-8.49,11.8,-12.71
012768,华夏中证动漫游戏ETF发起式联接A,指数型-股票,9.32,0.25y,定期定额(周),-16.29,5.39,-3.042,0.0,-8.51,11.93,-12.72
159843,食品饮料ETF招商,指数型-股票,4.06,0.25y,定期定额(周),-13.43,3.16,-3.337,7.7,-6.96,4.0,-12.72
012769,华夏中证动漫游戏ETF发起式联接C,指数型-股票,17.59,0.25y,定期定额(周),-16.35,5.39,-3.051,0.0,-8.54,11.95,-12.76
019260,富国恒生红利ETF联接A,指数型-股票,13.2,0.25y,定期定额(周),-7.99,2.07,-3.886,0.0,-4.08,5.16,-12.77
010196,易方达核心优势股票A,股票型,25.22,0.25y,定期定额(周),-12.44,3.27,-3.532,7.7,-6.42,3.91,-12.78
011188,信澳星奕混合A,混合型-偏股,10.26,0.25y,定期定额(周),-14.41,4.84,-3.603,7.7,-7.49,10.75,-12.8
019261,富国恒生红利ETF联接C,指数型-股票,10.7,0.25y,定期定额(周),-8.03,2.07,-3.909,0.0,-4.1,5.18,-12.84
005764,中欧潜力价值灵活配置混合C,混合型-灵活,10.29,0.25y,定期定额(周),-15.17,4.54,-3.629,15.4,-7.89,6.55,-12.85
515210,钢铁ETF国泰,指数型-股票,31.98,0.25y,定期定额(周),-20.33,6.75,-2.518,7.7,-10.74,3.92,-12.85
516010,游戏ETF国泰,指数型-股票,22.83,0.25y,定期定额(周),-17.01,5.7,-3.02,0.0,-8.9,12.5,-12.85
010197,易方达核心优势股票C,股票型,5.29,0.25y,定期定额(周),-12.53,3.27,-3.557,7.7,-6.48,3.95,-12.88
000083,汇添富消费行业混合,混合型-偏股,72.83,0.25y,定期定额(周),-11.04,2.85,-3.542,0.0,-5.68,6.07,-12.89
159869,游戏ETF华夏,指数型-股票,85.78,0.25y,定期定额(周),-17.11,5.71,-3.033,0.0,-8.96,12.55,-12.92
010429,中欧睿见混合A,混合型-偏股,6.66,0.25y,定期定额(周),-11.91,4.16,-3.568,0.0,-6.14,7.17,-12.94
011223,信澳星奕混合C,混合型-偏股,3.02,0.25y,定期定额(周),-14.58,4.85,-3.639,7.7,-7.58,10.82,-12.95
160627,鹏华策略优选灵活配置混合,混合型-灵活,2.78,0.25y,定期定额(周),-10.89,2.29,-3.763,7.7,-5.6,3.74,-13.03
240001,华宝宝康消费品,混合型-平衡,6.64,0.25y,定期定额(周),-8.79,2.16,-3.839,0.0,-4.5,4.21,-13.07
015481,中欧睿见混合C,混合型-偏股,3.37,0.25y,定期定额(周),-12.1,4.17,-3.613,0.0,-6.25,7.23,-13.12
160222,国泰国证食品饮料行业(LOF)A,指数型-股票,27.12,0.25y,定期定额(周),-13.41,3.06,-3.499,7.7,-6.95,3.93,-13.16
016502,永赢新兴消费智选混合发起A,混合型-偏股,2.37,0.25y,定期定额(周),-16.3,3.81,-3.156,7.7,-8.51,4.96,-13.18
560680,消费ETF广发,指数型-股票,2.57,0.25y,定期定额(周),-16.51,3.52,-3.314,15.4,-8.63,2.73,-13.19
015040,国泰国证食品饮料行业(LOF)C,指数型-股票,2.24,0.25y,定期定额(周),-13.47,3.05,-3.517,7.7,-6.98,3.96,-13.22
200008,长城品牌优选混合A,混合型-偏股,8.82,0.25y,定期定额(周),-11.76,3.59,-3.593,0.0,-6.07,5.36,-13.22
009180,嘉实中证主要消费ETF发起联接C,指数型-股票,5.19,0.25y,定期定额(周),-16.0,3.36,-3.404,15.4,-8.35,2.68,-13.25
016503,永赢新兴消费智选混合发起C,混合型-偏股,8.46,0.25y,定期定额(周),-16.38,3.82,-3.176,7.7,-8.56,5.0,-13.26
012057,鹏华品质成长混合A,混合型-偏股,3.3,0.25y,定期定额(周),-10.55,2.47,-3.686,0.0,-5.42,4.57,-13.31
512600,消费ETF嘉实,指数型-股票,9.53,0.25y,定期定额(周),-16.73,3.54,-3.369,15.4,-8.75,2.77,-13.41
008975,富国中证消费50ETF联接A,指数型-股票,6.92,0.25y,定期定额(周),-12.52,2.55,-3.684,7.7,-6.47,3.86,-13.42
000248,汇添富中证主要消费ETF联接A,指数型-股票,40.45,0.25y,定期定额(周),-16.17,3.38,-3.454,15.4,-8.44,2.68,-13.44
013125,华夏食品饮料ETF联接A,指数型-股票,3.46,0.25y,定期定额(周),-13.93,3.19,-3.558,7.7,-7.22,4.13,-13.46
515650,消费50ETF富国,指数型-股票,35.06,0.25y,定期定额(周),-12.88,2.6,-3.654,7.7,-6.66,4.02,-13.46
012857,汇添富中证主要消费ETF联接C,指数型-股票,12.34,0.25y,定期定额(周),-16.22,3.38,-3.467,15.4,-8.47,2.71,-13.49
011847,易方达商业模式优选混合A,混合型-偏股,6.84,0.25y,定期定额(周),-11.7,3.54,-3.698,0.0,-6.03,4.95,-13.51
013126,华夏食品饮料ETF联接C,指数型-股票,3.24,0.25y,定期定额(周),-14.0,3.2,-3.569,7.7,-7.26,4.17,-13.51
515710,食品饮料ETF华宝,指数型-股票,13.82,0.25y,定期定额(周),-14.4,3.33,-3.52,7.7,-7.48,4.29,-13.51
008976,富国中证消费50ETF联接C,指数型-股票,3.81,0.25y,定期定额(周),-12.61,2.56,-3.717,7.7,-6.52,3.9,-13.53
161721,招商沪深300地产等权重指数A,指数型-股票,2.67,0.25y,定期定额(周),-16.94,6.47,-3.604,7.7,-8.86,10.9,-13.6
013273,招商沪深300地产等权重指数C,指数型-股票,7.88,0.25y,定期定额(周),-16.98,6.46,-3.608,7.7,-8.88,10.9,-13.63
159862,食品饮料ETF银华,指数型-股票,2.04,0.25y,定期定额(周),-14.57,3.34,-3.551,7.7,-7.57,4.29,-13.65
160611,鹏华优质治理混合(LOF)A,混合型-偏股,11.72,0.25y,定期定额(周),-17.8,5.32,-3.253,7.7,-9.33,6.1,-13.65
159928,消费ETF汇添富,指数型-股票,199.95,0.25y,定期定额(周),-17.03,3.55,-3.438,15.4,-8.91,2.83,-13.69
009852,银华品质消费股票A,股票型,3.84,0.25y,定期定额(周),-14.89,4.2,-3.416,0.0,-7.74,7.66,-13.7
002332,汇丰晋信沪港深A,股票型,2.93,0.25y,定期定额(周),-13.65,4.02,-3.569,0.0,-7.08,6.42,-13.74
019789,鹏华优质治理混合(LOF)C,混合型-偏股,2.69,0.25y,定期定额(周),-17.93,5.33,-3.283,7.7,-9.41,6.16,-13.77
002333,汇丰晋信沪港深C,股票型,4.51,0.25y,定期定额(周),-13.76,4.02,-3.597,0.0,-7.13,6.46,-13.85
011153,华宝新兴消费混合A,混合型-偏股,5.78,0.25y,定期定额(周),-13.13,2.83,-3.846,7.7,-6.8,4.63,-13.91
004317,前海开源沪港深裕鑫C,混合型-灵活,3.48,0.25y,定期定额(周),-17.41,6.45,-3.522,7.7,-9.12,7.38,-13.93
260108,景顺长城新兴成长混合A,混合型-偏股,132.23,0.25y,定期定额(周),-12.17,2.99,-3.826,0.0,-6.28,5.63,-14.08
008099,广发价值领先混合A,混合型-偏股,23.56,0.25y,定期定额(周),-16.82,6.48,-3.709,0.0,-8.8,15.76,-14.1
159691,港股红利ETF工银,指数型-股票,69.41,0.25y,定期定额(周),-10.83,1.99,-3.864,0.0,-5.57,4.24,-14.12
012420,广发价值领先混合C,混合型-偏股,8.65,0.25y,定期定额(周),-16.95,6.48,-3.729,0.0,-8.87,15.8,-14.2
159699,恒生消费ETF广发,指数型-海外股票,9.68,0.25y,定期定额(周),-13.79,4.88,-3.965,0.0,-7.15,10.23,-14.28
590003,中邮核心优势灵活配置混合A,混合型-灵活,11.63,0.25y,定期定额(周),-21.09,5.95,-3.236,15.4,-11.17,3.05,-14.34
501071,泓德丰泽混合(LOF)A,混合型-偏股,2.31,0.25y,定期定额(周),-12.42,4.14,-4.261,7.7,-6.42,4.76,-14.35
513970,恒生消费ETF景顺,指数型-海外股票,25.84,0.25y,定期定额(周),-13.84,4.89,-3.986,0.0,-7.18,10.23,-14.35
010341,招商产业精选股票A,股票型,10.43,0.25y,定期定额(周),-18.04,5.66,-3.569,7.7,-9.47,7.39,-14.36
017998,中欧融恒平衡混合A,混合型-灵活,7.22,0.25y,定期定额(周),-11.03,2.89,-4.405,7.7,-5.68,4.86,-14.38
540007,汇丰晋信中小盘股票,股票型,21.31,0.25y,定期定额(周),-17.54,5.35,-3.472,0.0,-9.19,10.77,-14.4
000968,广发养老指数A,指数型-股票,12.77,0.25y,定期定额(周),-15.35,3.53,-3.53,0.0,-8.0,5.79,-14.49
019102,景顺长城恒生消费ETF联接(QDII)A,指数型-海外股票,2.07,0.25y,定期定额(周),-13.53,4.72,-4.079,0.0,-7.01,9.87,-14.52
017999,中欧融恒平衡混合C,混合型-灵活,6.05,0.25y,定期定额(周),-11.16,2.89,-4.456,7.7,-5.75,4.92,-14.56
019103,景顺长城恒生消费ETF联接(QDII)C,指数型-海外股票,2.67,0.25y,定期定额(周),-13.59,4.73,-4.09,0.0,-7.04,9.89,-14.57
021074,华夏中证沪深港黄金产业股票ETF发起式联接A,指数型-股票,4.56,0.25y,定期定额(周),-26.44,10.16,-2.641,7.7,-14.23,9.69,-14.64
021362,易方达黄金股指数发起式A,指数型-股票,4.16,0.25y,定期定额(周),-26.57,10.21,-2.628,7.7,-14.31,9.77,-14.64
021075,华夏中证沪深港黄金产业股票ETF发起式联接C,指数型-股票,28.47,0.25y,定期定额(周),-26.47,10.16,-2.646,7.7,-14.25,9.71,-14.66
021958,南方黄金股A,指数型-股票,4.19,0.25y,定期定额(周),-26.59,10.18,-2.625,7.7,-14.32,9.64,-14.66
021959,南方黄金股C,指数型-股票,8.55,0.25y,定期定额(周),-26.59,10.18,-2.625,7.7,-14.32,9.65,-14.66
021363,易方达黄金股指数发起式C,指数型-股票,7.29,0.25y,定期定额(周),-26.62,10.22,-2.635,7.7,-14.34,9.79,-14.68
021674,国泰黄金股ETF联接C,指数型-股票,5.3,0.25y,定期定额(周),-26.39,9.42,-2.652,7.7,-14.2,9.39,-14.72
001300,大成睿景灵活配置混合A,混合型-灵活,19.44,0.25y,定期定额(周),-22.87,5.63,-2.749,7.7,-12.18,1.87,-14.73
090018,大成新锐产业混合A,混合型-偏股,44.04,0.25y,定期定额(周),-22.58,5.72,-2.811,7.7,-12.01,2.21,-14.73
018460,大成新锐产业混合C,混合型-偏股,5.33,0.25y,定期定额(周),-22.68,5.73,-2.836,7.7,-12.07,2.26,-14.82
020411,永赢中证沪深港黄金产业股票ETF发起联接A,指数型-股票,8.43,0.25y,定期定额(周),-26.84,10.1,-2.663,7.7,-14.46,9.83,-14.83
001301,大成睿景灵活配置混合C,混合型-灵活,8.85,0.25y,定期定额(周),-23.03,5.66,-2.785,7.7,-12.27,1.94,-14.87
020412,永赢中证沪深港黄金产业股票ETF发起联接C,指数型-股票,15.84,0.25y,定期定额(周),-26.89,10.1,-2.671,7.7,-14.5,9.85,-14.87
007291,汇丰晋信港股通双核策略混合,混合型-偏股,20.11,0.25y,定期定额(周),-18.0,6.0,-3.751,0.0,-9.44,13.36,-14.94
018439,财通资管品质消费混合发起式C,混合型-偏股,2.93,0.25y,定期定额(周),-16.74,4.93,-3.795,0.0,-8.75,10.8,-14.95
161729,招商瑞利灵活配置混合(LOF)A,混合型-灵活,5.17,0.25y,定期定额(周),-18.49,5.34,-3.708,7.7,-9.72,6.8,-14.98
517400,黄金股ETF国泰,指数型-股票,14.29,0.25y,定期定额(周),-27.8,10.82,-2.626,7.7,-15.03,10.18,-15.02
159562,黄金股ETF华夏,指数型-股票,62.99,0.25y,定期定额(周),-27.77,10.77,-2.634,7.7,-15.01,10.13,-15.04
217021,招商优势企业混合A,混合型-偏股,11.45,0.25y,定期定额(周),-19.04,5.67,-3.687,7.7,-10.02,7.47,-15.04
159322,黄金股ETF平安,指数型-股票,2.36,0.25y,定期定额(周),-27.81,10.76,-2.644,7.7,-15.03,10.18,-15.07
159321,黄金股ETF华安,指数型-股票,6.68,0.25y,定期定额(周),-27.8,10.72,-2.653,7.7,-15.03,10.14,-15.1
159315,黄金股ETF工银,指数型-股票,3.45,0.25y,定期定额(周),-27.92,10.77,-2.648,7.7,-15.1,10.17,-15.12
017821,招商优势企业混合C,混合型-偏股,3.45,0.25y,定期定额(周),-19.16,5.67,-3.714,7.7,-10.09,7.52,-15.14
517520,黄金股ETF永赢,指数型-股票,128.21,0.25y,定期定额(周),-28.12,10.87,-2.652,7.7,-15.22,10.27,-15.19
001382,易方达国企改革混合,混合型-偏股,2.16,0.25y,定期定额(周),-14.61,3.97,-4.304,7.7,-7.59,5.4,-15.3
167301,方正富邦中证保险A,指数型-股票,16.69,0.25y,定期定额(周),-16.89,5.69,-3.853,0.0,-8.84,8.02,-15.34
012227,景顺长城港股通全球竞争力A,混合型-偏股,5.55,0.25y,定期定额(周),-16.89,3.49,-3.87,7.7,-8.83,3.74,-15.41
012228,景顺长城港股通全球竞争力C,混合型-偏股,6.84,0.25y,定期定额(周),-16.96,3.5,-3.888,7.7,-8.88,3.78,-15.48
012582,交银品质增长一年混合A,混合型-偏股,10.39,0.25y,定期定额(周),-16.08,4.33,-3.944,0.0,-8.39,7.55,-15.48
010454,交银内需增长一年持有混合,混合型-偏股,11.75,0.25y,定期定额(周),-16.13,4.34,-3.944,0.0,-8.42,7.53,-15.5
018099,方正富邦中证保险C,指数型-股票,13.63,0.25y,定期定额(周),-17.03,5.67,-3.899,0.0,-8.91,8.05,-15.5
012519,大成核心趋势混合A,混合型-偏股,5.78,0.25y,定期定额(周),-20.47,5.3,-3.521,7.7,-10.82,4.56,-15.51
012520,大成核心趋势混合C,混合型-偏股,2.09,0.25y,定期定额(周),-20.49,5.3,-3.528,7.7,-10.83,4.57,-15.54
017881,工银精选回报混合A,混合型-偏股,5.51,0.25y,定期定额(周),-11.03,6.15,-4.974,0.0,-5.67,10.94,-15.56
011583,大成港股精选混合(QDII)A,QDII-混合偏股,6.1,0.25y,定期定额(周),-19.76,6.46,-3.609,0.0,-10.43,9.8,-15.57
110022,易方达消费行业股票,股票型,126.86,0.25y,定期定额(周),-14.47,3.01,-4.378,7.7,-7.51,5.73,-15.63
009342,易方达优质企业三年持有期混合,混合型-偏股,21.66,0.25y,定期定额(周),-15.38,2.78,-4.17,7.7,-8.01,5.04,-15.64
004424,汇添富文体娱乐混合A,混合型-偏股,10.61,0.25y,定期定额(周),-16.25,3.29,-3.884,0.0,-8.49,7.36,-15.65
011584,大成港股精选混合(QDII)C,QDII-混合偏股,7.64,0.25y,定期定额(周),-19.88,6.46,-3.631,0.0,-10.49,9.85,-15.67
002621,中欧消费主题股票A,股票型,4.03,0.25y,定期定额(周),-15.53,3.3,-4.366,7.7,-8.09,4.91,-16.03
017970,摩根海外稳健配置混合(QDII-FOF)人民币A,QDII-FOF,14.31,0.25y,定期定额(周),-1.27,0.37,-6.002,0.0,-0.64,0.78,-16.05
110011,易方达优质精选混合(QDII),QDII-混合偏股,95.44,0.25y,定期定额(周),-16.54,3.06,-4.225,7.7,-8.64,5.95,-16.07
002697,中欧消费主题股票C,股票型,3.61,0.25y,定期定额(周),-15.7,3.31,-4.425,7.7,-8.18,4.98,-16.24
513660,恒生ETF华夏,指数型-股票,43.8,0.25y,价值平均法,-46.37,51.37,-2.305,33.3,-26.77,25.95,-16.25
010104,景顺长城消费精选混合A,混合型-偏股,7.44,0.25y,定期定额(周),-15.38,3.5,-4.287,0.0,-8.01,7.09,-16.27
159735,港股消费ETF银华,指数型-股票,7.7,0.25y,定期定额(周),-16.05,5.04,-4.432,0.0,-8.38,10.44,-16.29
513070,港股通消费ETF易方达,指数型-股票,19.84,0.25y,定期定额(周),-16.18,5.11,-4.419,0.0,-8.45,10.52,-16.29
513230,港股通消费ETF华夏,指数型-股票,4.65,0.25y,定期定额(周),-16.3,5.12,-4.43,0.0,-8.51,10.55,-16.36
005827,易方达蓝筹精选混合,混合型-偏股,267.93,0.25y,定期定额(周),-16.44,3.03,-4.36,7.7,-8.59,5.68,-16.4
010326,博时消费创新混合A,混合型-偏股,5.67,0.25y,定期定额(周),-17.95,3.53,-3.926,0.0,-9.42,7.1,-16.4
001887,中欧价值智选混合E,混合型-灵活,5.67,0.25y,定期定额(周),-17.79,3.65,-4.453,15.4,-9.33,3.65,-16.43
166019,中欧价值智选混合A,混合型-灵活,18.77,0.25y,定期定额(周),-17.79,3.65,-4.455,15.4,-9.33,3.65,-16.43
005505,前海开源中药股票A,股票型,2.81,0.25y,定期定额(周),-14.97,3.05,-4.282,0.0,-7.79,4.44,-16.48
006252,永赢消费主题A,混合型-灵活,3.14,0.25y,定期定额(周),-17.89,3.58,-3.917,0.0,-9.38,5.47,-16.51
160632,鹏华酒A,指数型-股票,16.1,0.25y,定期定额(周),-17.74,4.07,-4.336,7.7,-9.3,6.25,-16.52
006253,永赢消费主题C,混合型-灵活,4.17,0.25y,定期定额(周),-17.93,3.58,-3.929,0.0,-9.41,5.49,-16.55
005506,前海开源中药股票C,股票型,2.9,0.25y,定期定额(周),-15.03,3.05,-4.303,0.0,-7.82,4.46,-16.56
012043,鹏华酒C,指数型-股票,10.41,0.25y,定期定额(周),-17.79,4.07,-4.358,7.7,-9.33,6.27,-16.6
510081,长盛动态精选混合,混合型-灵活,2.11,0.25y,定期定额(周),-14.99,3.61,-4.783,7.7,-7.8,6.47,-16.62
004235,中欧价值智选混合C,混合型-灵活,10.27,0.25y,定期定额(周),-17.96,3.66,-4.514,15.4,-9.42,3.73,-16.64
512690,酒ETF鹏华,指数型-股票,175.21,0.25y,定期定额(周),-18.36,4.27,-4.314,7.7,-9.64,6.43,-16.66
020512,摩根海外稳健配置混合(QDII-FOF)人民币C,QDII-FOF,2.25,0.25y,定期定额(周),-1.37,0.38,-6.282,0.0,-0.69,0.83,-16.81
010826,大成产业趋势混合A,混合型-偏股,36.01,0.25y,定期定额(周),-25.55,6.12,-3.281,7.7,-13.72,3.84,-16.83
010827,大成产业趋势混合C,混合型-偏股,32.64,0.25y,定期定额(周),-25.7,6.13,-3.316,7.7,-13.8,3.92,-16.96
004814,中欧红利优享混合A,混合型-灵活,104.07,0.25y,定期定额(周),-15.7,3.7,-4.827,7.7,-8.18,6.64,-16.98
014224,大成聚优成长混合A,混合型-偏股,11.71,0.25y,定期定额(周),-24.9,5.82,-3.432,7.7,-13.34,3.79,-17.0
014225,大成聚优成长混合C,混合型-偏股,17.65,0.25y,定期定额(周),-24.97,5.83,-3.448,7.7,-13.38,3.82,-17.06
004815,中欧红利优享混合C,混合型-灵活,74.18,0.25y,定期定额(周),-15.87,3.71,-4.881,7.7,-8.28,6.72,-17.17
009265,易方达消费精选股票,股票型,28.25,0.25y,定期定额(周),-17.59,3.81,-4.55,0.0,-9.22,8.28,-17.63
562510,旅游ETF华夏,指数型-股票,5.02,0.25y,定期定额(周),-21.92,4.61,-4.154,0.0,-11.63,10.52,-17.96
012414,招商中证白酒指数(LOF)C,指数型-股票,143.83,0.25y,定期定额(周),-20.05,4.67,-4.654,7.7,-10.59,7.22,-18.02
161725,招商中证白酒指数(LOF)A,指数型-股票,258.37,0.25y,定期定额(周),-20.04,4.67,-4.656,7.7,-10.58,7.22,-18.02
673073,西部利得新动力混合C,混合型-灵活,2.04,0.25y,定期定额(周),-34.14,10.65,-2.934,7.7,-18.85,9.87,-18.17
159766,旅游ETF富国,指数型-股票,56.76,0.25y,定期定额(周),-22.33,4.62,-4.219,0.0,-11.87,10.59,-18.27
018409,中欧价值回报混合A,混合型-偏股,25.75,0.25y,定期定额(周),-16.21,3.82,-4.994,0.0,-8.46,6.98,-18.31
018410,中欧价值回报混合C,混合型-偏股,21.45,0.25y,定期定额(周),-16.38,3.82,-5.051,0.0,-8.55,7.06,-18.51
013435,大成景气精选六个月持有混合A,混合型-偏股,11.2,0.25y,定期定额(周),-26.48,6.16,-4.089,7.7,-14.25,5.91,-18.99
014404,中欧多元价值三年持有混合A,混合型-偏股,4.67,0.25y,定期定额(周),-21.06,3.88,-5.425,7.7,-11.15,4.7,-20.78
013220,中欧新兴价值一年持有混合A,混合型-偏股,9.15,0.25y,定期定额(周),-20.9,3.83,-5.455,7.7,-11.06,4.8,-20.79
013221,中欧新兴价值一年持有混合C,混合型-偏股,3.81,0.25y,定期定额(周),-21.06,3.83,-5.51,7.7,-11.15,4.87,-20.99
159305,储能电池ETF广发,指数型-股票,6.01,0.25y,价值平均法,-70.52,51.37,-1.581,66.7,-45.71,-1.74,-22.41
515050,通信ETF华夏,指数型-股票,78.02,0.25y,定期定额(周),-76.22,66.37,-0.861,53.8,-51.24,0.57,-23.62
512930,AI人工智能ETF平安,指数型-股票,31.01,0.25y,价值平均法,-90.37,76.3,-1.325,66.7,-68.97,0.09,-28.5
516780,稀土ETF华泰柏瑞,指数型-股票,28.42,0.25y,定期定额(周),-75.31,50.24,-2.203,30.8,-50.31,2.12,-28.87
004320,前海开源沪港深乐享生活,混合型-灵活,10.57,0.5y,价值平均法,238.29,8.13,4.092,100.0,83.93,-61.33,103.36
501046,财通多策略福鑫定开混合,混合型-灵活,3.35,0.5y,价值平均法,206.4,6.46,3.261,100.0,75.04,-24.62,94.32
011369,华商均衡成长混合A,混合型-偏股,26.39,0.5y,价值平均法,204.05,7.11,4.128,100.0,74.37,-44.34,93.05
011370,华商均衡成长混合C,混合型-偏股,43.04,0.5y,价值平均法,202.81,7.11,4.114,100.0,74.02,-44.06,92.56
018816,方正富邦核心优势混合C,混合型-偏股,5.54,0.5y,价值平均法,209.01,16.79,2.927,100.0,75.79,-25.56,90.4
006502,财通集成电路产业股票A,股票型,5.05,0.5y,价值平均法,194.01,6.93,3.167,100.0,71.47,-22.0,89.22
014915,财通匠心优选一年持有混合A,混合型-偏股,2.43,0.5y,价值平均法,197.06,6.45,3.185,80.0,72.35,-22.23,88.82
006503,财通集成电路产业股票C,股票型,8.0,0.5y,价值平均法,192.54,6.95,3.149,100.0,71.04,-21.66,88.64
021528,财通成长优选混合C,混合型-灵活,11.17,0.5y,价值平均法,189.62,7.02,3.127,100.0,70.18,-21.61,87.42
016874,广发远见智选混合C,混合型-偏股,106.55,0.5y,价值平均法,193.38,8.58,3.792,100.0,71.28,-43.26,87.34
016873,广发远见智选混合A,混合型-偏股,13.31,0.5y,价值平均法,194.46,8.57,3.804,80.0,71.6,-43.47,85.76
001480,财通成长优选混合A,混合型-灵活,21.89,0.5y,价值平均法,190.42,7.01,3.134,80.0,70.42,-21.76,85.74
001753,红土创新新兴产业混合A,混合型-灵活,15.31,0.5y,价值平均法,187.21,8.0,3.495,100.0,69.47,-34.02,85.54
008528,华泰柏瑞质量成长A,混合型-偏股,14.95,0.5y,价值平均法,185.4,8.08,3.405,100.0,68.94,-42.06,83.78
006265,红土创新新科技股票A,股票型,6.17,0.5y,价值平均法,181.41,7.36,3.77,100.0,67.75,-43.6,83.49
011452,华泰柏瑞质量成长C,混合型-偏股,76.48,0.5y,价值平均法,184.42,8.09,3.395,100.0,68.65,-41.83,83.41
010415,华泰柏瑞质量精选混合A,混合型-偏股,8.47,0.5y,价值平均法,179.02,7.57,3.377,100.0,67.04,-36.22,82.21
011891,易方达先锋成长混合A,混合型-偏股,20.9,0.5y,价值平均法,180.52,8.07,3.457,100.0,67.49,-41.16,82.18
010416,华泰柏瑞质量精选混合C,混合型-偏股,13.2,0.5y,价值平均法,178.59,7.57,3.37,100.0,66.91,-36.07,82.04
011892,易方达先锋成长混合C,混合型-偏股,23.2,0.5y,价值平均法,179.7,8.08,3.448,100.0,67.24,-40.95,81.87
011412,易方达远见成长混合C,混合型-偏股,22.95,0.5y,价值平均法,178.64,8.08,3.429,100.0,66.92,-40.59,81.46
013613,宝盈国家安全沪港深股票C,股票型,2.35,0.5y,价值平均法,177.09,9.0,4.297,100.0,66.46,-52.6,81.4
001438,易方达瑞享混合E,混合型-灵活,24.93,0.5y,价值平均法,175.67,7.42,3.526,100.0,66.03,-38.28,81.2
002692,富国创新科技混合A,混合型-偏股,45.78,0.5y,价值平均法,173.47,7.4,3.452,100.0,65.37,-30.98,80.93
017612,宏利复兴混合C,混合型-灵活,18.61,0.5y,价值平均法,173.09,7.58,3.404,100.0,65.25,-28.98,80.76
008326,东财通信A,指数型-股票,3.04,0.5y,价值平均法,171.09,6.81,3.92,100.0,64.65,-40.21,80.68
011120,富国创新科技混合C,混合型-偏股,32.83,0.5y,价值平均法,172.48,7.37,3.441,100.0,65.07,-30.79,80.57
008327,东财通信C,指数型-股票,11.67,0.5y,价值平均法,170.66,6.81,3.913,100.0,64.52,-40.09,80.51
001877,宝盈国家安全沪港深股票A,股票型,5.26,0.5y,价值平均法,178.15,8.97,4.313,80.0,66.78,-52.93,79.81
001184,易方达新常态灵活配置混合,混合型-灵活,28.84,0.5y,价值平均法,164.56,6.41,3.901,100.0,62.65,-27.23,79.76
010115,易方达远见成长混合A,混合型-偏股,29.33,0.5y,价值平均法,179.43,8.08,3.438,80.0,67.16,-40.8,79.76
019829,华夏数字产业混合A,混合型-偏股,3.57,0.5y,价值平均法,167.81,6.52,3.34,100.0,63.65,-26.67,79.56
001437,易方达瑞享混合I,混合型-灵活,31.99,0.5y,价值平均法,176.03,7.41,3.53,80.0,66.14,-38.37,79.35
513310,中韩半导体ETF华泰柏瑞,指数型-海外股票,52.15,0.5y,价值平均法,181.16,19.78,3.022,100.0,67.68,-36.73,79.12
001170,宏利复兴混合A,混合型-灵活,13.02,0.5y,价值平均法,173.54,7.55,3.408,80.0,65.39,-29.11,78.94
019830,华夏数字产业混合C,混合型-偏股,6.17,0.5y,价值平均法,166.79,6.54,3.325,80.0,63.34,-26.4,77.15
020723,国寿安保数字经济股票发起式C,股票型,2.09,0.5y,价值平均法,162.71,8.44,3.663,100.0,62.08,-38.39,76.12
005825,申万菱信智能驱动股票A,股票型,3.91,0.5y,价值平均法,162.54,10.3,3.555,100.0,62.03,-28.21,76.11
001521,国寿安保成长优选股票A,股票型,2.99,0.5y,价值平均法,160.3,13.28,4.183,100.0,61.34,-28.88,76.09
014023,宏利景气领航两年持有混合,混合型-偏股,6.18,0.5y,价值平均法,168.43,8.52,3.198,80.0,63.84,-28.19,76.08
008382,融通产业趋势股票,股票型,3.56,0.5y,价值平均法,169.5,9.11,2.997,80.0,64.16,-28.2,75.72
162201,宏利成长混合,混合型-灵活,20.57,0.5y,价值平均法,160.17,7.89,3.283,100.0,61.3,-27.71,75.56
001075,宝盈转型动力混合A,混合型-灵活,13.21,0.5y,价值平均法,157.63,7.78,3.625,100.0,60.51,-34.68,74.82
015389,宝盈转型动力混合C,混合型-灵活,13.81,0.5y,价值平均法,156.82,7.8,3.612,100.0,60.26,-34.45,74.49
017811,东方人工智能主题混合C,混合型-偏股,97.6,0.5y,价值平均法,162.5,15.93,3.345,100.0,62.02,-32.72,74.01
720001,财通价值动量混合A,混合型-灵活,27.22,0.5y,价值平均法,151.67,5.85,3.117,100.0,58.64,-20.76,73.99
015159,申万菱信智能驱动股票C,股票型,12.82,0.5y,价值平均法,161.9,10.32,3.545,80.0,61.83,-28.04,73.86
021523,财通价值动量混合C,混合型-灵活,4.2,0.5y,价值平均法,151.09,5.84,3.108,100.0,58.46,-20.6,73.77
460007,华泰柏瑞行业领先混合,混合型-偏股,2.65,0.5y,价值平均法,155.08,7.08,3.385,100.0,59.71,-34.05,73.71
001198,东方惠新灵活配置混合A,混合型-灵活,2.26,0.5y,价值平均法,159.77,13.75,3.227,100.0,61.17,-26.82,73.63
010622,恒越成长精选混合A,混合型-偏股,4.37,0.5y,价值平均法,159.72,15.1,3.725,100.0,61.16,-38.0,73.53
016370,信澳业绩驱动混合A,混合型-偏股,8.76,0.5y,价值平均法,159.35,9.61,2.9,100.0,61.04,-28.29,73.51
010623,恒越成长精选混合C,混合型-偏股,5.88,0.5y,价值平均法,159.22,15.11,3.717,100.0,61.0,-37.83,73.34
016371,信澳业绩驱动混合C,混合型-偏股,28.5,0.5y,价值平均法,158.35,9.63,2.888,100.0,60.73,-28.04,73.13
005844,东方人工智能主题混合A,混合型-偏股,10.29,0.5y,价值平均法,163.14,15.91,3.355,80.0,62.22,-32.9,72.25
002163,东方惠新灵活配置混合C,混合型-灵活,2.64,0.5y,价值平均法,159.29,13.77,3.22,80.0,61.03,-26.69,71.45
008555,华商龙头优势混合,混合型-偏股,9.82,0.5y,价值平均法,155.12,7.7,3.481,80.0,59.73,-36.18,71.41
007490,南方信息创新混合A,混合型-偏股,31.49,0.5y,价值平均法,153.56,13.03,3.44,100.0,59.24,-33.68,71.34
002892,华夏移动互联混合美元现汇,QDII-混合灵活,6.69,0.5y,价值平均法,155.86,12.58,3.429,80.0,59.96,-24.06,71.2
002893,华夏移动互联混合美元现钞,QDII-混合灵活,6.69,0.5y,价值平均法,155.86,12.58,3.429,80.0,59.96,-24.06,71.2
519158,新华趋势领航混合,混合型-偏股,4.38,0.5y,价值平均法,153.93,17.04,3.51,100.0,59.35,-35.4,70.92
017102,大摩数字经济混合A,混合型-偏股,46.08,0.5y,价值平均法,149.92,10.16,3.349,100.0,58.09,-29.26,70.87
007491,南方信息创新混合C,混合型-偏股,27.56,0.5y,价值平均法,152.3,13.07,3.42,100.0,58.84,-33.29,70.86
008988,大成科技创新混合A,混合型-偏股,10.93,0.5y,价值平均法,148.94,9.26,2.982,100.0,57.78,-21.25,70.68
017103,大摩数字经济混合C,混合型-偏股,30.94,0.5y,价值平均法,148.99,10.21,3.333,100.0,57.79,-28.99,70.5
008989,大成科技创新混合C,混合型-偏股,29.82,0.5y,价值平均法,148.35,9.27,2.973,100.0,57.59,-21.1,70.44
001040,新华策略精选股票A,股票型,7.85,0.5y,价值平均法,151.86,16.61,3.483,100.0,58.7,-33.8,70.31
016664,天弘全球高端制造混合(QDII)A,QDII-混合偏股,5.61,0.5y,价值平均法,146.04,11.58,3.729,100.0,56.86,-29.7,69.99
013389,华夏成长先锋一年持有混合A,混合型-偏股,5.86,0.5y,价值平均法,142.7,8.72,3.677,100.0,55.79,-25.6,69.85
016665,天弘全球高端制造混合(QDII)C,QDII-混合偏股,14.25,0.5y,价值平均法,145.55,11.6,3.721,100.0,56.7,-29.56,69.8
001105,信澳转型创新股票A,股票型,2.06,0.5y,价值平均法,145.53,11.16,3.344,100.0,56.69,-23.48,69.56
519770,交银优择回报灵活配置混合A,混合型-灵活,14.7,0.5y,价值平均法,146.22,12.45,3.26,100.0,56.91,-22.53,69.42
013840,银华集成电路混合A,混合型-偏股,26.25,0.5y,价值平均法,148.94,14.58,3.249,100.0,57.78,-30.16,69.28
539002,建信新兴市场混合(QDII)A,QDII-混合偏股,11.2,0.5y,价值平均法,141.55,9.42,3.571,100.0,55.42,-23.1,69.17
013841,银华集成电路混合C,混合型-偏股,52.92,0.5y,价值平均法,148.62,14.59,3.244,100.0,57.68,-30.06,69.16
002891,华夏移动互联混合人民币,QDII-混合灵活,6.69,0.5y,价值平均法,144.98,12.61,3.248,100.0,56.52,-20.98,69.07
018147,建信新兴市场混合(QDII)C,QDII-混合偏股,34.49,0.5y,价值平均法,140.94,9.44,3.556,100.0,55.22,-22.93,68.91
570008,诺德周期策略混合,混合型-偏股,9.08,0.5y,价值平均法,143.68,8.48,3.123,100.0,56.1,-27.3,68.76
001048,富国新兴产业股票A,股票型,66.66,0.5y,价值平均法,139.07,6.98,3.156,100.0,54.62,-18.01,68.75
015686,富国新兴产业股票C,股票型,20.43,0.5y,价值平均法,138.2,7.03,3.139,100.0,54.34,-17.77,68.37
501018,南方原油A,QDII-商品,15.87,0.5y,价值平均法,148.7,12.54,2.895,80.0,57.7,-13.13,68.34
002770,安信新回报混合A,混合型-灵活,2.03,0.5y,价值平均法,147.02,11.0,3.018,80.0,57.17,-14.53,68.22
009993,嘉实前沿创新混合,混合型-偏股,15.57,0.5y,价值平均法,138.54,7.15,3.378,100.0,54.45,-26.92,68.11
006476,南方原油C,QDII-商品,3.67,0.5y,价值平均法,147.89,12.55,2.884,80.0,57.45,-13.07,68.02
012921,易方达全球成长精选混合(QDII)美元现汇A,QDII-混合偏股,37.05,0.5y,价值平均法,134.03,8.56,3.895,100.0,52.98,-21.45,67.63
257070,国联安优选行业混合,混合型-偏股,7.24,0.5y,价值平均法,140.89,8.25,2.622,100.0,55.21,-17.66,67.51
519773,交银数据产业灵活配置混合A,混合型-灵活,5.09,0.5y,价值平均法,137.94,11.14,3.554,100.0,54.25,-21.49,67.49
012923,易方达全球成长精选混合(QDII)美元现汇C,QDII-混合偏股,61.61,0.5y,价值平均法,133.32,8.55,3.879,100.0,52.75,-21.24,67.35
519771,交银优择回报灵活配置混合C,混合型-灵活,15.49,0.5y,价值平均法,145.92,12.46,3.255,80.0,56.82,-22.44,67.31
009645,东方阿尔法优势产业混合C,混合型-偏股,11.75,0.5y,价值平均法,141.01,8.83,2.837,100.0,55.25,-24.67,67.17
159327,半导体设备ETF万家,指数型-股票,9.52,0.5y,价值平均法,142.78,15.17,3.182,100.0,55.81,-26.64,67.15
560780,半导体设备ETF广发,指数型-股票,33.61,0.5y,价值平均法,142.43,15.3,3.136,100.0,55.7,-25.92,66.96
562590,半导体设备ETF华夏,指数型-股票,24.77,0.5y,价值平均法,142.38,15.26,3.141,100.0,55.69,-26.12,66.94
159558,半导体设备ETF易方达,指数型-股票,46.4,0.5y,价值平均法,141.78,15.24,3.142,100.0,55.49,-26.05,66.73
000390,华商优势行业混合A,混合型-灵活,82.05,0.5y,价值平均法,147.11,16.75,2.711,80.0,57.2,-14.12,66.61
008734,交银科锐科技创新混合A,混合型-偏股,2.75,0.5y,价值平均法,139.33,9.59,3.717,80.0,54.7,-24.37,66.53
009402,交银启明混合A,混合型-偏股,12.54,0.5y,价值平均法,142.61,9.67,3.243,80.0,55.76,-24.37,66.53
017488,嘉实信息产业股票发起式A,股票型,10.83,0.5y,价值平均法,137.13,8.9,2.887,100.0,53.99,-18.25,66.47
200012,长城中小盘成长混合A,混合型-偏股,3.04,0.5y,价值平均法,135.14,15.69,3.924,100.0,53.34,-26.8,66.15
017489,嘉实信息产业股票发起式C,股票型,12.79,0.5y,价值平均法,136.22,8.91,2.872,100.0,53.69,-18.01,66.11
009491,宝盈创新驱动股票A,股票型,7.46,0.5y,价值平均法,134.09,7.88,3.164,100.0,53.0,-22.3,66.01
481015,工银主题策略混合A,混合型-偏股,8.65,0.5y,价值平均法,138.25,13.23,3.286,100.0,54.36,-29.87,65.71
018291,广发新兴成长混合C,混合型-灵活,4.08,0.5y,价值平均法,142.65,8.35,3.032,80.0,55.77,-32.63,65.66
009644,东方阿尔法优势产业混合A,混合型-偏股,13.11,0.5y,价值平均法,141.76,8.81,2.849,80.0,55.49,-24.89,65.47
013312,工银主题策略混合C,混合型-偏股,2.4,0.5y,价值平均法,137.57,13.26,3.273,100.0,54.13,-29.67,65.44
310358,申万菱信新经济混合A,混合型-灵活,15.91,0.5y,价值平均法,133.54,14.08,3.87,100.0,52.82,-29.72,65.34
010363,信澳匠心臻选两年持有期混合,混合型-偏股,12.12,0.5y,价值平均法,134.37,12.39,3.206,100.0,53.09,-23.27,64.89
519644,银河智联混合A,混合型-灵活,3.71,0.5y,价值平均法,133.0,9.69,3.07,100.0,52.64,-21.84,64.79
001956,国联安科技动力,股票型,6.8,0.5y,价值平均法,140.4,10.49,2.626,80.0,55.05,-19.08,64.47
007872,金信稳健策略混合A,混合型-灵活,10.38,0.5y,价值平均法,135.04,14.85,3.046,100.0,53.31,-25.8,64.12
011488,申万菱信乐享混合A,混合型-偏股,6.63,0.5y,价值平均法,134.62,12.58,3.952,80.0,53.17,-30.22,64.12
009970,财通内需增长12个月定开混合,混合型-偏股,2.12,0.5y,价值平均法,130.42,11.18,3.119,100.0,51.8,-19.94,63.78
021533,天弘半导体设备指数C,指数型-股票,9.07,0.5y,价值平均法,132.49,14.61,3.141,100.0,52.48,-24.05,63.63
001194,景顺长城稳健回报混合A,混合型-灵活,29.0,0.5y,价值平均法,126.24,6.94,3.364,100.0,50.41,-26.22,63.61
012920,易方达全球成长精选混合(QDII)人民币A,QDII-混合偏股,37.05,0.5y,价值平均法,124.06,8.84,3.667,100.0,49.69,-18.55,63.54
161606,融通行业景气混合A,混合型-灵活,10.26,0.5y,价值平均法,129.21,8.8,2.924,100.0,51.4,-19.53,63.52
000697,汇添富移动互联股票A,股票型,26.24,0.5y,价值平均法,129.07,9.31,2.975,100.0,51.35,-18.81,63.5
001407,景顺长城稳健回报混合C,混合型-灵活,24.22,0.5y,价值平均法,125.93,6.93,3.358,100.0,50.31,-26.13,63.49
009277,融通行业景气混合C,混合型-灵活,2.6,0.5y,价值平均法,128.59,8.81,2.911,100.0,51.19,-19.33,63.27
012922,易方达全球成长精选混合(QDII)人民币C,QDII-混合偏股,61.61,0.5y,价值平均法,123.37,8.85,3.65,100.0,49.46,-18.35,63.26
010020,华夏线上经济主题精选混合,混合型-偏股,11.64,0.5y,价值平均法,127.37,10.24,2.958,100.0,50.79,-12.33,63.23
015198,汇添富移动互联股票C,股票型,6.88,0.5y,价值平均法,128.22,9.36,2.959,100.0,51.07,-18.57,63.16
020639,广发半导体设备ETF联接A,指数型-股票,2.49,0.5y,价值平均法,131.07,14.63,3.091,100.0,52.01,-22.99,63.1
002910,易方达供给改革混合,混合型-灵活,53.52,0.5y,价值平均法,129.48,15.51,3.426,100.0,51.49,-24.85,63.07
000688,景顺长城研究精选股票A,股票型,19.9,0.5y,价值平均法,124.61,7.02,3.38,100.0,49.87,-25.61,63.05
011399,汇添富数字未来混合A,混合型-偏股,47.51,0.5y,价值平均法,128.38,10.04,2.897,100.0,51.12,-16.95,63.04
005777,广发科技动力股票,股票型,22.06,0.5y,价值平均法,132.46,11.27,3.361,80.0,52.47,-21.23,62.99
020640,广发半导体设备ETF联接C,指数型-股票,20.42,0.5y,价值平均法,130.64,14.64,3.083,100.0,51.87,-22.86,62.93
001856,易方达环保主题混合A,混合型-灵活,47.96,0.5y,价值平均法,117.14,7.14,4.441,100.0,47.36,-25.56,62.83
017745,嘉实绿色主题股票发起式C,股票型,5.31,0.5y,价值平均法,130.86,15.13,3.115,100.0,51.94,-24.91,62.83
013369,汇添富自主核心科技一年持有混合A,混合型-偏股,3.19,0.5y,价值平均法,128.3,9.86,2.831,100.0,51.1,-17.72,62.81
016558,安信洞见成长混合A,混合型-偏股,3.83,0.5y,价值平均法,138.58,11.65,2.765,60.0,54.46,-9.94,62.8
018777,金信精选成长混合C,混合型-偏股,2.32,0.5y,价值平均法,136.85,14.8,3.064,80.0,53.9,-26.07,62.8
011400,汇添富数字未来混合C,混合型-偏股,21.36,0.5y,价值平均法,127.68,10.07,2.884,100.0,50.89,-16.76,62.76
000969,前海开源大安全混合,混合型-灵活,3.25,0.5y,价值平均法,126.87,11.23,3.038,100.0,50.62,-16.0,62.66
018998,景顺长城研究精选股票C,股票型,18.49,0.5y,价值平均法,123.73,7.09,3.359,100.0,49.58,-25.36,62.66
005875,易方达中盘成长混合,混合型-偏股,45.21,0.5y,价值平均法,125.33,9.12,3.172,100.0,50.11,-19.21,62.62
013722,信澳景气优选混合C,混合型-偏股,5.19,0.5y,价值平均法,129.39,10.46,2.809,100.0,51.46,-21.65,62.62
021893,易方达半导体设备ETF联接A,指数型-股票,5.04,0.5y,价值平均法,129.61,14.54,3.122,100.0,51.53,-23.5,62.6
012456,鹏扬数字经济先锋混合A,混合型-偏股,2.62,0.5y,价值平均法,132.92,14.31,3.202,80.0,52.62,-18.34,62.55
019032,易方达环保主题混合C,混合型-灵活,7.63,0.5y,价值平均法,116.51,7.17,4.423,100.0,47.14,-25.39,62.55
021894,易方达半导体设备ETF联接C,指数型-股票,17.14,0.5y,价值平均法,129.18,14.56,3.114,100.0,51.39,-23.38,62.43
020357,华夏半导体材料设备ETF联接C,指数型-股票,15.7,0.5y,价值平均法,128.86,14.53,3.081,100.0,51.28,-23.05,62.27
001144,大成互联网思维混合A,混合型-灵活,3.76,0.5y,价值平均法,123.17,8.68,3.04,100.0,49.39,-13.3,62.22
001070,建信信息产业股票A,股票型,4.29,0.5y,价值平均法,132.85,16.35,3.41,80.0,52.6,-25.7,62.08
016667,景顺长城全球半导体芯片股票A(QDII-LOF)(美元现汇),QDII-普通股票,5.12,0.5y,价值平均法,122.55,11.17,3.635,100.0,49.18,-22.0,61.97
016372,信澳匠心严选一年持有混合A,混合型-偏股,2.78,0.5y,价值平均法,127.46,10.33,2.797,100.0,50.82,-21.68,61.9
017730,嘉实全球产业升级股票发起式(QDII)A,QDII-普通股票,9.22,0.5y,价值平均法,118.29,8.1,3.788,100.0,47.75,-19.04,61.89
005914,景顺长城智能生活混合A,混合型-偏股,6.81,0.5y,价值平均法,121.04,6.7,3.232,100.0,48.68,-22.26,61.83
001042,华夏领先股票,股票型,8.31,0.5y,价值平均法,124.36,14.01,3.572,100.0,49.79,-25.3,61.7
017731,嘉实全球产业升级股票发起式(QDII)C,QDII-普通股票,11.5,0.5y,价值平均法,117.5,8.14,3.767,100.0,47.48,-18.81,61.55
160723,嘉实原油(QDII-LOF),QDII-商品,14.85,0.5y,价值平均法,128.97,11.12,2.803,83.3,51.32,-13.37,61.46
021842,国富全球科技互联混合(QDII)人民币C,QDII-混合偏股,9.93,0.5y,价值平均法,124.38,14.02,3.426,100.0,49.79,-24.53,61.42
010418,财通景气行业混合A,混合型-偏股,2.97,0.5y,价值平均法,123.27,10.68,3.115,100.0,49.42,-18.8,61.36
006751,富国互联科技股票A,股票型,30.7,0.5y,价值平均法,120.84,6.58,3.073,100.0,48.61,-24.03,61.25
015199,汇添富移动互联股票D,股票型,3.58,0.5y,价值平均法,128.44,9.35,2.964,80.0,51.14,-18.63,61.25
003853,金鹰信息产业股票A,股票型,5.15,0.5y,价值平均法,128.01,11.42,3.012,80.0,51.0,-13.37,61.24
001412,德邦鑫星价值灵活配置混合A,混合型-灵活,18.53,0.5y,价值平均法,128.31,11.01,2.802,100.0,51.1,-30.45,61.2
002112,德邦鑫星价值灵活配置混合C,混合型-灵活,68.61,0.5y,价值平均法,128.17,11.02,2.8,100.0,51.05,-30.4,61.15
016234,财通景气行业混合C,混合型-偏股,3.49,0.5y,价值平均法,122.72,10.7,3.103,100.0,49.24,-18.65,61.14
159582,半导体ETF博时,指数型-股票,3.35,0.5y,价值平均法,130.93,14.66,3.008,80.0,51.97,-19.98,61.13
005885,金鹰信息产业股票C,股票型,3.67,0.5y,价值平均法,127.49,11.44,3.001,80.0,50.83,-13.22,61.03
021594,上银数字经济混合发起式C,混合型-偏股,2.51,0.5y,价值平均法,128.91,12.69,2.971,80.0,51.3,-16.37,60.94
561980,半导体设备ETF招商,指数型-股票,32.73,0.5y,价值平均法,130.43,14.76,2.99,80.0,51.8,-19.94,60.9
009023,鹏华稳健回报混合A,混合型-偏股,5.42,0.5y,价值平均法,120.91,9.93,4.124,100.0,48.63,-42.07,60.86
000354,长盛城镇化主题混合A,混合型-偏股,2.51,0.5y,价值平均法,127.41,12.54,2.754,100.0,50.8,-27.29,60.78
000411,景顺长城优质成长股票A,股票型,12.81,0.5y,价值平均法,119.55,6.94,3.296,100.0,48.17,-28.26,60.7
010391,易方达战略新兴产业股票A,股票型,43.61,0.5y,价值平均法,122.24,11.15,2.95,100.0,49.08,-16.92,60.66
017511,鹏华稳健回报混合C,混合型-偏股,5.13,0.5y,价值平均法,120.4,9.96,4.113,100.0,48.46,-41.89,60.65
000823,银华高端制造业混合A,混合型-灵活,2.83,0.5y,价值平均法,119.11,9.03,3.226,100.0,48.03,-17.59,60.63
001513,易方达信息产业混合A,混合型-偏股,52.1,0.5y,价值平均法,119.73,9.18,3.104,100.0,48.23,-17.4,60.53
168002,国寿安保策略精选混合A,混合型-偏股,7.64,0.5y,价值平均法,125.39,7.92,3.407,100.0,50.13,-51.01,60.47
018933,长盛城镇化主题混合C,混合型-偏股,2.28,0.5y,价值平均法,126.58,12.57,2.74,100.0,50.53,-27.03,60.46
021500,景顺长城优质成长股票C,股票型,9.11,0.5y,价值平均法,118.98,6.98,3.284,100.0,47.98,-28.1,60.45
009994,嘉实创新先锋混合A,混合型-偏股,16.9,0.5y,价值平均法,128.38,12.76,2.938,80.0,51.12,-18.98,60.39
006154,华安制造先锋混合A,混合型-偏股,6.09,0.5y,价值平均法,117.36,13.94,3.752,100.0,47.43,-17.65,60.38
009808,易方达创新成长混合,混合型-偏股,25.31,0.5y,价值平均法,122.24,11.23,2.992,100.0,49.08,-20.57,60.38
501082,博时科创主题灵活配置混合(LOF)A,混合型-灵活,3.86,0.5y,价值平均法,123.78,14.32,2.655,100.0,49.59,-13.27,60.36
010392,易方达战略新兴产业股票C,股票型,21.12,0.5y,价值平均法,121.43,11.25,2.933,100.0,48.81,-16.72,60.32
011145,华安汇宏精选混合C,混合型-偏股,16.36,0.5y,价值平均法,125.47,18.81,2.504,100.0,50.16,-11.86,60.32
019633,国泰半导体设备ETF联接C,指数型-股票,10.58,0.5y,价值平均法,128.51,14.36,3.111,80.0,51.17,-22.93,60.25
022124,国寿安保策略精选混合C,混合型-偏股,4.31,0.5y,价值平均法,124.7,7.93,3.398,100.0,49.9,-50.84,60.2
009995,嘉实创新先锋混合C,混合型-偏股,10.73,0.5y,价值平均法,127.83,12.79,2.928,80.0,50.94,-18.82,60.18
014292,嘉实产业领先混合A,混合型-偏股,6.63,0.5y,价值平均法,118.79,9.41,3.197,100.0,47.92,-19.35,60.16
005851,财通新视野灵活配置混合A,混合型-灵活,6.55,0.5y,价值平均法,120.13,10.83,3.056,100.0,48.37,-18.03,60.1
022364,永赢科技智选混合发起A,混合型-偏股,66.37,0.5y,价值平均法,115.65,6.03,3.086,100.0,46.85,-21.29,59.9
010013,易方达信息行业精选股票A,股票型,28.87,0.5y,价值平均法,118.28,9.46,2.975,100.0,47.74,-14.86,59.85
007639,汇添富竞争优势灵活配置混合,混合型-灵活,25.8,0.5y,价值平均法,129.85,15.99,2.768,80.0,51.61,-22.4,59.75
006128,银河和美生活混合A,混合型-偏股,2.86,0.5y,价值平均法,122.5,11.38,2.53,100.0,49.17,-16.17,59.74
005959,财通新视野灵活配置混合C,混合型-灵活,8.29,0.5y,价值平均法,119.07,10.87,3.033,100.0,48.01,-17.72,59.68
006615,工银战略新兴产业混合A,混合型-偏股,4.1,0.5y,价值平均法,121.48,10.6,2.781,100.0,48.82,-21.28,59.63
022365,永赢科技智选混合发起C,混合型-偏股,108.52,0.5y,价值平均法,114.86,6.04,3.069,100.0,46.58,-21.06,59.57
019024,易方达信息行业精选股票C,股票型,19.26,0.5y,价值平均法,117.55,9.5,2.958,100.0,47.49,-14.65,59.55
002450,平安睿享文娱混合A,混合型-灵活,10.15,0.5y,价值平均法,117.07,13.72,3.527,100.0,47.33,-20.7,59.43
110005,易方达积极成长混合,混合型-偏股,37.8,0.5y,价值平均法,122.18,12.37,3.842,80.0,49.06,-29.43,59.4
001759,嘉实成长增强混合,混合型-灵活,3.77,0.5y,价值平均法,115.82,14.09,3.855,100.0,46.91,-24.33,59.39
009867,工银创新精选一年定开混合A,混合型-偏股,3.43,0.5y,价值平均法,121.06,8.98,3.123,80.0,48.68,-15.19,59.36
014611,富国核心科技12个月持有混合A,混合型-偏股,2.25,0.5y,价值平均法,116.25,6.6,3.057,100.0,47.06,-26.54,59.2
008086,华夏中证5G通信主题ETF联接A,指数型-股票,18.97,0.5y,价值平均法,114.0,6.18,3.119,100.0,46.29,-22.4,59.15
008087,华夏中证5G通信主题ETF联接C,指数型-股票,23.25,0.5y,价值平均法,113.61,6.18,3.111,100.0,46.15,-22.28,58.99
016500,华夏半导体龙头混合发起A,混合型-偏股,2.18,0.5y,价值平均法,124.88,14.3,3.038,80.0,49.96,-21.04,58.95
501079,大成科创主题混合(LOF)A,混合型-偏股,4.61,0.5y,价值平均法,114.33,7.88,2.839,100.0,46.4,-11.13,58.9
011126,富国互联科技股票C,股票型,9.64,0.5y,价值平均法,119.98,6.6,3.057,80.0,48.32,-23.79,58.89
020839,南方中证半导体产业指数发起A,指数型-股票,3.09,0.5y,价值平均法,123.88,14.18,3.019,80.0,49.62,-19.02,58.75
016501,华夏半导体龙头混合发起C,混合型-偏股,3.66,0.5y,价值平均法,124.35,14.33,3.027,80.0,49.78,-20.87,58.74
005251,银华多元动力灵活配置混合,混合型-灵活,2.46,0.5y,价值平均法,114.92,11.05,3.54,100.0,46.6,-25.11,58.64
011144,华安汇宏精选混合A,混合型-偏股,22.12,0.5y,价值平均法,126.28,18.78,2.519,80.0,50.43,-12.08,58.63
020840,南方中证半导体产业指数发起C,指数型-股票,3.56,0.5y,价值平均法,123.48,14.2,3.011,80.0,49.49,-18.9,58.59
519087,新华优选分红混合A,混合型-灵活,10.1,0.5y,价值平均法,119.12,14.28,2.784,100.0,48.03,-17.92,58.53
013085,申万菱信乐同混合A,混合型-偏股,5.33,0.5y,价值平均法,120.97,12.31,3.157,83.3,48.65,-20.21,58.51
630001,华商领先企业混合,混合型-灵活,9.61,0.5y,价值平均法,117.08,12.34,3.343,100.0,47.34,-27.37,58.5
018442,汇添富成长领航混合A,混合型-偏股,2.16,0.5y,价值平均法,115.7,14.9,3.367,100.0,46.87,-19.81,58.48
019447,华夏全球科技先锋混合(QDII)A(美元现汇),QDII-混合偏股,33.0,0.5y,价值平均法,117.46,13.23,2.976,100.0,47.46,-18.49,58.48
019448,华夏全球科技先锋混合(QDII)A(美元现钞),QDII-混合偏股,33.0,0.5y,价值平均法,117.46,13.23,2.976,100.0,47.46,-18.49,58.48
009891,融通产业趋势臻选股票A,股票型,22.99,0.5y,价值平均法,116.64,8.73,2.609,100.0,47.19,-16.51,58.37
481010,工银中小盘混合,混合型-偏股,10.23,0.5y,价值平均法,113.97,12.38,3.552,100.0,46.28,-22.55,58.36
004640,华夏节能环保股票A,股票型,2.23,0.5y,价值平均法,113.91,11.21,3.686,100.0,46.26,-27.65,58.35
013086,申万菱信乐同混合C,混合型-偏股,3.76,0.5y,价值平均法,120.43,12.33,3.145,83.3,48.47,-20.07,58.29
001036,嘉实企业变革股票,股票型,3.09,0.5y,价值平均法,112.8,12.89,3.586,100.0,45.88,-19.14,58.28
008889,银华中证5G通信主题ETF联接A,指数型-股票,3.93,0.5y,价值平均法,110.99,5.76,3.08,100.0,45.25,-21.31,58.27
014855,嘉实中证半导体指数增强发起式C,指数型-股票,46.02,0.5y,价值平均法,122.16,13.67,3.079,80.0,49.05,-20.17,58.22
019018,易方达信息产业混合C,混合型-偏股,22.67,0.5y,价值平均法,118.96,9.22,3.086,80.0,47.97,-17.18,58.21
018443,汇添富成长领航混合C,混合型-偏股,2.23,0.5y,价值平均法,114.97,14.92,3.349,100.0,46.62,-19.58,58.19
010524,银华中证5G通信主题ETF联接C,指数型-股票,9.36,0.5y,价值平均法,110.62,5.78,3.073,100.0,45.13,-21.2,58.11
018495,融通产业趋势臻选股票C,股票型,15.45,0.5y,价值平均法,115.85,8.75,2.595,100.0,46.92,-16.3,58.05
021662,国富亚洲机会股票(QDII)C,QDII-普通股票,12.49,0.5y,价值平均法,114.44,13.86,3.467,100.0,46.44,-24.01,57.97
588810,科创芯片ETF富国,指数型-股票,5.2,0.5y,价值平均法,121.73,14.32,2.804,80.0,48.91,-15.03,57.81
001416,嘉实事件驱动股票,股票型,8.0,0.5y,价值平均法,122.38,11.82,2.915,80.0,49.12,-23.91,57.8
519089,新华优选成长混合,混合型-偏股,3.58,0.5y,价值平均法,116.84,9.39,2.607,80.0,47.25,-3.51,57.55
020464,招商中证半导体产业ETF发起式联接A,指数型-股票,2.17,0.5y,价值平均法,120.27,13.78,3.0,80.0,48.42,-18.23,57.52
006887,诺德新生活混合A,混合型-偏股,6.96,0.5y,价值平均法,115.46,8.44,2.775,100.0,46.78,-25.73,57.51
006888,诺德新生活混合C,混合型-偏股,12.14,0.5y,价值平均法,115.31,8.45,2.773,100.0,46.74,-25.69,57.45
020662,中加科技创新混合发起式C,混合型-偏股,2.03,0.5y,价值平均法,115.32,8.89,2.759,100.0,46.74,-24.84,57.37
020465,招商中证半导体产业ETF发起式联接C,指数型-股票,11.83,0.5y,价值平均法,119.75,13.8,2.989,80.0,48.24,-18.07,57.31
588990,科创芯片ETF博时,指数型-股票,4.8,0.5y,价值平均法,120.43,14.39,2.781,80.0,48.47,-14.74,57.3
159663,机床ETF华夏,指数型-股票,2.58,0.5y,价值平均法,111.81,16.91,3.601,100.0,45.54,-24.19,57.04
002451,平安睿享文娱混合C,混合型-灵活,4.76,0.5y,价值平均法,116.08,13.75,3.503,80.0,47.0,-20.4,57.03
001672,国寿安保智慧生活股票A,股票型,27.46,0.5y,价值平均法,115.44,14.01,3.734,83.3,46.78,-27.45,56.97
588200,科创芯片ETF嘉实,指数型-股票,386.07,0.5y,价值平均法,119.42,14.44,2.759,80.0,48.13,-14.5,56.9
501085,财通科创主题灵活配置混合(LOF),混合型-灵活,2.45,0.5y,价值平均法,113.78,7.85,3.071,80.0,46.21,-15.2,56.88
009707,工银新兴制造混合A,混合型-偏股,36.17,0.5y,价值平均法,118.86,12.85,2.92,80.0,47.94,-18.84,56.87
023101,国寿安保智慧生活股票C,股票型,5.24,0.5y,价值平均法,114.93,14.0,3.724,83.3,46.61,-27.32,56.78
588290,科创芯片ETF华安,指数型-股票,36.04,0.5y,价值平均法,118.91,14.34,2.777,80.0,47.96,-14.79,56.74
588750,科创芯片ETF汇添富,指数型-股票,45.7,0.5y,价值平均法,118.95,14.41,2.755,80.0,47.97,-14.37,56.73
019157,易方达全球配置混合(QDII)A(美元现汇),QDII-混合灵活,2.65,0.5y,价值平均法,105.54,7.11,3.398,100.0,43.36,-17.32,56.67
009708,工银新兴制造混合C,混合型-偏股,33.41,0.5y,价值平均法,118.27,12.88,2.908,80.0,47.74,-18.63,56.64
009447,财通资管科技创新一年定开混合,混合型-偏股,2.37,0.5y,价值平均法,114.47,15.07,2.839,100.0,46.45,-21.36,56.55
010371,大成成长进取混合A,混合型-偏股,6.87,0.5y,价值平均法,112.6,14.61,2.951,100.0,45.81,-19.17,56.41
014854,嘉实中证半导体指数增强发起式A,指数型-股票,8.21,0.5y,价值平均法,122.49,13.66,3.086,60.0,49.16,-20.28,56.35
019158,易方达全球配置混合(QDII)C(美元现汇),QDII-混合灵活,2.53,0.5y,价值平均法,104.79,7.15,3.38,100.0,43.1,-17.14,56.34
004374,华泰保兴吉年丰混合发起A,混合型-偏股,3.57,0.5y,价值平均法,105.77,10.5,4.005,100.0,43.45,-27.18,56.33
501225,景顺长城全球半导体芯片股票A(QDII-LOF)(人民币),QDII-普通股票,5.12,0.5y,价值平均法,113.43,11.17,3.4,80.0,46.09,-18.97,56.33
012697,同泰数字经济股票C,股票型,2.07,0.5y,价值平均法,111.93,12.35,2.89,100.0,45.58,-19.15,56.3
010372,大成成长进取混合C,混合型-偏股,14.96,0.5y,价值平均法,112.03,14.63,2.937,100.0,45.61,-18.96,56.19
017746,建信电子行业股票A,股票型,2.6,0.5y,价值平均法,119.74,18.01,2.699,80.0,48.24,-18.47,56.14
017747,建信电子行业股票C,股票型,2.94,0.5y,价值平均法,119.23,18.03,2.689,80.0,48.06,-18.31,55.94
009318,南方成长先锋混合A,混合型-偏股,35.75,0.5y,价值平均法,107.2,10.61,3.292,100.0,43.94,-18.38,55.93
002051,诺安创新驱动混合C,混合型-灵活,2.46,0.5y,价值平均法,115.29,13.46,2.912,80.0,46.73,-15.08,55.84
007349,华夏科技创新混合A,混合型-偏股,8.4,0.5y,价值平均法,112.31,8.81,2.976,80.0,45.71,-14.85,55.81
011665,汇添富数字经济引领发展三年持有混合A,混合型-偏股,30.72,0.5y,价值平均法,113.96,10.96,2.776,80.0,46.27,-11.51,55.75
000698,宝盈科技30混合,混合型-灵活,13.38,0.5y,价值平均法,107.96,9.15,3.346,100.0,44.21,-27.71,55.74
005682,财通资管消费精选混合A,混合型-灵活,2.06,0.5y,价值平均法,111.18,15.97,3.735,100.0,45.32,-39.53,55.69
010109,富国价值增长混合A,混合型-偏股,7.6,0.5y,价值平均法,106.44,6.68,2.257,100.0,43.68,-4.03,55.68
009319,南方成长先锋混合C,混合型-偏股,6.75,0.5y,价值平均法,106.47,10.64,3.272,100.0,43.69,-18.14,55.63
010335,华宝竞争优势混合A,混合型-偏股,2.51,0.5y,价值平均法,116.24,13.45,2.961,80.0,47.05,-22.53,55.56
009913,中信保诚成长动力混合A,混合型-偏股,2.05,0.5y,价值平均法,112.48,10.21,2.906,80.0,45.77,-13.35,55.5
588890,科创芯片ETF南方,指数型-股票,16.69,0.5y,价值平均法,120.27,14.47,2.771,60.0,48.42,-14.65,55.22
008980,中邮科技创新精选混合A,混合型-偏股,3.14,0.5y,价值平均法,110.57,9.22,2.915,80.0,45.11,-11.78,55.21
015368,国泰海通领航成长一年持有混合发起A,混合型-偏股,2.32,0.5y,价值平均法,108.21,13.9,3.378,100.0,44.3,-27.44,55.13
018956,中航机遇领航混合发起A,混合型-偏股,26.99,0.5y,价值平均法,110.64,9.24,2.667,100.0,45.13,-27.06,55.08
008981,中邮科技创新精选混合C,混合型-偏股,3.46,0.5y,价值平均法,110.2,9.24,2.906,80.0,44.98,-11.68,55.05
001227,中邮信息产业灵活配置混合A,混合型-灵活,8.42,0.5y,价值平均法,102.01,8.33,3.605,100.0,42.13,-21.37,55.03
011186,信澳至诚精选混合A,混合型-偏股,3.77,0.5y,价值平均法,117.21,17.21,2.823,80.0,47.38,-24.88,54.96
005698,华夏全球科技先锋混合(QDII)A(人民币),QDII-混合偏股,33.0,0.5y,价值平均法,108.34,13.26,2.78,100.0,44.34,-15.74,54.93
540010,汇丰晋信科技先锋股票,股票型,8.08,0.5y,价值平均法,112.45,8.13,3.015,83.3,45.76,-31.41,54.85
011815,恒越优势精选混合A,混合型-偏股,6.33,0.5y,价值平均法,110.46,10.12,2.63,80.0,45.07,-6.32,54.79
020670,易方达科创芯片ETF联接A,指数型-股票,6.3,0.5y,价值平均法,113.03,13.86,2.822,80.0,45.95,-14.56,54.79
018957,中航机遇领航混合发起C,混合型-偏股,94.68,0.5y,价值平均法,109.85,9.26,2.654,100.0,44.86,-26.81,54.77
159667,工业母机ETF国泰,指数型-股票,15.09,0.5y,价值平均法,110.22,16.85,3.582,83.3,44.99,-23.99,54.77
021607,南方上证科创板芯片ETF发起联接A,指数型-股票,3.04,0.5y,价值平均法,112.9,13.77,2.77,80.0,45.91,-13.61,54.72
010792,华安成长先锋混合A,混合型-偏股,5.8,0.5y,价值平均法,109.29,16.52,2.713,100.0,44.67,-16.8,54.68
021608,南方上证科创板芯片ETF发起联接C,指数型-股票,9.81,0.5y,价值平均法,112.77,13.77,2.767,80.0,45.87,-13.57,54.67
020671,易方达科创芯片ETF联接C,指数型-股票,12.4,0.5y,价值平均法,112.66,13.87,2.814,80.0,45.83,-14.45,54.65
016237,华夏数字经济龙头混合发起式A,混合型-偏股,11.6,0.5y,价值平均法,105.72,12.52,3.711,100.0,43.43,-33.27,54.64
519091,新华泛资源优势混合,混合型-灵活,5.41,0.5y,价值平均法,101.49,8.15,2.927,100.0,41.95,-6.9,54.64
110015,易方达行业领先混合,混合型-偏股,10.54,0.5y,价值平均法,101.5,7.86,3.077,100.0,41.95,-12.36,54.56
014193,汇添富中证芯片产业指数增强发起式A,指数型-股票,11.47,0.5y,价值平均法,118.7,16.0,2.817,60.0,47.89,-15.19,54.55
016238,华夏数字经济龙头混合发起式C,混合型-偏股,15.67,0.5y,价值平均法,105.17,12.55,3.698,100.0,43.24,-33.11,54.42
014194,汇添富中证芯片产业指数增强发起式C,指数型-股票,5.58,0.5y,价值平均法,118.32,16.02,2.809,60.0,47.75,-15.09,54.4
014007,华安制造升级一年持有混合A,混合型-偏股,7.13,0.5y,价值平均法,104.24,12.9,3.154,100.0,42.91,-16.3,54.35
001188,鹏华改革红利股票,股票型,2.26,0.5y,价值平均法,106.51,9.68,3.29,80.0,43.71,-13.64,54.34
050010,博时特许价值混合A,混合型-偏股,5.6,0.5y,价值平均法,110.29,9.37,2.852,80.0,45.01,-17.6,54.33
610006,信澳产业升级混合A,混合型-偏股,2.33,0.5y,价值平均法,106.09,8.01,2.932,100.0,43.56,-27.78,54.33
021224,华宝上证科创板芯片ETF发起式联接A,指数型-股票,2.22,0.5y,价值平均法,111.74,13.59,2.811,80.0,45.51,-14.65,54.32
020899,天弘中证全指通信设备指数发起A,指数型-股票,3.31,0.5y,价值平均法,105.04,7.7,3.056,100.0,43.19,-28.61,54.27
008009,华商高端装备制造股票A,股票型,4.51,0.5y,价值平均法,102.65,6.93,3.234,100.0,42.36,-27.2,54.26
021225,华宝上证科创板芯片ETF发起式联接C,指数型-股票,5.88,0.5y,价值平均法,111.51,13.6,2.805,80.0,45.43,-14.57,54.22
020900,天弘中证全指通信设备指数发起C,指数型-股票,8.98,0.5y,价值平均法,104.79,7.7,3.051,100.0,43.1,-28.53,54.17
012477,富国匠心精选12个月持有混合A,混合型-偏股,4.47,0.5y,价值平均法,99.59,5.5,2.779,100.0,41.28,-12.78,54.15
018325,国泰海通创新成长混合发起A,混合型-偏股,13.24,0.5y,价值平均法,105.25,13.78,3.34,100.0,43.26,-25.76,54.14
017559,华安上证科创板芯片ETF发起式联接A,指数型-股票,4.66,0.5y,价值平均法,111.02,13.66,2.78,80.0,45.27,-13.75,54.06
017560,华安上证科创板芯片ETF发起式联接C,指数型-股票,7.06,0.5y,价值平均法,110.78,13.68,2.775,80.0,45.18,-13.67,53.96
018326,国泰海通创新成长混合发起C,混合型-偏股,37.75,0.5y,价值平均法,104.76,13.81,3.328,100.0,43.1,-25.6,53.94
017472,国泰中证机床ETF发起联接C,指数型-股票,2.01,0.5y,价值平均法,101.64,15.43,3.752,100.0,42.0,-23.41,53.93
014319,德邦半导体产业混合发起式A,混合型-偏股,8.71,0.5y,价值平均法,112.72,15.55,2.631,80.0,45.85,-16.23,53.86
016050,华商高端装备制造股票C,股票型,2.54,0.5y,价值平均法,101.69,6.94,3.214,100.0,42.02,-26.94,53.86
159325,半导体ETF南方,指数型-股票,3.4,0.5y,价值平均法,111.11,15.43,2.719,80.0,45.3,-12.91,53.84
040001,华安创新混合,混合型-平衡,13.76,0.5y,价值平均法,103.12,10.25,3.014,100.0,42.52,-18.04,53.83
012098,华夏成长机会一年持有混合,混合型-偏股,5.49,0.5y,价值平均法,103.06,12.5,3.404,100.0,42.5,-24.05,53.82
010557,汇添富数字生活六个月持有混合,混合型-偏股,27.21,0.5y,价值平均法,114.07,10.91,2.776,60.0,46.31,-11.43,53.81
017469,嘉实上证科创板芯片ETF发起联接A,指数型-股票,15.98,0.5y,价值平均法,110.36,13.83,2.729,80.0,45.04,-13.22,53.72
020628,汇添富科创芯片ETF联接A,指数型-股票,8.99,0.5y,价值平均法,110.17,13.74,2.739,80.0,44.97,-13.27,53.68
014320,德邦半导体产业混合发起式C,混合型-偏股,33.99,0.5y,价值平均法,112.23,15.58,2.621,80.0,45.68,-16.08,53.67
005774,华夏产业升级混合A,混合型-偏股,2.41,0.5y,价值平均法,112.36,11.79,2.744,60.0,45.73,-4.58,53.63
017470,嘉实上证科创板芯片ETF发起联接C,指数型-股票,76.84,0.5y,价值平均法,110.06,13.84,2.722,80.0,44.93,-13.12,53.6
020629,汇添富科创芯片ETF联接C,指数型-股票,21.39,0.5y,价值平均法,109.91,13.75,2.733,80.0,44.88,-13.19,53.58
007346,易方达科技创新混合A,混合型-偏股,21.08,0.5y,价值平均法,101.21,8.67,2.941,100.0,41.85,-15.61,53.55
017828,富国时代精选混合A,混合型-偏股,3.9,0.5y,价值平均法,102.8,7.82,2.927,100.0,42.41,-23.99,53.53
159967,创业板成长ETF华夏,指数型-股票,34.86,0.5y,价值平均法,99.56,6.67,2.613,100.0,41.27,-12.7,53.09
012650,博时半导体主题混合A,混合型-偏股,7.82,0.5y,价值平均法,109.63,15.33,2.619,80.0,44.79,-12.82,53.07
008919,永赢科技驱动A,混合型-偏股,26.93,0.5y,价值平均法,104.13,10.52,2.984,100.0,42.87,-28.46,53.04
011817,银华阿尔法混合,混合型-偏股,4.4,0.5y,价值平均法,99.86,8.8,3.095,100.0,41.37,-20.29,52.93
019155,易方达全球配置混合(QDII)A(人民币),QDII-混合灵活,2.65,0.5y,价值平均法,96.59,7.41,3.164,100.0,40.21,-14.71,52.85
017551,南方景气前瞻混合A,混合型-偏股,9.94,0.5y,价值平均法,95.03,7.21,3.528,100.0,39.65,-18.79,52.84
007340,南方科技创新混合A,混合型-偏股,12.15,0.5y,价值平均法,104.46,10.68,3.106,80.0,42.99,-14.96,52.79
012651,博时半导体主题混合C,混合型-偏股,6.01,0.5y,价值平均法,108.9,15.37,2.602,80.0,44.54,-12.59,52.78
007817,国泰中证全指通信设备ETF联接A,指数型-股票,9.52,0.5y,价值平均法,101.04,7.91,3.015,100.0,41.79,-27.41,52.72
020692,博时中证全指通信设备指数发起式C,指数型-股票,3.08,0.5y,价值平均法,101.15,7.84,3.013,100.0,41.83,-28.08,52.71
007818,国泰中证全指通信设备ETF联接C,指数型-股票,18.89,0.5y,价值平均法,100.66,7.92,3.007,100.0,41.66,-27.29,52.56
022500,国泰中证全指通信设备ETF联接E,指数型-股票,3.66,0.5y,价值平均法,100.66,7.91,3.007,100.0,41.65,-27.29,52.56
001749,招商中国机遇股票A,股票型,2.5,0.5y,价值平均法,107.7,15.57,2.813,80.0,44.12,-15.61,52.55
008962,建信科技创新混合A,混合型-偏股,3.51,0.5y,价值平均法,97.05,12.48,3.821,100.0,40.37,-25.33,52.54
005550,汇安成长优选混合A,混合型-灵活,8.21,0.5y,价值平均法,100.77,9.87,3.027,100.0,41.69,-23.86,52.49
050009,博时新兴成长混合,混合型-偏股,25.34,0.5y,价值平均法,106.04,10.87,2.944,80.0,43.54,-19.56,52.47
009063,财通智慧成长混合C,混合型-偏股,2.71,0.5y,价值平均法,106.39,11.73,2.964,80.0,43.66,-20.16,52.44
010490,鹏华高质量增长混合A,混合型-偏股,8.92,0.5y,价值平均法,100.73,12.46,3.624,100.0,41.68,-35.17,52.41
008657,景顺长城科技创新混合A,混合型-偏股,17.48,0.5y,价值平均法,98.36,6.73,2.773,100.0,40.84,-18.94,52.39
516350,芯片ETF易方达,指数型-股票,13.76,0.5y,价值平均法,107.32,14.83,2.662,80.0,43.99,-13.34,52.33
001103,前海开源工业革命4.0混合,混合型-灵活,2.73,0.5y,价值平均法,98.6,10.13,3.652,80.0,40.93,-12.89,52.3
015683,景顺长城科技创新混合C,混合型-偏股,12.2,0.5y,价值平均法,97.88,6.73,2.762,100.0,40.67,-18.79,52.19
001986,前海开源人工智能主题混合A,混合型-灵活,5.48,0.5y,价值平均法,119.36,15.91,2.008,40.0,48.11,-1.17,52.18
005551,汇安成长优选混合C,混合型-灵活,13.7,0.5y,价值平均法,99.72,9.91,3.004,100.0,41.32,-23.58,52.07
020315,嘉实前沿科技沪港深股票C,股票型,5.7,0.5y,价值平均法,103.73,9.17,2.726,80.0,42.73,-13.14,52.07
009049,易方达高端制造混合发起式A,混合型-偏股,52.29,0.5y,价值平均法,95.11,9.65,3.568,100.0,39.68,-21.23,52.06
481001,工银核心价值混合A,混合型-偏股,43.43,0.5y,价值平均法,93.69,7.37,3.347,100.0,39.17,-16.53,52.05
012466,嘉实策略精选混合A,混合型-偏股,4.24,0.5y,价值平均法,101.61,12.0,3.342,80.0,41.99,-16.03,52.01
159310,芯片ETF天弘,指数型-股票,10.54,0.5y,价值平均法,106.43,14.87,2.639,80.0,43.68,-13.03,51.98
000404,易方达新兴成长灵活配置,混合型-灵活,35.1,0.5y,价值平均法,97.05,8.65,2.946,100.0,40.37,-16.06,51.97
014192,广发先进制造股票发起式C,股票型,12.94,0.5y,价值平均法,102.42,10.53,2.94,100.0,42.27,-31.78,51.96
050022,博时回报混合,混合型-灵活,4.67,0.5y,价值平均法,96.9,8.27,3.003,100.0,40.32,-18.99,51.87
019034,易方达高端制造混合发起式C,混合型-偏股,8.74,0.5y,价值平均法,94.45,9.68,3.55,100.0,39.45,-21.06,51.78
001313,摩根智慧互联股票A,股票型,5.75,0.5y,价值平均法,92.83,6.93,3.103,100.0,38.86,-11.95,51.73
516640,芯片ETF富国,指数型-股票,12.99,0.5y,价值平均法,105.45,14.94,2.606,80.0,43.33,-12.54,51.58
159560,芯片ETF景顺,指数型-股票,3.11,0.5y,价值平均法,105.3,14.83,2.64,80.0,43.28,-13.02,51.57
100039,富国通胀通缩主题轮动混合A,混合型-偏股,16.08,0.5y,价值平均法,92.35,5.72,2.986,100.0,38.69,-14.56,51.56
001869,招商制造业混合A,混合型-灵活,7.37,0.5y,价值平均法,96.8,14.28,3.151,100.0,40.29,-15.92,51.52
159599,芯片ETF东财,指数型-股票,11.11,0.5y,价值平均法,105.04,14.89,2.614,80.0,43.19,-12.76,51.43
014254,信澳智远三年持有期混合A,混合型-偏股,16.44,0.5y,价值平均法,96.56,12.48,3.036,100.0,40.2,-15.13,51.42
562950,消费电子ETF易方达,指数型-股票,6.87,0.5y,价值平均法,102.32,12.24,2.669,80.0,42.24,-7.44,51.41
009892,富国成长策略混合A,混合型-偏股,21.21,0.5y,价值平均法,96.26,6.84,2.855,100.0,40.09,-22.82,51.36
020476,泰康半导体量化选股股票发起式A,股票型,3.75,0.5y,价值平均法,104.27,15.28,2.759,80.0,42.92,-14.27,51.33
040025,华安科技动力混合A,混合型-偏股,19.16,0.5y,价值平均法,95.77,12.25,3.215,100.0,39.92,-18.65,51.26
015692,富国通胀通缩主题轮动混合C,混合型-偏股,7.39,0.5y,价值平均法,91.62,5.74,2.964,100.0,38.43,-14.34,51.23
516920,芯片ETF汇添富,指数型-股票,6.25,0.5y,价值平均法,104.5,14.88,2.597,80.0,43.0,-12.43,51.23
009914,富国成长动力混合A,混合型-偏股,6.64,0.5y,价值平均法,92.7,5.74,2.71,100.0,38.81,-12.29,51.22
010361,嘉实品质优选股票A,股票型,14.15,0.5y,价值平均法,103.21,11.2,2.719,80.0,42.55,-15.45,51.22
014255,信澳智远三年持有期混合C,混合型-偏股,2.75,0.5y,价值平均法,96.08,12.5,3.022,100.0,40.03,-14.99,51.22
159665,半导体龙头ETF工银,指数型-股票,3.83,0.5y,价值平均法,104.48,16.02,2.594,80.0,43.0,-11.62,51.2
011790,建信创新驱动混合,混合型-偏股,10.25,0.5y,价值平均法,93.92,12.76,3.684,100.0,39.25,-23.7,51.18
000742,国泰新经济灵活配置混合A,混合型-灵活,4.09,0.5y,价值平均法,103.96,11.75,2.286,80.0,42.81,-7.17,51.15
005310,广发电子信息传媒股票A,股票型,4.02,0.5y,价值平均法,99.22,13.1,2.933,100.0,41.15,-24.27,51.15
959991,兴证资管金麒麟领先优势一年持有期混合A,混合型-偏股,3.23,0.5y,价值平均法,93.13,6.61,2.886,100.0,38.97,-14.82,51.14
004569,招商制造业混合C,混合型-灵活,2.97,0.5y,价值平均法,95.83,14.31,3.126,100.0,39.94,-15.64,51.13
001009,摩根安全战略股票A,股票型,2.32,0.5y,价值平均法,92.23,9.1,3.194,100.0,38.65,-11.71,51.12
005449,华夏行业龙头混合,混合型-偏股,4.75,0.5y,价值平均法,93.28,8.99,3.11,100.0,39.03,-14.6,51.04
008920,永赢科技驱动C,混合型-偏股,23.04,0.5y,价值平均法,103.88,10.53,2.978,80.0,42.79,-28.38,50.94
512220,TMTETF景顺,指数型-股票,4.91,0.5y,价值平均法,101.03,10.87,2.942,80.0,41.79,-16.37,50.94
000522,华润元大信息传媒科技混合A,混合型-偏股,2.08,0.5y,价值平均法,97.63,9.39,2.754,100.0,40.58,-22.01,50.93
005819,国泰优势行业混合A,混合型-偏股,2.08,0.5y,价值平均法,103.28,12.35,2.263,80.0,42.57,-6.99,50.78
001742,广发百发大数据精选混合E,混合型-灵活,3.53,0.5y,价值平均法,97.55,16.84,3.554,100.0,40.55,-34.57,50.73
002345,华夏高端制造混合A,混合型-灵活,8.53,0.5y,价值平均法,96.39,13.26,2.943,100.0,40.14,-18.54,50.69
019156,易方达全球配置混合(QDII)C(人民币),QDII-混合灵活,2.53,0.5y,价值平均法,95.88,7.42,3.146,80.0,39.96,-14.54,50.55
014191,广发先进制造股票发起式A,股票型,7.11,0.5y,价值平均法,102.97,10.51,2.95,83.3,42.47,-31.92,50.51
561100,消费电子ETF富国,指数型-股票,5.21,0.5y,价值平均法,99.89,12.36,2.607,80.0,41.38,-6.69,50.43
159995,芯片ETF华夏,指数型-股票,229.03,0.5y,价值平均法,102.48,16.22,2.533,80.0,42.3,-10.94,50.37
512480,半导体ETF国联安,指数型-股票,199.06,0.5y,价值平均法,107.21,14.52,2.729,60.0,43.95,-14.84,50.34
007474,华夏创业板成长ETF联接A,指数型-股票,5.16,0.5y,价值平均法,91.56,6.32,2.586,100.0,38.4,-11.72,50.23
159801,芯片ETF广发,指数型-股票,38.57,0.5y,价值平均法,102.05,16.22,2.518,80.0,42.14,-10.61,50.21
020483,中欧中证芯片产业指数发起C,指数型-股票,3.85,0.5y,价值平均法,101.02,14.23,2.673,80.0,41.78,-12.78,50.18
002560,诺安和鑫混合A,混合型-灵活,20.53,0.5y,价值平均法,95.62,10.75,3.247,80.0,39.87,-12.39,50.13
011822,易方达产业升级混合A,混合型-偏股,25.58,0.5y,价值平均法,90.49,9.86,3.441,100.0,38.02,-20.74,50.04
159813,半导体ETF鹏华,指数型-股票,57.0,0.5y,价值平均法,101.55,16.13,2.536,80.0,41.97,-11.02,50.04
001239,长盛国企改革混合,混合型-灵活,4.91,0.5y,价值平均法,100.11,13.06,2.953,80.0,41.46,-19.75,49.98
012552,天弘芯片产业ETF联接A,指数型-股票,2.49,0.5y,价值平均法,100.46,14.15,2.642,80.0,41.58,-12.33,49.95
018993,中欧数字经济混合发起A,混合型-偏股,43.96,0.5y,价值平均法,97.24,9.4,2.732,83.3,40.44,-13.44,49.92
012553,天弘芯片产业ETF联接C,指数型-股票,7.4,0.5y,价值平均法,100.23,14.16,2.636,80.0,41.5,-12.25,49.86
012301,易方达核心智造混合,混合型-偏股,17.58,0.5y,价值平均法,91.39,12.05,3.374,100.0,38.34,-20.86,49.85
011823,易方达产业升级混合C,混合型-偏股,12.58,0.5y,价值平均法,89.99,9.88,3.426,100.0,37.84,-20.61,49.82
007300,国联安中证半导体ETF联接A,指数型-股票,11.63,0.5y,价值平均法,99.79,13.81,2.717,80.0,41.35,-13.76,49.79
014418,西部利得CES芯片指数增强A,指数型-股票,3.33,0.5y,价值平均法,99.88,15.38,2.763,80.0,41.38,-14.14,49.75
515260,电子ETF华宝,指数型-股票,4.45,0.5y,价值平均法,97.92,12.2,2.634,80.0,40.68,-7.21,49.74
159732,消费电子ETF华夏,指数型-股票,16.21,0.5y,价值平均法,97.15,11.37,2.858,80.0,40.41,-11.75,49.68
007301,国联安中证半导体ETF联接C,指数型-股票,20.13,0.5y,价值平均法,99.5,13.82,2.709,80.0,41.24,-13.67,49.67
011300,易方达智造优势混合A,混合型-偏股,24.19,0.5y,价值平均法,89.57,9.99,3.429,100.0,37.68,-20.51,49.66
000940,富国中小盘精选混合A,混合型-偏股,30.07,0.5y,价值平均法,89.28,6.67,3.035,100.0,37.58,-18.81,49.63
018412,易方达芯片ETF联接C,指数型-股票,4.69,0.5y,价值平均法,99.56,14.18,2.633,80.0,41.27,-12.1,49.62
014419,西部利得CES芯片指数增强C,指数型-股票,4.64,0.5y,价值平均法,99.41,15.41,2.75,80.0,41.21,-14.0,49.56
014777,富国中证芯片产业ETF发起式联接C,指数型-股票,2.89,0.5y,价值平均法,99.76,14.57,2.562,80.0,41.34,-11.35,49.56
019228,方正富邦金立方一年持有期混合E,混合型-偏股,5.33,0.5y,价值平均法,86.99,7.5,2.812,100.0,36.74,-3.08,49.49
561600,消费电子ETF平安,指数型-股票,2.33,0.5y,价值平均法,97.46,12.38,2.555,80.0,40.52,-6.36,49.44
011301,易方达智造优势混合C,混合型-偏股,15.69,0.5y,价值平均法,89.02,10.02,3.413,100.0,37.48,-20.37,49.43
001702,东方创新科技混合,混合型-灵活,7.12,0.5y,价值平均法,92.73,13.18,3.114,100.0,38.83,-22.51,49.4
340006,兴全全球视野股票,股票型,18.09,0.5y,价值平均法,86.35,9.81,3.856,100.0,36.51,-22.94,49.33
159695,通信ETF嘉实,指数型-股票,4.37,0.5y,价值平均法,92.14,8.82,3.209,100.0,38.61,-30.36,49.32
013006,摩根景气甄选混合A,混合型-偏股,13.11,0.5y,价值平均法,92.9,9.42,3.233,80.0,38.89,-12.65,49.31
015690,富国中小盘精选混合C,混合型-偏股,14.85,0.5y,价值平均法,88.51,6.71,3.013,100.0,37.3,-18.58,49.29
001216,易方达新收益混合A,混合型-灵活,19.64,0.5y,价值平均法,92.48,16.12,2.951,100.0,38.74,-16.2,49.27
012082,博时数字经济混合A,混合型-偏股,7.15,0.5y,价值平均法,92.8,12.92,2.902,100.0,38.85,-19.35,49.24
001217,易方达新收益混合C,混合型-灵活,4.83,0.5y,价值平均法,92.25,16.13,2.944,100.0,38.65,-16.12,49.18
012608,信澳领先智选混合,混合型-偏股,17.1,0.5y,价值平均法,95.95,12.53,2.997,80.0,39.98,-14.33,49.17
210008,金鹰策略配置混合,混合型-偏股,2.69,0.5y,价值平均法,93.8,12.81,2.58,100.0,39.21,-15.89,49.16
165516,中信保诚周期轮动混合(LOF)A,混合型-偏股,6.03,0.5y,价值平均法,88.58,10.8,3.246,100.0,37.32,-16.64,49.09
010106,华夏核心科技6个月定开混合A,混合型-偏股,3.91,0.5y,价值平均法,96.43,10.45,2.525,80.0,40.15,-8.32,49.08
159583,通信ETF富国,指数型-股票,14.62,0.5y,价值平均法,93.74,8.91,3.072,100.0,39.19,-35.26,49.07
012083,博时数字经济混合C,混合型-偏股,2.74,0.5y,价值平均法,92.34,12.94,2.891,100.0,38.69,-19.2,49.05
377240,摩根新兴动力混合A,混合型-偏股,81.13,0.5y,价值平均法,90.78,5.7,2.78,80.0,38.12,-8.61,49.04
005268,鹏华优势企业,股票型,4.57,0.5y,价值平均法,90.15,12.67,2.748,100.0,37.89,-8.83,48.96
010236,广发电子信息传媒股票C,股票型,14.87,0.5y,价值平均法,98.75,13.12,2.922,80.0,40.98,-24.11,48.96
519005,海富通股票混合,混合型-偏股,20.18,0.5y,价值平均法,99.02,12.99,2.359,80.0,41.08,-11.33,48.95
014639,兴全合衡三年持有混合A,混合型-偏股,23.59,0.5y,价值平均法,87.28,5.52,3.039,80.0,36.85,-4.52,48.86
011805,嘉实优质核心两年持有混合A,混合型-偏股,5.13,0.5y,价值平均法,96.51,11.62,2.69,80.0,40.18,-13.74,48.79
014642,摩根新兴动力混合C,混合型-偏股,24.65,0.5y,价值平均法,90.21,5.71,2.763,80.0,37.92,-8.45,48.79
013446,东财中证芯片ETF发起式联接C,指数型-股票,2.04,0.5y,价值平均法,97.24,14.26,2.559,80.0,40.44,-11.36,48.66
006555,浦银安盛全球智能科技(QDII)A,QDII-普通股票,10.73,0.5y,价值平均法,91.18,11.59,2.549,100.0,38.27,-12.09,48.65
018897,易方达消费电子ETF联接C,指数型-股票,3.29,0.5y,价值平均法,94.63,11.67,2.624,80.0,39.51,-6.59,48.64
000263,工银信息产业混合A,混合型-偏股,9.48,0.5y,价值平均法,84.42,7.0,3.206,100.0,35.8,-15.07,48.47
110002,易方达策略成长混合,混合型-偏股,11.8,0.5y,价值平均法,90.36,13.14,2.943,100.0,37.97,-19.0,48.46
001822,华商智能生活灵活配置混合A,混合型-灵活,2.33,0.5y,价值平均法,96.22,9.79,2.668,80.0,40.08,-21.84,48.13
009511,信澳研究优选混合A,混合型-偏股,5.74,0.5y,价值平均法,93.25,12.94,3.008,80.0,39.02,-15.33,48.07
007475,华夏创业板成长ETF联接C,指数型-股票,3.11,0.5y,价值平均法,91.1,6.33,2.574,80.0,38.24,-11.59,48.04
159546,集成电路ETF国泰,指数型-股票,2.72,0.5y,价值平均法,96.92,15.6,2.432,80.0,40.33,-12.54,47.99
008281,国泰CES半导体芯片行业ETF联接A,指数型-股票,14.01,0.5y,价值平均法,95.26,14.45,2.61,80.0,39.74,-12.04,47.98
018994,中欧数字经济混合发起C,混合型-偏股,38.86,0.5y,价值平均法,96.52,9.43,2.714,66.7,40.18,-13.23,47.96
630010,华商价值精选混合,混合型-偏股,3.4,0.5y,价值平均法,93.43,12.58,2.59,80.0,39.08,-7.28,47.93
002980,华夏创新前沿股票A,股票型,22.8,0.5y,价值平均法,87.37,5.8,3.079,80.0,36.88,-13.78,47.91
001361,景顺长城中证科技传媒通信150ETF联接A,指数型-股票,3.58,0.5y,价值平均法,92.42,10.34,2.905,80.0,38.72,-15.02,47.9
008887,华夏国证半导体芯片ETF联接A,指数型-股票,34.56,0.5y,价值平均法,95.38,15.47,2.512,80.0,39.78,-10.09,47.89
008282,国泰CES半导体芯片行业ETF联接C,指数型-股票,19.86,0.5y,价值平均法,94.94,14.47,2.601,80.0,39.62,-11.93,47.85
100055,富国全球科技互联网股票(QDII)A,QDII-普通股票,12.46,0.5y,价值平均法,91.05,5.86,3.07,60.0,38.22,-8.16,47.83
008888,华夏国证半导体芯片ETF联接C,指数型-股票,89.19,0.5y,价值平均法,95.06,15.49,2.503,80.0,39.66,-9.98,47.76
018411,易方达芯片ETF联接A,指数型-股票,2.79,0.5y,价值平均法,99.91,14.16,2.642,60.0,41.39,-12.21,47.76
012969,鹏华国证半导体芯片ETF联接A,指数型-股票,2.13,0.5y,价值平均法,94.54,15.39,2.536,80.0,39.48,-10.56,47.6
021934,富国中证通信设备主题ETF发起式联接C,指数型-股票,2.15,0.5y,价值平均法,88.83,8.43,3.047,100.0,37.42,-32.74,47.54
015967,永赢半导体产业智选混合发起A,混合型-偏股,12.48,0.5y,价值平均法,93.05,13.58,2.691,80.0,38.94,-11.47,47.52
012629,广发国证半导体芯片ETF联接A,指数型-股票,6.41,0.5y,价值平均法,94.36,15.42,2.497,80.0,39.41,-9.82,47.51
012970,鹏华国证半导体芯片ETF联接C,指数型-股票,9.4,0.5y,价值平均法,94.31,15.4,2.53,80.0,39.4,-10.5,47.51
007113,永赢高端制造混合A,混合型-偏股,3.1,0.5y,价值平均法,96.44,11.43,2.447,80.0,40.16,-21.28,47.43
018231,易方达全球优质企业混合(QDII)A(美元现汇份额),QDII-混合偏股,18.79,0.5y,价值平均法,83.74,9.22,3.172,100.0,35.55,-16.58,47.4
012630,广发国证半导体芯片ETF联接C,指数型-股票,9.95,0.5y,价值平均法,94.04,15.44,2.487,80.0,39.3,-9.71,47.38
001410,信澳新能源产业股票A,股票型,53.16,0.5y,价值平均法,91.33,12.44,2.909,80.0,38.32,-13.58,47.35
022184,富国全球科技互联网股票(QDII)C,QDII-普通股票,8.34,0.5y,价值平均法,89.91,5.88,3.054,60.0,37.81,-8.07,47.35
519674,银河创新成长混合A,混合型-偏股,97.35,0.5y,价值平均法,95.85,16.42,2.088,80.0,39.95,-5.85,47.35
007114,永赢高端制造混合C,混合型-偏股,8.11,0.5y,价值平均法,96.21,11.45,2.442,80.0,40.08,-21.21,47.34
015968,永赢半导体产业智选混合发起C,混合型-偏股,37.51,0.5y,价值平均法,92.6,13.61,2.678,80.0,38.78,-11.33,47.33
001224,中邮新思路灵活配置混合A,混合型-灵活,10.04,0.5y,价值平均法,89.42,9.72,2.61,80.0,37.63,-3.61,47.3
008185,诺安研究优选混合A,混合型-偏股,5.57,0.5y,价值平均法,94.93,15.88,2.455,80.0,39.62,-13.33,47.23
002229,华夏经济转型股票,股票型,6.13,0.5y,价值平均法,82.5,9.0,3.115,100.0,35.09,-12.97,47.2
018232,易方达全球优质企业混合(QDII)C(美元现汇份额),QDII-混合偏股,14.15,0.5y,价值平均法,83.24,9.22,3.162,100.0,35.37,-16.42,47.2
014143,银河创新成长混合C,混合型-偏股,30.06,0.5y,价值平均法,95.19,16.46,2.072,80.0,39.71,-5.65,47.09
008507,交银内核驱动混合,混合型-偏股,19.39,0.5y,价值平均法,90.94,10.98,2.736,80.0,38.18,-12.65,47.06
000308,建信创新中国混合,混合型-偏股,3.36,0.5y,价值平均法,83.16,13.75,3.741,100.0,35.34,-26.22,47.05
014497,诺安研究优选混合C,混合型-偏股,13.99,0.5y,价值平均法,94.48,15.9,2.445,80.0,39.46,-13.2,47.05
006533,易方达科融混合,混合型-偏股,77.66,0.5y,价值平均法,76.95,4.38,3.028,100.0,33.02,-9.92,47.03
159997,电子ETF天弘,指数型-股票,11.29,0.5y,价值平均法,91.4,12.73,2.575,80.0,38.35,-8.79,46.98
010389,易方达科益混合A,混合型-偏股,2.96,0.5y,价值平均法,84.42,9.35,2.832,100.0,35.8,-14.96,46.94
001072,华安智能装备主题股票A,股票型,15.9,0.5y,价值平均法,82.54,12.78,3.491,100.0,35.11,-20.47,46.86
021431,景顺长城精锐成长混合A,混合型-偏股,3.76,0.5y,价值平均法,83.96,7.57,3.019,100.0,35.63,-24.31,46.72
000327,南方潜力新蓝筹混合A,混合型-偏股,3.99,0.5y,价值平均法,80.15,7.17,3.293,100.0,34.22,-18.39,46.68
001037,国投瑞银锐意改革混合A,混合型-灵活,2.77,0.5y,价值平均法,99.11,14.26,2.115,60.0,41.11,-7.72,46.59
398011,中海分红增利混合,混合型-灵活,2.3,0.5y,价值平均法,91.98,12.19,2.514,80.0,38.56,-14.22,46.56
013622,华安智能装备主题股票C,股票型,7.19,0.5y,价值平均法,81.78,12.79,3.467,100.0,34.83,-20.28,46.54
014002,浦银安盛全球智能科技(QDII)C,QDII-普通股票,19.34,0.5y,价值平均法,90.71,11.6,2.537,80.0,38.1,-11.96,46.46
020755,永赢融安混合A,混合型-偏股,3.86,0.5y,价值平均法,85.12,13.29,2.952,100.0,36.06,-21.0,46.35
021432,景顺长城精锐成长混合C,混合型-偏股,10.34,0.5y,价值平均法,83.09,7.6,2.997,100.0,35.31,-24.07,46.35
001039,嘉实先进制造股票,股票型,6.33,0.5y,价值平均法,77.46,7.29,3.559,100.0,33.22,-18.23,46.31
005962,宝盈人工智能股票A,股票型,6.52,0.5y,价值平均法,89.37,13.8,2.747,80.0,37.61,-11.79,46.26
005967,鹏华创新驱动混合A,混合型-偏股,2.63,0.5y,价值平均法,94.5,20.02,1.943,80.0,39.46,-7.07,46.17
006868,华夏科技成长股票,股票型,3.41,0.5y,价值平均法,86.05,10.5,3.006,80.0,36.4,-11.06,46.17
519698,交银先锋混合A,混合型-偏股,5.61,0.5y,价值平均法,88.74,11.43,2.736,80.0,37.38,-12.94,46.16
020758,永赢融安混合C,混合型-偏股,7.54,0.5y,价值平均法,84.43,13.33,2.932,100.0,35.81,-20.78,46.07
550009,中信保诚中小盘混合A,混合型-偏股,2.02,0.5y,价值平均法,81.13,10.96,3.088,100.0,34.58,-16.51,45.94
005963,宝盈人工智能股票C,股票型,3.54,0.5y,价值平均法,88.49,13.85,2.721,80.0,37.29,-11.51,45.9
588020,科创成长ETF易方达,指数型-股票,9.1,0.5y,价值平均法,83.06,9.66,2.714,100.0,35.3,-16.84,45.89
588110,科创成长ETF广发,指数型-股票,3.43,0.5y,价值平均法,82.99,9.71,2.7,100.0,35.27,-16.44,45.86
000609,华商新量化混合A,混合型-灵活,2.25,0.5y,价值平均法,77.35,8.95,3.241,100.0,33.17,-12.31,45.67
002861,工银智能制造股票A,股票型,5.83,0.5y,价值平均法,82.35,8.36,2.976,100.0,35.04,-25.6,45.67
001678,英大国企改革A,股票型,3.5,0.5y,价值平均法,87.58,16.05,3.041,80.0,36.96,-17.5,45.6
050004,博时精选混合A,混合型-偏股,16.96,0.5y,价值平均法,73.21,4.3,3.032,100.0,31.61,-11.09,45.5
008253,华宝致远混合(QDII)A,QDII-混合偏股,2.26,0.5y,价值平均法,89.99,13.83,2.341,80.0,37.84,-12.06,45.44
022710,工银智能制造股票C,股票型,4.06,0.5y,价值平均法,81.66,8.42,2.962,100.0,34.78,-25.38,45.39
000209,中信保诚新兴产业混合A,混合型-偏股,14.88,0.5y,价值平均法,78.43,10.55,3.228,100.0,33.58,-16.54,45.35
002939,广发创新升级混合,混合型-灵活,34.64,0.5y,价值平均法,84.43,16.63,2.642,100.0,35.8,-18.78,45.29
673141,西部利得景程混合A,混合型-灵活,2.2,0.5y,价值平均法,82.32,9.91,3.307,83.3,35.02,-18.34,45.24
007353,工银科技创新混合,混合型-偏股,4.73,0.5y,价值平均法,86.17,11.21,2.678,80.0,36.44,-11.67,45.22
022754,易方达科鑫量化选股股票发起式A,股票型,9.11,0.5y,价值平均法,74.01,8.33,3.807,100.0,31.91,-19.88,45.21
012493,长信内需均衡混合A,混合型-偏股,3.98,0.5y,价值平均法,77.09,9.51,3.288,100.0,33.08,-16.3,45.19
014727,易方达成长动力混合A,混合型-偏股,20.92,0.5y,价值平均法,72.86,4.51,2.962,100.0,31.47,-10.02,45.13
014460,平安品质优选混合A,混合型-偏股,6.26,0.5y,价值平均法,84.34,17.94,2.635,100.0,35.77,-19.99,45.05
016486,中欧成长先锋混合C,混合型-偏股,4.85,0.5y,价值平均法,82.65,6.33,2.178,83.3,35.15,-2.6,45.05
001617,天弘中证电子ETF联接A,指数型-股票,3.13,0.5y,价值平均法,85.78,12.12,2.568,80.0,36.3,-8.23,45.04
700003,平安策略先锋混合,混合型-灵活,21.52,0.5y,价值平均法,88.78,17.45,2.792,80.0,37.4,-20.41,45.03
022755,易方达科鑫量化选股股票发起式C,股票型,9.16,0.5y,价值平均法,73.57,8.36,3.791,100.0,31.74,-19.76,45.01
001618,天弘中证电子ETF联接C,指数型-股票,5.22,0.5y,价值平均法,85.57,12.14,2.561,80.0,36.23,-8.15,44.95
000906,广发全球精选股票(QDII)美元A,QDII-普通股票,112.68,0.5y,价值平均法,75.94,7.79,2.977,100.0,32.64,-10.72,44.9
014728,易方达成长动力混合C,混合型-偏股,13.7,0.5y,价值平均法,72.29,4.52,2.941,100.0,31.26,-9.88,44.86
015079,永赢成长远航一年持有混合A,混合型-偏股,2.11,0.5y,价值平均法,80.38,11.55,2.901,100.0,34.3,-20.25,44.75
008716,鹏华优质回报两年定开混合,混合型-偏股,5.61,0.5y,价值平均法,81.07,9.59,2.924,83.3,34.56,-9.88,44.72
014461,平安品质优选混合C,混合型-偏股,2.23,0.5y,价值平均法,83.48,17.98,2.613,100.0,35.46,-19.7,44.71
001404,招商移动互联网产业股票基金A,股票型,5.47,0.5y,价值平均法,88.54,17.36,2.301,80.0,37.31,-11.42,44.62
012541,金鹰产业升级混合A,混合型-偏股,7.33,0.5y,价值平均法,84.65,13.56,2.445,83.3,35.89,-7.0,44.62
202027,南方高端装备混合A,混合型-偏股,8.92,0.5y,价值平均法,86.6,11.97,2.428,80.0,36.6,-13.6,44.47
004391,平安转型创新混合C,混合型-灵活,2.65,0.5y,价值平均法,82.43,16.98,2.679,100.0,35.07,-20.73,44.45
005136,华安幸福生活混合A,混合型-偏股,6.13,0.5y,价值平均法,77.64,10.75,2.863,100.0,33.28,-14.06,44.37
007119,睿远成长价值混合A,混合型-偏股,165.0,0.5y,价值平均法,75.63,6.96,2.626,100.0,32.53,-10.03,44.21
018229,易方达全球优质企业混合(QDII)A(人民币份额),QDII-混合偏股,18.79,0.5y,价值平均法,76.03,9.24,2.944,100.0,32.68,-14.06,44.21
110029,易方达科讯混合,混合型-偏股,77.39,0.5y,价值平均法,74.89,4.49,2.888,83.3,32.25,-9.07,44.19
588350,科创创业50ETF鹏扬,指数型-股票,12.5,0.5y,价值平均法,80.44,6.51,2.526,80.0,34.33,-8.65,44.08
010383,宝盈基础产业混合A,混合型-偏股,2.87,0.5y,价值平均法,82.96,13.57,2.895,80.0,35.26,-14.38,44.06
588330,双创50ETF华宝,指数型-股票,9.22,0.5y,价值平均法,80.28,6.48,2.544,80.0,34.27,-8.85,44.05
017987,易方达国企主题混合A,混合型-偏股,4.17,0.5y,价值平均法,77.13,13.52,3.072,100.0,33.09,-17.85,44.03
019702,易方达上证科创板成长ETF联接发起式A,指数型-股票,2.47,0.5y,价值平均法,77.53,9.18,2.708,100.0,33.24,-15.62,44.03
159603,科创创业ETF天弘,指数型-股票,31.83,0.5y,价值平均法,80.37,6.5,2.509,80.0,34.3,-8.59,44.02
588390,科创创业ETF博时,指数型-股票,2.06,0.5y,价值平均法,80.26,6.54,2.523,80.0,34.26,-8.31,44.02
007120,睿远成长价值混合C,混合型-偏股,16.56,0.5y,价值平均法,75.19,6.97,2.611,100.0,32.36,-9.91,44.01
018230,易方达全球优质企业混合(QDII)C(人民币份额),QDII-混合偏股,14.15,0.5y,价值平均法,75.49,9.27,2.925,100.0,32.47,-13.89,43.97
501205,鹏华创新未来混合(LOF)C,混合型-偏股,17.62,0.5y,价值平均法,97.97,14.43,2.027,40.0,40.7,-7.47,43.97
588400,科创创业ETF嘉实,指数型-股票,14.16,0.5y,价值平均法,80.13,6.56,2.529,80.0,34.21,-8.78,43.93
588380,科创创业ETF富国,指数型-股票,25.51,0.5y,价值平均法,80.02,6.55,2.511,80.0,34.17,-8.61,43.87
588300,科创创业50ETF招商,指数型-股票,15.21,0.5y,价值平均法,79.99,6.58,2.525,80.0,34.16,-8.76,43.86
016485,中欧成长先锋混合A,混合型-偏股,3.73,0.5y,价值平均法,83.61,6.3,2.205,66.7,35.5,-2.81,43.82
159783,科创创业50ETF华夏,指数型-股票,45.52,0.5y,价值平均法,79.92,6.53,2.505,80.0,34.14,-8.58,43.82
013340,创金合信芯片产业股票发起C,股票型,3.38,0.5y,价值平均法,85.03,13.45,2.418,80.0,36.03,-13.1,43.76
002064,华富产业升级灵活配置混合A,混合型-灵活,2.54,0.5y,价值平均法,83.31,10.86,2.423,80.0,35.39,-10.72,43.68
159780,科创创业50ETF南方,指数型-股票,29.38,0.5y,价值平均法,79.67,6.62,2.492,80.0,34.04,-8.42,43.68
000717,融通转型三动力灵活配置混合A,混合型-灵活,2.4,0.5y,价值平均法,77.16,7.87,2.412,100.0,33.1,-13.25,43.67
000805,中银新经济灵活配置混合A,混合型-灵活,2.08,0.5y,价值平均法,82.02,13.32,2.906,80.0,34.92,-16.24,43.58
000756,建信潜力新蓝筹股票A,股票型,3.4,0.5y,价值平均法,78.54,17.34,2.934,100.0,33.62,-21.88,43.54
018177,华夏科创50指数增强A,指数型-股票,4.76,0.5y,价值平均法,82.65,12.78,2.404,80.0,35.15,-8.04,43.43
001297,平安智慧中国混合,混合型-灵活,3.05,0.5y,价值平均法,81.67,14.24,2.748,80.0,34.78,-11.91,43.41
017484,财通资管数字经济混合发起式C,混合型-偏股,45.11,0.5y,价值平均法,84.37,15.72,2.764,80.0,35.78,-21.33,43.38
008254,华宝致远混合(QDII)C,QDII-混合偏股,3.94,0.5y,价值平均法,89.55,13.85,2.33,60.0,37.68,-11.92,43.27
018178,华夏科创50指数增强C,指数型-股票,3.51,0.5y,价值平均法,82.23,12.8,2.391,80.0,34.99,-7.9,43.25
110010,易方达价值成长混合,混合型-灵活,29.09,0.5y,价值平均法,87.09,9.88,2.289,60.0,36.78,-7.15,43.25
003961,易方达瑞程灵活配置混合A,混合型-灵活,3.76,0.5y,价值平均法,77.7,13.32,2.747,100.0,33.31,-19.86,43.24
213003,宝盈策略增长混合,混合型-偏股,15.02,0.5y,价值平均法,90.19,14.97,2.163,60.0,37.91,-9.5,43.23
000939,中银研究精选灵活配置混合A,混合型-灵活,2.07,0.5y,价值平均法,81.01,13.54,2.882,80.0,34.54,-15.52,43.2
018036,长城全球新能源车股票发起式(QDII)C,QDII-普通股票,9.93,0.5y,价值平均法,80.06,10.68,2.692,80.0,34.19,-10.63,43.19
009651,海富通成长甄选混合A,混合型-偏股,2.0,0.5y,价值平均法,78.2,9.06,2.83,83.3,33.49,-13.63,43.14
021313,景顺长城沪港深精选股票C,股票型,3.76,0.5y,价值平均法,75.23,7.13,2.554,100.0,32.37,-16.95,43.13
004616,中欧电子信息产业沪港深股票A,股票型,11.61,0.5y,价值平均法,82.48,12.2,2.247,80.0,35.09,-7.44,43.09
165313,建信优势动力混合(LOF),混合型-偏股,4.36,0.5y,价值平均法,77.0,17.43,2.935,100.0,33.04,-22.04,42.97
009008,平安科技创新混合A,混合型-偏股,3.97,0.5y,价值平均法,84.74,15.02,2.287,80.0,35.92,-15.42,42.96
001210,天弘互联网混合A,混合型-灵活,3.75,0.5y,价值平均法,80.5,11.03,3.159,66.7,34.35,-13.08,42.89
012844,工银瑞信恒兴6个月持有混合A,混合型-偏股,3.64,0.5y,价值平均法,82.02,7.79,2.57,60.0,34.91,-4.07,42.83
112002,易方达策略成长二号混合,混合型-偏股,10.84,0.5y,价值平均法,81.78,12.99,2.472,80.0,34.83,-12.84,42.78
012907,鹏扬中证科创创业50ETF联接A,指数型-股票,8.74,0.5y,价值平均法,76.5,6.18,2.534,80.0,32.85,-8.23,42.76
005763,中欧电子信息产业沪港深股票C,股票型,15.34,0.5y,价值平均法,81.61,12.24,2.221,80.0,34.76,-7.14,42.74
001951,金鹰改革红利混合,混合型-灵活,8.22,0.5y,价值平均法,75.45,13.56,2.59,100.0,32.46,-13.25,42.67
022981,天弘中证科创创业50ETF联接Y,指数型-股票,2.63,0.5y,价值平均法,76.25,6.21,2.517,80.0,32.76,-8.09,42.63
009009,平安科技创新混合C,混合型-偏股,2.62,0.5y,价值平均法,83.87,15.06,2.267,80.0,35.6,-15.14,42.62
012894,天弘中证科创创业50ETF联接A,指数型-股票,5.72,0.5y,价值平均法,76.22,6.22,2.515,80.0,32.75,-8.08,42.61
013313,富国中证科创创业50ETF联接A,指数型-股票,3.03,0.5y,价值平均法,76.67,6.53,2.486,80.0,32.92,-8.03,42.59
012908,鹏扬中证科创创业50ETF联接C,指数型-股票,3.57,0.5y,价值平均法,76.09,6.21,2.519,80.0,32.7,-8.1,42.57
013314,富国中证科创创业50ETF联接C,指数型-股票,2.36,0.5y,价值平均法,76.58,6.55,2.482,80.0,32.88,-8.0,42.55
012895,天弘中证科创创业50ETF联接C,指数型-股票,25.36,0.5y,价值平均法,76.01,6.23,2.508,80.0,32.67,-8.02,42.51
012846,恒越蓝筹精选混合,混合型-偏股,3.18,0.5y,价值平均法,76.44,13.42,3.107,80.0,32.83,-12.46,42.41
013534,鹏华沃鑫混合A,混合型-偏股,8.27,0.5y,价值平均法,70.27,4.42,2.88,80.0,30.49,-5.68,42.41
007355,汇添富科技创新混合A,混合型-灵活,71.5,0.5y,价值平均法,76.09,10.22,2.859,83.3,32.7,-12.46,42.35
159597,创业板成长ETF易方达,指数型-股票,3.04,0.5y,价值平均法,71.23,5.96,2.53,100.0,30.85,-13.21,42.32
516050,科技龙头ETF工银,指数型-股票,2.37,0.5y,价值平均法,77.74,8.84,2.605,80.0,33.32,-11.76,42.3
000828,宏利转型机遇股票A,股票型,23.42,0.5y,价值平均法,69.21,6.9,2.955,100.0,30.08,-13.59,42.26
017234,永赢睿恒混合A,混合型-偏股,7.61,0.5y,价值平均法,74.19,9.16,2.642,100.0,31.98,-19.86,42.21
013304,易方达中证科创创业50联接A,指数型-股票,16.86,0.5y,价值平均法,75.08,6.19,2.506,80.0,32.32,-8.07,42.16
022910,易方达中证科创创业50联接Y,指数型-股票,3.86,0.5y,价值平均法,75.09,6.19,2.505,80.0,32.32,-8.07,42.16
012800,宏利转型机遇股票C,股票型,2.07,0.5y,价值平均法,68.93,6.91,2.943,100.0,29.97,-13.5,42.13
018122,永赢数字经济智选混合发起A,混合型-偏股,7.47,0.5y,价值平均法,82.48,16.23,1.95,80.0,35.09,-6.87,42.07
005726,国泰价值精选灵活配置混合A,混合型-灵活,2.18,0.5y,价值平均法,72.45,10.1,2.867,100.0,31.32,-18.96,42.06
159781,科创创业ETF易方达,指数型-股票,103.54,0.5y,价值平均法,80.39,6.5,2.527,60.0,34.31,-8.83,42.04
013310,华夏科创创业50ETF联接A,指数型-股票,4.99,0.5y,价值平均法,74.85,6.23,2.491,80.0,32.23,-7.96,42.03
013305,易方达中证科创创业50联接C,指数型-股票,12.28,0.5y,价值平均法,74.77,6.21,2.495,80.0,32.2,-7.98,42.02
019571,诺安优化配置混合C,混合型-偏股,18.93,0.5y,价值平均法,80.0,12.89,2.342,80.0,34.16,-10.73,42.02
588360,科创创业ETF国泰,指数型-股票,2.73,0.5y,价值平均法,80.26,6.52,2.548,60.0,34.26,-9.13,42.01
013298,南方中证科创创业50ETF联接A,指数型-股票,2.65,0.5y,价值平均法,74.93,6.37,2.474,80.0,32.26,-7.75,41.99
007356,汇添富科技创新混合C,混合型-灵活,43.0,0.5y,价值平均法,75.2,10.27,2.828,83.3,32.36,-12.21,41.96
018123,永赢数字经济智选混合发起C,混合型-偏股,33.71,0.5y,价值平均法,82.09,16.26,1.94,80.0,34.94,-6.72,41.92
022368,永赢睿恒混合C,混合型-偏股,17.51,0.5y,价值平均法,73.52,9.2,2.624,100.0,31.73,-19.66,41.92
163412,兴全轻资产混合(LOF),混合型-偏股,24.89,0.5y,价值平均法,67.3,8.34,3.277,100.0,29.34,-14.63,41.9
013311,华夏科创创业50ETF联接C,指数型-股票,2.61,0.5y,价值平均法,74.53,6.25,2.481,80.0,32.11,-7.86,41.89
013299,南方中证科创创业50ETF联接C,指数型-股票,2.79,0.5y,价值平均法,74.63,6.39,2.464,80.0,32.15,-7.66,41.85
159782,双创50ETF银华,指数型-股票,6.66,0.5y,价值平均法,79.71,6.39,2.53,60.0,34.06,-8.75,41.84
000979,景顺长城沪港深精选股票A,股票型,63.14,0.5y,价值平均法,75.96,7.09,2.573,83.3,32.65,-17.19,41.77
011447,长江新能源产业混合发起C,混合型-偏股,2.3,0.5y,价值平均法,73.19,11.57,2.224,100.0,31.6,-7.97,41.65
022739,申万菱信新能源汽车主题灵活配置混合C,混合型-灵活,10.98,0.5y,价值平均法,79.88,12.21,1.592,80.0,34.12,3.81,41.63
004745,长盛创新驱动混合A,混合型-灵活,4.68,0.5y,价值平均法,75.95,14.24,2.966,80.0,32.65,-14.57,41.61
017483,财通资管数字经济混合发起式A,混合型-偏股,7.32,0.5y,价值平均法,84.82,15.69,2.776,60.0,35.95,-21.48,41.56
501226,长城全球新能源车股票发起式(QDII)A,QDII-普通股票,5.78,0.5y,价值平均法,80.89,10.64,2.714,60.0,34.5,-10.87,41.53
000603,易方达创新驱动灵活配置混合,混合型-灵活,22.88,0.5y,价值平均法,73.26,13.14,2.651,100.0,31.63,-18.93,41.49
180031,银华中小盘混合,混合型-偏股,33.93,0.5y,价值平均法,80.85,15.48,2.353,80.0,34.48,-17.64,41.46
023402,广发全球精选股票(QDII)人民币F,QDII-普通股票,4.57,0.5y,价值平均法,68.07,7.85,2.681,100.0,29.64,-8.25,41.44
159939,信息技术ETF广发,指数型-股票,9.49,0.5y,价值平均法,77.46,13.12,2.38,80.0,33.21,-8.43,41.4
013274,长城优化升级混合C,混合型-偏股,2.42,0.5y,价值平均法,72.01,17.01,3.101,100.0,31.15,-24.29,41.37
013303,招商中证科创创业50ETF联接C,指数型-股票,2.43,0.5y,价值平均法,73.24,6.29,2.47,80.0,31.62,-7.71,41.37
021277,广发全球精选股票(QDII)人民币C,QDII-普通股票,33.07,0.5y,价值平均法,67.89,7.85,2.676,100.0,29.57,-8.23,41.36
159909,TMT50ETF招商,指数型-股票,5.08,0.5y,价值平均法,74.16,7.87,2.631,83.3,31.97,-13.97,41.35
012899,兴银中证科创创业50指数C,指数型-股票,2.13,0.5y,价值平均法,73.12,6.33,2.461,80.0,31.57,-7.63,41.29
004148,圆信永丰多策略,混合型-偏股,3.35,0.5y,价值平均法,75.59,15.09,2.921,83.3,32.51,-18.19,41.27
100022,富国天瑞强势混合A,混合型-灵活,36.36,0.5y,价值平均法,79.97,8.42,2.643,60.0,34.15,-12.56,41.24
512770,战略新兴ETF华夏,指数型-股票,2.23,0.5y,价值平均法,73.6,7.82,2.681,80.0,31.76,-11.18,41.23
001192,摩根整合驱动混合A,混合型-灵活,2.43,0.5y,价值平均法,68.97,9.15,2.629,100.0,29.99,-10.13,41.21
000534,长盛高端装备混合A,混合型-灵活,9.98,0.5y,价值平均法,74.76,14.32,3.001,80.0,32.2,-16.0,41.11
501075,万家科创主题灵活配置混合(LOF)A,混合型-灵活,4.08,0.5y,价值平均法,71.52,8.98,3.003,83.3,30.96,-13.54,41.11
007887,东方红启元三年持有混合B,混合型-灵活,10.74,0.5y,价值平均法,65.79,6.36,3.007,100.0,28.76,-15.59,41.05
910007,东方红启元三年持有混合A,混合型-灵活,5.11,0.5y,价值平均法,65.48,6.38,2.994,100.0,28.64,-15.49,40.91
017485,长盛高端装备混合C,混合型-灵活,3.56,0.5y,价值平均法,74.17,14.34,2.976,80.0,31.97,-15.77,40.86
001409,工银互联网加股票,股票型,24.9,0.5y,价值平均法,66.63,8.51,2.979,100.0,29.09,-14.87,40.85
011884,工银景气优选混合A,混合型-偏股,4.39,0.5y,价值平均法,71.93,7.54,2.561,80.0,31.12,-6.56,40.83
011885,工银景气优选混合C,混合型-偏股,2.18,0.5y,价值平均法,71.33,7.58,2.536,80.0,30.89,-6.38,40.55
010180,华夏科技龙头两年持有混合,混合型-偏股,9.25,0.5y,价值平均法,80.06,13.23,2.909,60.0,34.19,-19.63,40.54
100060,富国高新技术产业混合,混合型-偏股,12.2,0.5y,价值平均法,70.55,11.12,2.53,100.0,30.6,-17.52,40.53
009863,富国创新趋势股票A,股票型,36.19,0.5y,价值平均法,72.37,6.23,2.251,80.0,31.29,-8.3,40.45
001156,申万菱信新能源汽车主题灵活配置混合A,混合型-灵活,20.5,0.5y,价值平均法,81.68,12.19,1.659,60.0,34.79,2.99,40.37
017724,银华心质混合C,混合型-偏股,2.43,0.5y,价值平均法,77.06,11.87,2.18,80.0,33.06,-14.43,40.28
006025,诺安优化配置混合A,混合型-偏股,6.77,0.5y,价值平均法,80.52,12.87,2.356,60.0,34.36,-10.89,40.23
159807,科技ETF易方达,指数型-股票,7.41,0.5y,价值平均法,72.39,10.56,2.561,80.0,31.3,-8.87,40.22
270028,广发制造业精选混合A,混合型-偏股,12.46,0.5y,价值平均法,73.21,11.49,2.501,83.3,31.61,-12.8,40.2
163411,兴全精选混合,混合型-偏股,20.76,0.5y,价值平均法,62.63,8.62,3.657,100.0,27.53,-24.64,40.05
160626,鹏华中证信息技术指数(LOF)A,指数型-股票,2.78,0.5y,价值平均法,73.45,12.63,2.343,80.0,31.7,-6.98,40.03
005299,万家成长优选混合A,混合型-灵活,6.38,0.5y,价值平均法,75.51,15.55,1.879,80.0,32.48,-0.81,40.02
000409,鹏华环保产业股票,股票型,11.64,0.5y,价值平均法,67.54,4.95,2.41,80.0,29.44,-4.56,39.93
001832,易方达瑞恒灵活配置混合,混合型-灵活,13.16,0.5y,价值平均法,65.01,11.17,2.769,100.0,28.46,-9.1,39.93
660015,农银行业轮动混合A,混合型-偏股,4.66,0.5y,价值平均法,74.2,10.16,2.816,66.7,31.98,-12.61,39.88
002350,华安安华灵活配置混合A,混合型-灵活,4.85,0.5y,价值平均法,64.45,14.01,3.318,100.0,28.24,-19.09,39.86
001323,东吴移动互联混合A,混合型-灵活,28.99,0.5y,价值平均法,70.27,6.19,2.555,80.0,30.49,-14.3,39.82
005300,万家成长优选混合C,混合型-灵活,2.34,0.5y,价值平均法,75.02,15.58,1.864,80.0,32.3,-0.66,39.81
002170,东吴移动互联混合C,混合型-灵活,51.7,0.5y,价值平均法,70.07,6.19,2.548,80.0,30.41,-14.23,39.73
013316,嘉实中证科创创业50ETF发起联接C,指数型-股票,2.62,0.5y,价值平均法,74.1,6.28,2.479,60.0,31.95,-7.74,39.72
012647,中欧洞见一年持有混合,混合型-偏股,8.69,0.5y,价值平均法,70.59,8.92,2.569,83.3,30.61,-13.35,39.71
010126,平安价值成长混合A,混合型-偏股,2.72,0.5y,价值平均法,71.25,15.25,2.786,83.3,30.86,-15.09,39.66
011486,博时创新精选混合A,混合型-偏股,5.68,0.5y,价值平均法,73.08,9.82,2.431,80.0,31.56,-15.12,39.63
007873,华宝科技ETF联接A,指数型-股票,3.08,0.5y,价值平均法,69.47,8.46,2.545,83.3,30.18,-10.71,39.58
013302,招商中证科创创业50ETF联接A,指数型-股票,2.38,0.5y,价值平均法,73.65,6.27,2.484,60.0,31.78,-7.84,39.55
519732,交银定期支付双息平衡混合,混合型-平衡,26.82,0.5y,价值平均法,63.07,9.44,3.156,100.0,27.7,-17.65,39.54
588460,科创50增强ETF鹏华,指数型-股票,10.73,0.5y,价值平均法,73.39,14.17,2.245,80.0,31.68,-8.06,39.53
217019,招商深证TMT50ETF联接A,指数型-股票,2.68,0.5y,价值平均法,68.84,7.47,2.629,83.3,29.94,-13.31,39.51
515000,科技ETF华宝,指数型-股票,30.29,0.5y,价值平均法,75.77,8.91,2.577,60.0,32.58,-11.5,39.51
506005,博时科创板三年定开混合,混合型-偏股,21.55,0.5y,价值平均法,74.35,16.93,2.449,80.0,32.04,-16.49,39.37
004641,万家量化睿选混合A,混合型-灵活,8.11,0.5y,价值平均法,59.54,8.47,3.573,100.0,26.31,-18.35,39.34
167002,平安鼎越混合(LOF),混合型-灵活,16.99,0.5y,价值平均法,68.64,15.55,2.872,100.0,29.86,-28.37,39.25
000462,农银主题轮动混合A,混合型-灵活,5.44,0.5y,价值平均法,70.21,10.68,2.463,80.0,30.47,-8.08,39.24
009930,南方创新驱动混合C,混合型-偏股,4.59,0.5y,价值平均法,68.42,10.02,2.628,83.3,29.78,-9.68,39.24
379010,摩根中小盘混合A,混合型-偏股,3.21,0.5y,价值平均法,61.9,8.08,2.946,100.0,27.24,-13.25,39.24
008186,淳厚信睿混合A,混合型-偏股,19.58,0.5y,价值平均法,63.85,11.04,2.899,100.0,28.0,-15.35,39.22
150968,银河研究精选混合A,混合型-偏股,6.95,0.5y,价值平均法,62.15,6.28,2.531,100.0,27.34,-9.31,39.13
011021,汇添富互联网核心资产六个月持有混合A,混合型-偏股,14.59,0.5y,价值平均法,65.71,7.06,2.186,100.0,28.73,-12.04,39.12
588820,科创200ETF华夏,指数型-股票,4.0,0.5y,价值平均法,67.66,14.23,2.746,100.0,29.48,-24.11,39.09
016556,万家量化睿选混合C,混合型-灵活,3.38,0.5y,价值平均法,58.97,8.51,3.547,100.0,26.08,-18.17,39.08
519679,银河主题混合A,混合型-偏股,3.23,0.5y,价值平均法,69.44,11.63,2.538,80.0,30.17,-7.66,39.08
006281,万家人工智能混合A,混合型-偏股,8.45,0.5y,价值平均法,73.14,15.66,1.781,80.0,31.58,0.19,39.0
008187,淳厚信睿混合C,混合型-偏股,10.98,0.5y,价值平均法,63.34,11.07,2.879,100.0,27.8,-15.19,38.99
004784,招商稳健优选股票A,股票型,3.14,0.5y,价值平均法,73.04,17.18,2.18,80.0,31.54,-9.72,38.89
000942,广发信息技术联接A,指数型-股票,5.0,0.5y,价值平均法,70.23,12.43,2.323,80.0,30.47,-7.81,38.74
000073,摩根成长动力混合A,混合型-灵活,2.04,0.5y,价值平均法,60.62,6.38,2.757,100.0,26.74,-13.16,38.69
012130,景顺长城先进智造混合A,混合型-偏股,9.72,0.5y,价值平均法,68.51,14.37,2.78,83.3,29.81,-15.28,38.68
001125,博时互联网主题灵活配置混合,混合型-灵活,4.17,0.5y,价值平均法,64.34,8.17,2.905,83.3,28.19,-10.67,38.62
012131,景顺长城先进智造混合C,混合型-偏股,2.01,0.5y,价值平均法,68.11,14.4,2.765,83.3,29.66,-15.15,38.51
015709,摩根中国优势混合C,混合型-灵活,3.79,0.5y,价值平均法,74.26,10.03,2.013,60.0,32.01,-0.75,38.43
019768,景顺长城科创50指数增强C,指数型-股票,3.13,0.5y,价值平均法,74.65,12.94,2.327,60.0,32.15,-7.2,38.38
008638,广发科技创新混合A,混合型-偏股,25.03,0.5y,价值平均法,72.67,16.68,1.953,80.0,31.4,-8.24,38.36
588240,科创200ETF鹏华,指数型-股票,3.1,0.5y,价值平均法,65.57,14.16,2.669,100.0,28.67,-22.57,38.29
159363,创业板人工智能ETF华宝,指数型-股票,55.64,0.5y,价值平均法,67.41,9.35,2.471,100.0,29.39,-30.41,38.17
010166,招商兴和优选1年持有期混合,混合型-偏股,5.18,0.5y,价值平均法,64.71,8.47,2.225,100.0,28.34,-15.83,38.16
588950,科创50ETF景顺,指数型-股票,2.81,0.5y,价值平均法,70.04,14.13,2.074,80.0,30.4,-5.37,38.15
013533,广发科技创新混合C,混合型-偏股,9.77,0.5y,价值平均法,72.04,16.72,1.936,80.0,31.16,-8.05,38.11
000793,工银高端制造股票,股票型,8.32,0.5y,价值平均法,57.78,7.48,3.091,100.0,25.61,-14.05,38.09
006792,鹏华港美互联股票美元现汇,QDII-普通股票,2.84,0.5y,价值平均法,67.21,12.07,2.564,80.0,29.31,-10.68,37.98
001764,广发沪港深新机遇股票,股票型,6.02,0.5y,价值平均法,63.77,14.62,2.597,100.0,27.97,-17.38,37.95
009929,南方创新驱动混合A,混合型-偏股,27.77,0.5y,价值平均法,69.04,9.97,2.651,66.7,30.01,-9.86,37.86
013910,兴业兴睿两年持有混合A,混合型-偏股,11.66,0.5y,价值平均法,60.81,12.5,2.895,100.0,26.81,-16.37,37.86
018730,华夏招鑫鸿瑞混合A,混合型-偏股,3.22,0.5y,价值平均法,58.1,8.46,3.06,100.0,25.74,-15.87,37.77
588180,科创50ETF国联安,指数型-股票,12.67,0.5y,价值平均法,69.15,14.21,2.041,80.0,30.06,-5.14,37.76
006299,恒越核心精选混合A,混合型-偏股,2.63,0.5y,价值平均法,63.67,11.29,3.038,80.0,27.93,-12.54,37.75
007874,华宝科技ETF联接C,指数型-股票,2.59,0.5y,价值平均法,69.04,8.49,2.53,66.7,30.02,-10.6,37.73
023056,富国上证科创板50成份ETF联接C,指数型-股票,2.85,0.5y,价值平均法,68.63,13.65,2.096,80.0,29.86,-5.34,37.73
001322,东吴新趋势价值线混合,混合型-灵活,12.43,0.5y,价值平均法,70.86,7.28,2.578,60.0,30.71,-14.8,37.71
010662,富国均衡优选混合,混合型-偏股,20.83,0.5y,价值平均法,67.43,13.5,2.349,80.0,29.39,-7.63,37.71
003567,华夏行业景气混合A,混合型-偏股,82.71,0.5y,价值平均法,56.51,7.68,3.342,100.0,25.1,-19.17,37.69
588210,科创100ETF易方达,指数型-股票,4.39,0.5y,价值平均法,62.74,11.38,2.505,100.0,27.57,-16.36,37.69
007193,恒越核心精选混合C,混合型-偏股,5.63,0.5y,价值平均法,63.48,11.31,3.029,80.0,27.86,-12.48,37.67
009931,淳厚欣享一年持有期混合A,混合型-偏股,4.91,0.5y,价值平均法,59.94,11.03,2.858,100.0,26.47,-15.49,37.66
013911,兴业兴睿两年持有混合C,混合型-偏股,5.73,0.5y,价值平均法,60.31,12.52,2.876,100.0,26.62,-16.21,37.64
240011,华宝大盘精选混合,混合型-偏股,6.37,0.5y,价值平均法,59.19,5.45,2.361,100.0,26.17,-11.49,37.64
006371,长安鑫盈混合A,混合型-灵活,4.92,0.5y,价值平均法,70.0,17.12,2.179,83.3,30.38,-14.89,37.61
000513,富国高端制造行业股票A,股票型,5.89,0.5y,价值平均法,60.96,11.95,2.707,100.0,26.87,-15.42,37.58
588900,科创100ETF南方,指数型-股票,7.05,0.5y,价值平均法,62.48,11.28,2.487,100.0,27.47,-16.16,37.58
018731,华夏招鑫鸿瑞混合C,混合型-偏股,3.62,0.5y,价值平均法,57.52,8.47,3.034,100.0,25.51,-15.68,37.51
588060,科创50ETF广发,指数型-股票,67.74,0.5y,价值平均法,68.54,14.28,2.007,80.0,29.82,-4.78,37.49
512330,信息科技ETF南方,指数型-股票,5.67,0.5y,价值平均法,69.37,15.33,2.349,80.0,30.14,-15.86,37.47
012688,长安成长优选混合A,混合型-偏股,8.96,0.5y,价值平均法,69.38,17.24,2.144,83.3,30.15,-13.9,37.39
016311,中欧优质企业混合A,混合型-偏股,11.05,0.5y,价值平均法,69.0,8.96,2.519,66.7,30.0,-12.82,37.38
519026,海富通中小盘混合,混合型-偏股,4.62,0.5y,价值平均法,62.49,11.16,2.203,100.0,27.47,-11.18,37.38
011450,招商企业优选混合A,混合型-偏股,5.56,0.5y,价值平均法,62.75,8.59,2.194,100.0,27.57,-15.47,37.36
470009,汇添富民营活力混合,混合型-偏股,33.54,0.5y,价值平均法,64.08,11.81,2.634,83.3,28.09,-11.27,37.3
588870,科创50ETF汇添富,指数型-股票,4.83,0.5y,价值平均法,67.9,14.26,2.0,80.0,29.58,-4.69,37.25
001664,平安鑫安混合A,混合型-灵活,2.18,0.5y,价值平均法,65.2,17.42,2.647,100.0,28.53,-29.56,37.23
010305,华夏创新驱动混合A,混合型-偏股,16.6,0.5y,价值平均法,62.28,9.85,2.707,83.3,27.39,-9.5,37.21
588800,科创100ETF华夏,指数型-股票,26.11,0.5y,价值平均法,61.62,11.45,2.491,100.0,27.13,-16.58,37.21
007049,平安鑫安混合E,混合型-灵活,5.67,0.5y,价值平均法,65.1,17.42,2.644,100.0,28.49,-29.53,37.19
000601,华宝创新优选混合,混合型-偏股,6.36,0.5y,价值平均法,60.01,8.6,2.369,100.0,26.5,-11.4,37.18
002152,华宝核心优势混合A,混合型-灵活,8.32,0.5y,价值平均法,57.01,4.91,2.505,100.0,25.3,-13.82,37.16
588230,科创200ETF华泰柏瑞,指数型-股票,11.43,0.5y,价值平均法,66.98,14.23,2.739,83.3,29.22,-23.98,37.16
005450,华夏稳盛灵活配置混合,混合型-灵活,10.32,0.5y,价值平均法,59.4,8.85,2.564,100.0,26.25,-14.13,37.13
240017,华宝新兴产业混合,混合型-偏股,3.54,0.5y,价值平均法,58.33,5.85,2.307,100.0,25.83,-10.82,37.1
012223,信澳成长精选混合A,混合型-偏股,5.64,0.5y,价值平均法,66.36,9.76,2.204,80.0,28.98,-10.18,37.08
001665,平安鑫安混合C,混合型-灵活,12.3,0.5y,价值平均法,64.79,17.44,2.636,100.0,28.37,-29.42,37.07
011833,西部利得人工智能主题指数增强C,指数型-股票,2.16,0.5y,价值平均法,65.61,9.84,2.332,80.0,28.69,-10.78,37.05
001538,摩根科技前沿混合A,混合型-灵活,21.93,0.5y,价值平均法,58.84,9.01,2.45,100.0,26.03,-10.08,37.02
001606,农银工业4.0混合,混合型-灵活,21.78,0.5y,价值平均法,62.88,9.56,2.479,83.3,27.62,-8.5,37.0
588120,科创100ETF国泰,指数型-股票,9.67,0.5y,价值平均法,61.14,11.56,2.461,100.0,26.94,-16.08,37.0
002420,汇添富盈鑫混合A,混合型-灵活,4.55,0.5y,价值平均法,57.45,8.21,2.826,100.0,25.48,-16.77,36.89
000714,诺安稳健回报混合A,混合型-灵活,10.17,0.5y,价值平均法,68.43,15.28,1.83,80.0,29.78,-5.4,36.88
016461,华宝核心优势混合C,混合型-灵活,2.08,0.5y,价值平均法,56.42,4.93,2.484,100.0,25.07,-13.68,36.88
002052,诺安稳健回报混合C,混合型-灵活,21.43,0.5y,价值平均法,68.36,15.29,1.829,80.0,29.76,-5.37,36.86
001304,建信鑫安回报灵活配置混合A,混合型-灵活,2.48,0.5y,价值平均法,57.64,10.8,2.711,100.0,25.56,-12.24,36.8
014389,华安产业动力6个月持有混合A,混合型-偏股,3.09,0.5y,价值平均法,64.82,16.88,2.376,83.3,28.38,-9.21,36.8
014834,汇添富盈鑫混合D,混合型-灵活,2.05,0.5y,价值平均法,57.24,8.21,2.814,100.0,25.4,-16.7,36.79
007345,富国科技创新灵活配置混合,混合型-灵活,6.76,0.5y,价值平均法,58.26,4.68,2.581,83.3,25.8,-9.16,36.75
011608,易方达上证科创50联接A,指数型-股票,63.42,0.5y,价值平均法,66.07,13.57,2.057,80.0,28.87,-5.04,36.74
012224,信澳成长精选混合C,混合型-偏股,3.79,0.5y,价值平均法,65.57,9.81,2.178,80.0,28.67,-9.93,36.74
022895,易方达上证科创50联接Y,指数型-股票,4.73,0.5y,价值平均法,66.06,13.56,2.056,80.0,28.87,-5.03,36.73
001740,光大中国制造2025灵活配置混合A,混合型-灵活,5.3,0.5y,价值平均法,61.61,10.38,2.741,83.3,27.13,-12.15,36.72
011609,易方达上证科创50联接C,指数型-股票,112.86,0.5y,价值平均法,65.98,13.58,2.054,80.0,28.83,-5.01,36.7
014162,万家人工智能混合C,混合型-偏股,6.78,0.5y,价值平均法,72.36,15.71,1.756,60.0,31.29,0.43,36.68
588190,科创100ETF银华,指数型-股票,33.23,0.5y,价值平均法,60.17,11.34,2.439,100.0,26.56,-15.72,36.65
010460,兴业研究精选混合A,混合型-偏股,9.97,0.5y,价值平均法,57.55,12.47,2.893,100.0,25.52,-16.69,36.63
588010,科创新材料ETF博时,指数型-股票,2.02,0.5y,价值平均法,64.9,13.83,2.403,83.3,28.41,-13.67,36.62
000751,嘉实新兴产业股票,股票型,43.05,0.5y,价值平均法,57.9,14.23,2.748,100.0,25.66,-13.38,36.61
011975,广发均衡回报混合A,混合型-平衡,5.31,0.5y,价值平均法,52.67,5.34,2.904,100.0,23.56,-11.5,36.52
015947,兴业研究精选混合C,混合型-偏股,27.44,0.5y,价值平均法,57.26,12.49,2.881,100.0,25.4,-16.59,36.5
023407,华宝创业板人工智能ETF发起式联接A,指数型-股票,3.08,0.5y,价值平均法,62.25,8.88,2.461,100.0,27.38,-28.42,36.5
588220,科创100ETF鹏华,指数型-股票,81.99,0.5y,价值平均法,59.7,11.35,2.437,100.0,26.37,-15.71,36.47
010003,景顺长城电子信息产业股票A,股票型,16.49,0.5y,价值平均法,62.63,15.29,2.715,83.3,27.52,-14.01,36.46
011612,华夏科创50ETF联接A,指数型-股票,33.52,0.5y,价值平均法,65.39,13.59,2.052,80.0,28.6,-5.14,36.46
008372,富国阿尔法两年持有期混合,混合型-偏股,2.99,0.5y,价值平均法,63.95,12.1,2.037,83.3,28.04,-4.51,36.41
021330,富国上证科创板100ETF发起式联接C,指数型-股票,2.59,0.5y,价值平均法,58.89,10.93,2.525,100.0,26.05,-15.92,36.41
001000,中欧明睿新起点混合,混合型-偏股,10.92,0.5y,价值平均法,63.29,9.25,2.099,83.3,27.79,-7.05,36.39
023408,华宝创业板人工智能ETF发起式联接C,指数型-股票,12.59,0.5y,价值平均法,61.95,8.89,2.453,100.0,27.26,-28.31,36.38
011613,华夏科创50ETF联接C,指数型-股票,53.82,0.5y,价值平均法,65.16,13.62,2.044,80.0,28.51,-5.07,36.37
002446,广发利鑫灵活配置混合A,混合型-灵活,4.91,0.5y,价值平均法,62.92,18.46,1.707,100.0,27.64,-6.07,36.36
004604,富国新活力灵活配置混合A,混合型-灵活,3.31,0.5y,价值平均法,64.99,15.23,2.375,83.3,28.45,-15.34,36.33
013810,广发科创50ETF发起式联接A,指数型-股票,7.6,0.5y,价值平均法,65.13,13.69,2.006,80.0,28.5,-4.67,36.3
022950,华泰柏瑞上证科创板50成份ETF联接Y,指数型-股票,2.09,0.5y,价值平均法,64.93,13.43,2.032,80.0,28.43,-4.74,36.3
010004,景顺长城电子信息产业股票C,股票型,9.14,0.5y,价值平均法,62.24,15.31,2.7,83.3,27.37,-13.88,36.29
011610,华泰柏瑞上证科创板50成份ETF联接A,指数型-股票,4.66,0.5y,价值平均法,64.9,13.43,2.032,80.0,28.41,-4.74,36.29
519670,银河行业混合A,混合型-偏股,7.51,0.5y,价值平均法,60.96,6.67,2.396,80.0,26.87,-8.59,36.29
010016,华夏科技前沿6个月定开混合A,混合型-偏股,3.84,0.5y,价值平均法,55.56,8.09,2.624,100.0,24.73,-11.06,36.27
009857,博时价值臻选持有期混合A,混合型-灵活,2.82,0.5y,价值平均法,57.98,9.74,2.436,100.0,25.69,-13.36,36.24
010198,易方达竞争优势企业混合A,混合型-偏股,61.23,0.5y,价值平均法,61.14,10.75,2.406,83.3,26.94,-6.42,36.24
373020,摩根双核平衡混合A,混合型-平衡,3.1,0.5y,价值平均法,62.54,6.92,2.514,66.7,27.49,-4.41,36.21
370027,摩根智选30混合A,混合型-偏股,7.1,0.5y,价值平均法,56.78,8.87,2.419,100.0,25.21,-10.14,36.19
002669,华商万众创新混合A,混合型-灵活,6.92,0.5y,价值平均法,65.55,17.24,1.869,80.0,28.67,-1.98,36.18
011172,广发利鑫灵活配置混合C,混合型-灵活,7.6,0.5y,价值平均法,62.48,18.46,1.694,100.0,27.47,-5.97,36.18
011611,华泰柏瑞上证科创板50成份ETF联接C,指数型-股票,9.09,0.5y,价值平均法,64.66,13.45,2.023,80.0,28.32,-4.67,36.18
013811,广发科创50ETF发起式联接C,指数型-股票,13.98,0.5y,价值平均法,64.85,13.71,1.996,80.0,28.4,-4.57,36.18
004605,富国新活力灵活配置混合C,混合型-灵活,4.23,0.5y,价值平均法,64.49,15.26,2.359,83.3,28.25,-15.17,36.13
015320,长江新兴产业混合A,混合型-偏股,2.34,0.5y,价值平均法,58.66,9.84,2.071,100.0,25.96,-7.77,36.12
011614,工银科创50ETF联接A,指数型-股票,12.57,0.5y,价值平均法,64.48,13.49,2.039,80.0,28.25,-5.14,36.11
011615,工银科创50ETF联接C,指数型-股票,16.72,0.5y,价值平均法,64.4,13.49,2.037,80.0,28.22,-5.11,36.08
016626,汇添富创新成长混合A,混合型-偏股,2.8,0.5y,价值平均法,62.77,13.16,2.215,83.3,27.58,-7.22,36.07
002900,南方中证500信息技术联接A,指数型-股票,3.03,0.5y,价值平均法,65.13,14.65,2.343,80.0,28.5,-14.96,36.05
020684,南方上证科创板100ETF联接C,指数型-股票,2.96,0.5y,价值平均法,57.94,10.83,2.46,100.0,25.67,-15.1,35.99
015044,西部利得时代动力混合发起C,混合型-偏股,3.95,0.5y,价值平均法,63.17,17.13,2.518,83.3,27.74,-15.22,35.95
588150,科创50ETF南方,指数型-股票,4.72,0.5y,价值平均法,69.57,14.35,2.033,60.0,30.22,-4.97,35.9
004347,南方中证500信息技术联接C,指数型-股票,2.35,0.5y,价值平均法,64.74,14.66,2.33,80.0,28.35,-14.81,35.89
515070,人工智能ETF华夏,指数型-股票,97.56,0.5y,价值平均法,63.65,10.43,2.236,80.0,27.92,-12.07,35.88
519672,银河蓝筹混合A,混合型-偏股,3.42,0.5y,价值平均法,60.2,7.02,2.364,80.0,26.57,-8.29,35.87
001816,汇添富新睿精选混合A,混合型-灵活,31.58,0.5y,价值平均法,61.72,17.26,2.305,100.0,27.17,-22.79,35.8
570001,诺德价值优势混合,混合型-偏股,21.09,0.5y,价值平均法,50.28,4.2,2.788,100.0,22.59,-12.31,35.73
001712,东方红优势精选混合,混合型-灵活,6.68,0.5y,价值平均法,51.03,5.34,3.089,100.0,22.89,-17.77,35.72
506003,富国科创板两年定开混合,混合型-偏股,13.2,0.5y,价值平均法,63.32,10.37,1.857,80.0,27.8,-3.1,35.72
012816,国泰致和混合A,混合型-偏股,3.01,0.5y,价值平均法,52.53,9.52,3.449,100.0,23.5,-24.2,35.69
010049,长城成长先锋混合A,混合型-偏股,2.72,0.5y,价值平均法,61.93,13.87,2.292,83.3,27.25,-9.7,35.66
100020,富国天益价值混合A,混合型-灵活,31.4,0.5y,价值平均法,59.28,10.37,2.295,83.3,26.21,-3.03,35.66
375010,摩根中国优势混合A,混合型-灵活,30.68,0.5y,价值平均法,73.06,11.38,1.891,40.0,31.55,0.44,35.63
010264,鹏华成长智选混合A,混合型-偏股,14.83,0.5y,价值平均法,54.75,9.67,2.601,100.0,24.4,-12.05,35.59
159370,创50ETF工银,指数型-股票,2.17,0.5y,价值平均法,54.3,5.48,2.16,100.0,24.22,-8.57,35.53
257030,国联安优势混合,混合型-偏股,2.73,0.5y,价值平均法,60.14,5.42,2.316,66.7,26.55,-2.37,35.49
588280,科创50ETF华安,指数型-股票,3.64,0.5y,价值平均法,68.33,14.18,2.023,60.0,29.74,-5.02,35.43
161631,融通人工智能指数(LOF)A,指数型-股票,8.05,0.5y,价值平均法,61.68,9.87,2.289,80.0,27.15,-11.85,35.38
213008,宝盈资源优选混合,混合型-偏股,12.8,0.5y,价值平均法,61.52,13.62,3.075,83.3,27.09,-30.73,35.38
162720,广发创业板两年定开混合,混合型-偏股,2.91,0.5y,价值平均法,65.84,8.49,2.366,60.0,28.78,-13.0,35.21
012913,方正富邦趋势领航混合A,混合型-偏股,3.95,0.5y,价值平均法,57.22,10.5,2.427,83.3,25.39,-3.16,35.2
671030,西部利得事件驱动股票A,股票型,8.79,0.5y,价值平均法,65.13,16.47,2.587,66.7,28.5,-15.38,35.19
009659,民生加银新动能一年定开混合A,混合型-偏股,6.24,0.5y,价值平均法,59.4,9.97,2.277,80.0,26.25,-4.95,35.18
159373,创业板50ETF嘉实,指数型-股票,3.22,0.5y,价值平均法,53.49,5.49,2.141,100.0,23.89,-8.58,35.17
160644,鹏华港美互联股票人民币,QDII-普通股票,2.84,0.5y,价值平均法,60.53,11.7,2.303,80.0,26.7,-8.29,35.15
002482,宝盈互联网沪港深混合,混合型-灵活,4.21,0.5y,价值平均法,61.79,11.83,3.267,83.3,27.2,-40.27,35.14
001245,工银生态环境股票A,股票型,16.53,0.5y,价值平均法,56.56,7.39,2.635,83.3,25.12,-11.12,35.13
588030,科创100ETF博时,指数型-股票,60.94,0.5y,价值平均法,60.59,11.43,2.454,83.3,26.72,-16.0,35.13
163402,兴全趋势投资混合(LOF),混合型-灵活,129.35,0.5y,价值平均法,51.84,10.74,3.013,100.0,23.22,-15.54,35.09
010147,博道嘉兴一年持有期混合,混合型-偏股,4.82,0.5y,价值平均法,54.66,10.44,2.732,100.0,24.36,-19.65,35.04
589800,科创综指ETF易方达,指数型-股票,14.37,0.5y,价值平均法,61.26,12.99,2.342,80.0,26.99,-11.99,35.04
004674,富国新机遇灵活配置混合A,混合型-灵活,14.98,0.5y,价值平均法,60.16,11.36,2.131,83.3,26.56,-7.4,35.03
290011,泰信中小盘精选混合,混合型-偏股,10.61,0.5y,价值平均法,65.12,20.41,2.087,80.0,28.5,-16.29,35.02
001140,工银总回报灵活配置混合A,混合型-灵活,3.93,0.5y,价值平均法,58.02,8.34,2.327,80.0,25.71,-5.1,35.01
009660,民生加银新动能一年定开混合C,混合型-偏股,2.21,0.5y,价值平均法,59.04,9.99,2.26,80.0,26.11,-4.83,35.01
320007,诺安成长混合A,混合型-偏股,108.11,0.5y,价值平均法,60.71,11.79,2.03,83.3,26.77,-7.04,34.98
519029,华夏稳增混合,混合型-灵活,14.88,0.5y,价值平均法,61.09,16.34,2.83,83.3,26.92,-25.52,34.98
000020,景顺长城品质投资混合A,混合型-偏股,4.13,0.5y,价值平均法,52.56,10.69,2.691,100.0,23.51,-11.32,34.97
000242,景顺长城策略精选灵活配置混合A,混合型-灵活,16.05,0.5y,价值平均法,52.34,10.36,2.771,100.0,23.43,-13.2,34.94
011839,天弘中证人工智能A,指数型-股票,10.23,0.5y,价值平均法,60.7,9.97,2.253,80.0,26.77,-11.67,34.93
001985,富国低碳新经济混合A,混合型-偏股,14.76,0.5y,价值平均法,60.38,16.65,2.517,83.3,26.64,-15.62,34.92
011840,天弘中证人工智能C,指数型-股票,32.07,0.5y,价值平均法,60.51,9.99,2.246,80.0,26.69,-11.61,34.84
004675,富国新机遇灵活配置混合C,混合型-灵活,3.72,0.5y,价值平均法,59.69,11.39,2.113,83.3,26.37,-7.25,34.83
012064,圆信永丰兴诺一年持有期混合,混合型-灵活,9.24,0.5y,价值平均法,61.15,13.4,2.12,80.0,26.95,-7.94,34.82
011304,工银创新成长混合A,混合型-偏股,21.04,0.5y,价值平均法,61.68,8.73,2.458,66.7,27.15,-10.11,34.8
010898,银河产业动力混合A,混合型-偏股,2.65,0.5y,价值平均法,59.39,10.72,2.284,80.0,26.25,-8.59,34.75
017167,景顺长城策略精选灵活配置混合C,混合型-灵活,3.71,0.5y,价值平均法,51.85,10.39,2.746,100.0,23.23,-12.99,34.71
560800,数字经济ETF鹏扬,指数型-股票,4.34,0.5y,价值平均法,60.95,14.06,1.992,80.0,26.87,-4.82,34.7
001970,泰信鑫选灵活配置混合A,混合型-灵活,2.16,0.5y,价值平均法,64.2,20.24,2.042,80.0,28.14,-15.24,34.69
159681,创业板50ETF鹏华,指数型-股票,15.23,0.5y,价值平均法,52.3,5.44,2.122,100.0,23.41,-8.4,34.69
018835,广发成长启航混合A,混合型-偏股,33.52,0.5y,价值平均法,59.5,15.11,2.801,83.3,26.29,-22.91,34.65
159949,创业板50ETF华安,指数型-股票,206.92,0.5y,价值平均法,52.37,5.54,2.105,100.0,23.44,-8.39,34.64
960033,农银消费主题混合H,混合型-偏股,6.36,0.5y,价值平均法,54.95,13.63,2.255,100.0,24.48,-10.41,34.64
000689,前海开源新经济混合A,混合型-灵活,29.86,0.5y,价值平均法,53.68,12.36,2.489,100.0,23.97,-12.6,34.62
501095,中银证券科技创新混合(LOF),混合型-偏股,3.45,0.5y,价值平均法,60.25,8.69,1.88,83.3,26.59,-8.99,34.61
010550,华商双擎领航混合,混合型-偏股,4.55,0.5y,价值平均法,52.37,10.16,2.473,100.0,23.44,-9.41,34.6
630005,华商动态阿尔法混合,混合型-灵活,3.37,0.5y,价值平均法,53.42,8.0,2.864,83.3,23.86,-9.78,34.54
013157,前海开源新经济混合C,混合型-灵活,2.69,0.5y,价值平均法,53.4,12.38,2.477,100.0,23.86,-12.51,34.49
008585,华夏人工智能ETF联接A,指数型-股票,23.74,0.5y,价值平均法,59.56,9.91,2.217,80.0,26.32,-11.22,34.47
018836,广发成长启航混合C,混合型-偏股,42.74,0.5y,价值平均法,59.02,15.13,2.783,83.3,26.1,-22.72,34.45
010849,易方达竞争优势企业混合C,混合型-偏股,11.75,0.5y,价值平均法,60.74,10.76,2.388,66.7,26.78,-6.29,34.4
010852,中欧内需成长混合A,混合型-偏股,3.3,0.5y,价值平均法,59.34,15.03,2.418,83.3,26.23,-15.36,34.4
019348,富国匠心成长混合C,混合型-偏股,6.45,0.5y,价值平均法,60.09,13.48,2.448,83.3,26.53,-19.86,34.39
004958,圆信永丰优享生活,混合型-灵活,2.59,0.5y,价值平均法,60.67,15.14,1.979,80.0,26.76,-6.05,34.38
020683,南方上证科创板100ETF联接A,指数型-股票,3.21,0.5y,价值平均法,58.08,10.82,2.465,83.3,25.73,-15.15,34.38
000541,华商创新成长混合发起式A,混合型-灵活,17.01,0.5y,价值平均法,53.05,11.72,2.455,100.0,23.71,-12.62,34.35
008586,华夏人工智能ETF联接C,指数型-股票,24.28,0.5y,价值平均法,59.29,9.93,2.206,80.0,26.21,-11.13,34.35
021580,华夏人工智能ETF联接D,指数型-股票,11.14,0.5y,价值平均法,59.29,9.93,2.208,80.0,26.21,-11.13,34.35
022167,富国资源精选混合发起式C,混合型-偏股,7.6,0.5y,价值平均法,56.97,16.15,2.308,100.0,25.29,-20.63,34.35
010680,华夏新兴成长股票A,股票型,27.02,0.5y,价值平均法,54.66,8.21,2.477,83.3,24.36,-6.71,34.31
501077,富国创新企业灵活配置混合(LOF)A,混合型-灵活,6.14,0.5y,价值平均法,49.74,2.96,2.992,66.7,22.37,-6.07,34.31
013346,富荣信息技术混合C,混合型-偏股,10.91,0.5y,价值平均法,69.87,16.95,1.758,60.0,30.33,-13.95,34.28
589880,科创综指ETF建信,指数型-股票,6.76,0.5y,价值平均法,58.61,13.07,2.257,83.3,25.94,-11.23,34.26
000598,长盛生态环境混合A,混合型-灵活,2.71,0.5y,价值平均法,53.18,10.16,2.827,100.0,23.77,-25.39,34.19
161031,富国中证工业4.0指数(LOF)A,指数型-股票,5.48,0.5y,价值平均法,57.23,12.63,2.308,83.3,25.39,-9.3,34.11
000039,农银高增长混合,混合型-偏股,3.49,0.5y,价值平均法,56.08,9.03,2.282,83.3,24.93,-8.09,34.1
210004,金鹰稳健成长混合,混合型-偏股,4.78,0.5y,价值平均法,55.35,13.13,2.759,83.3,24.64,-13.49,34.09
159819,人工智能ETF易方达,指数型-股票,221.41,0.5y,价值平均法,64.05,10.45,2.245,60.0,28.08,-12.17,34.04
008934,大成科技消费股票A,股票型,7.56,0.5y,价值平均法,59.73,13.54,2.099,80.0,26.38,-10.22,34.01
010681,华夏新兴成长股票C,股票型,3.18,0.5y,价值平均法,54.02,8.25,2.446,83.3,24.11,-6.51,34.01
019374,广发睿杰精选混合发起式A1,混合型-偏股,13.89,0.5y,价值平均法,54.49,17.52,2.88,100.0,24.29,-29.04,33.99
020291,华夏科创100ETF联接A,指数型-股票,3.52,0.5y,价值平均法,57.11,10.97,2.48,83.3,25.34,-15.77,33.98
002164,汇添富新睿精选混合C,混合型-灵活,26.8,0.5y,价值平均法,61.19,17.25,2.299,83.3,26.96,-22.75,33.93
501054,东方红睿泽三年持有混合A,混合型-偏股,48.84,0.5y,价值平均法,53.47,5.86,2.423,83.3,23.88,-10.08,33.92
020292,华夏科创100ETF联接C,指数型-股票,4.75,0.5y,价值平均法,56.93,10.98,2.473,83.3,25.27,-15.72,33.9
009234,鹏华优质企业混合A,混合型-偏股,2.33,0.5y,价值平均法,50.68,10.75,3.724,100.0,22.75,-41.93,33.8
010967,博道嘉丰混合A,混合型-偏股,7.07,0.5y,价值平均法,51.13,9.34,2.545,100.0,22.94,-15.77,33.78
012491,华商核心引力混合A,混合型-灵活,4.32,0.5y,价值平均法,59.65,17.03,1.686,80.0,26.35,-0.08,33.78
006769,长城研究精选混合A,混合型-偏股,2.67,0.5y,价值平均法,50.24,10.35,2.971,100.0,22.57,-22.31,33.75
011338,兴全合远两年持有混合A,混合型-偏股,11.69,0.5y,定期定额(周),54.05,7.66,2.73,92.0,24.12,-26.04,33.75
008935,大成科技消费股票C,股票型,5.1,0.5y,价值平均法,59.06,13.58,2.075,80.0,26.12,-9.97,33.73
008793,博道嘉元混合A,混合型-偏股,2.81,0.5y,价值平均法,50.49,10.25,2.743,100.0,22.67,-18.04,33.71
012350,万家元贞量化选股股票A,股票型,10.61,0.5y,价值平均法,48.14,9.3,3.006,100.0,21.71,-16.85,33.71
515980,人工智能ETF华富,指数型-股票,88.28,0.5y,价值平均法,59.37,11.48,2.044,80.0,26.24,-12.15,33.71
000061,华夏盛世混合,混合型-偏股,9.85,0.5y,价值平均法,51.75,9.5,2.466,100.0,23.19,-17.07,33.66
015904,广发新能源精选股票A,股票型,13.16,0.5y,价值平均法,49.95,7.49,2.455,100.0,22.45,-12.96,33.66
009981,万家创业板指数增强A,指数型-股票,2.04,0.5y,价值平均法,48.74,5.25,2.243,100.0,21.96,-8.84,33.64
008208,博道嘉泰回报混合,混合型-灵活,5.22,0.5y,价值平均法,50.52,10.89,2.704,100.0,22.69,-17.69,33.6
001959,华商乐享互联灵活配置混合A,混合型-灵活,8.36,0.5y,价值平均法,48.98,12.44,2.738,100.0,22.06,-12.27,33.55
013812,景顺长城景气进取混合A,混合型-偏股,21.85,0.5y,价值平均法,49.63,10.3,2.621,100.0,22.32,-13.6,33.53
012351,万家元贞量化选股股票C,股票型,11.03,0.5y,价值平均法,47.71,9.32,2.983,100.0,21.53,-16.69,33.51
160143,南方创业板2年定期开放混合,混合型-偏股,3.47,0.5y,价值平均法,58.18,8.79,2.508,66.7,25.77,-11.79,33.45
014261,摩根沃享远见一年持有期混合A,混合型-偏股,4.42,0.5y,价值平均法,63.76,5.49,1.927,40.0,27.97,-0.45,33.41
015905,广发新能源精选股票C,股票型,24.18,0.5y,价值平均法,49.4,7.51,2.432,100.0,22.23,-12.79,33.41
013142,华商乐享互联灵活配置混合C,混合型-灵活,2.31,0.5y,价值平均法,48.67,12.48,2.716,100.0,21.93,-12.13,33.39
010885,长盛优势企业精选混合A,混合型-偏股,6.33,0.5y,价值平均法,55.06,12.73,2.479,80.0,24.52,-9.71,33.36
009861,鹏华新兴成长混合A,混合型-偏股,17.53,0.5y,价值平均法,45.28,6.88,3.126,100.0,20.53,-16.25,33.35
014985,华安创业板50指数C,指数型-股票,3.21,0.5y,价值平均法,48.81,5.3,2.075,100.0,21.99,-7.71,33.34
160422,华安创业板50ETF联接A,指数型-股票,24.77,0.5y,价值平均法,48.73,5.31,2.092,100.0,21.96,-8.01,33.32
015143,中欧智能制造混合A,混合型-偏股,3.5,0.5y,价值平均法,56.96,11.75,1.938,80.0,25.28,-4.73,33.28
019857,博时上证科创板100ETF联接A,指数型-股票,2.89,0.5y,价值平均法,55.3,10.7,2.411,83.3,24.62,-14.66,33.28
013813,景顺长城景气进取混合C,混合型-偏股,4.09,0.5y,价值平均法,49.06,10.33,2.596,100.0,22.09,-13.41,33.27
001476,中银智能制造股票A,股票型,9.61,0.5y,价值平均法,54.45,12.57,2.576,83.3,24.28,-14.42,33.25
005928,创金合信新能源汽车股票C,股票型,4.92,0.5y,价值平均法,54.61,10.29,2.397,83.3,24.34,-12.59,33.24
159915,创业板ETF易方达,指数型-股票,510.3,0.5y,价值平均法,48.27,5.15,2.147,100.0,21.77,-8.92,33.24
007464,交银创业板50指数A,指数型-股票,12.43,0.5y,价值平均法,48.38,5.26,2.098,100.0,21.81,-8.01,33.22
013365,汇添富产业升级混合A,混合型-偏股,3.26,0.5y,价值平均法,55.49,11.62,1.962,83.3,24.69,-3.95,33.22
160424,华安创业板50ETF联接C,指数型-股票,20.62,0.5y,价值平均法,48.51,5.32,2.082,100.0,21.86,-7.94,33.21
019858,博时上证科创板100ETF联接C,指数型-股票,4.11,0.5y,价值平均法,55.1,10.71,2.404,83.3,24.54,-14.6,33.19
011506,建信高端装备股票A,股票型,3.79,0.5y,价值平均法,56.23,12.22,2.037,83.3,24.99,-9.4,33.08
007465,交银创业板50指数C,指数型-股票,10.47,0.5y,价值平均法,48.02,5.27,2.082,100.0,21.66,-7.89,33.05
159682,创业板50ETF景顺,指数型-股票,41.48,0.5y,价值平均法,52.45,5.51,2.115,83.3,23.47,-8.41,33.04
008286,易方达研究精选股票,股票型,39.61,0.5y,价值平均法,54.99,5.24,2.173,66.7,24.49,-4.17,33.03
001126,摩根卓越制造股票A,股票型,7.64,0.5y,价值平均法,54.69,7.09,2.11,80.0,24.37,-9.35,33.02
159958,创业板ETF工银,指数型-股票,5.0,0.5y,价值平均法,47.73,5.09,2.121,100.0,21.55,-8.67,33.02
011306,富国低碳新经济混合C,混合型-偏股,4.02,0.5y,价值平均法,59.76,16.68,2.496,66.7,26.4,-15.41,33.0
001076,易方达改革红利混合,混合型-偏股,21.31,0.5y,价值平均法,52.92,12.86,2.709,83.3,23.66,-14.67,32.98
011093,永赢宏泽一年定开混合,混合型-灵活,10.77,0.5y,价值平均法,50.17,13.97,2.54,100.0,22.54,-16.45,32.98
159957,创业板ETF华夏,指数型-股票,15.91,0.5y,价值平均法,47.57,5.13,2.109,100.0,21.48,-8.57,32.92
009474,国泰致远优势混合,混合型-偏股,7.83,0.5y,价值平均法,45.92,9.76,3.29,100.0,20.8,-23.48,32.89
001475,易方达国防军工混合A,混合型-偏股,66.37,0.5y,价值平均法,50.95,14.31,2.78,100.0,22.86,-26.18,32.88
159964,创业板ETF平安,指数型-股票,4.3,0.5y,价值平均法,47.4,5.12,2.118,100.0,21.41,-8.73,32.86
159908,创业板ETF博时,指数型-股票,11.72,0.5y,价值平均法,47.25,5.08,2.121,100.0,21.35,-8.58,32.84
159948,创业板ETF南方,指数型-股票,44.99,0.5y,价值平均法,47.36,5.15,2.101,100.0,21.39,-8.56,32.81
010587,鹏扬先进制造混合A,混合型-偏股,4.27,0.5y,价值平均法,52.52,10.81,2.395,83.3,23.5,-8.89,32.78
019189,华商品质价值混合A,混合型-偏股,7.06,0.5y,价值平均法,46.53,11.9,2.985,100.0,21.05,-17.57,32.77
012733,易方达中证人工智能主题ETF联接A,指数型-股票,32.6,0.5y,价值平均法,60.25,9.98,2.236,60.0,26.59,-11.41,32.74
005730,国泰江源优势精选混合A,混合型-灵活,11.83,0.5y,价值平均法,45.53,9.62,3.265,100.0,20.64,-23.28,32.72
019861,鹏华上证科创100ETF联接A,指数型-股票,2.35,0.5y,价值平均法,54.1,11.25,2.379,83.3,24.14,-14.56,32.72
012734,易方达中证人工智能主题ETF联接C,指数型-股票,67.6,0.5y,价值平均法,60.15,9.99,2.233,60.0,26.55,-11.37,32.7
015945,易方达国防军工混合C,混合型-偏股,10.83,0.5y,价值平均法,50.41,14.33,2.763,100.0,22.64,-25.97,32.66
019862,鹏华上证科创100ETF联接C,指数型-股票,6.79,0.5y,价值平均法,53.9,11.26,2.373,83.3,24.06,-14.5,32.64
008020,华富中证人工智能产业ETF联接A,指数型-股票,11.02,0.5y,价值平均法,56.05,10.85,2.048,80.0,24.92,-11.47,32.62
009794,太平智选一年定开股票,股票型,5.52,0.5y,价值平均法,47.51,10.8,2.614,100.0,21.45,-14.24,32.62
560170,央企科技ETF南方,指数型-股票,3.62,0.5y,价值平均法,58.77,15.89,2.403,66.7,26.01,-13.9,32.6
008903,广发科技先锋混合,混合型-偏股,80.85,0.5y,价值平均法,57.63,6.37,2.017,60.0,25.55,-4.64,32.56
519688,交银精选混合,混合型-偏股,41.63,0.5y,价值平均法,51.17,9.8,2.644,83.3,22.95,-13.66,32.53
660005,农银中小盘混合,混合型-偏股,5.14,0.5y,价值平均法,51.02,8.88,2.473,83.3,22.89,-9.98,32.52
019190,华商品质价值混合C,混合型-偏股,9.65,0.5y,价值平均法,45.96,11.93,2.956,100.0,20.81,-17.36,32.51
008021,华富中证人工智能产业ETF联接C,指数型-股票,11.88,0.5y,价值平均法,55.76,10.87,2.038,80.0,24.81,-11.37,32.5
010588,鹏扬先进制造混合C,混合型-偏股,2.62,0.5y,价值平均法,51.77,10.85,2.36,83.3,23.19,-8.65,32.44
010755,博道睿见一年持有期混合,混合型-偏股,2.37,0.5y,价值平均法,53.06,12.34,2.209,83.3,23.72,-8.48,32.44
159971,创业板ETF富国,指数型-股票,20.59,0.5y,价值平均法,47.41,5.12,-0.667,100.0,21.41,56.44,32.42
014207,华安产业精选混合A,混合型-偏股,9.76,0.5y,价值平均法,45.87,12.8,2.788,100.0,20.78,-13.43,32.4
001811,中欧明睿新常态混合A,混合型-偏股,37.9,0.5y,价值平均法,55.3,5.76,1.916,66.7,24.62,-3.88,32.35
019361,富国核心优势混合发起式A,混合型-偏股,3.11,0.5y,价值平均法,54.89,15.16,2.182,83.3,24.45,-13.8,32.34
015794,天弘创业板指数增强A,指数型-股票,2.16,0.5y,价值平均法,50.01,5.41,2.234,83.3,22.48,-9.33,32.33
011056,博时汇兴回报一年持有期混合,混合型-灵活,28.85,0.5y,价值平均法,47.55,12.1,2.513,100.0,21.47,-13.95,32.32
010936,交银均衡成长一年混合A,混合型-偏股,14.7,0.5y,价值平均法,52.81,12.64,2.283,83.3,23.61,-10.61,32.3
011143,创金合信新材料新能源股票C,股票型,6.48,0.5y,价值平均法,51.43,11.75,1.574,100.0,23.06,-5.22,32.29
001879,长城创业板指数增强A,指数型-股票,4.72,0.5y,价值平均法,45.52,4.66,2.074,100.0,20.63,-8.21,32.25
005729,南方人工智能混合,混合型-偏股,5.09,0.5y,价值平均法,59.69,10.83,1.895,60.0,26.37,-4.97,32.23
015795,天弘创业板指数增强C,指数型-股票,12.33,0.5y,价值平均法,49.73,5.43,2.22,83.3,22.36,-9.24,32.19
014208,华安产业精选混合C,混合型-偏股,3.48,0.5y,价值平均法,45.42,12.82,2.762,100.0,20.59,-13.27,32.18
501188,汇添富核心精选混合(LOF),混合型-灵活,8.79,0.5y,价值平均法,61.89,18.2,1.762,60.0,27.24,-5.83,32.16
159981,能源化工ETF建信,指数型-其他,38.7,0.5y,价值平均法,48.23,8.85,2.246,100.0,21.75,-14.35,32.15
019362,富国核心优势混合发起式C,混合型-偏股,3.41,0.5y,价值平均法,54.35,15.19,2.162,83.3,24.24,-13.6,32.11
008297,广发价值优势混合,混合型-偏股,12.51,0.5y,价值平均法,48.77,7.5,2.014,100.0,21.97,-13.01,32.1
010892,中银证券精选行业股票A,股票型,5.02,0.5y,价值平均法,53.42,8.27,1.874,83.3,23.86,-9.31,32.07
022004,博道大盘成长股票C,股票型,11.74,0.5y,价值平均法,51.25,12.74,2.595,83.3,22.98,-15.02,32.06
008671,银华科技创新混合A,混合型-偏股,3.02,0.5y,价值平均法,48.93,5.45,2.367,83.3,22.04,-11.31,32.04
004744,易方达创业板ETF联接C,指数型-股票,33.12,0.5y,价值平均法,44.86,4.92,2.122,100.0,20.36,-8.36,31.99
002095,博时新收益A,混合型-灵活,2.29,0.5y,价值平均法,48.82,16.52,2.419,100.0,21.99,-17.67,31.96
002096,博时新收益C,混合型-灵活,5.93,0.5y,价值平均法,48.74,16.52,2.416,100.0,21.96,-17.64,31.93
159326,电网设备ETF华夏,指数型-股票,300.87,0.5y,价值平均法,49.61,14.67,2.511,100.0,22.32,-24.03,31.91
021968,西部利得均衡优选混合C,混合型-偏股,7.41,0.5y,价值平均法,51.73,12.33,2.292,83.3,23.18,-11.11,31.89
151001,银河稳健混合,混合型-偏股,5.38,0.5y,价值平均法,46.96,5.12,2.392,83.3,21.23,-7.0,31.88
005927,创金合信新能源汽车股票A,股票型,5.17,0.5y,价值平均法,55.26,10.25,2.423,66.7,24.6,-12.81,31.87
159814,创业大盘ETF西部利得,指数型-股票,3.49,0.5y,价值平均法,50.49,5.86,1.959,83.3,22.67,-7.56,31.87
002656,南方创业板ETF联接A,指数型-股票,24.13,0.5y,价值平均法,44.58,4.93,2.097,100.0,20.24,-8.19,31.83
015970,华泰柏瑞景气驱动混合A,混合型-偏股,2.54,0.5y,价值平均法,46.67,8.66,2.134,100.0,21.11,-9.14,31.83
004332,恒生沪港深新兴产业精选混合,混合型-偏股,2.67,0.5y,价值平均法,44.02,9.57,2.867,100.0,20.01,-16.74,31.82
010966,富国成长领航混合,混合型-偏股,23.85,0.5y,价值平均法,53.22,14.48,2.06,80.0,23.78,-6.91,31.82
009982,万家创业板指数增强C,指数型-股票,2.81,0.5y,价值平均法,48.39,5.28,2.227,83.3,21.82,-8.73,31.79
470028,汇添富社会责任混合A,混合型-偏股,7.62,0.5y,价值平均法,46.2,11.42,2.443,100.0,20.91,-13.11,31.78
011371,华商远见价值A,混合型-偏股,12.15,0.5y,价值平均法,44.41,12.11,2.88,100.0,20.17,-17.17,31.76
160420,华安创业板50指数A,指数型-股票,8.66,0.5y,价值平均法,48.99,5.3,2.084,83.3,22.06,-7.77,31.76
159320,电网设备ETF广发,指数型-股票,9.1,0.5y,价值平均法,48.85,14.63,2.611,100.0,22.01,-25.4,31.75
501206,汇添富创新未来混合(LOF),混合型-偏股,21.7,0.5y,价值平均法,50.47,10.03,2.095,83.3,22.67,-5.0,31.74
161022,富国创业板ETF联接A,指数型-股票,10.33,0.5y,价值平均法,44.62,5.06,2.06,100.0,20.26,-7.98,31.73
012917,平安优势领航1年持有混合A,混合型-偏股,2.87,0.5y,价值平均法,51.72,15.16,2.32,83.3,23.17,-11.94,31.72
501078,广发科创主题灵活配置混合(LOF),混合型-灵活,5.06,0.5y,价值平均法,47.1,6.66,2.669,83.3,21.28,-11.86,31.72
008467,博道嘉瑞混合A,混合型-偏股,2.43,0.5y,价值平均法,50.01,9.56,2.565,83.3,22.48,-15.86,31.71
002084,新华鑫动力灵活配置混合C,混合型-灵活,3.73,0.5y,价值平均法,53.25,11.16,1.669,83.3,23.8,-4.04,31.69
004343,南方创业板ETF联接C,指数型-股票,12.15,0.5y,价值平均法,44.23,4.95,2.081,100.0,20.1,-8.08,31.66
004476,景顺长城沪港深领先科技股票A,股票型,2.72,0.5y,价值平均法,53.95,9.53,2.189,66.7,24.08,-5.04,31.65
013277,富国创业板ETF联接C,指数型-股票,3.0,0.5y,价值平均法,44.45,5.06,2.051,100.0,20.19,-7.92,31.65
001593,天弘创业板ETF联接C,指数型-股票,42.51,0.5y,价值平均法,44.19,4.95,2.083,100.0,20.08,-8.14,31.64
012492,华商核心引力混合C,混合型-灵活,3.69,0.5y,价值平均法,59.27,17.06,1.671,60.0,26.2,0.04,31.62
015971,华泰柏瑞景气驱动混合C,混合型-偏股,2.87,0.5y,价值平均法,46.2,8.67,2.113,100.0,20.91,-8.99,31.62
290008,泰信发展主题混合,混合型-偏股,17.61,0.5y,价值平均法,57.53,19.43,1.08,80.0,25.51,1.83,31.61
519778,交银经济新动力混合A,混合型-灵活,16.57,0.5y,价值平均法,43.5,7.45,2.554,100.0,19.79,-11.72,31.61
166301,华商新趋势优选灵活配置混合,混合型-灵活,57.57,0.5y,价值平均法,45.95,14.7,2.629,100.0,20.81,-16.76,31.6
008065,汇添富中盘积极成长混合A,混合型-偏股,16.46,0.5y,价值平均法,47.63,14.95,2.16,100.0,21.5,-11.31,31.58
010736,易方达沪深300指数增强A,指数型-股票,20.74,0.5y,价值平均法,48.86,8.15,2.159,83.3,22.01,-4.49,31.58
009012,平安创业板ETF联接A,指数型-股票,2.17,0.5y,价值平均法,43.91,4.9,2.084,100.0,19.96,-8.17,31.56
012294,泰康优势精选三年持有期混合,混合型-偏股,2.31,0.5y,价值平均法,48.79,7.94,2.289,83.3,21.98,-8.32,31.53
162703,广发小盘成长混合(LOF)A,混合型-偏股,49.92,0.5y,价值平均法,53.72,20.89,2.542,83.3,23.99,-24.98,31.5
004423,华商研究精选灵活配置A,混合型-灵活,3.93,0.5y,价值平均法,45.59,14.16,2.609,100.0,20.66,-16.53,31.47
013680,华安品质甄选混合A,混合型-偏股,12.98,0.5y,价值平均法,43.24,11.94,2.766,100.0,19.68,-13.17,31.46
010737,易方达沪深300指数增强C,指数型-股票,11.68,0.5y,价值平均法,48.57,8.16,2.145,83.3,21.89,-4.4,31.44
501208,中欧创新未来混合(LOF),混合型-偏股,26.18,0.5y,价值平均法,55.86,11.19,1.701,66.7,24.85,-0.37,31.43
011568,鹏华产业升级混合A,混合型-偏股,5.91,0.5y,价值平均法,49.25,8.09,2.117,83.3,22.17,-6.65,31.41
017949,景顺长城创业板50ETF联接A,指数型-股票,3.68,0.5y,价值平均法,48.37,5.42,2.04,83.3,21.81,-7.43,31.4
006904,泰康产业升级混合A,混合型-偏股,4.28,0.5y,价值平均法,48.69,7.96,2.224,83.3,21.94,-7.61,31.39
501083,银华科创主题灵活配置混合(LOF),混合型-灵活,3.0,0.5y,价值平均法,43.71,5.97,2.3,100.0,19.88,-11.26,31.39
550015,中信保诚至远动力混合A,混合型-偏股,2.08,0.5y,价值平均法,48.4,9.4,2.46,83.3,21.82,-10.58,31.39
007731,民生加银持续成长混合A,混合型-偏股,2.48,0.5y,价值平均法,57.2,13.97,2.254,60.0,25.38,-11.06,31.37
561380,电网设备ETF国泰,指数型-股票,58.16,0.5y,价值平均法,47.87,14.66,2.576,100.0,21.6,-25.12,31.34
007664,永赢创业板指数发起式A,指数型-股票,2.01,0.5y,价值平均法,43.56,5.08,2.065,100.0,19.82,-8.04,31.32
013681,华安品质甄选混合C,混合型-偏股,9.5,0.5y,价值平均法,42.92,11.96,2.743,100.0,19.55,-13.01,31.3
016069,华商研究精选灵活配置C,混合型-灵活,8.63,0.5y,价值平均法,45.21,14.2,2.592,100.0,20.5,-16.42,31.3
159952,创业板ETF广发,指数型-股票,108.42,0.5y,价值平均法,47.66,5.13,2.116,83.3,21.52,-8.64,31.3
001173,中欧瑾和灵活配置混合A,混合型-灵活,2.66,0.5y,价值平均法,53.21,10.56,1.66,83.3,23.78,-8.17,31.29
007665,永赢创业板指数发起式C,指数型-股票,3.21,0.5y,价值平均法,43.48,5.08,2.061,100.0,19.78,-8.01,31.28
017950,景顺长城创业板50ETF联接C,指数型-股票,4.96,0.5y,价值平均法,48.11,5.42,2.029,83.3,21.7,-7.35,31.28
006733,博时创业板ETF联接C,指数型-股票,3.9,0.5y,价值平均法,43.1,4.84,2.077,100.0,19.62,-8.1,31.25
040016,华安行业轮动混合,混合型-偏股,2.53,0.5y,价值平均法,43.23,10.29,2.606,100.0,19.68,-12.47,31.24
163822,中银主题策略混合A,混合型-偏股,11.53,0.5y,价值平均法,48.02,14.66,2.687,83.3,21.66,-12.8,31.23
006969,圆信永丰高端制造A,混合型-偏股,5.13,0.5y,价值平均法,49.09,10.91,1.31,100.0,22.1,-1.47,31.21
006248,华夏创业板ETF联接A,指数型-股票,2.67,0.5y,价值平均法,43.18,4.94,2.052,100.0,19.66,-7.98,31.19
006905,泰康产业升级混合C,混合型-偏股,4.38,0.5y,价值平均法,48.26,7.99,2.202,83.3,21.76,-7.47,31.19
159977,创业板ETF天弘,指数型-股票,65.93,0.5y,价值平均法,47.44,5.15,2.104,83.3,21.42,-8.59,31.18
002160,南方驱动混合,混合型-灵活,3.57,0.5y,价值平均法,42.88,11.17,2.84,100.0,19.53,-17.07,31.17
006250,摩根动力精选混合A,混合型-偏股,4.86,0.5y,价值平均法,55.84,9.0,2.115,60.0,24.84,-9.13,31.16
009258,西部利得景瑞灵活配置混合C,混合型-灵活,2.72,0.5y,价值平均法,51.97,14.9,1.804,83.3,23.27,-5.81,31.15
017654,创金合信全球芯片产业股票发起(QDII)C,QDII-普通股票,2.14,0.5y,价值平均法,49.84,11.19,2.226,80.0,22.41,-7.67,31.13
000619,东方红产业升级混合,混合型-灵活,28.14,0.5y,价值平均法,43.71,8.16,2.712,100.0,19.88,-20.27,31.12
580008,东吴新产业精选股票A,股票型,6.45,0.5y,价值平均法,49.91,7.72,2.012,80.0,22.44,-7.03,31.09
006249,华夏创业板ETF联接C,指数型-股票,8.83,0.5y,价值平均法,42.92,4.94,2.039,100.0,19.55,-7.9,31.07
015386,中银主题策略混合C,混合型-偏股,3.0,0.5y,价值平均法,47.66,14.66,2.671,83.3,21.52,-12.69,31.07
015144,中欧智能制造混合C,混合型-偏股,3.77,0.5y,价值平均法,56.47,11.77,1.92,60.0,25.09,-4.59,31.06
010377,广发价值核心混合A,混合型-偏股,28.6,0.5y,价值平均法,47.96,16.95,1.899,100.0,21.64,-10.64,31.04
001118,华宝事件驱动混合A,混合型-偏股,5.17,0.5y,价值平均法,45.99,10.79,2.057,100.0,20.82,-11.07,30.98
018482,鹏华创业板50ETF联接A,指数型-股票,2.2,0.5y,价值平均法,47.16,5.23,2.014,83.3,21.31,-7.19,30.96
206009,鹏华新兴产业混合A,混合型-偏股,30.64,0.5y,价值平均法,43.59,7.24,3.106,83.3,19.83,-16.37,30.92
240005,华宝多策略增长A,混合型-偏股,8.13,0.5y,价值平均法,43.53,5.74,3.105,83.3,19.81,-19.26,30.92
010378,广发价值核心混合C,混合型-偏股,10.91,0.5y,价值平均法,47.6,16.97,1.887,100.0,21.49,-10.52,30.89
017876,汇添富新能源精选混合发起式A,混合型-偏股,7.26,0.5y,价值平均法,44.34,10.33,2.288,100.0,20.14,-12.13,30.88
018483,鹏华创业板50ETF联接C,指数型-股票,4.02,0.5y,价值平均法,46.97,5.24,2.006,83.3,21.23,-7.14,30.86
007146,鹏华研究智选混合,混合型-偏股,3.4,0.5y,价值平均法,42.11,8.52,2.676,100.0,19.21,-15.72,30.85
001053,南方创新经济,混合型-灵活,19.66,0.5y,价值平均法,40.66,8.65,2.931,100.0,18.6,-16.61,30.84
012985,平安优势回报1年持有混合A,混合型-偏股,4.82,0.5y,价值平均法,53.72,14.97,2.374,66.7,23.98,-13.46,30.78
009596,泰康创新成长混合A,混合型-偏股,6.82,0.5y,价值平均法,47.35,7.71,2.131,83.3,21.39,-6.92,30.77
001225,中邮趋势精选灵活配置混合A,混合型-灵活,6.97,0.5y,价值平均法,45.67,6.75,2.281,83.3,20.7,-6.49,30.72
015152,东吴嘉禾优势精选混合C,混合型-灵活,3.09,0.5y,价值平均法,60.81,9.42,1.955,40.0,26.81,-7.79,30.68
015756,景顺长城景气成长混合C,混合型-偏股,2.74,0.5y,价值平均法,48.37,14.09,2.468,83.3,21.81,-14.67,30.65
017877,汇添富新能源精选混合发起式C,混合型-偏股,2.53,0.5y,价值平均法,43.82,10.38,2.264,100.0,19.92,-11.94,30.65
022003,博道大盘成长股票A,股票型,2.05,0.5y,价值平均法,51.73,12.71,2.614,66.7,23.18,-15.16,30.61
000612,华宝生态中国混合A,混合型-偏股,5.15,0.5y,价值平均法,44.98,10.53,2.053,100.0,20.41,-11.38,30.59
010610,摩根远见两年持有期混合,混合型-偏股,20.64,0.5y,价值平均法,61.8,5.64,1.882,20.0,27.2,-0.24,30.5
017960,招商趋势领航混合A,混合型-偏股,2.15,0.5y,价值平均法,48.24,9.58,1.836,80.0,21.76,-0.01,30.48
001576,国泰智能装备股票A,股票型,4.6,0.5y,价值平均法,48.89,14.09,2.087,83.3,22.02,-9.06,30.45
001744,诺安进取回报混合,混合型-灵活,3.64,0.5y,价值平均法,43.17,14.9,2.493,100.0,19.65,-14.7,30.45
006928,长城创业板指数增强C,指数型-股票,4.25,0.5y,价值平均法,45.25,4.67,2.062,83.3,20.52,-8.12,30.45
110026,易方达创业板ETF联接A,指数型-股票,59.14,0.5y,价值平均法,45.07,4.91,2.132,83.3,20.45,-8.43,30.43
021967,西部利得均衡优选混合A,混合型-偏股,8.66,0.5y,价值平均法,52.1,12.31,2.307,66.7,23.33,-11.23,30.4
016462,华宝生态中国混合C,混合型-偏股,2.57,0.5y,价值平均法,44.43,10.56,2.03,100.0,20.18,-11.19,30.35
000527,南方新优享灵活配置混合A,混合型-灵活,27.34,0.5y,价值平均法,39.58,8.76,2.899,100.0,18.15,-16.69,30.34
501081,中欧科创主题混合(LOF)A,混合型-偏股,15.06,0.5y,价值平均法,50.24,11.82,1.708,80.0,22.57,-3.63,30.34
005765,中欧明睿新常态混合C,混合型-偏股,13.51,0.5y,价值平均法,54.54,5.77,1.886,50.0,24.31,-3.67,30.33
005668,融通新能源汽车主题精选混合A,混合型-灵活,3.28,0.5y,价值平均法,49.12,9.77,1.816,83.3,22.11,-7.54,30.31
011322,国泰智能装备股票C,股票型,3.88,0.5y,价值平均法,48.55,14.11,2.072,83.3,21.88,-8.94,30.3
360007,光大优势配置混合A,混合型-偏股,6.2,0.5y,价值平均法,47.02,15.42,2.317,83.3,21.25,-9.24,30.27
013561,国联匠心优选混合A,混合型-偏股,2.27,0.5y,价值平均法,45.18,13.36,1.767,100.0,20.49,-6.52,30.25
012526,广发盛锦混合A,混合型-偏股,9.2,0.5y,价值平均法,49.35,11.95,1.543,83.3,22.21,-0.63,30.22
011196,摩根优势成长混合A,混合型-偏股,2.05,0.5y,价值平均法,46.99,8.69,2.009,83.3,21.24,-6.86,30.2
012901,招商创业板指数增强C,指数型-股票,2.08,0.5y,价值平均法,40.63,5.6,2.211,100.0,18.59,-10.22,30.18
017290,中欧科创主题混合(LOF)C,混合型-偏股,10.3,0.5y,价值平均法,49.82,11.85,1.693,80.0,22.4,-3.54,30.16
001541,汇添富民营新动力股票,股票型,4.97,0.5y,价值平均法,45.92,12.42,2.351,83.3,20.8,-9.01,30.12
002083,新华鑫动力灵活配置混合A,混合型-灵活,5.25,0.5y,价值平均法,53.33,11.15,1.673,66.7,23.83,-4.07,30.07
001592,天弘创业板ETF联接A,指数型-股票,10.76,0.5y,价值平均法,44.37,4.95,2.091,83.3,20.15,-8.19,30.06
016243,广发成长领航一年持有混合A,混合型-偏股,11.16,0.5y,价值平均法,51.04,21.07,1.555,83.3,22.9,-5.34,30.03
013641,博道成长智航股票A,股票型,45.5,0.5y,价值平均法,45.73,10.68,2.374,83.3,20.72,-11.45,29.98
016895,中银卓越成长混合A,混合型-偏股,2.73,0.5y,价值平均法,45.63,14.47,2.471,83.3,20.68,-11.3,29.98
013247,交银瑞卓三年持有期混合,混合型-偏股,5.13,0.5y,价值平均法,39.39,6.43,2.356,100.0,18.06,-9.59,29.94
673010,西部利得新动向混合A,混合型-灵活,11.0,0.5y,价值平均法,39.62,9.34,2.54,100.0,18.16,-11.3,29.94
010284,长城价值成长六个月持有期混合A,混合型-偏股,3.26,0.5y,价值平均法,48.45,14.5,1.832,83.3,21.84,-6.01,29.93
016244,广发成长领航一年持有混合C,混合型-偏股,4.88,0.5y,价值平均法,50.59,21.09,1.541,83.3,22.72,-5.2,29.85
163406,兴全合润混合A,混合型-偏股,192.88,0.5y,价值平均法,44.36,8.1,2.392,83.3,20.15,-10.86,29.85
011372,华商远见价值C,混合型-偏股,6.9,0.5y,价值平均法,43.8,12.16,2.847,83.3,19.92,-16.93,29.8
007895,嘉实价值成长混合,混合型-偏股,3.5,0.5y,价值平均法,40.31,9.81,2.315,100.0,18.45,-9.41,29.78
090001,大成价值增长混合A,混合型-灵活,9.61,0.5y,价值平均法,45.02,10.73,2.281,83.3,20.42,-8.53,29.78
011663,华安研究驱动混合A,混合型-偏股,5.53,0.5y,价值平均法,47.53,14.56,2.112,80.0,21.46,-8.11,29.76
010761,华商甄选回报混合A,混合型-偏股,27.0,0.5y,价值平均法,38.75,11.22,2.904,100.0,17.79,-17.6,29.75
003765,广发创业板ETF发起式联接A,指数型-股票,10.74,0.5y,价值平均法,44.12,5.13,2.01,83.3,20.05,-7.83,29.73
005939,工银新能源汽车混合A,混合型-偏股,15.04,0.5y,价值平均法,42.12,7.27,1.762,100.0,19.22,-5.75,29.73
013661,华安研究领航混合A,混合型-偏股,4.37,0.5y,价值平均法,47.52,14.55,2.098,80.0,21.46,-8.02,29.73
001028,华安物联网主题股票A,股票型,2.45,0.5y,价值平均法,44.94,9.82,2.271,83.3,20.39,-9.37,29.71
007449,兴全多维价值混合A,混合型-偏股,41.98,0.5y,价值平均法,43.73,10.94,2.57,83.3,19.89,-11.71,29.69
016703,兴业品质睿选混合发起式A,混合型-偏股,2.19,0.5y,价值平均法,45.97,12.27,2.082,83.3,20.82,-6.88,29.69
161610,融通领先成长混合(LOF)A,混合型-偏股,14.23,0.5y,价值平均法,40.73,9.84,2.46,100.0,18.63,-15.42,29.69
160610,鹏华动力增长混合(LOF),混合型-灵活,11.91,0.5y,价值平均法,45.13,8.68,2.191,83.3,20.47,-9.81,29.66
003766,广发创业板ETF发起式联接C,指数型-股票,23.55,0.5y,价值平均法,43.94,5.14,2.002,83.3,19.98,-7.78,29.65
000021,华夏优势增长混合,混合型-偏股,51.71,0.5y,价值平均法,45.11,11.65,2.293,83.3,20.46,-9.82,29.64
000577,安信价值精选股票A,股票型,12.85,0.5y,价值平均法,38.66,5.09,2.216,100.0,17.75,-9.66,29.63
008955,交银创新领航混合,混合型-偏股,13.39,0.5y,价值平均法,39.37,7.2,2.32,100.0,18.06,-10.47,29.63
010790,海富通均衡甄选混合A,混合型-偏股,3.95,0.5y,价值平均法,41.37,9.19,2.248,100.0,18.9,-13.72,29.63
019817,广发创业板ETF发起式联接E,指数型-股票,2.38,0.5y,价值平均法,43.89,5.14,1.999,83.3,19.96,-7.76,29.62
010455,博时产业精选混合A,混合型-灵活,2.87,0.5y,价值平均法,52.75,9.35,1.812,60.0,23.59,-5.41,29.58
014063,景顺长城专精特新量化优选股票C,股票型,2.6,0.5y,价值平均法,40.39,11.48,2.473,100.0,18.49,-14.43,29.58
050021,博时创业板ETF联接A,指数型-股票,4.99,0.5y,价值平均法,43.1,4.84,2.077,83.3,19.62,-8.11,29.58
012967,广发行业严选三年持有期混合A,混合型-偏股,46.61,0.5y,价值平均法,49.9,7.56,1.826,66.7,22.43,-4.46,29.57
240009,华宝先进成长混合,混合型-偏股,7.37,0.5y,价值平均法,52.26,5.55,1.811,50.0,23.39,-1.44,29.56
588730,科创人工智能ETF易方达,指数型-股票,14.13,0.5y,价值平均法,50.94,19.55,1.771,80.0,22.86,-12.32,29.55
016049,华商甄选回报混合C,混合型-偏股,18.42,0.5y,价值平均法,38.26,11.25,2.876,100.0,17.58,-17.41,29.52
001468,广发改革混合,混合型-灵活,2.15,0.5y,价值平均法,46.47,16.99,2.364,83.3,21.03,-15.54,29.5
010730,银华心佳两年持有期混合,混合型-偏股,45.39,0.5y,价值平均法,41.07,14.11,2.383,100.0,18.77,-14.11,29.5
519712,交银阿尔法核心混合A,混合型-偏股,26.05,0.5y,价值平均法,53.97,4.56,1.859,33.3,24.08,2.53,29.49
012703,华夏核心成长混合A,混合型-偏股,2.96,0.5y,价值平均法,46.82,19.24,1.651,100.0,21.17,-15.62,29.44
013552,汇添富成长领先混合A,混合型-偏股,3.58,0.5y,价值平均法,41.85,13.15,2.032,100.0,19.1,-9.37,29.43
012968,广发行业严选三年持有期混合C,混合型-偏股,4.32,0.5y,价值平均法,49.53,7.57,1.81,66.7,22.28,-4.35,29.4
017037,嘉实低碳精选混合发起式C,混合型-偏股,6.32,0.5y,价值平均法,38.4,5.48,2.147,100.0,17.64,-8.52,29.36
011261,金鹰新能源混合C,混合型-偏股,2.51,0.5y,价值平均法,39.49,7.41,2.183,100.0,18.1,-9.99,29.35
000011,华夏大盘精选混合A,混合型-灵活,37.16,0.5y,价值平均法,42.49,8.58,2.471,83.3,19.37,-10.32,29.34
001174,中欧瑾和灵活配置混合C,混合型-灵活,7.66,0.5y,价值平均法,52.47,10.59,1.638,66.7,23.48,-7.94,29.33
010791,海富通均衡甄选混合C,混合型-偏股,15.21,0.5y,价值平均法,40.67,9.24,2.215,100.0,18.6,-13.47,29.31
001487,宝盈优势产业混合A,混合型-灵活,2.65,0.5y,价值平均法,52.94,6.36,1.727,50.0,23.67,-2.14,29.3
012835,招商景气精选股票A,股票型,3.57,0.5y,价值平均法,45.8,10.31,1.756,80.0,20.75,-0.49,29.26
005391,工银创业板ETF联接C,指数型-股票,2.12,0.5y,价值平均法,42.69,5.09,2.036,83.3,19.45,-7.92,29.25
013553,汇添富成长领先混合C,混合型-偏股,2.34,0.5y,价值平均法,41.45,13.18,2.011,100.0,18.93,-9.21,29.24
011692,华安研究智选混合A,混合型-偏股,20.75,0.5y,价值平均法,45.38,14.51,2.049,83.3,20.58,-7.64,29.2
159526,机器人ETF嘉实,指数型-股票,10.16,0.5y,价值平均法,45.86,14.54,1.973,83.3,20.77,-7.4,29.2
012710,华夏核心成长混合C,混合型-偏股,3.89,0.5y,价值平均法,46.19,19.27,1.636,100.0,20.91,-15.43,29.19
001532,华安文体健康混合A,混合型-灵活,20.49,0.5y,价值平均法,39.84,10.7,2.372,100.0,18.25,-14.51,29.17
013886,华商新能源汽车混合A,混合型-偏股,5.54,0.5y,价值平均法,43.01,9.77,1.529,100.0,19.58,-5.89,29.17
320001,诺安平衡混合A,混合型-偏股,15.5,0.5y,价值平均法,45.81,13.11,1.925,83.3,20.75,-7.29,29.15
011167,景顺长城景气成长混合A,混合型-偏股,7.67,0.5y,价值平均法,48.71,14.07,2.484,66.7,21.95,-14.81,29.14
588760,科创人工智能ETF广发,指数型-股票,22.32,0.5y,价值平均法,49.9,19.65,1.729,80.0,22.43,-11.79,29.12
012150,诺德价值发现一年持有混合,混合型-偏股,3.91,0.5y,价值平均法,45.37,9.47,1.683,83.3,20.57,-2.8,29.09
013887,华商新能源汽车混合C,混合型-偏股,11.06,0.5y,价值平均法,42.67,9.79,1.518,100.0,19.44,-5.8,29.02
006736,国投瑞银先进制造混合,混合型-偏股,14.94,0.5y,价值平均法,42.97,8.57,1.526,100.0,19.57,-8.46,29.01
519018,汇添富均衡增长混合,混合型-偏股,27.25,0.5y,价值平均法,43.73,11.2,2.249,83.3,19.89,-10.38,29.0
013116,华安文体健康混合C,混合型-灵活,3.18,0.5y,价值平均法,39.41,10.75,2.349,100.0,18.07,-14.34,28.97
006257,信澳先进智造股票型A,股票型,6.13,0.5y,价值平均法,47.99,17.11,1.63,83.3,21.65,-8.05,28.96
012836,招商景气精选股票C,股票型,2.16,0.5y,价值平均法,45.12,10.37,1.719,80.0,20.47,-0.28,28.93
008827,建信易盛郑商所能源化工期货ETF联接A,指数型-其他,3.65,0.5y,价值平均法,44.35,8.57,2.135,83.3,20.15,-13.06,28.92
002148,国寿安保稳惠混合,混合型-灵活,2.25,0.5y,价值平均法,47.71,14.92,1.347,83.3,21.54,-1.39,28.9
160529,博时创业板两年定开混合,混合型-偏股,2.05,0.5y,价值平均法,44.38,9.92,1.891,83.3,20.16,-5.85,28.9
519692,交银成长混合A,混合型-偏股,16.18,0.5y,价值平均法,45.02,14.43,2.288,83.3,20.42,-15.3,28.9
010421,海富通消费优选混合A,混合型-偏股,4.61,0.5y,价值平均法,41.14,7.79,2.243,83.3,18.8,-5.28,28.86
588930,科创人工智能ETF银华,指数型-股票,13.23,0.5y,价值平均法,49.16,19.36,1.714,80.0,22.13,-11.41,28.86
012188,华安优势龙头混合A,混合型-偏股,5.52,0.5y,价值平均法,47.26,12.23,2.347,66.7,21.35,-10.03,28.85
010330,东吴兴享成长混合A,混合型-偏股,4.58,0.5y,价值平均法,49.44,7.81,1.995,60.0,22.24,-7.19,28.84
180001,银华优势企业混合,混合型-灵活,5.23,0.5y,价值平均法,38.28,6.6,2.7,83.3,17.59,-8.0,28.84
202212,南方平衡配置混合,混合型-灵活,2.87,0.5y,价值平均法,43.36,13.17,2.237,83.3,19.73,-9.23,28.83
001704,国投瑞银进宝灵活配置混合,混合型-灵活,14.06,0.5y,价值平均法,42.59,8.73,1.534,100.0,19.41,-8.93,28.82
000592,建信改革红利股票A,股票型,4.54,0.5y,价值平均法,45.74,15.15,2.215,83.3,20.72,-16.93,28.79
004321,前海开源沪港深强国产业混合,混合型-灵活,7.42,0.5y,价值平均法,48.44,16.49,2.214,100.0,21.84,-43.05,28.77
005075,富国研究量化精选混合A,混合型-偏股,2.24,0.5y,价值平均法,38.99,14.7,2.413,100.0,17.89,-14.43,28.77
004925,长信低碳环保行业量化股票A,股票型,2.97,0.5y,价值平均法,43.65,6.55,1.696,83.3,19.86,-4.23,28.76
021279,永赢上证科创板100指数增强发起C,指数型-股票,2.35,0.5y,价值平均法,40.56,9.95,2.206,100.0,18.56,-17.76,28.75
159770,机器人ETF天弘,指数型-股票,81.22,0.5y,价值平均法,44.83,14.58,1.937,83.3,20.35,-7.3,28.75
519133,海富通改革驱动混合,混合型-灵活,33.67,0.5y,价值平均法,39.16,8.93,2.179,100.0,17.97,-12.95,28.74
012123,招商金安成长严选混合,混合型-偏股,9.26,0.5y,价值平均法,46.37,16.67,1.694,83.3,20.98,-6.26,28.72
001018,易方达新经济混合,混合型-灵活,34.19,0.5y,价值平均法,42.59,11.69,2.379,83.3,19.41,-12.03,28.71
010422,海富通消费优选混合C,混合型-偏股,13.06,0.5y,价值平均法,40.75,7.81,2.218,83.3,18.64,-5.14,28.67
010694,万家内需增长一年持有混合,混合型-偏股,3.79,0.5y,价值平均法,43.76,14.06,2.215,83.3,19.9,-11.39,28.67
008261,招商研究优选股票A,股票型,10.77,0.5y,价值平均法,44.59,10.15,1.647,80.0,20.24,0.4,28.64
000595,嘉实泰和混合,混合型-灵活,25.02,0.5y,价值平均法,38.42,13.64,2.302,100.0,17.65,-11.44,28.62
018094,博时中证机器人指数发起式A,指数型-股票,2.93,0.5y,价值平均法,43.76,13.87,2.011,83.3,19.9,-7.44,28.56
610001,信澳领先增长混合A,混合型-偏股,6.77,0.5y,价值平均法,46.77,17.18,1.659,83.3,21.15,-8.35,28.56
163209,诺安创业板指数增强(LOF)A,指数型-股票,2.73,0.5y,价值平均法,41.91,5.62,1.915,83.3,19.12,-7.58,28.52
562360,机器人ETF银华,指数型-股票,3.52,0.5y,价值平均法,44.18,14.47,1.922,83.3,20.07,-7.08,28.5
000001,华夏成长混合,混合型-灵活,26.44,0.5y,价值平均法,43.01,11.86,2.084,83.3,19.59,-8.62,28.46
011401,汇添富成长精选混合A,混合型-偏股,25.14,0.5y,价值平均法,43.06,12.03,2.001,83.3,19.61,-6.7,28.45
018095,博时中证机器人指数发起式C,指数型-股票,4.92,0.5y,价值平均法,43.53,13.88,1.998,83.3,19.8,-7.34,28.45
012149,国投瑞银产业趋势混合C,混合型-偏股,6.58,0.5y,价值平均法,41.74,8.81,1.464,100.0,19.06,-7.75,28.44
016250,华夏远见成长一年持有混合A,混合型-偏股,4.86,0.5y,价值平均法,42.08,9.38,2.337,83.3,19.2,-13.66,28.43
021302,银河中证机器人指数发起式C,指数型-股票,3.01,0.5y,价值平均法,43.19,13.65,2.039,83.3,19.66,-7.87,28.39
016709,泉果旭源三年持有期混合A,混合型-偏股,58.86,0.5y,价值平均法,43.61,8.28,1.728,80.0,19.84,-3.02,28.33
040035,华安逆向策略混合A,混合型-偏股,21.45,0.5y,价值平均法,48.5,14.31,2.229,60.0,21.86,-9.58,28.27
011402,汇添富成长精选混合C,混合型-偏股,3.27,0.5y,价值平均法,42.58,12.04,1.977,83.3,19.41,-6.53,28.23
008317,光大睿盈混合A,混合型-偏股,3.88,0.5y,价值平均法,42.86,15.26,2.0,83.3,19.53,-6.82,28.21
010452,广发瑞福精选混合A,混合型-偏股,4.32,0.5y,价值平均法,42.55,14.02,2.177,83.3,19.39,-10.76,28.2
020255,中欧中证机器人指数发起A,指数型-股票,4.0,0.5y,价值平均法,43.03,13.95,1.955,83.3,19.59,-7.06,28.19
001373,易方达新丝路灵活配置混合,混合型-灵活,26.04,0.5y,价值平均法,37.57,13.38,2.257,100.0,17.29,-11.74,28.18
016710,泉果旭源三年持有期混合C,混合型-偏股,10.34,0.5y,价值平均法,43.26,8.3,1.711,80.0,19.69,-2.92,28.17
011216,南方优质企业混合A,混合型-偏股,4.81,0.5y,价值平均法,36.64,11.26,2.369,100.0,16.89,-12.55,28.14
021953,西部利得新动向混合C,混合型-灵活,18.89,0.5y,价值平均法,39.33,9.35,2.524,83.3,18.04,-11.14,28.13
013642,博道成长智航股票C,股票型,29.98,0.5y,价值平均法,45.3,10.71,2.353,66.7,20.54,-11.3,28.12
020256,中欧中证机器人指数发起C,指数型-股票,17.56,0.5y,价值平均法,42.87,13.96,1.947,83.3,19.53,-7.0,28.12
012785,鹏华品质精选混合A,混合型-偏股,6.76,0.5y,价值平均法,46.42,11.37,1.851,66.7,21.0,-2.8,28.08
519013,海富通风格优势混合,混合型-偏股,4.84,0.5y,价值平均法,37.09,11.68,2.142,100.0,17.09,-8.87,28.08
014062,景顺长城专精特新量化优选股票A,股票型,3.94,0.5y,价值平均法,40.71,11.46,2.49,83.3,18.62,-14.57,28.06
020180,金信深圳成长混合C,混合型-灵活,5.42,0.5y,价值平均法,36.98,12.82,2.184,100.0,17.04,-9.52,28.03
017092,景顺长城纳斯达克科技ETF联接(QDII)A美元现汇,指数型-海外股票,23.05,0.5y,价值平均法,51.46,9.82,2.027,40.0,23.07,-1.05,28.02
020481,招商中证机器人ETF发起联接A,指数型-股票,3.46,0.5y,价值平均法,42.53,13.91,1.972,83.3,19.39,-7.38,28.02
163807,中银优选灵活配置混合A,混合型-灵活,9.23,0.5y,价值平均法,42.7,12.95,2.778,66.7,19.46,-12.03,28.02
010299,南方产业升级混合A,混合型-偏股,11.32,0.5y,价值平均法,36.18,10.94,2.386,100.0,16.69,-12.79,28.01
519156,新华行业灵活配置混合A,混合型-灵活,2.45,0.5y,价值平均法,42.07,14.31,2.073,83.3,19.19,-8.24,28.0
020607,南方中证机器人ETF发起联接A,指数型-股票,2.9,0.5y,价值平均法,42.62,14.07,1.934,83.3,19.42,-6.98,27.99
009998,摩根慧见两年持有期混合,混合型-偏股,6.71,0.5y,价值平均法,41.85,8.57,1.836,83.3,19.1,-5.85,27.96
020062,格林宏观回报混合A,混合型-偏股,4.38,0.5y,价值平均法,43.35,12.77,1.898,83.3,19.73,-9.67,27.96
001112,东方红中国优势混合,混合型-灵活,15.05,0.5y,价值平均法,42.2,13.68,2.036,83.3,19.25,-8.75,27.93
010186,嘉实核心成长混合A,混合型-偏股,38.65,0.5y,价值平均法,36.51,12.19,2.18,100.0,16.84,-9.1,27.92
020608,南方中证机器人ETF发起联接C,指数型-股票,10.19,0.5y,价值平均法,42.46,14.08,1.926,83.3,19.36,-6.91,27.92
020482,招商中证机器人ETF发起联接C,指数型-股票,10.96,0.5y,价值平均法,42.3,13.93,1.96,83.3,19.29,-7.29,27.91
000259,农银区间收益混合,混合型-灵活,3.08,0.5y,价值平均法,30.66,3.86,2.488,100.0,14.31,-6.47,27.89
014880,天弘中证机器人ETF发起联接A,指数型-股票,5.14,0.5y,价值平均法,42.33,13.98,1.933,83.3,19.3,-6.98,27.89
005598,广发中小盘精选混合A,混合型-偏股,33.07,0.5y,价值平均法,43.6,17.94,2.302,83.3,19.83,-19.47,27.88
320006,诺安灵活配置混合,混合型-灵活,7.71,0.5y,价值平均法,39.09,9.06,2.427,83.3,17.94,-10.77,27.87
011296,汇添富优势行业一年持有混合A,混合型-偏股,5.97,0.5y,价值平均法,38.76,14.35,1.871,100.0,17.8,-9.29,27.85
016704,兴业品质睿选混合发起式C,混合型-偏股,9.76,0.5y,价值平均法,45.59,12.29,2.063,66.7,20.66,-6.75,27.85
160813,长盛同盛成长优选(LOF),混合型-灵活,2.47,0.5y,价值平均法,44.7,14.01,2.385,66.7,20.29,-10.65,27.85
014881,天弘中证机器人ETF发起联接C,指数型-股票,19.74,0.5y,价值平均法,42.18,13.99,1.925,83.3,19.24,-6.92,27.82
007450,兴全多维价值混合C,混合型-偏股,12.27,0.5y,价值平均法,43.25,10.97,2.543,66.7,19.69,-11.53,27.8
010187,嘉实核心成长混合C,混合型-偏股,2.41,0.5y,价值平均法,36.21,12.21,2.16,100.0,16.71,-8.99,27.77
011862,南方蓝筹成长混合A,混合型-偏股,5.35,0.5y,价值平均法,35.89,11.57,2.343,100.0,16.57,-12.72,27.77
013566,华夏军工安全混合C,混合型-灵活,39.6,0.5y,价值平均法,40.63,18.31,2.299,100.0,18.59,-26.53,27.76
000739,平安新鑫先锋A,混合型-灵活,9.47,0.5y,价值平均法,36.69,14.42,2.345,100.0,16.92,-14.7,27.74
013955,广发中小盘精选混合C,混合型-偏股,20.97,0.5y,价值平均法,43.26,17.96,2.287,83.3,19.69,-19.32,27.74
161914,万家创业板2年定期开放混合A,混合型-偏股,5.24,0.5y,价值平均法,46.0,15.57,1.488,80.0,20.83,-6.95,27.72
160211,国泰中小盘成长混合(LOF),混合型-偏股,4.05,0.5y,价值平均法,35.85,12.63,2.59,100.0,16.56,-19.12,27.68
018344,华夏中证机器人ETF发起式联接A,指数型-股票,6.69,0.5y,价值平均法,41.69,13.92,1.929,83.3,19.03,-7.06,27.64
009092,富国新材料新能源混合A,混合型-偏股,9.44,0.5y,价值平均法,42.9,15.39,2.048,83.3,19.54,-14.07,27.62
009804,国泰研究优势混合A,混合型-偏股,5.23,0.5y,价值平均法,41.53,12.12,2.178,83.3,18.97,-14.15,27.58
005940,工银新能源汽车混合C,混合型-偏股,12.26,0.5y,价值平均法,41.78,7.28,1.746,80.0,19.07,-5.64,27.57
008314,摩根慧选成长股票A,股票型,11.48,0.5y,价值平均法,41.02,8.63,1.829,83.3,18.75,-6.39,27.57
010052,长城久嘉创新成长混合C,混合型-灵活,24.22,0.5y,价值平均法,47.52,16.81,2.704,83.3,21.46,-47.32,27.56
018345,华夏中证机器人ETF发起式联接C,指数型-股票,13.85,0.5y,价值平均法,41.45,13.93,1.917,83.3,18.93,-6.96,27.53
000173,汇添富美丽30混合A,混合型-偏股,10.69,0.5y,价值平均法,42.03,15.17,1.909,83.3,19.17,-8.59,27.51
009885,新华景气行业混合A,混合型-偏股,2.11,0.5y,价值平均法,42.22,8.2,1.384,83.3,19.25,-1.01,27.5
202001,南方稳健成长混合,混合型-偏股,18.01,0.5y,价值平均法,32.78,9.6,2.655,100.0,15.23,-13.1,27.48
910009,东方红启程三年持有混合A,混合型-偏股,4.55,0.5y,价值平均法,34.77,8.92,2.359,100.0,16.09,-13.9,27.46
100056,富国低碳环保混合,混合型-偏股,9.16,0.5y,价值平均法,42.4,12.84,1.71,83.3,19.33,-6.53,27.45
014232,博时专精特新主题混合A,混合型-偏股,2.03,0.5y,价值平均法,35.43,12.49,2.222,100.0,16.37,-10.97,27.43
014243,富国新材料新能源混合C,混合型-偏股,9.13,0.5y,价值平均法,42.43,15.42,2.027,83.3,19.35,-13.86,27.41
007689,国投瑞银新能源混合A,混合型-偏股,18.02,0.5y,价值平均法,39.42,9.34,1.441,100.0,18.08,-8.45,27.4
012613,创金合信产业智选混合A,混合型-偏股,11.49,0.5y,价值平均法,41.37,14.9,1.968,83.3,18.9,-8.98,27.39
162006,长城久富混合(LOF)A,混合型-偏股,10.61,0.5y,价值平均法,36.82,15.93,2.235,100.0,16.97,-15.7,27.37
000136,民生加银策略精选混合A,混合型-灵活,11.51,0.5y,价值平均法,37.88,6.16,2.013,83.3,17.42,-4.94,27.36
370024,摩根核心优选混合A,混合型-偏股,5.35,0.5y,价值平均法,35.72,13.28,2.201,100.0,16.5,-11.84,27.36
013960,万家新机遇成长一年持有期混合发起式A,混合型-偏股,2.06,0.5y,价值平均法,39.76,8.58,1.923,83.3,18.22,-7.21,27.26
007690,国投瑞银新能源混合C,混合型-偏股,11.52,0.5y,价值平均法,39.08,9.35,1.43,100.0,17.93,-8.34,27.25
159551,机器人ETF国泰,指数型-股票,3.87,0.5y,价值平均法,45.12,14.51,1.955,66.7,20.47,-7.33,27.24
270022,广发内需增长混合A,混合型-灵活,3.14,0.5y,价值平均法,37.24,7.34,1.55,100.0,17.15,-6.82,27.24
002179,华安事件驱动量化混合A,混合型-灵活,17.33,0.5y,价值平均法,40.46,11.96,1.784,83.3,18.51,-3.99,27.23
011813,融通创新动力混合A,混合型-偏股,3.1,0.5y,价值平均法,43.51,16.62,1.444,83.3,19.8,-5.02,27.19
005742,南方成安优选混合,混合型-灵活,4.65,0.5y,价值平均法,34.43,10.34,2.271,100.0,15.94,-12.14,27.18
009076,工银圆兴混合,混合型-偏股,24.07,0.5y,价值平均法,50.5,9.31,1.838,40.0,22.68,-1.94,27.16
015839,广发招利混合C,混合型-偏股,7.78,0.5y,价值平均法,41.89,17.25,1.816,100.0,19.12,-25.43,27.14
562500,机器人ETF华夏,指数型-股票,209.52,0.5y,价值平均法,44.86,14.6,1.95,66.7,20.36,-7.48,27.11
015729,朱雀碳中和三年持有混合发起,混合型-偏股,2.08,0.5y,价值平均法,34.05,8.73,2.08,100.0,15.78,-8.02,27.1
161903,万家行业优选混合(LOF),混合型-偏股,58.28,0.5y,价值平均法,41.86,12.04,1.591,83.3,19.1,-5.93,27.06
378010,摩根成长先锋混合A,混合型-偏股,8.38,0.5y,价值平均法,34.98,13.44,2.174,100.0,16.18,-11.68,27.03
016491,华安事件驱动量化混合C,混合型-灵活,18.04,0.5y,价值平均法,40.01,12.0,1.762,83.3,18.33,-3.91,27.01
000294,华安生态优先混合A,混合型-偏股,6.23,0.5y,价值平均法,50.5,9.37,1.75,40.0,22.68,-1.27,27.0
588790,科创AIETF博时,指数型-股票,44.95,0.5y,价值平均法,49.61,19.62,1.723,60.0,22.31,-11.75,27.0
017086,嘉实ESG可持续投资混合A,混合型-偏股,4.32,0.5y,价值平均法,36.81,10.35,2.471,83.3,16.96,-11.31,26.97
010488,鹏华优选成长混合A,混合型-偏股,19.45,0.5y,价值平均法,39.42,8.78,1.822,83.3,18.07,-6.32,26.95
110001,易方达平稳增长混合,混合型-平衡,36.04,0.5y,价值平均法,35.63,8.81,2.521,83.3,16.46,-9.71,26.94
561160,电池ETF富国,指数型-股票,18.7,0.5y,价值平均法,41.2,7.24,1.12,83.3,18.83,2.36,26.92
009776,中欧阿尔法混合A,混合型-偏股,30.8,0.5y,价值平均法,39.69,7.2,1.671,83.3,18.19,-5.9,26.91
562880,电池ETF嘉实,指数型-股票,7.85,0.5y,价值平均法,41.18,7.23,1.116,83.3,18.82,2.42,26.91
013021,建信兴润一年持有混合,混合型-偏股,14.66,0.5y,价值平均法,41.0,14.09,1.899,83.3,18.75,-11.26,26.88
005028,鹏华研究精选灵活配置混合,混合型-灵活,5.08,0.5y,价值平均法,45.12,11.0,1.827,66.7,20.47,-9.85,26.87
011908,广发沪港深价值精选混合A,混合型-偏股,4.09,0.5y,价值平均法,39.05,12.68,2.022,83.3,17.92,-8.31,26.84
010088,工银优质成长混合A,混合型-偏股,11.66,0.5y,价值平均法,32.52,9.87,2.51,100.0,15.12,-15.01,26.81
003745,广发多元新兴股票,股票型,28.33,0.5y,价值平均法,39.79,13.55,2.092,83.3,18.23,-12.83,26.79
001743,诺安优选回报混合A,混合型-灵活,9.54,0.5y,价值平均法,34.42,15.13,2.317,100.0,15.94,-15.18,26.78
009777,中欧阿尔法混合C,混合型-偏股,17.06,0.5y,价值平均法,39.26,7.24,1.651,83.3,18.01,-5.76,26.71
161025,富国中证移动互联网指数(LOF)A,指数型-股票,3.61,0.5y,价值平均法,39.75,11.33,1.81,83.3,18.22,-7.58,26.71
017087,嘉实ESG可持续投资混合C,混合型-偏股,2.48,0.5y,价值平均法,36.17,10.39,2.431,83.3,16.69,-11.06,26.66
008072,景顺长城创业板综指增强A,指数型-股票,5.56,0.5y,价值平均法,33.05,7.73,2.154,100.0,15.35,-11.62,26.65
014788,长城产业趋势混合A,混合型-偏股,4.68,0.5y,价值平均法,35.01,15.91,2.132,100.0,16.19,-14.21,26.6
018653,万家国证2000指数增强A,指数型-股票,2.15,0.5y,价值平均法,33.05,11.39,2.381,100.0,15.35,-15.02,26.6
012148,国投瑞银产业趋势混合A,混合型-偏股,13.0,0.5y,价值平均法,42.09,8.79,1.475,80.0,19.2,-7.87,26.59
163418,兴全合兴混合A,混合型-偏股,30.15,0.5y,价值平均法,34.28,7.3,2.688,83.3,15.88,-14.52,26.54
487016,工银瑞信灵活配置混合A,混合型-灵活,3.06,0.5y,价值平均法,30.47,10.6,2.556,100.0,14.22,-10.89,26.54
020236,施罗德中国动力股票A,股票型,5.12,0.5y,价值平均法,32.66,10.6,2.371,100.0,15.18,-14.4,26.53
001975,景顺长城环保优势股票,股票型,26.97,0.5y,价值平均法,37.65,14.16,2.252,83.3,17.32,-11.84,26.49
019239,景顺长城创业板综指增强C,指数型-股票,4.96,0.5y,价值平均法,32.74,7.74,2.135,100.0,15.21,-11.5,26.49
012173,国泰兴泽优选一年持有期混合A,混合型-偏股,3.82,0.5y,价值平均法,31.72,8.44,2.441,100.0,14.77,-14.84,26.47
011357,华泰柏瑞品质成长混合A,混合型-偏股,10.75,0.5y,价值平均法,39.83,15.9,1.865,83.3,18.25,-9.7,26.46
561910,电池ETF招商,指数型-股票,43.0,0.5y,价值平均法,40.13,7.29,1.088,83.3,18.38,2.41,26.44
012119,工银核心优势混合A,混合型-偏股,7.26,0.5y,价值平均法,47.83,7.54,1.862,40.0,21.58,-2.35,26.43
519697,交银优势行业混合,混合型-灵活,25.45,0.5y,价值平均法,49.81,8.01,1.59,33.3,22.4,4.45,26.43
000574,宝盈新价值混合A,混合型-灵活,4.49,0.5y,价值平均法,35.8,10.71,2.35,83.3,16.53,-9.96,26.41
015610,万家匠心致远一年持有期混合A,混合型-偏股,3.07,0.5y,价值平均法,41.79,8.91,1.945,66.7,19.07,-7.25,26.37
003293,易方达科瑞混合,混合型-灵活,12.35,0.5y,价值平均法,29.66,6.59,2.402,100.0,13.87,-9.23,26.36
012174,国泰兴泽优选一年持有期混合C,混合型-偏股,2.45,0.5y,价值平均法,31.42,8.44,2.422,100.0,14.64,-14.71,26.33
019918,招商中证2000指数增强A,指数型-股票,6.44,0.5y,价值平均法,33.37,12.08,2.08,100.0,15.48,-11.05,26.33
020237,施罗德中国动力股票C,股票型,2.65,0.5y,价值平均法,32.24,10.62,2.347,100.0,14.99,-14.25,26.33
008262,招商研究优选股票C,股票型,6.2,0.5y,价值平均法,43.93,10.21,1.612,60.0,19.97,0.58,26.32
002251,华夏军工安全混合A,混合型-灵活,48.39,0.5y,价值平均法,41.14,18.23,2.318,83.3,18.8,-26.77,26.3
005245,国泰聚优价值灵活配置混合C,混合型-灵活,2.23,0.5y,价值平均法,31.69,8.42,2.299,100.0,14.76,-13.51,26.24
016561,永赢启源混合发起C,混合型-偏股,3.53,0.5y,价值平均法,38.35,14.86,2.094,83.3,17.62,-12.67,26.24
202002,南方稳健成长贰号混合,混合型-偏股,13.22,0.5y,价值平均法,33.54,9.65,2.749,83.3,15.56,-13.92,26.24
160624,鹏华消费领先混合,混合型-灵活,2.03,0.5y,价值平均法,32.57,3.73,2.036,83.3,15.14,-3.31,26.23
017042,富国碳中和混合C,混合型-偏股,2.33,0.5y,价值平均法,37.2,15.67,1.373,100.0,17.13,-7.23,26.2
519056,海富通内需热点混合,混合型-偏股,2.18,0.5y,价值平均法,39.17,11.52,1.58,83.3,17.97,-4.65,26.2
360006,光大新增长混合A,混合型-偏股,6.75,0.5y,价值平均法,35.4,11.59,2.441,83.3,16.36,-12.52,26.18
000977,长城环保主题混合A,混合型-灵活,4.59,0.5y,价值平均法,33.36,10.69,1.974,100.0,15.48,-10.75,26.16
005738,长城智能产业混合A,混合型-灵活,3.23,0.5y,价值平均法,41.05,13.82,1.75,80.0,18.76,-11.91,26.15
014591,广发瑞誉一年持有期混合A,混合型-偏股,10.8,0.5y,价值平均法,30.79,5.31,1.916,100.0,14.36,-6.0,26.13
012445,华富新能源股票型发起式A,股票型,9.88,0.5y,价值平均法,35.13,7.63,1.27,100.0,16.25,-2.67,26.12
015998,大成中证电池主题ETF发起式联接C,指数型-股票,2.36,0.5y,价值平均法,38.88,6.75,1.134,83.3,17.85,1.97,26.12
013091,摩根均衡优选混合A,混合型-偏股,3.35,0.5y,价值平均法,37.43,13.48,1.996,83.3,17.23,-9.05,26.07
163208,诺安油气能源,QDII-普通股票,8.51,0.5y,价值平均法,31.31,9.76,2.33,100.0,14.59,-13.65,26.06
017223,富国中证电池主题ETF发起式联接C,指数型-股票,4.38,0.5y,价值平均法,38.78,6.91,1.122,83.3,17.8,1.89,26.02
519003,海富通收益增长混合,混合型-灵活,16.14,0.5y,价值平均法,31.11,7.14,2.185,100.0,14.5,-12.0,26.02
005094,万家臻选混合A,混合型-偏股,21.22,0.5y,价值平均法,29.05,5.53,2.402,100.0,13.6,-12.24,26.0
006165,建信中证1000指数增强A,指数型-股票,6.11,0.5y,价值平均法,31.68,11.19,2.223,100.0,14.75,-12.25,25.99
000547,建信健康民生混合A,混合型-偏股,2.62,0.5y,价值平均法,31.75,8.08,2.004,100.0,14.78,-9.41,25.97
002296,长城行业轮动混合A,混合型-灵活,6.06,0.5y,价值平均法,41.58,13.62,2.21,66.7,18.99,-13.86,25.97
001515,平安新鑫先锋C,混合型-灵活,18.28,0.5y,价值平均法,36.39,14.41,2.332,83.3,16.78,-14.56,25.95
013294,东方红智选三年持有混合A,混合型-偏股,7.77,0.5y,价值平均法,33.02,9.47,1.787,100.0,15.33,-7.94,25.93
017967,华富新能源股票型发起式C,股票型,48.61,0.5y,价值平均法,34.65,7.66,1.249,100.0,16.04,-2.53,25.9
040015,华安动态灵活配置混合A,混合型-灵活,6.92,0.5y,价值平均法,31.17,10.07,2.121,100.0,14.53,-9.36,25.9
005001,交银持续成长主题混合A,混合型-偏股,6.6,0.5y,价值平均法,47.81,5.74,1.571,33.3,21.58,2.33,25.89
018926,南方中证电池ETF联接A,指数型-股票,3.32,0.5y,价值平均法,38.42,6.85,1.104,83.3,17.65,2.07,25.87
008949,平安匠心优选混合A,混合型-偏股,21.21,0.5y,价值平均法,42.22,14.65,1.823,66.7,19.26,-7.34,25.85
000963,兴业多策略混合,混合型-灵活,2.07,0.5y,价值平均法,35.72,13.58,1.661,100.0,16.5,-13.4,25.84
006166,建信中证1000指数增强C,指数型-股票,5.19,0.5y,价值平均法,31.38,11.21,2.205,100.0,14.62,-12.12,25.84
110013,易方达科翔混合,混合型-偏股,40.53,0.5y,价值平均法,37.45,11.58,1.711,83.3,17.24,-5.27,25.83
014793,华泰柏瑞匠心臻选混合C,混合型-偏股,4.08,0.5y,价值平均法,28.69,8.77,2.714,100.0,13.44,-16.58,25.82
013963,华夏创新视野一年持有混合C,混合型-偏股,2.37,0.5y,价值平均法,37.79,14.92,1.829,83.3,17.39,-8.41,25.79
020001,国泰金鹰增长混合,混合型-灵活,10.19,0.5y,价值平均法,36.92,12.65,2.112,83.3,17.01,-13.55,25.76
580001,东吴嘉禾优势精选混合A,混合型-灵活,8.6,0.5y,价值平均法,51.61,17.55,1.229,40.0,23.13,0.39,25.76
018927,南方中证电池ETF联接C,指数型-股票,11.07,0.5y,价值平均法,38.17,6.86,1.092,83.3,17.55,2.14,25.75
519015,海富通精选贰号混合,混合型-偏股,2.75,0.5y,价值平均法,36.68,9.68,1.706,83.3,16.91,-4.38,25.75
013414,太平智远三个月定开股票发起式,股票型,6.93,0.5y,价值平均法,37.96,13.73,1.778,83.3,17.46,-8.76,25.74
001885,中欧新蓝筹混合E,混合型-偏股,7.76,0.5y,价值平均法,34.07,11.18,2.486,83.3,15.79,-13.78,25.7
166002,中欧新蓝筹混合A,混合型-偏股,75.37,0.5y,价值平均法,34.07,11.18,2.486,83.3,15.79,-13.79,25.7
008655,招商科技创新混合A,混合型-偏股,3.96,0.5y,价值平均法,40.27,15.76,1.412,80.0,18.44,-4.48,25.69
519196,万家新兴蓝筹A,混合型-灵活,25.22,0.5y,价值平均法,28.6,5.58,2.34,100.0,13.4,-11.91,25.69
018949,东方红睿华沪港深混合(LOF)C,混合型-灵活,3.69,0.5y,价值平均法,30.11,5.71,1.916,100.0,14.07,-7.0,25.68
018919,华夏清洁能源龙头混合发起式C,混合型-偏股,2.36,0.5y,价值平均法,35.3,12.99,1.654,100.0,16.32,-13.59,25.67
519727,交银成长30混合,混合型-偏股,6.29,0.5y,价值平均法,31.68,5.31,2.417,83.3,14.75,-10.01,25.65
000800,华商未来主题混合,混合型-偏股,3.7,0.5y,价值平均法,31.2,13.64,2.359,100.0,14.54,-16.36,25.64
011956,鹏华新能源精选混合A,混合型-偏股,8.13,0.5y,价值平均法,32.29,8.79,1.707,100.0,15.02,-6.59,25.64
019923,华泰柏瑞中证2000指数增强A,指数型-股票,4.0,0.5y,价值平均法,31.59,12.58,2.154,100.0,14.71,-13.36,25.61
008315,摩根慧选成长股票C,股票型,2.4,0.5y,价值平均法,40.33,8.67,1.798,66.7,18.46,-6.19,25.59
340007,兴全社会责任混合,混合型-偏股,26.08,0.5y,价值平均法,35.95,12.63,1.919,83.3,16.6,-7.15,25.56
008950,平安匠心优选混合C,混合型-偏股,4.98,0.5y,价值平均法,41.56,14.69,1.792,66.7,18.98,-7.11,25.55
020966,东吴科技创新混合A,混合型-偏股,2.0,0.5y,价值平均法,40.42,7.01,1.697,66.7,18.5,-6.81,25.53
519909,华安安顺灵活配置混合A,混合型-灵活,9.68,0.5y,价值平均法,36.63,14.73,1.812,83.3,16.89,-6.44,25.53
410001,华富竞争力优选混合A,混合型-灵活,3.35,0.5y,价值平均法,38.65,14.11,1.914,83.3,17.75,-16.83,25.51
022714,万家新兴蓝筹C,混合型-灵活,8.82,0.5y,价值平均法,28.23,5.62,2.313,100.0,13.24,-11.76,25.49
015383,长城久富混合(LOF)C,混合型-偏股,3.59,0.5y,价值平均法,36.33,15.95,2.21,83.3,16.76,-15.49,25.48
013269,交银瑞和三年持有期混合,混合型-偏股,14.74,0.5y,价值平均法,47.13,5.76,1.496,33.3,21.3,2.71,25.47
169102,东方红睿阳三年持有混合,混合型-偏股,4.06,0.5y,价值平均法,31.75,9.05,1.781,100.0,14.78,-7.99,25.47
019924,华泰柏瑞中证2000指数增强C,指数型-股票,16.73,0.5y,价值平均法,31.28,12.61,2.137,100.0,14.58,-13.24,25.46
000652,博时裕隆灵活配置混合A,混合型-灵活,12.54,0.5y,价值平均法,29.24,8.32,2.123,100.0,13.68,-7.97,25.45
013417,博时核心资产精选混合A,混合型-偏股,2.11,0.5y,价值平均法,35.95,7.45,1.691,83.3,16.6,-6.59,25.45
004237,中欧新蓝筹混合C,混合型-偏股,15.47,0.5y,价值平均法,33.46,11.22,2.448,83.3,15.52,-13.54,25.4
008656,招商科技创新混合C,混合型-偏股,2.39,0.5y,价值平均法,39.59,15.82,1.379,80.0,18.15,-4.14,25.39
519704,交银先进制造混合A,混合型-偏股,37.45,0.5y,价值平均法,26.72,6.89,2.646,100.0,12.57,-13.88,25.36
011957,鹏华新能源精选混合C,混合型-偏股,13.69,0.5y,价值平均法,31.66,8.83,1.671,100.0,14.74,-6.38,25.34
952099,国泰海通君得鑫两年持有混合C,混合型-偏股,8.13,0.5y,价值平均法,30.59,11.27,2.145,100.0,14.28,-12.73,25.34
011392,平安兴鑫回报一年定开混合,混合型-偏股,4.25,0.5y,价值平均法,37.93,19.03,1.736,83.3,17.44,-10.29,25.32
020010,国泰金牛创新成长混合,混合型-偏股,14.51,0.5y,价值平均法,29.76,9.42,2.293,100.0,13.91,-14.86,25.29
016019,招商中证电池主题ETF联接A,指数型-股票,2.37,0.5y,价值平均法,37.11,6.92,1.075,83.3,17.1,2.03,25.28
008415,国泰大制造两年持有期混合,混合型-偏股,3.93,0.5y,价值平均法,29.75,8.66,2.162,100.0,13.91,-12.99,25.21
009601,招商科技动力3个月滚动持有股票A,股票型,7.55,0.5y,价值平均法,39.09,15.55,1.342,80.0,17.94,-3.57,25.18
014287,泰康新锐成长混合A,混合型-偏股,48.52,0.5y,价值平均法,33.6,9.52,2.097,83.3,15.59,-8.68,25.17
016020,招商中证电池主题ETF联接C,指数型-股票,11.02,0.5y,价值平均法,36.8,6.93,1.061,83.3,16.96,2.11,25.14
070002,嘉实增长混合,混合型-偏股,22.55,0.5y,价值平均法,28.79,12.68,2.249,100.0,13.49,-10.22,25.13
519195,万家品质生活混合A,混合型-灵活,24.69,0.5y,价值平均法,27.36,5.66,2.33,100.0,12.85,-12.46,25.12
008264,南方ESG股票A,股票型,3.69,0.5y,价值平均法,29.13,9.67,2.149,100.0,13.64,-10.81,25.09
008961,华商科技创新混合,混合型-偏股,2.27,0.5y,价值平均法,35.8,15.33,1.946,83.3,16.53,-11.02,25.09
012314,南方行业领先混合,混合型-偏股,11.88,0.5y,价值平均法,33.59,10.42,2.21,83.3,15.58,-11.82,25.07
006648,汇安多因子混合A,混合型-偏股,3.63,0.5y,价值平均法,26.94,8.68,2.497,100.0,12.67,-12.32,25.06
019319,汇添富国证2000指数增强C,指数型-股票,7.89,0.5y,价值平均法,30.38,12.43,2.038,100.0,14.18,-11.9,25.03
320003,诺安先锋混合A,混合型-偏股,39.18,0.5y,价值平均法,30.66,15.43,2.056,100.0,14.31,-12.47,25.02
501207,华夏创新未来混合(LOF),混合型-偏股,19.93,0.5y,价值平均法,39.72,7.67,1.452,66.7,18.2,-2.24,25.01
012079,信澳新能源精选混合A,混合型-偏股,13.73,0.5y,价值平均法,44.98,6.93,1.759,40.0,20.41,-4.43,25.0
020075,财通资管创新成长混合A,混合型-偏股,3.4,0.5y,价值平均法,31.61,15.23,1.837,100.0,14.72,-10.69,25.0
001668,汇添富全球移动互联混合(QDII)人民币A,QDII-混合灵活,14.91,0.5y,价值平均法,41.09,10.06,1.537,60.0,18.78,-0.66,24.98
290014,泰信现代服务业混合,混合型-偏股,4.61,0.5y,价值平均法,39.91,16.24,0.968,80.0,18.28,0.65,24.95
519011,海富通精选混合,混合型-偏股,7.07,0.5y,价值平均法,35.25,9.71,1.551,83.3,16.3,-3.2,24.95
012862,汇添富中证电池主题ETF发起式联接A,指数型-股票,7.73,0.5y,价值平均法,36.36,6.85,1.034,83.3,16.77,2.35,24.94
018824,国金智享量化选股混合C,混合型-偏股,36.1,0.5y,价值平均法,29.17,7.88,1.917,100.0,13.65,-8.01,24.94
002803,东方红沪港深混合,混合型-灵活,20.35,0.5y,价值平均法,30.62,8.98,1.728,100.0,14.29,-7.88,24.93
016600,万家品质生活混合C,混合型-灵活,12.6,0.5y,价值平均法,27.0,5.68,2.304,100.0,12.69,-12.33,24.93
011194,广发睿铭两年持有期混合A,混合型-偏股,3.62,0.5y,价值平均法,31.01,7.79,1.644,100.0,14.46,-8.44,24.92
160603,鹏华普天收益混合,混合型-偏股,3.79,0.5y,价值平均法,33.76,8.05,1.735,83.3,15.65,-4.13,24.91
040047,华安纳斯达克100ETF联接(QDII)A美元现钞,指数型-海外股票,47.03,0.5y,价值平均法,36.66,8.58,1.902,66.7,16.9,-2.1,24.9
040048,华安纳斯达克100ETF联接(QDII)A美元现汇,指数型-海外股票,47.03,0.5y,价值平均法,36.66,8.58,1.902,66.7,16.9,-2.1,24.9
001421,南方量化成长股票A,股票型,4.21,0.5y,价值平均法,33.92,12.21,2.169,83.3,15.72,-12.87,24.89
012621,诺安先锋混合C,混合型-偏股,8.62,0.5y,价值平均法,30.36,15.45,2.039,100.0,14.18,-12.35,24.88
015880,中欧小盘成长混合A,混合型-偏股,4.03,0.5y,价值平均法,29.8,12.23,2.137,100.0,13.93,-13.89,24.87
016858,国金量化多因子股票C,股票型,38.96,0.5y,价值平均法,30.17,10.51,1.854,100.0,14.09,-8.96,24.87
020076,财通资管创新成长混合C,混合型-偏股,2.77,0.5y,价值平均法,31.29,15.25,1.821,100.0,14.58,-10.58,24.86
161912,万家社会责任18个月定开A,混合型-偏股,7.53,0.5y,价值平均法,29.77,4.9,2.382,83.3,13.92,-10.68,24.85
012863,汇添富中证电池主题ETF发起式联接C,指数型-股票,25.48,0.5y,价值平均法,36.15,6.85,1.024,83.3,16.68,2.41,24.84
005244,国泰聚优价值灵活配置混合A,混合型-灵活,3.96,0.5y,价值平均法,32.09,8.41,2.322,83.3,14.93,-13.66,24.76
162208,宏利首选企业股票A,股票型,3.81,0.5y,价值平均法,37.0,16.17,1.398,83.3,17.04,-4.77,24.76
015518,华夏纳斯达克100ETF发起式联接(QDII)A美元现汇,指数型-海外股票,3.15,0.5y,价值平均法,35.68,8.02,1.983,66.7,16.48,-2.52,24.75
000055,广发纳斯达克100ETF联接美元(QDII)A,指数型-海外股票,97.16,0.5y,价值平均法,36.24,8.51,1.904,66.7,16.72,-2.25,24.74
015202,汇添富全球移动互联混合(QDII)人民币C,QDII-混合灵活,4.48,0.5y,价值平均法,40.59,10.1,1.511,60.0,18.57,-0.51,24.74
017953,汇添富中证1000指数增强A,指数型-股票,14.72,0.5y,价值平均法,29.12,11.81,2.103,100.0,13.63,-12.02,24.74
001536,南方君选,混合型-灵活,2.23,0.5y,价值平均法,26.14,10.04,2.516,100.0,12.31,-12.31,24.73
009854,中加优势企业混合C,混合型-偏股,2.83,0.5y,价值平均法,41.25,19.25,2.212,83.3,18.85,-39.96,24.73
014187,华夏量化优选股票A,股票型,2.85,0.5y,价值平均法,27.76,11.69,2.288,100.0,13.03,-11.99,24.71
016534,嘉实纳斯达克100ETF发起联接(QDII)A美元现汇,指数型-海外股票,18.86,0.5y,价值平均法,35.58,8.04,1.95,66.7,16.44,-2.16,24.67
015881,中欧小盘成长混合C,混合型-偏股,10.86,0.5y,价值平均法,29.35,12.25,2.111,100.0,13.73,-13.69,24.66
017954,汇添富中证1000指数增强C,指数型-股票,21.32,0.5y,价值平均法,28.94,11.82,2.093,100.0,13.55,-11.95,24.66
006480,广发纳斯达克100ETF联接美元(QDII)C,指数型-海外股票,53.93,0.5y,价值平均法,36.08,8.52,1.891,66.7,16.65,-2.2,24.65
016056,博时纳斯达克100ETF发起式联接(QDII)A美元现汇,指数型-海外股票,13.01,0.5y,价值平均法,35.42,8.03,1.973,66.7,16.37,-2.48,24.63
159796,电池ETF汇添富,指数型-股票,74.66,0.5y,价值平均法,39.78,7.27,1.068,66.7,18.23,2.6,24.62
001181,南方改革机遇,混合型-灵活,4.24,0.5y,价值平均法,26.55,11.03,2.398,100.0,12.49,-11.6,24.61
017846,国金中证1000指数增强A,指数型-股票,2.01,0.5y,价值平均法,28.25,9.78,2.113,100.0,13.25,-11.5,24.6
006729,万家中证500指数增强A,指数型-股票,6.47,0.5y,价值平均法,28.82,11.69,2.024,100.0,13.5,-10.52,24.59
016535,嘉实纳斯达克100ETF发起联接(QDII)C美元现汇,指数型-海外股票,15.78,0.5y,价值平均法,35.37,8.05,1.937,66.7,16.35,-2.08,24.56
011460,鹏华创新成长混合A,混合型-偏股,9.63,0.5y,价值平均法,36.03,16.82,1.577,83.3,16.63,-7.61,24.55
019919,招商中证2000指数增强C,指数型-股票,12.95,0.5y,价值平均法,33.15,12.09,2.067,83.3,15.39,-10.96,24.55
006730,万家中证500指数增强C,指数型-股票,3.75,0.5y,价值平均法,28.66,11.72,2.021,100.0,13.43,-10.53,24.52
016058,博时纳斯达克100ETF发起式联接(QDII)C美元现汇,指数型-海外股票,6.52,0.5y,价值平均法,35.17,8.09,1.955,66.7,16.26,-2.41,24.5
005968,创金合信工业周期股票A,股票型,10.13,0.5y,价值平均法,33.72,12.88,1.939,83.3,15.64,-10.28,24.48
010116,民生加银新兴产业混合A,混合型-偏股,3.8,0.5y,价值平均法,32.58,6.48,1.711,83.3,15.14,-5.54,24.46
017847,国金中证1000指数增强C,指数型-股票,5.52,0.5y,价值平均法,27.96,9.8,2.093,100.0,13.12,-11.38,24.45
006314,国联策略优选混合A,混合型-偏股,9.66,0.5y,价值平均法,27.91,8.61,2.21,100.0,13.1,-15.02,24.44
561550,中证500增强ETF华泰柏瑞,指数型-股票,15.18,0.5y,价值平均法,28.94,13.93,2.099,100.0,13.55,-13.53,24.44
015219,鹏扬产业智选一年持有混合A,混合型-偏股,4.35,0.5y,价值平均法,34.41,12.87,1.576,83.3,15.94,-4.17,24.43
010864,泓德卓远混合A,混合型-偏股,18.96,0.5y,价值平均法,32.29,8.55,1.809,83.3,15.02,-4.92,24.42
013147,汇添富碳中和主题混合A,混合型-偏股,14.87,0.5y,价值平均法,32.9,11.04,2.006,83.3,15.28,-10.37,24.42
018157,西部利得中证1000指数增强A,指数型-股票,2.08,0.5y,价值平均法,28.55,12.07,1.989,100.0,13.38,-10.19,24.42
020003,国泰金龙行业混合,混合型-灵活,9.09,0.5y,价值平均法,32.0,14.01,1.735,100.0,14.89,-15.93,24.4
040018,华安香港精选股票(QDII),QDII-普通股票,5.33,0.5y,价值平均法,30.49,13.02,1.715,100.0,14.23,-10.28,24.4
006315,国联策略优选混合C,混合型-偏股,7.26,0.5y,价值平均法,27.76,8.61,2.201,100.0,13.03,-14.96,24.37
013962,华夏创新视野一年持有混合A,混合型-偏股,2.82,0.5y,价值平均法,38.28,14.89,1.857,66.7,17.59,-8.64,24.36
016465,兴全合瑞混合C,混合型-偏股,10.18,0.5y,价值平均法,30.21,8.54,2.184,83.3,14.11,-7.35,24.34
910028,东方红内需增长混合A,混合型-偏股,6.61,0.5y,价值平均法,26.74,6.49,2.215,100.0,12.58,-14.08,24.31
011461,鹏华创新成长混合C,混合型-偏股,2.57,0.5y,价值平均法,35.4,16.88,1.549,83.3,16.36,-7.38,24.27
013395,华夏新能源车龙头混合发起式A,混合型-偏股,3.77,0.5y,价值平均法,29.76,7.37,1.362,100.0,13.91,-3.56,24.27
015466,太平中证1000指数增强A,指数型-股票,3.02,0.5y,价值平均法,32.37,12.16,2.125,83.3,15.05,-12.31,24.27
020712,华安三菱日联日经225ETF发起式联接(QDII)A,指数型-海外股票,2.22,0.5y,价值平均法,30.74,12.17,1.454,100.0,14.34,-6.26,24.27
090003,大成蓝筹稳健混合A,混合型-灵活,11.5,0.5y,价值平均法,32.46,10.27,1.838,83.3,15.09,-6.44,24.27
004707,景顺长城睿成混合A,混合型-灵活,6.52,0.5y,价值平均法,26.13,9.17,2.174,100.0,12.31,-9.01,24.25
009556,兴全合丰三年持有混合,混合型-偏股,34.43,0.5y,价值平均法,32.33,8.4,1.826,83.3,15.03,-7.32,24.25
630002,华商盛世成长混合,混合型-偏股,34.27,0.5y,价值平均法,27.82,13.11,2.239,100.0,13.06,-15.11,24.25
005969,创金合信工业周期股票C,股票型,6.42,0.5y,价值平均法,33.21,12.92,1.909,83.3,15.42,-10.06,24.23
169105,东方红睿华沪港深混合(LOF)A,混合型-灵活,15.9,0.5y,价值平均法,30.5,5.7,1.941,83.3,14.24,-7.12,24.22
013148,汇添富碳中和主题混合C,混合型-偏股,4.57,0.5y,价值平均法,32.45,11.08,1.98,83.3,15.09,-10.18,24.21
016701,银华海外数字经济量化选股混合发起式(QDII)A,QDII-混合偏股,11.46,0.5y,价值平均法,48.49,9.45,1.603,20.0,21.86,1.82,24.19
010286,海富通成长价值混合A,混合型-偏股,9.93,0.5y,价值平均法,33.38,11.77,1.608,83.3,15.49,-4.25,24.18
011637,广发沪港深价值成长混合A,混合型-偏股,5.29,0.5y,价值平均法,33.17,12.65,1.991,83.3,15.4,-12.73,24.17
012243,东方红内需增长混合B,混合型-偏股,2.37,0.5y,价值平均法,26.45,6.51,2.197,100.0,12.45,-13.96,24.17
004719,景顺长城睿成混合C,混合型-灵活,3.84,0.5y,价值平均法,25.91,9.18,2.157,100.0,12.21,-8.93,24.13
009646,南方核心成长混合A,混合型-偏股,10.31,0.5y,价值平均法,32.57,11.79,1.812,83.3,15.14,-6.83,24.13
010865,泓德卓远混合C,混合型-偏股,6.41,0.5y,价值平均法,31.67,8.59,1.769,83.3,14.75,-4.7,24.1
017094,易方达中证1000量化增强A,指数型-股票,5.59,0.5y,价值平均法,27.68,12.21,2.052,100.0,12.99,-12.15,24.06
016702,银华海外数字经济量化选股混合发起式(QDII)C,QDII-混合偏股,23.08,0.5y,价值平均法,48.2,9.47,1.587,20.0,21.74,1.92,24.05
013396,华夏新能源车龙头混合发起式C,混合型-偏股,4.04,0.5y,价值平均法,29.28,7.39,1.337,100.0,13.7,-3.42,24.04
673083,西部利得祥运混合C,混合型-灵活,7.66,0.5y,价值平均法,20.43,5.59,2.813,100.0,9.74,-8.78,24.04
233007,大摩卓越成长混合,混合型-偏股,2.59,0.5y,价值平均法,30.68,13.12,2.196,83.3,14.31,-10.16,24.01
006719,国融融盛龙头严选混合C,混合型-偏股,2.13,0.5y,价值平均法,52.14,10.33,0.31,20.0,23.34,19.64,24.0
400003,东方精选混合,混合型-灵活,9.17,0.5y,价值平均法,28.43,14.68,2.077,100.0,13.32,-15.48,23.98
010699,东方红创新趋势混合,混合型-偏股,18.43,0.5y,价值平均法,24.08,9.13,2.362,100.0,11.39,-9.15,23.95
009990,华泰柏瑞品质优选A,混合型-偏股,5.69,0.5y,价值平均法,37.93,16.56,1.784,66.7,17.44,-9.25,23.94
202213,南方核心竞争混合,混合型-偏股,2.76,0.5y,价值平均法,23.94,9.63,2.478,100.0,11.33,-11.36,23.93
017095,易方达中证1000量化增强C,指数型-股票,5.52,0.5y,价值平均法,27.4,12.23,2.034,100.0,12.87,-12.03,23.92
005802,汇添富智能制造股票A,股票型,26.95,0.5y,价值平均法,27.86,8.09,1.594,100.0,13.07,-5.45,23.88
007802,兴全合泰混合A,混合型-偏股,34.45,0.5y,价值平均法,26.12,8.75,1.975,100.0,12.3,-7.97,23.88
160607,鹏华价值优势混合(LOF),混合型-偏股,12.0,0.5y,价值平均法,32.49,8.35,1.567,83.3,15.1,-5.24,23.87
012428,华夏核心制造混合A,混合型-偏股,12.52,0.5y,价值平均法,39.49,5.22,1.366,50.0,18.1,0.98,23.85
001667,南方转型增长混合A,混合型-灵活,8.89,0.5y,价值平均法,23.73,9.94,2.614,100.0,11.23,-14.8,23.84
014805,国金量化精选混合A,混合型-偏股,29.24,0.5y,价值平均法,27.79,10.32,1.775,100.0,13.05,-8.72,23.83
519766,交银荣鑫灵活配置混合A,混合型-灵活,2.67,0.5y,价值平均法,37.18,9.64,1.651,66.7,17.12,-7.52,23.83
015867,国泰海通中证1000指数增强A,指数型-股票,11.75,0.5y,价值平均法,27.85,12.38,1.842,100.0,13.07,-9.81,23.82
006132,万家智造优势混合A,混合型-偏股,2.24,0.5y,价值平均法,27.76,12.03,2.146,100.0,13.03,-17.41,23.8
630008,华商策略精选混合,混合型-灵活,6.91,0.5y,价值平均法,26.4,13.02,2.289,100.0,12.43,-15.64,23.8
020009,国泰金鹏蓝筹混合,混合型-灵活,14.05,0.5y,价值平均法,36.02,9.89,1.783,66.7,16.63,-6.93,23.77
004698,博时军工主题股票A,股票型,18.53,0.5y,价值平均法,32.63,16.46,2.175,83.3,15.16,-18.26,23.76
007675,工银产业升级股票C,股票型,2.56,0.5y,价值平均法,27.07,8.46,1.993,100.0,12.73,-13.47,23.75
160314,华夏行业混合(LOF),混合型-偏股,10.53,0.5y,价值平均法,32.01,12.85,1.796,83.3,14.9,-7.72,23.75
000362,国泰聚信价值优势混合A,混合型-灵活,12.55,0.5y,价值平均法,26.14,9.09,2.178,100.0,12.31,-14.31,23.74
014970,华安低碳生活混合C,混合型-偏股,3.14,0.5y,价值平均法,29.01,10.15,1.449,100.0,13.58,-6.04,23.74
000431,鹏华品牌传承混合,混合型-灵活,2.26,0.5y,价值平均法,30.79,6.01,1.64,83.3,14.36,-5.03,23.73
017874,国金量化多策略C,混合型-灵活,38.63,0.5y,价值平均法,26.01,7.06,1.798,100.0,12.25,-6.18,23.72
015868,国泰海通中证1000指数增强C,指数型-股票,12.08,0.5y,价值平均法,27.57,12.4,1.825,100.0,12.95,-9.7,23.69
001790,国泰智能汽车股票A,股票型,25.57,0.5y,价值平均法,32.5,13.19,1.708,83.3,15.11,-7.88,23.68
007803,兴全合泰混合C,混合型-偏股,6.22,0.5y,价值平均法,25.7,8.78,1.942,100.0,12.12,-7.8,23.66
014806,国金量化精选混合C,混合型-偏股,49.9,0.5y,价值平均法,27.42,10.35,1.753,100.0,12.88,-8.59,23.65
007040,前海联合泳隆混合C,混合型-灵活,4.14,0.5y,价值平均法,29.93,9.56,2.501,83.3,13.98,-20.42,23.64
014305,华泰柏瑞中证500指数增强A,指数型-股票,3.2,0.5y,价值平均法,26.13,11.73,2.106,100.0,12.31,-12.28,23.63
000978,景顺长城量化精选股票A,股票型,4.31,0.5y,价值平均法,26.36,13.17,2.074,100.0,12.41,-12.03,23.61
014499,南方转型增长混合C,混合型-灵活,2.04,0.5y,价值平均法,23.3,9.96,2.581,100.0,11.04,-14.61,23.61
011592,博时军工主题股票C,股票型,4.67,0.5y,价值平均法,32.22,16.47,2.158,83.3,14.99,-18.08,23.59
000996,中银新动力股票A,股票型,5.66,0.5y,价值平均法,29.9,13.77,2.556,83.3,13.97,-20.37,23.58
011841,嘉实兴锐优选一年持有混合A,混合型-偏股,4.68,0.5y,价值平均法,26.37,10.9,1.964,100.0,12.41,-10.39,23.58
019241,华泰柏瑞中证1000指数增强C,指数型-股票,2.12,0.5y,价值平均法,30.72,13.21,2.022,83.3,14.33,-10.23,23.58
012429,华夏核心制造混合C,混合型-偏股,2.97,0.5y,价值平均法,38.92,5.23,1.337,50.0,17.86,1.13,23.56
000363,国泰聚信价值优势混合C,混合型-灵活,7.77,0.5y,价值平均法,25.75,9.11,2.155,100.0,12.14,-14.17,23.55
011122,汇添富ESG可持续成长股票A,股票型,17.47,0.5y,价值平均法,30.22,10.44,1.925,83.3,14.11,-7.54,23.54
014024,华富卓越成长一年持有期混合A,混合型-偏股,2.11,0.5y,价值平均法,24.6,8.04,2.438,100.0,11.62,-18.01,23.52
040011,华安核心优选混合A,混合型-偏股,3.68,0.5y,价值平均法,31.07,11.39,1.719,83.3,14.49,-5.4,23.51
519068,汇添富成长焦点混合,混合型-偏股,31.57,0.5y,价值平均法,30.33,11.83,2.031,83.3,14.16,-10.27,23.51
001244,华泰柏瑞量化智慧混合A,混合型-灵活,6.0,0.5y,价值平均法,25.4,10.93,2.154,100.0,11.98,-12.37,23.5
019318,汇添富国证2000指数增强A,指数型-股票,19.07,0.5y,价值平均法,30.69,12.43,2.056,83.3,14.32,-12.03,23.5
012751,建信纳斯达克100指数(QDII)A美元现汇,指数型-海外股票,16.24,0.5y,价值平均法,33.0,7.98,1.834,66.7,15.32,-1.46,23.49
014306,华泰柏瑞中证500指数增强C,指数型-股票,2.72,0.5y,价值平均法,25.84,11.74,2.087,100.0,12.18,-12.16,23.49
016567,嘉实中证电池主题ETF发起联接C,指数型-股票,4.49,0.5y,价值平均法,36.79,6.85,1.059,66.7,16.96,2.18,23.49
002943,广发多因子混合,混合型-灵活,146.64,0.5y,价值平均法,29.0,6.72,1.945,83.3,13.58,-7.21,23.48
016466,国泰海通量化选股混合发起A,混合型-偏股,9.78,0.5y,价值平均法,25.69,9.67,1.987,100.0,12.11,-10.08,23.48
159559,机器人ETF景顺,指数型-股票,26.4,0.5y,价值平均法,32.92,12.12,1.497,83.3,15.29,-6.64,23.47
562660,中证2000ETF华夏,指数型-股票,4.5,0.5y,价值平均法,26.7,12.44,1.944,100.0,12.56,-11.72,23.46
018823,国金智享量化选股混合A,混合型-偏股,13.1,0.5y,价值平均法,29.53,7.86,1.941,83.3,13.81,-8.16,23.45
519019,大成景阳领先混合A,混合型-偏股,5.13,0.5y,价值平均法,30.45,10.87,1.838,83.3,14.22,-6.91,23.45
009623,长城创新驱动混合A,混合型-偏股,5.44,0.5y,价值平均法,34.1,19.92,1.906,83.3,15.8,-19.34,23.44
022485,国金中证A500指数增强A,指数型-股票,17.47,0.5y,价值平均法,24.74,7.26,1.94,100.0,11.69,-7.47,23.44
000924,宝盈先进制造混合A,混合型-灵活,3.89,0.5y,价值平均法,36.87,12.29,1.522,66.7,16.99,-5.59,23.42
006104,华泰柏瑞量化智慧混合C,混合型-灵活,3.07,0.5y,价值平均法,25.23,10.94,2.141,100.0,11.91,-12.29,23.42
110009,易方达价值精选混合,混合型-偏股,47.89,0.5y,价值平均法,24.97,8.61,1.977,100.0,11.79,-8.46,23.42
590008,中邮战略新兴产业混合A,混合型-偏股,7.33,0.5y,价值平均法,28.09,8.03,2.214,83.3,13.18,-10.08,23.39
018014,长信中证1000指数增强C,指数型-股票,4.83,0.5y,价值平均法,25.77,10.87,2.083,100.0,12.15,-13.18,23.38
501022,银华鑫盛灵活配置混合(LOF)A,混合型-灵活,3.14,0.5y,价值平均法,31.99,10.15,1.377,83.3,14.89,-2.22,23.38
513000,日经225ETF易方达,指数型-海外股票,16.57,0.5y,价值平均法,32.92,12.86,1.462,83.3,15.29,-6.58,23.36
001481,华宝标普油气上游股票美元A,指数型-海外股票,36.49,0.5y,价值平均法,31.6,10.99,1.858,83.3,14.72,-12.64,23.35
012753,建信纳斯达克100指数(QDII)C美元现汇,指数型-海外股票,9.49,0.5y,价值平均法,32.75,7.99,1.815,66.7,15.22,-1.37,23.35
016467,国泰海通量化选股混合发起C,混合型-偏股,4.97,0.5y,价值平均法,25.42,9.68,1.968,100.0,11.99,-9.96,23.35
018963,国泰海通量化选股混合发起D,混合型-偏股,6.44,0.5y,价值平均法,25.42,9.68,1.967,100.0,11.99,-9.96,23.34
260116,景顺长城核心竞争力混合A,混合型-偏股,9.15,0.5y,价值平均法,27.72,17.29,1.772,100.0,13.01,-11.34,23.32
011344,景顺长城融景一年持有混合A,混合型-偏股,6.07,0.5y,价值平均法,34.65,11.35,1.82,66.7,16.04,-6.78,23.28
005538,中航新起航灵活配置混合C,混合型-灵活,10.56,0.5y,价值平均法,35.34,16.08,1.078,80.0,16.33,-2.51,23.25
017091,景顺长城纳斯达克科技ETF联接(QDII)A人民币,指数型-海外股票,23.05,0.5y,价值平均法,45.6,9.42,1.686,20.0,20.66,0.95,23.24
001980,中欧量化驱动混合A,混合型-偏股,6.13,0.5y,价值平均法,24.83,10.4,2.01,100.0,11.73,-9.67,23.23
017458,长城创新驱动混合C,混合型-偏股,2.6,0.5y,价值平均法,33.59,19.94,1.889,83.3,15.58,-19.16,23.23
017366,泰康新锐成长混合C,混合型-偏股,9.41,0.5y,价值平均法,33.01,9.57,2.059,66.7,15.33,-8.44,23.22
003986,申万菱信中证500指数优选增强A,指数型-股票,14.92,0.5y,价值平均法,24.99,10.73,2.061,100.0,11.8,-11.53,23.21
006649,汇安多因子混合C,混合型-偏股,14.13,0.5y,价值平均法,26.58,8.7,2.47,83.3,12.51,-12.17,23.2
019329,国泰金盛回报混合C,混合型-偏股,3.42,0.5y,价值平均法,29.97,9.19,1.751,83.3,14.0,-6.57,23.19
519983,长信量化先锋混合A,混合型-偏股,5.44,0.5y,价值平均法,25.27,10.75,1.956,100.0,11.92,-10.25,23.18
017532,平安研究优选混合A,混合型-偏股,4.37,0.5y,价值平均法,31.0,16.56,1.938,83.3,14.46,-12.26,23.17
160212,国泰估值优势混合(LOF)A,混合型-偏股,17.63,0.5y,价值平均法,31.01,11.42,2.094,83.3,14.46,-17.91,23.17
019118,景顺长城纳斯达克科技ETF联接(QDII)E人民币,指数型-海外股票,8.03,0.5y,价值平均法,45.42,9.43,1.677,20.0,20.59,1.0,23.15
011930,华夏时代前沿一年持有混合A,混合型-偏股,5.63,0.5y,价值平均法,35.6,9.19,1.379,66.7,16.45,-2.22,23.13
513880,日经225ETF华安,指数型-海外股票,20.02,0.5y,价值平均法,32.4,12.98,1.42,83.3,15.06,-6.04,23.11
011195,广发睿铭两年持有期混合C,混合型-偏股,2.14,0.5y,价值平均法,30.71,7.81,1.629,83.3,14.33,-8.33,23.1
006864,国联安核心资产策略混合,混合型-偏股,3.06,0.5y,价值平均法,30.33,16.44,2.255,83.3,14.16,-18.68,23.08
009888,广发稳健优选六个月持有期混合C,混合型-平衡,3.5,0.5y,价值平均法,26.09,7.91,1.577,100.0,12.29,-6.62,23.07
017093,景顺长城纳斯达克科技ETF联接(QDII)C人民币,指数型-海外股票,11.8,0.5y,价值平均法,45.26,9.44,1.667,20.0,20.53,1.05,23.07
000545,中邮核心竞争力灵活配置混合,混合型-灵活,3.04,0.5y,价值平均法,35.56,16.85,1.86,66.7,16.43,-11.31,23.06
159866,日经ETF工银,指数型-海外股票,9.11,0.5y,价值平均法,32.22,12.98,1.435,83.3,14.99,-6.44,23.05
008120,万家自主创新混合A,混合型-偏股,20.15,0.5y,价值平均法,37.02,12.52,1.178,66.7,17.06,-1.27,23.04
519700,交银主题优选混合A,混合型-灵活,7.03,0.5y,价值平均法,21.12,7.27,2.42,100.0,10.06,-9.96,23.03
519908,华夏兴华混合A,混合型-灵活,7.07,0.5y,价值平均法,29.32,14.69,2.296,83.3,13.72,-17.5,22.98
910021,东方红启华三年持有混合A,混合型-偏股,2.92,0.5y,价值平均法,21.91,8.87,2.262,100.0,10.41,-8.34,22.98
960004,华夏兴华混合H,混合型-灵活,6.3,0.5y,价值平均法,29.32,14.69,2.296,83.3,13.72,-17.5,22.98
159552,中证2000增强ETF招商,指数型-股票,6.93,0.5y,价值平均法,26.25,12.24,1.703,100.0,12.36,-9.08,22.97
560810,央企ESGETF融通,指数型-股票,4.82,0.5y,价值平均法,24.61,10.59,1.793,100.0,11.63,-6.05,22.96
012426,南方价值臻选混合A,混合型-灵活,2.07,0.5y,价值平均法,22.78,10.23,2.204,100.0,10.81,-10.0,22.93
016464,兴全合瑞混合A,混合型-偏股,11.98,0.5y,价值平均法,30.65,8.51,2.219,66.7,14.3,-7.52,22.91
270006,广发策略优选混合,混合型-灵活,29.91,0.5y,价值平均法,26.04,13.38,2.074,100.0,12.27,-17.86,22.9
020972,易方达机器人ETF联接A,指数型-股票,9.3,0.5y,价值平均法,31.2,11.69,1.486,83.3,14.54,-6.31,22.87
008121,万家自主创新混合C,混合型-偏股,7.44,0.5y,价值平均法,36.61,12.55,1.161,66.7,16.88,-1.14,22.86
010289,景顺长城产业趋势混合A,混合型-偏股,29.74,0.5y,价值平均法,29.56,9.88,1.653,83.3,13.82,-5.62,22.84
202023,南方优选成长混合A,混合型-灵活,19.13,0.5y,价值平均法,26.95,9.04,2.207,83.3,12.67,-10.44,22.83
460009,华泰柏瑞量化先行混合A,混合型-偏股,3.14,0.5y,价值平均法,23.74,11.28,2.128,100.0,11.24,-12.61,22.79
005457,景顺长城量化小盘股票A,股票型,3.93,0.5y,价值平均法,24.72,12.16,1.945,100.0,11.68,-11.42,22.78
010379,广发均衡优选混合A,混合型-平衡,19.82,0.5y,价值平均法,25.69,8.1,1.497,100.0,12.11,-6.12,22.76
020981,华安国证机器人产业指数发起式A,指数型-股票,2.84,0.5y,价值平均法,30.96,11.63,1.455,83.3,14.44,-5.86,22.75
159509,纳指科技ETF景顺,指数型-海外股票,111.72,0.5y,价值平均法,45.06,10.01,1.612,20.0,20.44,0.51,22.75
163415,兴全商业模式混合(LOF)A,混合型-偏股,139.93,0.5y,价值平均法,23.93,9.55,1.992,100.0,11.32,-11.29,22.73
007835,国泰鑫睿混合,混合型-偏股,3.85,0.5y,价值平均法,26.46,7.88,2.256,83.3,12.45,-12.13,22.69
020982,华安国证机器人产业指数发起式C,指数型-股票,4.49,0.5y,价值平均法,30.79,11.64,1.445,83.3,14.36,-5.78,22.67
020894,景顺长城国证机器人ETF联接C,指数型-股票,2.35,0.5y,价值平均法,30.67,11.52,1.47,83.3,14.31,-6.08,22.66
160638,鹏华中证一带一路主题指数(LOF)A,指数型-股票,2.71,0.5y,价值平均法,23.73,12.09,2.181,100.0,11.23,-15.14,22.64
169103,东方红睿轩三年持有混合,混合型-偏股,8.22,0.5y,价值平均法,21.39,8.75,2.199,100.0,10.18,-8.35,22.64
008294,朱雀企业优胜A,股票型,4.57,0.5y,价值平均法,29.89,9.31,1.343,83.3,13.97,-1.62,22.63
018158,西部利得中证1000指数增强C,指数型-股票,3.76,0.5y,价值平均法,28.27,12.09,1.97,83.3,13.26,-10.07,22.61
159943,深证成指ETF大成,指数型-股票,2.06,0.5y,价值平均法,27.65,7.65,1.86,83.3,12.98,-7.93,22.59
673081,西部利得祥运混合A,混合型-灵活,2.28,0.5y,价值平均法,20.77,5.56,2.854,83.3,9.89,-8.93,22.59
012080,易方达中证500指数量化增强A,指数型-股票,4.72,0.5y,价值平均法,23.64,11.65,2.027,100.0,11.19,-11.69,22.58
005206,南方优选成长混合C,混合型-灵活,2.65,0.5y,价值平均法,26.39,9.08,2.164,83.3,12.42,-10.19,22.54
001556,天弘中证500指数增强A,指数型-股票,19.13,0.5y,价值平均法,24.69,14.24,1.899,100.0,11.66,-12.02,22.53
519066,汇添富蓝筹稳健混合A,混合型-灵活,38.39,0.5y,价值平均法,27.0,10.4,2.005,83.3,12.69,-7.93,22.52
005313,万家中证1000指数增强A,指数型-股票,8.49,0.5y,价值平均法,24.26,11.08,1.857,100.0,11.47,-10.71,22.5
513350,标普油气ETF富国,指数型-海外股票,10.18,0.5y,价值平均法,30.31,11.77,1.665,83.3,14.15,-11.37,22.48
002801,泓德泓信混合,混合型-灵活,2.11,0.5y,价值平均法,23.4,11.56,1.961,100.0,11.09,-10.29,22.47
012081,易方达中证500指数量化增强C,指数型-股票,6.14,0.5y,价值平均法,23.43,11.67,2.012,100.0,11.1,-11.61,22.47
159680,中证1000增强ETF招商,指数型-股票,10.41,0.5y,价值平均法,24.07,12.56,1.961,100.0,11.39,-12.51,22.46
159518,标普油气ETF嘉实,指数型-海外股票,21.51,0.5y,价值平均法,30.25,11.75,1.663,83.3,14.13,-11.35,22.45
001557,天弘中证500指数增强C,指数型-股票,11.78,0.5y,价值平均法,24.48,14.25,1.886,100.0,11.57,-11.93,22.43
519181,万家和谐增长混合A,混合型-灵活,10.71,0.5y,价值平均法,25.58,5.95,2.144,83.3,12.06,-10.81,22.42
005314,万家中证1000指数增强C,指数型-股票,11.39,0.5y,价值平均法,24.06,11.09,1.847,100.0,11.38,-10.66,22.41
217001,招商安泰偏股混合,混合型-偏股,3.13,0.5y,价值平均法,32.24,9.13,1.647,66.7,14.99,-3.66,22.41
016590,富国汽车智选混合A,混合型-偏股,2.41,0.5y,价值平均法,33.21,11.19,0.677,80.0,15.42,4.63,22.37
010328,博时荣华灵活配置混合A,混合型-灵活,2.02,0.5y,价值平均法,39.7,3.83,1.717,16.7,18.19,3.65,22.29
014377,东吴新能源汽车股票C,股票型,3.27,0.5y,价值平均法,39.02,8.25,1.673,40.0,17.91,-5.26,22.26
019505,国泰海通中证1000优选股票发起A,股票型,8.62,0.5y,价值平均法,29.14,12.21,0.024,100.0,13.64,15.25,22.26
159656,沪深300成长ETF万家,指数型-股票,2.74,0.5y,价值平均法,25.82,5.53,1.856,83.3,12.17,-6.78,22.26
000457,摩根核心成长股票A,股票型,13.98,0.5y,价值平均法,34.24,8.16,1.323,60.0,15.86,1.22,22.25
166011,中欧盛世成长混合(LOF)A,混合型-偏股,5.01,0.5y,定期定额(周),36.42,6.92,1.673,56.0,16.8,-13.36,22.25
260101,景顺长城优选混合,混合型-偏股,29.62,0.5y,价值平均法,26.46,11.68,2.03,83.3,12.45,-8.64,22.25
013044,富国国家安全主题混合C,混合型-偏股,2.22,0.5y,价值平均法,28.16,17.62,2.084,100.0,13.21,-31.64,22.22
014325,国联安核心趋势一年持有混合A,混合型-偏股,3.53,0.5y,价值平均法,28.6,16.94,2.139,83.3,13.4,-18.07,22.22
519069,汇添富价值精选混合,混合型-偏股,76.69,0.5y,价值平均法,22.17,7.64,1.844,100.0,10.53,-7.3,22.22
519039,长盛同德主题混合,混合型-偏股,7.55,0.5y,价值平均法,26.82,12.35,1.992,83.3,12.62,-9.34,22.2
012839,东方红智华三年持有混合A,混合型-偏股,17.23,0.5y,价值平均法,25.05,10.37,2.207,83.3,11.83,-9.08,22.19
410003,华富成长趋势混合A,混合型-偏股,4.69,0.5y,价值平均法,27.93,11.26,1.53,100.0,13.11,-19.17,22.18
006122,华安低碳生活混合A,混合型-偏股,4.81,0.5y,价值平均法,29.25,10.13,1.437,83.3,13.69,-5.69,22.17
010594,广发睿选三年持有期混合,混合型-偏股,4.41,0.5y,价值平均法,32.88,14.98,0.89,80.0,15.27,-0.26,22.15
012124,博道盛彦混合A,混合型-偏股,6.72,0.5y,价值平均法,21.26,8.16,2.198,100.0,10.12,-13.1,22.15
202009,南方盛元红利混合,混合型-偏股,5.64,0.5y,价值平均法,22.71,9.49,1.785,100.0,10.77,-7.36,22.15
519035,富国天博创新主题混合,混合型-偏股,15.24,0.5y,价值平均法,28.93,11.47,1.645,83.3,13.55,-9.26,22.15
019506,国泰海通中证1000优选股票发起C,股票型,5.25,0.5y,价值平均法,28.85,12.22,0.012,100.0,13.51,15.33,22.13
003292,嘉实优势成长混合A,混合型-灵活,4.95,0.5y,价值平均法,21.6,11.13,2.079,100.0,10.27,-10.49,22.1
563300,中证2000ETF华泰柏瑞,指数型-股票,35.6,0.5y,价值平均法,27.86,12.58,1.904,83.3,13.07,-11.9,22.09
159752,新能源ETF申万菱信,指数型-股票,4.92,0.5y,价值平均法,25.32,7.34,1.143,100.0,11.95,-3.33,22.08
004945,长信中证500指数增强A,指数型-股票,2.44,0.5y,价值平均法,22.35,9.79,2.001,100.0,10.61,-12.16,22.07
019240,华泰柏瑞中证1000指数增强A,指数型-股票,8.38,0.5y,价值平均法,31.01,13.19,2.04,66.7,14.46,-10.34,22.06
159516,半导体设备ETF国泰,指数型-股票,193.22,0.5y,价值平均法,31.01,56.24,0.279,80.0,14.46,24.02,22.06
160416,华安标普全球石油指数(LOF)A,指数型-海外股票,6.5,0.5y,价值平均法,23.88,7.54,2.348,83.3,11.3,-11.48,22.04
169107,东方红恒阳五年持有混合,混合型-偏股,6.07,0.5y,价值平均法,28.29,14.74,1.703,83.3,13.26,-8.73,22.0
159903,深成ETF南方,指数型-股票,4.96,0.5y,价值平均法,26.52,7.78,1.789,83.3,12.48,-7.75,21.99
012475,平安优质企业混合A,混合型-偏股,11.99,0.5y,价值平均法,31.3,12.24,1.902,66.7,14.59,-9.1,21.98
017919,中欧中证1000指数增强A,指数型-股票,2.64,0.5y,价值平均法,22.56,11.45,1.936,100.0,10.71,-11.48,21.98
159530,机器人ETF易方达,指数型-股票,137.73,0.5y,价值平均法,33.31,12.19,1.509,66.7,15.46,-6.79,21.97
012125,博道盛彦混合C,混合型-偏股,19.92,0.5y,价值平均法,20.9,8.18,2.171,100.0,9.96,-12.94,21.96
012502,银华安盛混合,混合型-偏股,6.0,0.5y,价值平均法,31.37,9.26,1.604,66.7,14.62,-4.22,21.91
000082,嘉实研究阿尔法股票A,股票型,4.52,0.5y,价值平均法,20.9,8.28,1.939,100.0,9.95,-7.71,21.9
017645,博道中证1000指数增强C,指数型-股票,3.34,0.5y,价值平均法,26.71,12.98,2.004,83.3,12.56,-11.97,21.9
630011,华商主题精选混合,混合型-偏股,2.88,0.5y,价值平均法,23.63,10.24,1.869,100.0,11.19,-15.1,21.89
012820,汇添富价值领先混合,混合型-偏股,17.58,0.5y,价值平均法,27.86,12.1,1.699,83.3,13.08,-9.13,21.88
010420,民生加银成长优选股票A,股票型,19.62,0.5y,价值平均法,30.02,5.91,1.645,66.7,14.02,-4.36,21.87
014508,汇添富先进制造混合A,混合型-偏股,3.8,0.5y,价值平均法,23.54,7.8,1.356,100.0,11.15,-3.62,21.87
002316,创金合信中证500指数增强C,指数型-股票,3.3,0.5y,价值平均法,22.48,13.81,1.949,100.0,10.67,-12.17,21.85
018013,长信中证1000指数增强A,指数型-股票,3.87,0.5y,价值平均法,26.05,10.85,2.101,83.3,12.27,-13.31,21.85
002959,汇添富盈泰混合,混合型-灵活,2.03,0.5y,价值平均法,27.54,14.04,1.783,83.3,12.93,-9.8,21.84
010141,朱雀企业优选A,股票型,13.12,0.5y,价值平均法,27.95,8.99,1.301,83.3,13.11,-1.52,21.83
000866,华宝制造股票,股票型,3.59,0.5y,价值平均法,19.71,6.98,2.405,100.0,9.41,-16.6,21.82
010225,东方红启航三年持有混合B,混合型-偏股,3.93,0.5y,价值平均法,27.88,14.71,1.687,83.3,13.08,-8.66,21.82
910022,东方红启航三年持有混合A,混合型-偏股,4.89,0.5y,价值平均法,27.87,14.71,1.687,83.3,13.08,-8.65,21.82
010595,广发成长精选混合A,混合型-偏股,28.86,0.5y,价值平均法,35.11,10.69,1.173,60.0,16.24,-0.72,21.81
005609,富国军工主题混合A,混合型-偏股,25.04,0.5y,价值平均法,24.66,17.23,2.154,100.0,11.65,-25.27,21.78
010203,天弘中证科技100指数增强发起C,指数型-股票,2.35,0.5y,价值平均法,26.62,9.62,1.816,83.3,12.52,-9.6,21.78
006048,长城中证500指数增强A,指数型-股票,8.38,0.5y,价值平均法,22.34,12.07,2.03,100.0,10.61,-14.89,21.77
017920,中欧中证1000指数增强C,指数型-股票,4.08,0.5y,价值平均法,22.14,11.48,1.906,100.0,10.52,-11.29,21.77
009550,汇添富开放视野中国优势六个月持有股票A,股票型,22.54,0.5y,价值平均法,20.98,6.7,1.785,100.0,9.99,-6.81,21.75
019328,国泰金盛回报混合A,混合型-偏股,2.74,0.5y,价值平均法,30.41,9.14,1.78,66.7,14.2,-6.74,21.75
013450,博时凤凰领航混合A,混合型-偏股,8.07,0.5y,价值平均法,25.95,11.85,1.881,83.3,12.23,-8.21,21.73
014509,汇添富先进制造混合C,混合型-偏股,7.36,0.5y,价值平均法,23.27,7.83,1.335,100.0,11.03,-3.52,21.72
515580,科技100ETF华泰柏瑞,指数型-股票,4.81,0.5y,价值平均法,26.79,10.02,1.766,83.3,12.6,-9.45,21.71
009137,嘉实瑞和两年持有期混合,混合型-偏股,6.07,0.5y,价值平均法,26.95,12.77,1.722,83.3,12.67,-7.88,21.7
000199,国泰量化策略收益混合A,混合型-偏股,2.56,0.5y,价值平均法,24.99,8.66,1.884,83.3,11.8,-6.71,21.69
007413,长城中证500指数增强C,指数型-股票,13.51,0.5y,价值平均法,22.13,12.08,2.018,100.0,10.51,-14.8,21.68
001143,华商量化进取混合,混合型-灵活,3.31,0.5y,价值平均法,26.48,11.63,1.794,83.3,12.46,-8.93,21.65
002124,广发新兴产业混合A,混合型-灵活,5.4,0.5y,价值平均法,27.74,12.94,1.688,83.3,13.02,-10.38,21.65
022467,国泰海通中证A500指数增强A,指数型-股票,18.04,0.5y,价值平均法,21.13,8.6,1.788,100.0,10.06,-7.14,21.64
121008,国投瑞银成长优选混合,混合型-偏股,3.97,0.5y,价值平均法,25.94,10.58,1.803,83.3,12.22,-7.65,21.64
159968,中证500ETF博时,指数型-股票,6.31,0.5y,价值平均法,22.6,13.91,1.882,100.0,10.72,-13.12,21.63
516270,新能源ETF华安,指数型-股票,2.84,0.5y,价值平均法,24.33,7.34,1.111,100.0,11.5,-3.29,21.63
022486,国金中证A500指数增强C,指数型-股票,25.18,0.5y,价值平均法,24.45,7.29,1.917,83.3,11.56,-7.36,21.62
560980,光伏龙头ETF广发,指数型-股票,4.87,0.5y,价值平均法,24.55,12.83,1.505,100.0,11.6,-11.22,21.62
588780,科创芯片设计ETF国联安,指数型-股票,8.47,0.5y,价值平均法,37.86,15.57,0.076,40.0,17.41,36.92,21.62
007177,浙商智能行业优选混合A,混合型-偏股,3.2,0.5y,价值平均法,23.71,13.38,1.418,100.0,11.22,-5.86,21.61
169109,东方红睿和三年持有混合A,混合型-偏股,13.36,0.5y,价值平均法,27.43,14.79,1.668,83.3,12.88,-8.59,21.61
008319,博道久航混合C,混合型-偏股,31.36,0.5y,价值平均法,25.92,11.72,1.866,83.3,12.22,-9.09,21.6
011123,汇添富ESG可持续成长股票C,股票型,11.0,0.5y,价值平均法,29.65,10.49,1.885,66.7,13.86,-7.3,21.6
018124,永赢先进制造智选混合发起A,混合型-偏股,30.82,0.5y,定期定额(周),33.94,6.68,1.8,60.0,15.73,-17.94,21.6
377010,摩根阿尔法混合A,混合型-偏股,11.56,0.5y,价值平均法,32.6,8.14,1.335,60.0,15.15,0.47,21.6
011113,富国军工主题混合C,混合型-偏股,3.38,0.5y,价值平均法,24.21,17.26,2.135,100.0,11.45,-25.06,21.59
180018,银华和谐主题混合,混合型-灵活,2.61,0.5y,价值平均法,18.17,4.6,2.118,100.0,8.71,-8.65,21.58
005994,国投瑞银中证500指数量化增强A,指数型-股票,9.74,0.5y,价值平均法,21.8,12.2,1.873,100.0,10.37,-11.18,21.55
009887,广发稳健优选六个月持有期混合A,混合型-平衡,5.46,0.5y,价值平均法,26.38,7.88,1.595,83.3,12.42,-6.73,21.55
010922,朱雀匠心一年持有,混合型-偏股,6.29,0.5y,价值平均法,27.4,9.02,1.248,83.3,12.87,-1.0,21.55
000824,圆信永丰双利A,混合型-灵活,3.97,0.5y,价值平均法,20.26,8.39,1.913,100.0,9.66,-8.13,21.54
009984,鹏华启航混合,混合型-偏股,3.83,0.5y,价值平均法,21.59,7.87,1.898,100.0,10.27,-13.27,21.52
011882,招商蓝筹精选股票A,股票型,19.59,0.5y,价值平均法,26.07,9.55,1.795,83.3,12.28,-9.71,21.52
000550,广发新动力混合A,混合型-偏股,2.08,0.5y,定期定额(周),35.11,6.0,1.662,52.0,16.24,-13.14,21.5
018125,永赢先进制造智选混合发起C,混合型-偏股,126.2,0.5y,定期定额(周),33.66,6.69,1.788,60.0,15.61,-17.79,21.48
001471,融通新能源灵活配置混合A,混合型-灵活,5.08,0.5y,价值平均法,27.7,8.91,1.457,83.3,13.01,-8.17,21.47
019555,中银中证1000指数增强A,指数型-股票,3.02,0.5y,价值平均法,24.16,10.42,2.224,83.3,11.43,-13.6,21.45
070013,嘉实研究精选混合,混合型-偏股,7.87,0.5y,价值平均法,19.86,8.29,1.918,100.0,9.48,-7.79,21.45
159961,深100ETF方正富邦,指数型-股票,2.93,0.5y,价值平均法,28.04,4.77,1.678,66.7,13.15,-4.05,21.45
013451,博时凤凰领航混合C,混合型-偏股,8.55,0.5y,价值平均法,25.37,11.88,1.839,83.3,11.97,-7.98,21.44
021875,路博迈资源精选股票发起A,股票型,3.74,0.5y,价值平均法,24.54,20.75,1.957,100.0,11.6,-22.74,21.44
007089,国投瑞银中证500指数量化增强C,指数型-股票,2.11,0.5y,价值平均法,21.53,12.21,1.854,100.0,10.24,-11.06,21.42
014734,广发睿合混合A,混合型-偏股,2.15,0.5y,价值平均法,25.53,10.74,1.747,83.3,12.04,-7.05,21.4
016616,国泰估值优势混合(LOF)C,混合型-偏股,10.52,0.5y,价值平均法,30.73,11.45,2.079,66.7,14.34,-17.77,21.38
007831,博道伍佰智航股票A,股票型,5.01,0.5y,价值平均法,25.63,13.02,1.868,83.3,12.08,-9.94,21.37
159566,储能电池ETF易方达,指数型-股票,72.92,0.5y,价值平均法,28.14,9.55,1.215,83.3,13.2,-4.5,21.36
512510,中证500ETF华泰柏瑞,指数型-股票,10.36,0.5y,价值平均法,22.01,13.98,1.871,100.0,10.46,-13.31,21.36
121005,国投瑞银创新动力混合,混合型-偏股,8.25,0.5y,价值平均法,25.38,10.6,1.753,83.3,11.97,-7.41,21.33
159901,深证100ETF易方达,指数型-股票,61.69,0.5y,价值平均法,27.87,4.86,1.67,66.7,13.08,-4.16,21.33
001677,中银战略新兴产业股票A,股票型,4.02,0.5y,价值平均法,20.66,10.61,1.962,100.0,9.85,-12.19,21.31
014201,天弘中证1000指数增强A,指数型-股票,8.57,0.5y,价值平均法,22.06,12.73,1.754,100.0,10.48,-11.46,21.31
161227,国投瑞银深证100指数,指数型-股票,2.5,0.5y,价值平均法,27.26,4.56,1.729,66.7,12.81,-4.21,21.31
013465,博时智选量化多因子股票A,股票型,7.77,0.5y,价值平均法,36.75,14.8,1.114,50.0,16.94,1.51,21.3
000594,大摩进取优选股票,股票型,2.93,0.5y,价值平均法,19.59,8.35,1.892,100.0,9.36,-7.72,21.28
003516,国泰融安多策略灵活配置混合A,混合型-灵活,3.87,0.5y,价值平均法,24.42,10.3,1.887,83.3,11.54,-7.86,21.28
015829,永赢新能源智选混合发起C,混合型-偏股,12.4,0.5y,价值平均法,32.8,15.18,1.82,66.7,15.24,-18.57,21.28
016936,博时中证1000指数增强A,指数型-股票,3.94,0.5y,价值平均法,21.16,10.81,1.834,100.0,10.07,-11.04,21.28
020065,西部利得科技创新混合C,混合型-偏股,7.49,0.5y,价值平均法,31.58,18.2,1.401,83.3,14.71,-19.61,21.27
002031,华夏策略混合,混合型-灵活,4.82,0.5y,价值平均法,20.93,11.86,1.915,100.0,9.97,-12.1,21.26
015641,银华数字经济股票发起式A,股票型,3.97,0.5y,价值平均法,29.36,16.6,1.449,83.3,13.74,-13.18,21.26
005776,中加转型动力混合C,混合型-灵活,2.71,0.5y,价值平均法,22.52,8.87,1.736,100.0,10.69,-14.84,21.25
202019,南方策略优化混合,混合型-偏股,2.97,0.5y,价值平均法,24.0,8.69,1.978,83.3,11.35,-9.8,21.25
021876,路博迈资源精选股票发起C,股票型,19.64,0.5y,价值平均法,24.01,20.77,1.935,100.0,11.36,-22.51,21.22
013466,博时智选量化多因子股票C,股票型,15.47,0.5y,价值平均法,36.55,14.81,1.11,50.0,16.86,1.52,21.21
014202,天弘中证1000指数增强C,指数型-股票,9.86,0.5y,价值平均法,21.86,12.74,1.741,100.0,10.39,-11.37,21.21
513520,日经ETF华夏,指数型-海外股票,17.78,0.5y,价值平均法,31.64,12.49,1.44,66.7,14.74,-6.36,21.21
015642,银华数字经济股票发起式C,股票型,8.07,0.5y,价值平均法,29.21,16.61,1.443,83.3,13.67,-13.11,21.2
001158,工银新材料新能源股票,股票型,19.37,0.5y,价值平均法,19.87,8.26,2.134,100.0,9.48,-15.8,21.19
016937,博时中证1000指数增强C,指数型-股票,2.87,0.5y,价值平均法,20.95,10.84,1.819,100.0,9.98,-10.95,21.17
003834,华夏能源革新股票A,股票型,80.15,0.5y,价值平均法,21.41,5.04,1.333,100.0,10.19,-5.18,21.16
008378,兴全社会价值三年持有混合,混合型-偏股,13.57,0.5y,价值平均法,25.51,8.05,1.573,83.3,12.03,-6.6,21.16
008396,博时中证500ETF联接A,指数型-股票,2.88,0.5y,价值平均法,21.15,13.25,1.874,100.0,10.07,-12.54,21.15
019549,华夏全球股票美元现汇(QDII),QDII-普通股票,25.69,0.5y,价值平均法,28.63,10.05,1.748,66.7,13.41,-4.97,21.13
019550,华夏全球股票美元现钞(QDII),QDII-普通股票,25.69,0.5y,价值平均法,28.63,10.05,1.748,66.7,13.41,-4.97,21.13
020973,易方达机器人ETF联接C,指数型-股票,27.01,0.5y,价值平均法,31.0,11.71,1.474,66.7,14.46,-6.21,21.11
001345,富国新收益灵活配置混合A,混合型-灵活,2.48,0.5y,价值平均法,24.01,9.22,1.78,83.3,11.36,-6.46,21.06
015789,永赢高端装备智选混合发起A,混合型-偏股,24.3,0.5y,价值平均法,28.15,15.44,2.586,100.0,13.21,-56.21,21.06
018071,长信均衡优选混合A,混合型-偏股,8.23,0.5y,价值平均法,22.9,8.64,2.038,83.3,10.86,-9.12,21.06
008397,博时中证500ETF联接C,指数型-股票,2.05,0.5y,价值平均法,20.94,13.27,1.86,100.0,9.97,-12.45,21.05
014986,东方核心动力混合C,混合型-偏股,2.52,0.5y,价值平均法,22.99,7.38,1.986,83.3,10.9,-9.16,21.05
006679,广发道琼斯石油指数美元现汇A,指数型-海外股票,12.7,0.5y,价值平均法,25.46,10.36,1.806,83.3,12.01,-12.13,21.03
019173,摩根纳斯达克100指数(QDII)人民币C,指数型-海外股票,8.94,0.5y,价值平均法,28.5,8.01,1.483,66.7,13.36,-0.38,21.03
501203,易方达创新未来混合(LOF),混合型-偏股,25.69,0.5y,价值平均法,25.94,12.65,1.595,83.3,12.22,-7.8,21.03
007493,朱雀产业臻选混合A,混合型-偏股,14.25,0.5y,价值平均法,25.44,8.9,1.477,83.3,12.0,-4.91,21.01
162411,华宝标普油气上游股票人民币A,指数型-海外股票,36.49,0.5y,价值平均法,26.54,11.27,1.583,83.3,12.49,-10.41,21.01
007126,博道远航混合A,混合型-偏股,25.01,0.5y,价值平均法,24.36,10.31,1.747,83.3,11.52,-7.09,20.99
012568,天弘高端制造混合A,混合型-偏股,3.31,0.5y,价值平均法,24.55,9.51,1.807,83.3,11.6,-10.07,20.95
015790,永赢高端装备智选混合发起C,混合型-偏股,165.01,0.5y,价值平均法,27.84,15.46,2.577,100.0,13.07,-56.0,20.95
562310,沪深300成长ETF银华,指数型-股票,6.69,0.5y,价值平均法,23.31,5.55,1.693,83.3,11.04,-6.07,20.95
009989,华宝研究精选混合,混合型-偏股,6.55,0.5y,价值平均法,17.64,6.9,2.387,100.0,8.46,-17.12,20.94
013188,华夏能源革新股票C,股票型,7.39,0.5y,价值平均法,20.98,5.04,1.307,100.0,9.99,-5.05,20.94
007550,东兴未来价值混合C,混合型-灵活,2.24,0.5y,价值平均法,21.59,12.51,1.535,100.0,10.27,-8.08,20.93
001214,华泰柏瑞中证500ETF联接A,指数型-股票,4.61,0.5y,价值平均法,20.58,13.24,1.871,100.0,9.81,-12.7,20.92
006680,广发道琼斯石油指数美元现汇C,指数型-海外股票,3.42,0.5y,价值平均法,25.19,10.38,1.792,83.3,11.89,-12.06,20.91
016924,广发百发大数据价值混合C,混合型-灵活,2.62,0.5y,价值平均法,28.43,18.23,2.033,83.3,13.33,-27.7,20.9
217016,招商深证100指数A,指数型-股票,2.05,0.5y,价值平均法,26.56,4.55,1.661,66.7,12.5,-3.85,20.9
011531,朱雀恒心一年持有混合,混合型-偏股,25.48,0.5y,价值平均法,25.23,9.03,1.457,83.3,11.91,-4.81,20.88
001542,国泰互联网+股票,股票型,4.12,0.5y,价值平均法,34.24,20.31,1.001,60.0,15.86,0.43,20.87
007844,华宝标普油气上游股票人民币C,指数型-海外股票,6.12,0.5y,价值平均法,26.25,11.28,1.568,83.3,12.36,-10.28,20.87
460005,华泰柏瑞价值增长混合A,混合型-偏股,7.61,0.5y,价值平均法,21.19,13.84,1.749,100.0,10.09,-12.32,20.86
000029,富国宏观策略灵活配置混合A,混合型-灵活,2.26,0.5y,定期定额(周),21.72,5.7,1.888,92.0,10.33,-14.31,20.85
006087,华泰柏瑞中证500ETF联接C,指数型-股票,2.23,0.5y,价值平均法,20.4,13.25,1.858,100.0,9.73,-12.62,20.83
009988,信澳蓝筹精选股票A,股票型,2.21,0.5y,价值平均法,23.45,12.22,2.098,83.3,11.11,-13.44,20.82
007127,博道远航混合C,混合型-偏股,11.04,0.5y,价值平均法,24.02,10.34,1.721,83.3,11.36,-6.96,20.81
007494,朱雀产业臻选混合C,混合型-偏股,5.98,0.5y,价值平均法,25.02,8.91,1.449,83.3,11.81,-4.75,20.8
007497,中庚价值灵动灵活配置混合,混合型-灵活,11.96,0.5y,定期定额(周),16.07,3.35,2.321,100.0,7.73,-15.82,20.8
021033,易方达储能电池ETF联接A,指数型-股票,2.98,0.5y,价值平均法,26.49,8.92,1.212,83.3,12.47,-4.37,20.79
018072,长信均衡优选混合C,混合型-偏股,2.84,0.5y,价值平均法,22.34,8.68,1.991,83.3,10.61,-8.88,20.75
014155,国泰海通中证500指数增强A,指数型-股票,24.84,0.5y,价值平均法,20.54,12.57,1.762,100.0,9.79,-11.84,20.74
161604,融通深证100指数A,指数型-股票,43.29,0.5y,价值平均法,26.31,4.6,1.639,66.7,12.39,-3.78,20.74
161613,融通创业板指数A,指数型-股票,5.56,0.5y,价值平均法,35.64,13.51,1.068,50.0,16.46,0.61,20.73
001268,富国国家安全主题混合A,混合型-偏股,4.13,0.5y,价值平均法,28.58,17.59,2.095,83.3,13.39,-31.71,20.72
011837,鹏扬中国优质成长混合A,混合型-偏股,3.47,0.5y,价值平均法,18.49,8.98,1.961,100.0,8.85,-10.61,20.72
009391,汇添富优质成长混合A,混合型-偏股,14.12,0.5y,价值平均法,26.33,12.22,1.249,83.3,12.4,-3.87,20.71
398021,中海能源策略混合,混合型-灵活,8.85,0.5y,价值平均法,28.2,20.11,1.061,83.3,13.23,-4.35,20.7
021034,易方达储能电池ETF联接C,指数型-股票,11.24,0.5y,价值平均法,26.28,8.93,1.201,83.3,12.37,-4.29,20.69
002190,农银新能源主题A,混合型-灵活,71.15,0.5y,价值平均法,19.82,4.69,1.35,100.0,9.46,-4.93,20.66
110019,易方达深证100ETF联接A,指数型-股票,11.25,0.5y,价值平均法,26.03,4.6,1.656,66.7,12.26,-4.0,20.65
001069,华泰柏瑞消费成长混合,混合型-灵活,9.07,0.5y,价值平均法,17.98,8.4,2.015,100.0,8.62,-11.16,20.64
018728,华夏智胜新锐股票A,股票型,6.48,0.5y,价值平均法,20.09,11.35,1.638,100.0,9.58,-8.81,20.6
161812,银华深证100指数(LOF),指数型-股票,3.25,0.5y,价值平均法,25.92,4.51,1.618,66.7,12.22,-3.34,20.6
270007,广发大盘成长混合,混合型-灵活,17.34,0.5y,价值平均法,25.23,12.77,1.596,83.3,11.91,-9.48,20.6
004234,中欧数据挖掘多因子混合C,混合型-灵活,10.16,0.5y,价值平均法,19.35,12.14,1.794,100.0,9.25,-10.64,20.51
100016,富国天源沪港深平衡混合A,混合型-灵活,4.36,0.5y,价值平均法,26.52,7.81,1.696,66.7,12.48,-3.86,20.49
004788,富荣沪深300指数增强A,指数型-股票,8.38,0.5y,价值平均法,22.68,8.58,1.774,83.3,10.76,-7.53,20.48
050008,博时第三产业混合,混合型-偏股,6.34,0.5y,价值平均法,26.37,9.58,1.831,66.7,12.42,-5.51,20.48
159696,纳指ETF易方达,指数型-海外股票,37.6,0.5y,价值平均法,31.38,8.38,1.514,50.0,14.62,-0.34,20.48
010894,鹏华汇智优选混合A,混合型-偏股,32.09,0.5y,价值平均法,23.48,10.43,1.632,83.3,11.12,-6.19,20.46
018729,华夏智胜新锐股票C,股票型,16.22,0.5y,价值平均法,19.81,11.37,1.618,100.0,9.46,-8.69,20.46
004789,富荣沪深300指数增强C,指数型-股票,5.68,0.5y,价值平均法,22.61,8.58,1.768,83.3,10.73,-7.5,20.44
001220,民生加银研究精选混合,混合型-灵活,3.21,0.5y,价值平均法,23.57,12.39,1.66,83.3,11.16,-6.9,20.42
010977,华夏鸿阳6个月持有期混合A,混合型-偏股,17.19,0.5y,价值平均法,25.45,15.3,1.378,83.3,12.01,-6.13,20.4
163409,兴全绿色投资混合(LOF),混合型-偏股,21.49,0.5y,价值平均法,17.06,6.07,2.095,100.0,8.2,-13.74,20.4
159659,纳斯达克100ETF招商,指数型-海外股票,75.63,0.5y,价值平均法,31.21,8.36,1.499,50.0,14.54,-0.28,20.39
159660,纳指ETF汇添富,指数型-海外股票,35.95,0.5y,价值平均法,31.21,8.37,1.499,50.0,14.54,-0.29,20.39
202003,南方绩优成长混合A,混合型-偏股,43.73,0.5y,价值平均法,17.0,6.74,2.026,100.0,8.17,-11.31,20.39
017644,博道中证1000指数增强A,指数型-股票,2.88,0.5y,价值平均法,27.0,12.96,2.022,66.7,12.69,-12.08,20.38
040046,华安纳斯达克100ETF联接(QDII)A,指数型-海外股票,47.03,0.5y,价值平均法,31.22,8.44,1.494,50.0,14.55,-0.22,20.38
519110,浦银安盛价值成长混合A,混合型-偏股,6.13,0.5y,定期定额(周),19.08,4.58,1.79,100.0,9.12,-16.02,20.38
513390,纳指100ETF博时,指数型-海外股票,32.94,0.5y,价值平均法,31.19,8.37,1.49,50.0,14.54,-0.22,20.36
000336,农银研究精选混合,混合型-灵活,16.26,0.5y,价值平均法,23.2,9.53,1.592,83.3,11.0,-5.64,20.35
159632,纳斯达克ETF华安,指数型-海外股票,89.04,0.5y,价值平均法,31.14,8.39,1.488,50.0,14.52,-0.2,20.34
159531,中证2000ETF南方,指数型-股票,8.27,0.5y,价值平均法,24.4,13.35,1.66,83.3,11.53,-10.53,20.33
450010,国富策略回报混合A,混合型-灵活,7.53,0.5y,价值平均法,21.62,10.3,1.975,83.3,10.28,-9.26,20.33
005821,万家新机遇龙头企业混合A,混合型-灵活,4.38,0.5y,定期定额(周),34.36,11.98,0.851,52.0,15.91,3.91,20.32
014978,华安纳斯达克100ETF联接(QDII)C,指数型-海外股票,11.64,0.5y,价值平均法,31.07,8.46,1.483,50.0,14.49,-0.17,20.3
008182,方正富邦信泓混合C,混合型-灵活,4.16,0.5y,定期定额(周),32.13,6.42,1.551,56.0,14.95,-14.52,20.27
013176,海富通碳中和混合C,混合型-偏股,10.03,0.5y,价值平均法,30.27,7.65,0.751,66.7,14.13,3.26,20.26
018363,东方阿尔法瑞丰混合发起C,混合型-偏股,4.45,0.5y,价值平均法,32.36,16.39,1.144,66.7,15.05,-10.23,20.23
001122,鹏华弘利混合A,混合型-灵活,12.56,0.5y,定期定额(月),9.52,2.4,2.555,100.0,4.65,-2.95,20.22
010202,天弘中证科技100指数增强发起A,指数型-股票,2.86,0.5y,价值平均法,26.83,9.61,1.829,66.7,12.62,-9.68,20.22
270042,广发纳斯达克100ETF联接人民币(QDII)A,指数型-海外股票,97.16,0.5y,价值平均法,30.81,8.37,1.494,50.0,14.37,-0.36,20.22
159941,纳指ETF广发,指数型-海外股票,276.25,0.5y,价值平均法,30.75,8.37,1.488,50.0,14.35,-0.3,20.19
660004,农银策略价值混合,混合型-偏股,4.09,0.5y,价值平均法,22.66,9.35,1.602,83.3,10.75,-5.6,20.19
002121,广发沪港深新起点股票A,股票型,25.91,0.5y,价值平均法,24.87,10.77,1.214,83.3,11.75,-3.53,20.18
011645,国泰核心价值两年持有期股票A,股票型,2.19,0.5y,价值平均法,16.83,9.43,2.286,100.0,8.09,-17.8,20.18
011756,博时产业优选混合A,混合型-灵活,7.94,0.5y,价值平均法,22.63,9.49,1.646,83.3,10.74,-6.6,20.18
018470,国富策略回报混合C,混合型-灵活,2.86,0.5y,价值平均法,21.36,10.34,1.951,83.3,10.16,-9.14,20.18
010340,易方达高质量严选三年持有,混合型-偏股,57.54,0.5y,价值平均法,28.49,11.45,1.252,66.7,13.35,-0.95,20.17
513110,纳指ETF华泰柏瑞,指数型-海外股票,39.62,0.5y,价值平均法,30.79,8.4,1.468,50.0,14.37,-0.12,20.17
000041,华夏全球股票(QDII)(人民币),QDII-普通股票,25.69,0.5y,价值平均法,23.49,10.09,1.371,83.3,11.13,-3.07,20.14
000936,博时产业新动力混合A,混合型-灵活,3.4,0.5y,价值平均法,21.11,8.8,1.896,83.3,10.05,-8.02,20.14
006479,广发纳斯达克100ETF联接人民币(QDII)C,指数型-海外股票,53.93,0.5y,价值平均法,30.67,8.38,1.483,50.0,14.31,-0.31,20.14
018419,广发碳中和主题混合发起式C,混合型-偏股,7.39,0.5y,价值平均法,26.19,9.74,0.827,83.3,12.33,0.38,20.14
021778,广发纳指100ETF联接(QDII)人民币F,指数型-海外股票,10.99,0.5y,价值平均法,30.67,8.38,1.484,50.0,14.31,-0.32,20.14
008318,博道久航混合A,混合型-偏股,20.97,0.5y,价值平均法,26.28,11.69,1.89,66.7,12.38,-9.23,20.12
016532,嘉实纳斯达克100ETF发起联接(QDII)A人民币,指数型-海外股票,18.86,0.5y,价值平均法,30.2,7.89,1.522,50.0,14.1,-0.25,20.12
002060,东方新策略灵活配置混合C,混合型-灵活,2.25,0.5y,价值平均法,21.54,7.19,1.719,83.3,10.24,-6.54,20.11
513300,纳斯达克ETF华夏,指数型-海外股票,105.26,0.5y,价值平均法,30.86,8.53,1.409,50.0,14.4,0.56,20.1
519017,大成积极成长混合A,混合型-偏股,9.3,0.5y,价值平均法,23.81,16.64,1.677,83.3,11.27,-10.41,20.1
009859,银华乐享混合A,混合型-偏股,2.81,0.5y,定期定额(周),20.05,5.67,1.818,96.0,9.57,-17.91,20.08
660001,农银行业成长混合,混合型-偏股,11.96,0.5y,价值平均法,22.35,9.2,1.595,83.3,10.61,-5.48,20.08
016055,博时纳斯达克100ETF发起式联接(QDII)A人民币,指数型-海外股票,13.01,0.5y,价值平均法,30.05,7.91,1.542,50.0,14.04,-0.58,20.07
260111,景顺长城公司治理混合,混合型-偏股,5.27,0.5y,价值平均法,28.98,14.19,1.27,66.7,13.57,-3.41,20.06
015453,中欧中证500指数增强A,指数型-股票,18.6,0.5y,价值平均法,18.87,14.01,1.738,100.0,9.03,-11.79,20.04
010024,广发沪港深新起点股票C,股票型,7.57,0.5y,价值平均法,24.58,10.79,1.193,83.3,11.62,-3.38,20.03
013422,太平智行三个月定开混合发起式,混合型-偏股,7.79,0.5y,价值平均法,23.01,12.16,1.676,83.3,10.91,-9.24,20.03
021864,中欧中证800研究智选混合发起A,混合型-偏股,3.02,0.5y,价值平均法,21.13,10.48,1.889,83.3,10.06,-8.24,20.03
159513,纳斯达克100ETF大成,指数型-海外股票,55.72,0.5y,价值平均法,30.37,8.43,1.484,50.0,14.18,-0.39,20.02
502000,西部利得中证500指数增强(LOF)A,指数型-股票,10.72,0.5y,价值平均法,18.13,12.49,1.847,100.0,8.69,-12.35,20.02
519755,交银多策略回报灵活配置混合A,混合型-灵活,2.69,0.5y,价值平均法,10.04,2.61,2.464,100.0,4.9,-4.27,20.02
000006,西部利得量化成长混合A,混合型-偏股,13.37,0.5y,价值平均法,16.03,9.0,2.097,100.0,7.72,-11.96,20.01
001605,国富沪港深成长精选股票A,股票型,7.16,0.5y,价值平均法,22.84,9.53,1.468,83.3,10.83,-4.64,20.01
450004,国富深化价值混合A,混合型-偏股,14.05,0.5y,价值平均法,22.91,12.25,1.619,83.3,10.87,-7.59,20.01
159671,稀有金属ETF工银,指数型-股票,15.82,0.5y,价值平均法,22.91,23.48,1.127,100.0,10.87,-10.31,20.0
009246,大摩ESG量化混合A,混合型-偏股,2.13,0.5y,价值平均法,22.18,10.18,1.659,83.3,10.53,-6.83,19.99
009681,南方创新精选一年定开混合A,混合型-偏股,4.57,0.5y,价值平均法,23.1,11.85,1.53,83.3,10.95,-6.53,19.98
004138,上银鑫达灵活配置混合A,混合型-灵活,4.28,0.5y,价值平均法,19.33,8.09,1.162,100.0,9.24,-1.85,19.96
015299,华夏纳斯达克100ETF发起式联接(QDII)A,指数型-海外股票,3.15,0.5y,价值平均法,30.02,8.05,1.477,50.0,14.02,0.15,19.96
016057,博时纳斯达克100ETF发起式联接(QDII)C人民币,指数型-海外股票,6.52,0.5y,价值平均法,29.83,7.93,1.525,50.0,13.94,-0.51,19.95
398001,中海优质成长混合,混合型-灵活,7.58,0.5y,价值平均法,25.34,16.33,1.222,83.3,11.96,-6.14,19.95
450001,国富中国收益混合A,混合型-平衡,4.58,0.5y,定期定额(周),17.07,3.25,1.908,88.0,8.2,-6.41,19.95
257020,国联安精选混合,混合型-偏股,12.92,0.5y,价值平均法,24.33,16.62,1.631,83.3,11.5,-12.76,19.94
007549,中泰开阳价值优选混合A,混合型-灵活,18.17,0.5y,定期定额(周),18.35,4.25,1.716,92.0,8.79,-8.5,19.93
159628,国证2000ETF万家,指数型-股票,5.09,0.5y,价值平均法,23.13,13.75,1.67,83.3,10.96,-10.29,19.91
519761,交银多策略回报灵活配置混合C,混合型-灵活,2.23,0.5y,价值平均法,9.92,2.61,2.434,100.0,4.84,-4.21,19.9
000309,大摩品质生活精选股票A,股票型,2.88,0.5y,价值平均法,15.51,10.39,2.236,100.0,7.47,-14.24,19.89
019457,平安先进制造主题股票发起A,股票型,6.03,0.5y,价值平均法,28.7,16.14,1.281,66.7,13.45,-3.91,19.88
021865,中欧中证800研究智选混合发起C,混合型-偏股,4.4,0.5y,价值平均法,20.85,10.5,1.868,83.3,9.93,-8.13,19.88
515880,通信ETF国泰,指数型-股票,144.68,0.5y,价值平均法,28.5,8.16,-0.132,40.0,13.36,55.36,19.88
009300,西部利得中证500指数增强(LOF)C,指数型-股票,2.79,0.5y,价值平均法,17.84,12.51,1.827,100.0,8.55,-12.24,19.87
501062,南方瑞合定开混合(LOF),混合型-灵活,7.75,0.5y,定期定额(周),19.4,4.81,1.755,92.0,9.27,-13.23,19.86
007130,中庚小盘价值股票,股票型,11.25,0.5y,价值平均法,17.36,10.65,1.776,100.0,8.33,-9.98,19.84
015454,中欧中证500指数增强C,指数型-股票,10.97,0.5y,价值平均法,18.46,14.04,1.711,100.0,8.84,-11.61,19.84
003396,东方红优享红利混合A,混合型-灵活,9.2,0.5y,价值平均法,15.82,7.93,1.822,100.0,7.62,-6.57,19.83
022468,国泰海通中证A500指数增强C,指数型-股票,15.08,0.5y,价值平均法,20.86,8.61,1.764,83.3,9.93,-7.02,19.82
110012,易方达科汇灵活配置混合,混合型-灵活,13.98,0.5y,价值平均法,16.7,6.65,2.031,100.0,8.03,-16.09,19.82
159633,中证1000ETF易方达,指数型-股票,21.72,0.5y,价值平均法,22.86,12.61,1.613,83.3,10.84,-9.11,19.82
161039,富国中证1000指数增强(LOF)A,指数型-股票,7.05,0.5y,价值平均法,18.19,12.56,1.707,100.0,8.71,-11.05,19.82
517330,长江保护ETF易方达,指数型-股票,17.31,0.5y,价值平均法,17.39,7.86,1.552,100.0,8.35,-6.01,19.81
001736,圆信永丰优加生活,股票型,12.54,0.5y,价值平均法,20.21,8.56,1.911,83.3,9.64,-8.75,19.78
340008,兴全有机增长混合,混合型-灵活,11.06,0.5y,价值平均法,15.11,7.76,1.999,100.0,7.29,-8.92,19.78
519993,长信增利动态策略混合,混合型-偏股,2.64,0.5y,价值平均法,27.36,12.1,1.369,66.7,12.85,-3.41,19.78
510530,中证500ETF工银,指数型-股票,4.27,0.5y,价值平均法,22.2,13.98,1.864,83.3,10.54,-13.06,19.77
009551,汇添富开放视野中国优势六个月持有股票C,股票型,4.07,0.5y,价值平均法,20.41,6.74,1.737,83.3,9.73,-6.59,19.76
011236,摩根行业睿选股票A,股票型,15.37,0.5y,价值平均法,29.38,8.71,1.039,60.0,13.75,1.97,19.75
013331,富国中证1000指数增强(LOF)C,指数型-股票,4.3,0.5y,价值平均法,18.04,12.57,1.697,100.0,8.65,-10.99,19.74
011228,西部利得量化成长混合C,混合型-偏股,7.52,0.5y,价值平均法,15.51,9.03,2.05,100.0,7.48,-11.72,19.73
015753,上银鑫达灵活配置混合C,混合型-灵活,2.82,0.5y,价值平均法,18.92,8.12,1.127,100.0,9.05,-1.71,19.73
019458,平安先进制造主题股票发起C,股票型,4.29,0.5y,价值平均法,28.32,16.17,1.257,66.7,13.28,-3.73,19.7
011706,长信标普100等权重指数美元,指数型-海外股票,8.36,0.5y,价值平均法,17.58,6.45,2.021,83.3,8.43,-3.87,19.69
016452,南方纳斯达克100指数发起(QDII)A,指数型-海外股票,31.11,0.5y,价值平均法,29.33,7.93,1.481,50.0,13.72,-0.31,19.68
009693,富国积极成长一年定开混合,混合型-偏股,5.1,0.5y,价值平均法,28.26,13.17,1.087,66.7,13.25,-0.35,19.67
014317,广发价值领航一年持有混合A,混合型-偏股,8.89,0.5y,价值平均法,22.41,9.43,1.471,83.3,10.64,-6.53,19.67
021000,南方纳斯达克100指数发起(QDII)I,指数型-海外股票,15.69,0.5y,价值平均法,29.32,7.93,1.481,50.0,13.72,-0.31,19.67
159608,稀有金属ETF广发,指数型-股票,50.81,0.5y,价值平均法,22.07,23.48,1.102,100.0,10.49,-10.1,19.66
006593,博道中证500增强A,指数型-股票,14.95,0.5y,价值平均法,21.64,13.29,1.848,83.3,10.29,-12.14,19.64
016453,南方纳斯达克100指数发起(QDII)C,指数型-海外股票,32.5,0.5y,价值平均法,29.27,7.93,1.476,50.0,13.7,-0.29,19.64
022676,富国中证A500指数增强A,指数型-股票,5.53,0.5y,价值平均法,16.14,8.0,1.755,100.0,7.77,-8.01,19.64
005614,摩根富时发达市场REITs指数(QDII)美钞,指数型-海外股票,2.75,0.5y,价值平均法,16.68,7.88,2.215,83.3,8.02,-5.23,19.61
005615,摩根富时发达市场REITs指数(QDII)美汇,指数型-海外股票,2.75,0.5y,价值平均法,16.68,7.88,2.215,83.3,8.02,-5.23,19.61
007832,博道伍佰智航股票C,股票型,13.08,0.5y,价值平均法,25.42,13.04,1.853,66.7,11.99,-9.84,19.61
018043,天弘纳斯达克100指数发起(QDII)A,指数型-海外股票,21.86,0.5y,价值平均法,29.18,8.0,1.483,50.0,13.66,-0.36,19.61
159806,新能源车ETF国泰,指数型-股票,8.58,0.5y,价值平均法,24.51,7.86,0.792,83.3,11.58,0.94,19.61
000834,大成纳斯达克100ETF联接(QDII)A,指数型-海外股票,34.53,0.5y,价值平均法,29.4,8.42,1.449,50.0,13.75,-0.4,19.57
022677,富国中证A500指数增强C,指数型-股票,3.4,0.5y,价值平均法,16.01,8.0,1.744,100.0,7.71,-7.95,19.57
562800,稀有金属ETF嘉实,指数型-股票,68.36,0.5y,价值平均法,21.86,23.51,1.094,100.0,10.39,-10.03,19.57
011237,摩根行业睿选股票C,股票型,4.83,0.5y,价值平均法,28.99,8.72,1.015,60.0,13.57,2.08,19.56
011585,博时产业慧选混合A,混合型-偏股,4.1,0.5y,价值平均法,21.47,9.71,1.555,83.3,10.21,-6.27,19.55
501219,华夏智胜先锋股票(LOF)A,股票型,11.13,0.5y,价值平均法,17.64,11.43,1.547,100.0,8.46,-8.04,19.55
001166,建信环保产业股票A,股票型,4.33,0.5y,价值平均法,19.61,8.03,1.066,100.0,9.37,-4.74,19.54
006594,博道中证500增强C,指数型-股票,12.46,0.5y,价值平均法,21.44,13.31,1.834,83.3,10.2,-12.05,19.54
014318,广发价值领航一年持有混合C,混合型-偏股,2.05,0.5y,价值平均法,22.15,9.45,1.452,83.3,10.52,-6.41,19.54
018044,天弘纳斯达克100指数发起(QDII)C,指数型-海外股票,24.11,0.5y,价值平均法,29.05,8.02,1.472,50.0,13.6,-0.32,19.54
560110,中证1000ETF汇添富,指数型-股票,2.22,0.5y,价值平均法,22.37,12.63,1.548,83.3,10.62,-8.43,19.54
010824,天弘创新成长混合发起式A,混合型-偏股,3.39,0.5y,价值平均法,21.2,12.21,1.689,83.3,10.09,-8.04,19.52
016387,永赢低碳环保智选混合发起C,混合型-偏股,7.5,0.5y,价值平均法,25.36,18.47,1.202,83.3,11.96,-9.63,19.52
010812,中银战略新兴产业股票C,股票型,4.85,0.5y,价值平均法,20.37,10.64,1.942,83.3,9.71,-12.07,19.49
070027,嘉实周期优选混合,混合型-偏股,6.7,0.5y,价值平均法,21.39,13.44,1.756,83.3,10.18,-10.38,19.49
161609,融通动力先锋混合A/B,混合型-偏股,4.1,0.5y,定期定额(周),18.44,3.94,1.698,88.0,8.83,-9.49,19.49
010728,中泰兴诚价值一年持有混合A,混合型-偏股,2.25,0.5y,价值平均法,24.08,6.78,1.648,66.7,11.39,-4.52,19.48
019547,招商纳斯达克100ETF发起式联接(QDII)A,指数型-海外股票,16.52,0.5y,价值平均法,28.76,7.81,1.488,50.0,13.47,-0.44,19.48
159637,新能源车ETF东财,指数型-股票,8.15,0.5y,价值平均法,24.26,7.84,0.776,83.3,11.47,1.05,19.48
019172,摩根纳斯达克100指数(QDII)人民币A,指数型-海外股票,21.78,0.5y,价值平均法,28.69,7.99,1.501,50.0,13.44,-0.46,19.47
159629,中证1000ETF富国,指数型-股票,21.8,0.5y,价值平均法,22.21,12.58,1.541,83.3,10.55,-8.4,19.47
008971,大成纳斯达克100ETF联接(QDII)C,指数型-海外股票,6.85,0.5y,价值平均法,29.17,8.44,1.432,50.0,13.65,-0.32,19.45
517160,长江保护ETF南方,指数型-股票,17.07,0.5y,价值平均法,16.77,7.87,1.482,100.0,8.06,-5.63,19.44
008399,华泰柏瑞中证科技ETF联接A,指数型-股票,2.04,0.5y,价值平均法,24.97,9.46,1.752,66.7,11.79,-8.92,19.43
002670,万家沪深300指数增强A,指数型-股票,4.44,0.5y,价值平均法,15.79,6.1,1.573,100.0,7.61,-5.66,19.41
519008,汇添富优势精选混合,混合型-灵活,21.74,0.5y,价值平均法,22.81,14.44,1.41,83.3,10.82,-7.42,19.41
012073,华安均衡优选混合A,混合型-偏股,3.15,0.5y,价值平均法,23.81,13.71,1.067,83.3,11.27,-2.88,19.39
004812,中欧先进制造股票A,股票型,10.54,0.5y,价值平均法,27.23,7.91,1.006,66.7,12.79,-0.4,19.36
673110,西部利得新润混合A,混合型-灵活,2.44,0.5y,价值平均法,16.25,6.14,2.206,83.3,7.82,-7.0,19.36
015561,长城双动力混合C,混合型-偏股,3.93,0.5y,价值平均法,16.28,10.98,1.719,100.0,7.83,-9.39,19.35
501312,华宝海外科技股票(QDII-LOF)A,QDII-普通股票,7.99,0.5y,价值平均法,27.29,11.81,1.209,66.7,12.82,-3.6,19.35
019548,招商纳斯达克100ETF发起式联接(QDII)C,指数型-海外股票,12.73,0.5y,价值平均法,28.46,7.83,1.465,50.0,13.34,-0.34,19.32
017851,交银启信混合发起C,混合型-偏股,2.56,0.5y,价值平均法,20.17,8.18,1.729,83.3,9.62,-9.0,19.31
019441,万家纳斯达克100指数发起式(QDII)A,指数型-海外股票,4.38,0.5y,价值平均法,28.51,7.92,1.457,50.0,13.36,-0.31,19.31
159845,中证1000ETF华夏,指数型-股票,71.49,0.5y,价值平均法,21.8,12.61,1.531,83.3,10.36,-8.46,19.29
588960,科创新能源ETF富国,指数型-股票,3.63,0.5y,价值平均法,20.65,12.72,0.865,100.0,9.84,-4.23,19.29
001422,景顺长城安享回报混合A,混合型-灵活,10.89,0.5y,价值平均法,7.2,1.96,2.528,100.0,3.54,-2.9,19.28
005311,万家经济新动能混合A,混合型-偏股,5.97,0.5y,价值平均法,27.82,10.97,1.031,66.7,13.06,-2.14,19.28
019525,华泰柏瑞纳斯达克100ETF发起式联接(QDII)C,指数型-海外股票,6.38,0.5y,价值平均法,28.54,7.98,1.434,50.0,13.38,-0.08,19.28
159337,中证500ETF东财,指数型-股票,4.88,0.5y,价值平均法,21.11,13.97,1.802,83.3,10.05,-12.6,19.27
002671,万家沪深300指数增强C,指数型-股票,2.06,0.5y,价值平均法,15.55,6.12,1.547,100.0,7.49,-5.56,19.26
011513,天弘中证新能源车C,指数型-股票,7.59,0.5y,价值平均法,23.48,7.5,0.813,83.3,11.12,0.54,19.26
017204,华宝海外科技股票(QDII-LOF)C,QDII-普通股票,5.17,0.5y,价值平均法,27.07,11.83,1.198,66.7,12.73,-3.52,19.25
019442,万家纳斯达克100指数发起式(QDII)C,指数型-海外股票,2.08,0.5y,价值平均法,28.38,7.93,1.446,50.0,13.3,-0.25,19.24
022473,兴全中证A500指数增强A,指数型-股票,2.86,0.5y,价值平均法,15.73,9.2,1.648,100.0,7.58,-7.31,19.24
016631,易方达中证1000ETF联接C,指数型-股票,2.66,0.5y,价值平均法,21.2,11.89,1.593,83.3,10.09,-8.56,19.23
015356,西部利得新润混合C,混合型-灵活,2.24,0.5y,价值平均法,16.04,6.12,2.17,83.3,7.72,-6.88,19.21
020876,中欧景气精选混合A,混合型-偏股,16.75,0.5y,价值平均法,16.65,10.24,1.716,100.0,8.0,-12.34,19.21
320022,诺安研究精选股票A,股票型,6.68,0.5y,价值平均法,21.27,19.21,1.997,100.0,10.12,-34.47,19.21
013166,东兴宸祥量化混合A,混合型-偏股,2.54,0.5y,价值平均法,21.56,13.2,1.504,83.3,10.25,-7.61,19.2
021490,中航趋势领航混合发起C,混合型-偏股,9.4,0.5y,定期定额(周),29.47,6.91,1.692,56.0,13.79,-18.05,19.19
050201,博时价值增长贰号混合,混合型-偏股,7.59,0.5y,价值平均法,15.02,7.32,1.738,100.0,7.25,-8.23,19.19
001806,易方达瑞智灵活配置混合I,混合型-灵活,3.9,0.5y,定期定额(周),4.22,0.34,2.151,100.0,2.09,-1.85,19.17
019087,工银中证稀有金属主题ETF发起式联接A,指数型-股票,5.34,0.5y,价值平均法,20.57,21.96,1.098,100.0,9.81,-9.63,19.17
159820,中证500ETF天弘,指数型-股票,18.42,0.5y,价值平均法,20.96,14.0,1.788,83.3,9.98,-12.62,19.17
010112,广发研究精选股票A,股票型,7.04,0.5y,价值平均法,20.69,11.78,1.588,83.3,9.86,-7.3,19.16
015100,华泰柏瑞低碳经济智选混合A,混合型-偏股,2.38,0.5y,价值平均法,26.19,14.19,1.809,66.7,12.33,-15.81,19.15
519116,浦银安盛沪深300指数增强A,指数型-股票,2.36,0.5y,价值平均法,18.64,6.54,1.779,83.3,8.92,-7.22,19.15
560010,中证1000ETF广发,指数型-股票,63.27,0.5y,价值平均法,21.52,12.55,1.511,83.3,10.23,-8.28,19.15
019088,工银中证稀有金属主题ETF发起式联接C,指数型-股票,3.57,0.5y,价值平均法,20.49,21.97,1.095,100.0,9.77,-9.6,19.14
002168,嘉实智能汽车股票,股票型,36.6,0.5y,价值平均法,24.23,11.31,0.672,83.3,11.46,2.07,19.13
561760,油气ETF博时,指数型-股票,5.33,0.5y,价值平均法,18.67,17.19,1.766,100.0,8.93,-20.33,19.13
001990,中欧数据挖掘多因子混合A,混合型-灵活,18.24,0.5y,价值平均法,19.9,12.1,1.835,83.3,9.5,-10.88,19.12
004194,招商中证1000指数增强A,指数型-股票,10.48,0.5y,价值平均法,17.01,11.16,1.546,100.0,8.17,-10.02,19.12
005312,万家经济新动能混合C,混合型-偏股,7.37,0.5y,价值平均法,27.45,10.98,1.014,66.7,12.9,-2.01,19.11
012262,华宝可持续发展混合A,混合型-偏股,2.46,0.5y,价值平均法,14.72,7.55,1.97,100.0,7.11,-13.55,19.11
070021,嘉实主题新动力混合,混合型-偏股,6.34,0.5y,价值平均法,16.06,12.7,1.683,100.0,7.73,-9.8,19.1
018966,汇添富纳斯达克100ETF发起式联接(QDII)人民币A,指数型-海外股票,10.35,0.5y,价值平均法,27.78,7.9,1.509,50.0,13.04,-1.13,19.09
022474,兴全中证A500指数增强C,指数型-股票,2.52,0.5y,价值平均法,15.47,9.23,1.622,100.0,7.46,-7.19,19.09
014110,嘉实中证稀有金属主题ETF发起联接A,指数型-股票,5.5,0.5y,价值平均法,20.38,22.2,1.083,100.0,9.72,-9.56,19.07
020877,中欧景气精选混合C,混合型-偏股,36.69,0.5y,价值平均法,16.38,10.27,1.697,100.0,7.88,-12.22,19.07
004813,中欧先进制造股票C,股票型,9.66,0.5y,价值平均法,26.6,7.94,0.974,66.7,12.51,-0.23,19.06
006687,方正富邦深证100ETF联接A,指数型-股票,2.21,0.5y,价值平均法,26.09,4.51,1.662,50.0,12.29,-3.85,19.06
159309,油气ETF汇添富,指数型-股票,17.48,0.5y,价值平均法,18.62,17.6,1.746,100.0,8.91,-20.34,19.06
021773,汇添富纳斯达克100ETF发起式联接(QDII)人民币E,指数型-海外股票,2.71,0.5y,价值平均法,27.71,7.91,1.502,50.0,13.01,-1.09,19.05
008531,惠升惠民混合A,混合型-偏股,7.07,0.5y,价值平均法,21.73,11.55,1.248,83.3,10.33,-3.89,19.04
021190,南方亚太精选ETF联接(QDII)C,指数型-海外股票,8.04,0.5y,定期定额(周),20.9,6.75,1.428,84.0,9.95,-8.77,19.03
011860,南方中证1000ETF发起联接A,指数型-股票,4.03,0.5y,价值平均法,20.89,12.21,1.541,83.3,9.95,-8.15,19.02
018257,国泰海通沪深300指数增强发起A,指数型-股票,11.93,0.5y,价值平均法,14.85,6.17,1.543,100.0,7.17,-5.16,19.02
159572,创业板200ETF易方达,指数型-股票,3.77,0.5y,价值平均法,22.5,12.12,1.306,83.3,10.68,-8.35,19.01
001938,中欧时代先锋股票A,股票型,81.37,0.5y,价值平均法,20.09,12.39,1.778,83.3,9.59,-11.29,19.0
011861,南方中证1000ETF发起联接C,指数型-股票,5.04,0.5y,价值平均法,20.84,12.22,1.537,83.3,9.93,-8.12,19.0
004195,招商中证1000指数增强C,指数型-股票,7.22,0.5y,价值平均法,16.74,11.18,1.528,100.0,8.05,-9.91,18.99
012463,博时成长优势混合A,混合型-偏股,6.64,0.5y,价值平均法,16.94,10.18,1.354,100.0,8.14,-6.54,18.99
009683,汇添富创新增长一年定开混合A,混合型-偏股,5.2,0.5y,价值平均法,21.27,11.93,1.358,83.3,10.12,-5.47,18.98
000031,华夏复兴混合A,混合型-偏股,18.05,0.5y,价值平均法,13.49,6.16,1.923,100.0,6.53,-10.01,18.97
378006,摩根全球新兴市场混合(QDII),QDII-混合偏股,6.1,0.5y,价值平均法,19.96,10.01,1.644,83.3,9.52,-8.57,18.97
512100,中证1000ETF南方,指数型-股票,230.82,0.5y,价值平均法,21.28,12.61,1.445,83.3,10.13,-7.59,18.97
001423,景顺长城安享回报混合C,混合型-灵活,4.36,0.5y,价值平均法,7.08,2.01,2.421,100.0,3.48,-2.85,18.95
213001,宝盈鸿利收益灵活配置混合A,混合型-灵活,7.84,0.5y,价值平均法,23.71,8.19,1.678,66.7,11.23,-7.95,18.95
515700,新能源车ETF平安,指数型-股票,18.62,0.5y,价值平均法,23.11,8.24,0.755,83.3,10.95,0.81,18.95
005037,银华新能源新材料A,股票型,5.92,0.5y,价值平均法,18.02,7.37,0.999,100.0,8.64,-3.58,18.94
009376,景顺长城成长领航混合,混合型-偏股,8.88,0.5y,价值平均法,20.73,12.46,1.492,83.3,9.88,-7.05,18.94
014156,国泰海通中证500指数增强C,指数型-股票,16.61,0.5y,价值平均法,20.26,12.59,1.743,83.3,9.66,-11.72,18.93
018967,汇添富纳斯达克100ETF发起式联接(QDII)人民币C,指数型-海外股票,8.81,0.5y,价值平均法,27.49,7.93,1.485,50.0,12.91,-1.02,18.93
050001,博时价值增长混合,混合型-偏股,18.53,0.5y,价值平均法,14.41,7.22,1.722,100.0,6.96,-8.16,18.93
012544,嘉实中证新能源汽车指数C,指数型-股票,3.57,0.5y,价值平均法,22.72,7.51,0.791,83.3,10.78,0.54,18.92
515030,新能源车ETF华夏,指数型-股票,45.22,0.5y,价值平均法,23.01,7.95,0.741,83.3,10.91,1.04,18.92
561800,稀有金属ETF华富,指数型-股票,2.72,0.5y,价值平均法,24.37,23.54,1.143,83.3,11.52,-10.06,18.92
163804,中银收益混合A,混合型-灵活,16.76,0.5y,价值平均法,26.24,14.23,1.279,66.7,12.36,-5.1,18.91
001071,华安媒体互联网混合A,混合型-灵活,37.38,0.5y,价值平均法,20.46,6.3,1.236,83.3,9.76,-3.26,18.9
008532,惠升惠民混合C,混合型-偏股,7.1,0.5y,价值平均法,21.45,11.57,1.23,83.3,10.21,-3.79,18.9
006021,广发沪深300指数增强C,指数型-股票,2.52,0.5y,价值平均法,18.35,6.71,1.657,83.3,8.79,-5.47,18.89
013942,华宝中证稀有金属指数增强发起A,指数型-股票,3.1,0.5y,价值平均法,19.9,21.83,1.103,100.0,9.5,-10.12,18.89
162209,宏利市值优选混合A,混合型-偏股,9.61,0.5y,价值平均法,14.59,6.8,1.636,100.0,7.05,-7.33,18.89
510510,中证500ETF广发,指数型-股票,22.01,0.5y,价值平均法,20.34,14.08,1.756,83.3,9.7,-12.41,18.89
011138,广发聚鸿六个月持有期混合A,混合型-偏股,5.47,0.5y,价值平均法,25.68,15.0,1.576,66.7,12.11,-10.61,18.88
011328,景顺长城新能源产业股票A,股票型,17.62,0.5y,价值平均法,22.12,10.63,1.093,83.3,10.51,-3.51,18.87
019736,宝盈纳斯达克100指数发起(QDII)A人民币,指数型-海外股票,5.68,0.5y,价值平均法,27.65,7.97,1.411,50.0,12.98,-0.28,18.87
018258,国泰海通沪深300指数增强发起C,指数型-股票,7.86,0.5y,价值平均法,14.59,6.18,1.514,100.0,7.05,-5.05,18.86
009392,汇添富优质成长混合C,混合型-偏股,2.33,0.5y,价值平均法,25.9,12.25,1.225,66.7,12.21,-3.71,18.85
011329,景顺长城新能源产业股票C,股票型,23.33,0.5y,价值平均法,22.05,10.63,1.089,83.3,10.48,-3.49,18.84
013332,富国中证500指数增强(LOF)C,指数型-股票,2.56,0.5y,价值平均法,16.13,13.45,1.632,100.0,7.76,-11.23,18.84
019874,广发稀有金属ETF联接A,指数型-股票,4.72,0.5y,价值平均法,19.87,22.3,1.027,100.0,9.49,-8.56,18.84
005038,银华新能源新材料C,股票型,5.75,0.5y,价值平均法,17.74,7.39,0.982,100.0,8.51,-3.48,18.8
007028,易方达中证500ETF联接发起式A,指数型-股票,17.43,0.5y,价值平均法,19.74,13.43,1.8,83.3,9.43,-12.28,18.8
000190,中银新回报灵活配置混合A,混合型-灵活,6.03,0.5y,价值平均法,6.69,1.63,2.344,100.0,3.29,-2.3,18.79
010336,中欧悦享生活混合A,混合型-偏股,14.65,0.5y,价值平均法,30.0,10.83,1.037,50.0,14.02,1.41,18.79
013943,华宝中证稀有金属指数增强发起C,指数型-股票,9.89,0.5y,价值平均法,19.66,21.84,1.095,100.0,9.39,-10.04,18.79
009591,博时研究精选持有期混合A,混合型-灵活,2.96,0.5y,价值平均法,19.61,9.46,1.497,83.3,9.37,-5.68,18.78
016942,工银中证1000指数增强A,指数型-股票,8.48,0.5y,价值平均法,15.4,12.82,1.746,100.0,7.43,-12.13,18.78
000962,天弘中证500ETF联接A,指数型-股票,11.79,0.5y,价值平均法,19.71,13.32,1.778,83.3,9.41,-12.0,18.77
013175,海富通碳中和混合A,混合型-偏股,2.14,0.5y,价值平均法,30.67,7.62,0.767,50.0,14.31,3.16,18.77
159501,纳指ETF嘉实,指数型-海外股票,96.11,0.5y,价值平均法,31.31,8.38,1.506,33.3,14.59,-0.31,18.77
513870,纳指ETF富国,指数型-海外股票,19.26,0.5y,价值平均法,31.29,8.38,1.51,33.3,14.58,-0.35,18.77
019875,广发稀有金属ETF联接C,指数型-股票,30.49,0.5y,价值平均法,19.64,22.31,1.019,100.0,9.38,-8.49,18.75
512500,中证500ETF华夏,指数型-股票,137.27,0.5y,价值平均法,20.06,14.08,1.744,83.3,9.57,-12.42,18.75
009068,国泰中证新能源汽车ETF联接C,指数型-股票,2.12,0.5y,价值平均法,22.33,7.49,0.774,83.3,10.6,0.63,18.74
004241,中欧时代先锋股票C,股票型,16.35,0.5y,价值平均法,19.55,12.44,1.741,83.3,9.34,-11.05,18.73
005919,天弘中证500ETF联接C,指数型-股票,6.82,0.5y,价值平均法,19.57,13.34,1.768,83.3,9.35,-11.94,18.7
005741,南方君信混合A,混合型-灵活,3.99,0.5y,价值平均法,14.03,8.21,1.63,100.0,6.79,-6.42,18.69
070022,嘉实领先成长混合,混合型-偏股,4.18,0.5y,价值平均法,15.28,12.84,1.648,100.0,7.37,-10.15,18.69
162719,广发道琼斯石油指数人民币A,指数型-海外股票,12.7,0.5y,价值平均法,20.65,10.67,1.493,83.3,9.84,-9.87,18.69
160616,鹏华中证500指数(LOF)A,指数型-股票,3.35,0.5y,价值平均法,19.56,13.36,1.747,83.3,9.35,-11.56,18.68
010805,东财中证新能源车ETF发起式联接A,指数型-股票,2.42,0.5y,价值平均法,22.25,7.54,0.751,83.3,10.56,0.84,18.67
014505,中银收益混合C,混合型-灵活,2.09,0.5y,价值平均法,25.75,14.25,1.245,66.7,12.14,-4.88,18.67
016943,工银中证1000指数增强C,指数型-股票,2.94,0.5y,价值平均法,15.15,12.85,1.728,100.0,7.31,-12.02,18.66
000827,广发百发100指数E,指数型-股票,2.1,0.5y,价值平均法,15.98,11.45,1.469,100.0,7.69,-9.16,18.63
006215,平安500ETF联接C,指数型-股票,6.33,0.5y,价值平均法,19.35,13.4,1.767,83.3,9.25,-11.87,18.62
013233,华夏中证500指数智选增强A,指数型-股票,9.12,0.5y,价值平均法,15.37,12.75,1.607,100.0,7.41,-10.13,18.62
002210,创金合信量化多因子股票A,股票型,2.14,0.5y,价值平均法,19.57,11.34,1.591,83.3,9.35,-8.89,18.61
010150,南方君信混合C,混合型-灵活,5.0,0.5y,价值平均法,13.9,8.22,1.615,100.0,6.72,-6.36,18.6
163417,兴全合宜混合(LOF)A,混合型-灵活,125.89,0.5y,价值平均法,20.01,7.67,1.303,83.3,9.55,-5.16,18.6
004243,广发道琼斯石油指数人民币C,指数型-海外股票,3.42,0.5y,价值平均法,20.44,10.67,1.48,83.3,9.74,-9.78,18.59
005262,鑫元欣享灵活配置混合A,混合型-灵活,5.75,0.5y,价值平均法,21.27,13.39,1.181,83.3,10.12,-4.55,18.59
014562,易方达品质动能三年持有混合A,混合型-偏股,33.47,0.5y,价值平均法,20.39,12.02,1.386,83.3,9.72,-7.01,18.57
014135,中欧金安量化混合A,混合型-偏股,10.07,0.5y,价值平均法,15.0,11.88,1.659,100.0,7.24,-10.94,18.56
530005,建信优化配置混合A,混合型-灵活,11.55,0.5y,价值平均法,29.24,9.9,1.063,50.0,13.68,0.74,18.56
012329,天弘中证新能源指数增强C,指数型-股票,2.96,0.5y,价值平均法,17.65,7.0,0.844,100.0,8.47,-2.46,18.55
159687,亚太精选ETF南方,指数型-海外股票,17.9,0.5y,价值平均法,21.01,11.92,1.351,83.3,10.01,-8.75,18.54
630016,华商价值共享混合发起式,混合型-灵活,2.47,0.5y,价值平均法,14.35,10.29,1.879,100.0,6.94,-14.6,18.54
010806,东财中证新能源车ETF发起式联接C,指数型-股票,2.61,0.5y,价值平均法,21.95,7.55,0.735,83.3,10.43,0.93,18.52
516660,新能源车ETF华安,指数型-股票,2.57,0.5y,价值平均法,22.15,7.97,0.7,83.3,10.52,1.27,18.52
013816,汇添富中证光伏产业指数增强发起式A,指数型-股票,2.8,0.5y,价值平均法,21.57,12.29,1.286,83.3,10.26,-9.4,18.51
006435,景顺长城创新成长混合,混合型-偏股,23.06,0.5y,价值平均法,19.82,12.57,1.435,83.3,9.46,-6.84,18.49
013234,华夏中证500指数智选增强C,指数型-股票,2.26,0.5y,价值平均法,15.1,12.77,1.586,100.0,7.29,-10.01,18.49
001420,南方大数据300A,指数型-股票,3.04,0.5y,价值平均法,15.58,12.78,1.598,100.0,7.51,-12.1,18.48
002906,南方中证500量化增强A,指数型-股票,4.08,0.5y,价值平均法,14.99,12.04,1.595,100.0,7.23,-10.41,18.44
014563,易方达品质动能三年持有混合C,混合型-偏股,5.4,0.5y,价值平均法,20.13,12.05,1.368,83.3,9.6,-6.9,18.44
013817,汇添富中证光伏产业指数增强发起式C,指数型-股票,6.67,0.5y,价值平均法,21.42,12.29,1.276,83.3,10.19,-9.31,18.43
561570,油气ETF华泰柏瑞,指数型-股票,2.07,0.5y,价值平均法,16.08,15.87,1.78,100.0,7.74,-18.49,18.43
516390,新能源车ETF汇添富,指数型-股票,2.17,0.5y,价值平均法,21.99,8.26,0.701,83.3,10.45,1.13,18.42
910024,东方红启阳三年持有混合A,混合型-偏股,2.65,0.5y,价值平均法,20.68,11.3,1.087,83.3,9.85,-2.43,18.41
005491,兴全合宜混合(LOF)C,混合型-灵活,11.21,0.5y,价值平均法,19.61,7.7,1.274,83.3,9.37,-5.0,18.39
014238,东财中证新能源指数增强C,指数型-股票,2.47,0.5y,价值平均法,17.39,7.14,0.805,100.0,8.35,-2.08,18.38
011238,华安聚恒精选混合A,混合型-偏股,2.89,0.5y,价值平均法,15.08,7.8,1.521,100.0,7.28,-11.01,18.37
162711,广发中证500ETF联接A,指数型-股票,11.29,0.5y,价值平均法,18.9,13.49,1.73,83.3,9.04,-11.77,18.37
014344,鹏华中证500指数增强A,指数型-股票,10.23,0.5y,价值平均法,18.44,12.33,1.742,83.3,8.83,-10.89,18.35
014605,嘉实中证光伏产业ETF发起联接C,指数型-股票,4.51,0.5y,价值平均法,17.46,11.92,1.034,100.0,8.38,-6.37,18.35
159922,中证500ETF嘉实,指数型-股票,127.48,0.5y,价值平均法,19.4,14.07,1.626,83.3,9.27,-11.07,18.35
562970,光伏ETF易方达,指数型-股票,6.96,0.5y,价值平均法,17.64,12.53,1.015,100.0,8.46,-6.4,18.35
016533,嘉实纳斯达克100ETF发起联接(QDII)C人民币,指数型-海外股票,15.78,0.5y,价值平均法,30.02,7.91,1.507,33.3,14.03,-0.19,18.34
001123,鹏华弘利混合C,混合型-灵活,22.33,0.5y,价值平均法,9.36,2.42,2.495,83.3,4.57,-2.86,18.33
008328,诺安新兴产业混合,混合型-偏股,2.38,0.5y,价值平均法,19.96,15.62,1.448,83.3,9.53,-8.65,18.33
001725,汇添富高端制造股票A,股票型,10.6,0.5y,价值平均法,12.91,6.64,1.657,100.0,6.26,-7.25,18.32
021059,南方中证500ETF联接(LOF)I,指数型-股票,3.45,0.5y,价值平均法,18.8,13.52,1.723,83.3,9.0,-11.77,18.32
160119,500ETF联接LOF,指数型-股票,69.01,0.5y,价值平均法,18.8,13.52,1.723,83.3,9.0,-11.77,18.32
002181,华安大安全主题混合A,混合型-灵活,2.53,0.5y,价值平均法,21.47,20.12,1.488,83.3,10.21,-14.7,18.31
002903,广发中证500ETF联接C,指数型-股票,4.14,0.5y,价值平均法,18.77,13.5,1.722,83.3,8.98,-11.71,18.31
002907,南方中证500量化增强C,指数型-股票,3.69,0.5y,价值平均法,14.74,12.06,1.575,100.0,7.11,-10.29,18.31
014136,中欧金安量化混合C,混合型-偏股,5.22,0.5y,价值平均法,14.48,11.91,1.621,100.0,6.99,-10.73,18.29
005437,易方达易百智能量化策略A,混合型-灵活,5.11,0.5y,价值平均法,14.97,12.15,1.488,100.0,7.22,-9.42,18.26
202011,南方优选价值混合A,混合型-偏股,8.64,0.5y,价值平均法,18.57,12.09,1.552,83.3,8.89,-7.61,18.26
000008,嘉实中证500ETF联接A,指数型-股票,15.56,0.5y,价值平均法,18.6,13.37,1.72,83.3,8.9,-11.68,18.25
512580,环保ETF广发,指数型-股票,9.54,0.5y,价值平均法,16.93,7.27,0.772,100.0,8.14,-0.86,18.24
001052,华夏中证500ETF联接A,指数型-股票,18.78,0.5y,价值平均法,18.59,13.56,1.713,83.3,8.9,-11.71,18.22
007994,华夏中证500指数增强A,指数型-股票,38.06,0.5y,价值平均法,14.5,12.56,1.566,100.0,7.01,-9.98,18.22
161028,富国中证新能源汽车指数(LOF)A,指数型-股票,51.52,0.5y,价值平均法,21.22,7.57,0.719,83.3,10.1,0.85,18.2
001433,易方达瑞景混合,混合型-灵活,5.83,0.5y,定期定额(周),5.02,0.55,1.93,100.0,2.48,-2.16,18.19
004348,南方中证500ETF联接(LOF)C,指数型-股票,7.78,0.5y,价值平均法,18.54,13.54,1.705,83.3,8.88,-11.65,18.19
021265,兴业聚利灵活配置混合C,混合型-灵活,4.63,0.5y,价值平均法,13.32,9.32,1.651,100.0,6.45,-8.86,18.19
159973,民企ETF弘毅远方,指数型-股票,3.67,0.5y,价值平均法,25.1,4.89,1.565,50.0,11.85,-5.35,18.19
398051,中海环保新能源混合,混合型-灵活,7.78,0.5y,价值平均法,16.23,8.18,1.116,100.0,7.81,-6.92,18.18
005438,易方达易百智能量化策略C,混合型-灵活,6.28,0.5y,价值平均法,14.78,12.17,1.473,100.0,7.13,-9.33,18.17
011239,华安聚恒精选混合C,混合型-偏股,2.89,0.5y,价值平均法,14.7,7.82,1.492,100.0,7.1,-10.84,18.17
005009,申万菱信行业轮动股票A,股票型,2.83,0.5y,价值平均法,16.59,20.01,1.707,100.0,7.98,-20.89,18.15
021981,安联中国精选混合A,混合型-偏股,4.98,0.5y,价值平均法,23.06,15.69,1.126,80.0,10.93,-10.33,18.15
161601,融通新蓝筹混合,混合型-偏股,9.11,0.5y,价值平均法,17.67,10.94,1.691,83.3,8.48,-9.2,18.15
166023,中欧瑞丰灵活配置混合(LOF)A,混合型-灵活,11.06,0.5y,价值平均法,19.15,10.81,1.341,83.3,9.16,-5.94,18.15
013141,中信保诚弘远混合A,混合型-偏股,6.23,0.5y,价值平均法,19.07,10.99,1.273,83.3,9.12,-3.93,18.14
161815,银华抗通胀主题(QDII-FOF-LOF)A,QDII-商品,4.26,0.5y,价值平均法,13.19,7.34,1.863,100.0,6.39,-14.89,18.14
673100,西部利得沪深300指数增强A,指数型-股票,2.14,0.5y,价值平均法,13.44,6.08,1.377,100.0,6.51,-4.63,18.13
013048,富国中证新能源汽车指数(LOF)C,指数型-股票,3.08,0.5y,价值平均法,21.07,7.64,0.712,83.3,10.03,0.88,18.12
070039,嘉实中证500ETF联接C,指数型-股票,3.43,0.5y,价值平均法,18.33,13.4,1.702,83.3,8.78,-11.56,18.12
006382,华夏中证500ETF联接C,指数型-股票,4.38,0.5y,价值平均法,18.31,13.58,1.695,83.3,8.77,-11.6,18.09
011649,易方达逆向投资混合A,混合型-偏股,3.74,0.5y,价值平均法,17.65,6.86,1.464,83.3,8.47,-5.88,18.09
690011,民生加银积极成长混合发起式,混合型-灵活,2.69,0.5y,价值平均法,13.27,5.91,1.565,100.0,6.43,-9.19,18.09
007657,东方红中证竞争力指数A,指数型-股票,4.26,0.5y,价值平均法,12.85,7.41,1.594,100.0,6.23,-7.47,18.08
501057,汇添富中证新能源汽车产业指数(LOF)A,指数型-股票,38.63,0.5y,价值平均法,21.06,7.96,0.706,83.3,10.03,0.88,18.08
560500,500质量成长ETF鹏扬,指数型-股票,3.88,0.5y,价值平均法,18.29,15.42,1.701,83.3,8.76,-11.44,18.08
001718,工银物流产业股票A,股票型,6.74,0.5y,价值平均法,26.3,13.9,1.682,50.0,12.38,-7.44,18.04
015157,申万菱信行业轮动股票C,股票型,3.42,0.5y,价值平均法,16.33,20.02,1.695,100.0,7.86,-20.77,18.04
009960,银华多元机遇混合,混合型-偏股,5.61,0.5y,价值平均法,18.42,9.29,1.39,83.3,8.82,-6.15,18.03
016530,鹏华碳中和主题混合A,混合型-偏股,32.06,0.5y,定期定额(周),27.7,6.8,1.42,52.0,13.0,-12.38,18.02
040004,华安宝利配置混合,混合型-偏股,10.36,0.5y,价值平均法,22.39,9.52,1.323,66.7,10.63,-2.83,18.0
012412,汇泉策略优选混合A,混合型-偏股,6.9,0.5y,价值平均法,18.87,10.29,1.283,83.3,9.03,-5.2,17.99
501058,汇添富中证新能源汽车产业指数(LOF)C,指数型-股票,27.65,0.5y,价值平均法,20.86,7.97,0.696,83.3,9.94,0.93,17.99
001564,东方红京东大数据混合A,混合型-灵活,29.09,0.5y,价值平均法,16.41,8.99,1.649,83.3,7.89,-5.83,17.98
008258,中银证券中证500ETF联接A,指数型-股票,4.25,0.5y,价值平均法,17.92,13.24,1.71,83.3,8.59,-11.67,17.98
017646,易方达中证光伏产业ETF联接发起式A,指数型-股票,2.38,0.5y,价值平均法,16.52,11.85,1.004,100.0,7.95,-6.21,17.95
001562,易方达瑞和灵活配置混合,混合型-灵活,3.21,0.5y,定期定额(周),5.58,0.8,2.105,96.0,2.75,-2.82,17.93
021757,中欧沪深300指数量化增强A,指数型-股票,7.56,0.5y,价值平均法,12.44,6.83,1.524,100.0,6.04,-5.99,17.93
400015,东方新能源汽车混合,混合型-偏股,75.07,0.5y,价值平均法,21.97,10.37,0.689,80.0,10.44,0.94,17.93
002983,长信国防军工量化混合A,混合型-灵活,6.88,0.5y,价值平均法,20.06,20.11,1.582,83.3,9.57,-15.87,17.92
009341,易方达均衡成长股票,股票型,36.82,0.5y,价值平均法,19.03,12.48,1.309,83.3,9.1,-6.51,17.92
011966,招商中证光伏产业ETF联接A,指数型-股票,2.71,0.5y,价值平均法,16.4,11.98,1.014,100.0,7.89,-6.43,17.91
003016,中金中证500指数增强A,指数型-股票,8.87,0.5y,价值平均法,17.57,13.1,1.702,83.3,8.43,-11.16,17.89
017074,嘉实清洁能源股票发起式C,股票型,5.64,0.5y,价值平均法,21.97,13.03,0.746,80.0,10.44,-0.36,17.86
017850,交银启信混合发起A,混合型-偏股,2.19,0.5y,价值平均法,20.56,8.13,1.761,66.7,9.8,-9.18,17.86
012155,汇添富成长先锋六个月持有混合A,混合型-偏股,11.04,0.5y,价值平均法,22.26,11.8,1.45,66.7,10.57,-6.17,17.85
016531,鹏华碳中和主题混合C,混合型-偏股,48.22,0.5y,定期定额(周),27.32,6.8,1.402,52.0,12.84,-12.17,17.85
519212,万家宏观择时多策略混合A,混合型-灵活,4.73,0.5y,价值平均法,20.17,8.25,0.874,83.3,9.62,-2.16,17.85
004335,华宝新飞跃灵活配置混合,混合型-灵活,2.28,0.5y,价值平均法,10.23,3.42,1.586,100.0,4.99,-3.14,17.83
007593,鹏扬中证500质量成长ETF联接A,指数型-股票,2.03,0.5y,价值平均法,17.48,14.8,1.681,83.3,8.39,-10.79,17.81
001008,工银国企改革股票,股票型,7.52,0.5y,定期定额(周),17.22,9.89,1.642,96.0,8.27,-22.81,17.8
017535,东方红京东大数据混合C,混合型-灵活,21.67,0.5y,价值平均法,16.11,9.01,1.619,83.3,7.76,-5.69,17.8
017825,华安新材料主题股票发起式C,股票型,2.02,0.5y,价值平均法,15.09,9.01,1.171,100.0,7.28,-7.59,17.79
019079,国富招瑞优选股票A,股票型,2.01,0.5y,价值平均法,17.11,10.74,1.616,83.3,8.22,-8.88,17.79
005870,鹏华沪深300指数增强A,指数型-股票,15.06,0.5y,价值平均法,12.74,6.51,1.362,100.0,6.18,-4.77,17.78
014199,建信沃信一年持有混合A,混合型-偏股,7.56,0.5y,价值平均法,23.67,10.25,1.009,66.7,11.21,-1.6,17.78
021758,中欧沪深300指数量化增强C,指数型-股票,2.6,0.5y,价值平均法,12.2,6.84,1.497,100.0,5.93,-5.89,17.78
003578,中金中证500指数增强C,指数型-股票,3.79,0.5y,价值平均法,17.31,13.12,1.683,83.3,8.31,-11.04,17.76
014766,中欧碳中和混合发起C,混合型-偏股,8.59,0.5y,价值平均法,22.4,11.05,0.362,80.0,10.64,6.05,17.76
008960,长信国防军工量化混合C,混合型-灵活,21.32,0.5y,价值平均法,19.69,20.12,1.558,83.3,9.4,-15.63,17.75
014198,华夏智胜先锋股票C,股票型,17.53,0.5y,价值平均法,17.38,11.45,1.528,83.3,8.34,-7.93,17.74
516090,新能源ETF易方达,指数型-股票,12.36,0.5y,价值平均法,16.28,7.58,0.703,100.0,7.83,-1.47,17.74
159982,中证500ETF鹏华,指数型-股票,3.04,0.5y,价值平均法,21.36,13.88,1.812,66.7,10.17,-12.56,17.73
017642,摩根标普500指数(QDII)美钞,指数型-海外股票,36.62,0.5y,价值平均法,18.39,7.03,1.771,66.7,8.81,-3.33,17.72
017643,摩根标普500指数(QDII)美汇,指数型-海外股票,36.62,0.5y,价值平均法,18.39,7.03,1.771,66.7,8.81,-3.33,17.72
002116,广发安享混合A,混合型-灵活,5.22,0.5y,定期定额(月),4.95,0.94,2.02,100.0,2.45,-1.21,17.71
007592,华夏价值精选混合A,混合型-偏股,10.67,0.5y,价值平均法,16.69,9.46,1.536,83.3,8.02,-6.51,17.71
019524,华泰柏瑞纳斯达克100ETF发起式联接(QDII)A,指数型-海外股票,7.02,0.5y,价值平均法,28.7,7.96,1.448,33.3,13.44,-0.15,17.7
000043,嘉实美国成长股票人民币,QDII-普通股票,43.44,0.5y,价值平均法,26.11,9.38,1.223,50.0,12.3,-0.64,17.69
000478,建信中证500指数增强A,指数型-股票,33.32,0.5y,价值平均法,16.89,12.09,1.689,83.3,8.12,-10.64,17.68
010385,华安汇嘉精选混合A,混合型-偏股,12.37,0.5y,价值平均法,12.08,11.83,1.836,100.0,5.87,-13.47,17.68
011212,富国稳健策略6个月持有混合A,混合型-偏股,5.82,0.5y,价值平均法,12.67,9.54,1.665,100.0,6.14,-11.86,17.68
519033,海富通国策导向混合A,混合型-偏股,3.58,0.5y,价值平均法,17.64,9.36,1.33,83.3,8.46,-5.3,17.68
017787,万家宏观择时多策略混合C,混合型-灵活,2.51,0.5y,价值平均法,19.79,8.28,0.855,83.3,9.45,-2.05,17.67
159379,A500ETF融通,指数型-股票,2.63,0.5y,价值平均法,16.62,8.56,1.495,83.3,7.99,-6.07,17.67
016690,鹏华沪深300指数增强C,指数型-股票,8.31,0.5y,价值平均法,12.55,6.53,1.341,100.0,6.09,-4.69,17.66
007471,博道叁佰智航股票C,股票型,3.56,0.5y,价值平均法,16.18,7.06,1.483,83.3,7.79,-5.18,17.64
011981,国富匠心精选混合C,混合型-偏股,3.95,0.5y,价值平均法,17.97,11.89,1.359,83.3,8.61,-6.98,17.62
015508,兴业中证500指数增强C,指数型-股票,5.12,0.5y,价值平均法,13.21,12.83,1.575,100.0,6.4,-11.52,17.61
010861,长信企业优选一年持有混合,混合型-灵活,3.77,0.5y,价值平均法,16.17,10.1,1.578,83.3,7.78,-6.58,17.6
010064,圆信永丰兴研A,混合型-灵活,5.13,0.5y,价值平均法,16.53,9.77,1.541,83.3,7.95,-7.12,17.59
001285,易方达新鑫混合I,混合型-灵活,2.37,0.5y,定期定额(月),4.1,0.93,2.168,100.0,2.03,-1.7,17.57
001249,易方达新利灵活配置混合,混合型-灵活,5.88,0.5y,定期定额(周),5.21,0.55,1.768,96.0,2.57,-1.65,17.56
009795,嘉实远见精选两年持有期混合,混合型-偏股,23.61,0.5y,价值平均法,17.57,12.95,1.417,83.3,8.43,-7.43,17.55
018066,华夏标普500ETF发起式联接(QDII)A(美元),指数型-海外股票,3.39,0.5y,价值平均法,18.24,7.32,1.751,66.7,8.74,-3.76,17.55
166009,中欧新动力混合(LOF)A,混合型-偏股,7.84,0.5y,价值平均法,14.41,7.11,1.824,83.3,6.96,-7.9,17.55
011479,广发诚享混合A,混合型-偏股,12.22,0.5y,价值平均法,14.85,9.79,0.99,100.0,7.17,-4.33,17.54
159857,光伏ETF天弘,指数型-股票,23.62,0.5y,价值平均法,15.84,12.61,0.941,100.0,7.63,-6.09,17.54
010386,华安汇嘉精选混合C,混合型-偏股,3.03,0.5y,价值平均法,11.8,11.87,1.812,100.0,5.74,-13.32,17.53
159609,光伏ETF浦银,指数型-股票,2.12,0.5y,价值平均法,15.8,12.57,0.944,100.0,7.61,-6.09,17.53
510580,中证500ETF易方达,指数型-股票,38.27,0.5y,价值平均法,20.95,14.07,1.81,66.7,9.98,-12.97,17.53
019300,海富通国策导向混合D,混合型-偏股,2.52,0.5y,价值平均法,17.35,9.38,1.307,83.3,8.33,-5.19,17.52
001488,万家瑞丰灵活配置混合A,混合型-灵活,2.04,0.5y,价值平均法,15.86,8.1,1.543,83.3,7.64,-6.25,17.51
019354,易方达平衡视野混合A1,混合型-偏股,5.79,0.5y,价值平均法,15.62,7.67,1.618,83.3,7.52,-7.42,17.51
159738,云计算ETF华泰柏瑞,指数型-股票,3.09,0.5y,价值平均法,19.38,8.56,1.15,83.3,9.26,-9.26,17.51
561360,石油ETF国泰,指数型-股票,45.84,0.5y,价值平均法,14.14,16.29,1.679,100.0,6.84,-18.06,17.51
010518,华夏先锋科技一年定开混合A,混合型-偏股,4.5,0.5y,价值平均法,18.26,10.49,1.272,83.3,8.75,-7.54,17.5
510590,中证500ETF平安,指数型-股票,11.29,0.5y,价值平均法,20.94,14.19,1.794,66.7,9.97,-12.77,17.5
012365,广发中证光伏产业指数C,指数型-股票,11.2,0.5y,价值平均法,15.56,12.0,0.945,100.0,7.5,-5.75,17.49
001807,易方达瑞智灵活配置混合E,混合型-灵活,6.26,0.5y,定期定额(月),4.14,0.9,2.101,100.0,2.05,-1.78,17.44
006486,广发中证1000ETF联接A,指数型-股票,2.11,0.5y,价值平均法,17.59,12.64,1.365,83.3,8.44,-7.48,17.43
010779,西部利得量化优选一年持有A,混合型-偏股,2.49,0.5y,价值平均法,17.7,12.53,1.351,83.3,8.49,-7.54,17.43
470008,汇添富策略回报混合,混合型-偏股,6.36,0.5y,价值平均法,17.61,10.71,1.281,83.3,8.45,-5.97,17.43
005062,博时中证500指数增强A,指数型-股票,2.47,0.5y,价值平均法,16.7,13.26,1.601,83.3,8.03,-10.07,17.42
159966,创业板价值ETF华夏,指数型-股票,3.54,0.5y,价值平均法,17.56,7.18,1.189,83.3,8.42,-5.19,17.42
005110,汇安多策略混合C,混合型-灵活,8.66,0.5y,定期定额(周),16.22,5.94,1.272,88.0,7.8,-7.89,17.41
010350,景顺长城品质长青混合A,混合型-偏股,41.85,0.5y,价值平均法,26.13,7.21,1.159,50.0,12.31,-3.55,17.41
016840,博道惠泰优选混合A,混合型-偏股,5.07,0.5y,价值平均法,12.76,4.93,1.12,100.0,6.19,-3.88,17.4
517390,云计算ETF天弘,指数型-股票,3.18,0.5y,价值平均法,19.16,8.64,1.141,83.3,9.16,-9.34,17.4
550002,中信保诚精萃成长混合A,混合型-偏股,8.78,0.5y,价值平均法,19.94,8.82,1.633,66.7,9.52,-7.88,17.4
006020,广发沪深300指数增强A,指数型-股票,4.9,0.5y,价值平均法,18.61,6.7,1.683,66.7,8.91,-5.58,17.39
014057,富国金安均衡精选混合A,混合型-偏股,6.1,0.5y,价值平均法,12.19,9.81,1.599,100.0,5.92,-11.62,17.35
000126,招商安润灵活配置混合A,混合型-灵活,2.56,0.5y,价值平均法,18.72,12.16,1.026,83.3,8.96,-4.2,17.33
001064,广发中证环保ETF联接A,指数型-股票,4.67,0.5y,价值平均法,14.93,7.32,0.709,100.0,7.21,-0.73,17.33
001974,景顺长城量化新动力股票A,股票型,4.33,0.5y,价值平均法,15.71,8.95,1.465,83.3,7.57,-5.25,17.32
014111,嘉实中证稀有金属主题ETF发起联接C,指数型-股票,25.3,0.5y,价值平均法,20.19,22.21,1.077,83.3,9.63,-9.51,17.32
515790,光伏ETF华泰柏瑞,指数型-股票,106.51,0.5y,价值平均法,15.35,12.6,0.91,100.0,7.4,-5.75,17.32
001504,南方利淘C,混合型-灵活,2.26,0.5y,定期定额(周),5.53,0.84,1.898,96.0,2.73,-2.86,17.31
006487,广发中证1000ETF联接C,指数型-股票,2.15,0.5y,价值平均法,17.34,12.66,1.346,83.3,8.32,-7.37,17.3
012929,银华中证光伏ETF发起式联接C,指数型-股票,5.73,0.5y,价值平均法,15.14,11.81,0.928,100.0,7.3,-5.8,17.3
378546,摩根全球天然资源混合(QDII)A,QDII-混合偏股,3.84,0.5y,定期定额(周),10.18,6.01,2.008,100.0,4.97,-16.2,17.3
015751,景顺长城品质长青混合C,混合型-偏股,23.79,0.5y,价值平均法,25.87,7.22,1.144,50.0,12.19,-3.45,17.29
001208,诺安低碳经济股票A,股票型,6.05,0.5y,价值平均法,16.82,12.86,1.434,83.3,8.08,-7.87,17.28
001286,易方达新鑫混合E,混合型-灵活,23.0,0.5y,定期定额(月),3.99,0.94,2.079,100.0,1.98,-1.65,17.28
001314,易方达新益混合I,混合型-灵活,2.59,0.5y,定期定额(周),5.46,0.9,1.932,96.0,2.69,-2.77,17.28
516290,光伏ETF汇添富,指数型-股票,6.53,0.5y,价值平均法,15.25,12.58,0.904,100.0,7.35,-5.7,17.27
539001,建信纳斯达克100指数(QDII)A人民币,指数型-海外股票,16.24,0.5y,价值平均法,27.77,7.84,1.387,33.3,13.03,0.42,17.27
159875,新能源ETF嘉实,指数型-股票,18.76,0.5y,价值平均法,15.29,7.64,0.651,100.0,7.37,-1.19,17.26
009147,建信新能源行业股票A,股票型,22.46,0.5y,价值平均法,19.73,10.63,1.008,80.0,9.42,-5.59,17.24
161017,富国中证500指数增强(LOF)A,指数型-股票,39.47,0.5y,价值平均法,16.26,13.43,1.641,83.3,7.83,-11.25,17.24
013425,博时标普500ETF联接美元汇(QDII)A,指数型-海外股票,59.27,0.5y,价值平均法,17.64,7.29,1.708,66.7,8.46,-3.67,17.23
516180,光伏ETF平安,指数型-股票,2.01,0.5y,价值平均法,15.14,12.67,0.914,100.0,7.3,-5.96,17.23
016841,博道惠泰优选混合C,混合型-偏股,8.68,0.5y,价值平均法,12.44,4.94,1.088,100.0,6.04,-3.75,17.2
011102,天弘中证光伏产业指数A,指数型-股票,19.89,0.5y,价值平均法,14.87,12.05,0.923,100.0,7.18,-5.77,17.18
012719,华夏新兴经济一年持有混合A,混合型-偏股,5.22,0.5y,价值平均法,20.37,4.54,1.036,66.7,9.71,-1.07,17.18
003958,安信量化精选沪深300增强C,指数型-股票,11.73,0.5y,价值平均法,11.54,6.44,1.315,100.0,5.61,-5.19,17.17
163805,中银动态策略混合A,混合型-偏股,2.28,0.5y,价值平均法,18.18,13.11,0.944,83.3,8.71,-1.62,17.17
377016,摩根亚太优势混合(QDII)A,QDII-混合偏股,23.23,0.5y,价值平均法,17.56,11.72,1.188,83.3,8.43,-6.02,17.14
002117,广发安享混合C,混合型-灵活,20.33,0.5y,定期定额(月),4.73,0.96,1.836,100.0,2.34,-1.1,17.12
007029,易方达中证500ETF联接发起式C,指数型-股票,11.56,0.5y,价值平均法,19.69,13.44,1.796,66.7,9.4,-12.25,17.12
011103,天弘中证光伏产业指数C,指数型-股票,61.67,0.5y,价值平均法,14.74,12.05,0.916,100.0,7.12,-5.71,17.12
016276,招商中证800指数增强A,指数型-股票,2.19,0.5y,价值平均法,15.47,8.66,1.459,83.3,7.46,-6.26,17.12
019578,摩根全球天然资源混合(QDII)C,QDII-混合偏股,4.84,0.5y,定期定额(周),9.84,6.01,1.977,100.0,4.8,-15.98,17.12
588830,科创新能源ETF鹏华,指数型-股票,13.96,0.5y,价值平均法,19.5,12.76,0.811,83.3,9.31,-3.7,17.12
015048,建信新能源行业股票C,股票型,4.24,0.5y,价值平均法,19.46,10.65,0.995,80.0,9.3,-5.49,17.11
019737,宝盈纳斯达克100指数发起(QDII)C人民币,指数型-海外股票,2.54,0.5y,价值平均法,27.48,7.99,1.396,33.3,12.91,-0.22,17.1
002871,华夏智胜价值成长A,股票型,4.69,0.5y,价值平均法,16.06,12.47,1.485,83.3,7.73,-8.29,17.09
010349,诺安低碳经济股票C,股票型,2.31,0.5y,价值平均法,16.45,12.94,1.408,83.3,7.91,-7.74,17.09
450008,国富沪深300指数增强A,指数型-股票,2.32,0.5y,价值平均法,14.72,6.35,1.464,83.3,7.11,-5.35,17.07
007713,华富科技动能混合A,混合型-偏股,8.86,0.5y,定期定额(周),24.24,6.69,1.523,56.0,11.46,-15.57,17.06
012679,华泰柏瑞光伏ETF联接A,指数型-股票,2.86,0.5y,价值平均法,14.53,11.87,0.922,100.0,7.02,-5.72,17.06
013291,富国沪深300指数增强C,指数型-股票,9.95,0.5y,价值平均法,11.68,6.71,1.235,100.0,5.68,-4.68,17.06
019316,易方达中证新能源ETF联接发起式C,指数型-股票,2.01,0.5y,价值平均法,14.63,7.13,0.666,100.0,7.06,-1.39,17.06
162213,宏利沪深300指数增强A,指数型-股票,5.39,0.5y,价值平均法,14.91,8.0,1.472,83.3,7.2,-5.43,17.06
007968,华泰柏瑞研究精选A,混合型-偏股,3.27,0.5y,价值平均法,10.78,8.93,1.62,100.0,5.25,-10.18,17.05
000368,汇添富沪深300安中指数A,指数型-股票,7.06,0.5y,价值平均法,10.73,4.54,1.281,100.0,5.23,-3.93,17.04
470098,汇添富逆向投资混合A,混合型-偏股,8.18,0.5y,价值平均法,12.98,10.0,1.208,100.0,6.29,-7.84,17.04
013620,华安媒体互联网混合C,混合型-灵活,2.46,0.5y,价值平均法,20.07,6.33,1.206,66.7,9.58,-3.09,17.03
150103,银河银泰混合,混合型-偏股,9.89,0.5y,价值平均法,12.46,7.5,1.94,83.3,6.05,-8.47,17.03
012239,惠升优势企业一年持有期混合,混合型-灵活,6.53,0.5y,价值平均法,15.01,13.17,1.755,83.3,7.24,-11.83,17.02
002872,华夏智胜价值成长C,股票型,3.35,0.5y,价值平均法,15.9,12.48,1.471,83.3,7.66,-8.21,17.01
159606,中证500成长ETF易方达,指数型-股票,3.46,0.5y,价值平均法,19.51,15.44,1.782,66.7,9.32,-12.18,16.99
233006,大摩领先优势混合,混合型-偏股,3.12,0.5y,价值平均法,11.23,9.86,1.496,100.0,5.47,-9.13,16.99
001183,南方利淘A,混合型-灵活,2.11,0.5y,定期定额(周),5.57,0.84,1.917,92.0,2.75,-2.88,16.98
012885,华夏中证光伏产业ETF发起式联接A,指数型-股票,3.66,0.5y,价值平均法,14.42,12.02,0.901,100.0,6.97,-5.59,16.98
001490,汇添富国企创新股票A,股票型,3.27,0.5y,价值平均法,10.6,10.21,1.588,100.0,5.17,-9.18,16.97
161005,富国天惠成长混合(LOF)A,混合型-偏股,185.32,0.5y,价值平均法,15.05,12.13,1.567,83.3,7.26,-8.06,16.96
000408,民生加银城镇化混合A,混合型-灵活,3.79,0.5y,价值平均法,11.77,12.74,1.782,100.0,5.72,-18.08,16.95
012723,平安中证光伏产业指数C,指数型-股票,7.88,0.5y,价值平均法,14.33,11.98,0.902,100.0,6.93,-5.63,16.95
016562,鹏华精选成长混合C,混合型-偏股,3.52,0.5y,价值平均法,12.07,9.11,1.332,100.0,5.86,-8.74,16.95
019877,广发均衡成长混合C,混合型-偏股,7.32,0.5y,价值平均法,16.98,7.5,1.006,83.3,8.16,-3.05,16.94
515190,中证500ETF中银证券,指数型-股票,6.52,0.5y,价值平均法,19.69,13.99,1.729,66.7,9.4,-12.24,16.94
009059,南方沪深300增强A,指数型-股票,2.41,0.5y,价值平均法,10.57,6.29,1.414,100.0,5.15,-6.48,16.92
159356,A500ETF万家,指数型-股票,10.82,0.5y,价值平均法,15.15,8.57,1.413,83.3,7.31,-5.98,16.92
011128,华安精致生活混合A,混合型-偏股,14.82,0.5y,价值平均法,10.54,11.73,1.753,100.0,5.14,-13.4,16.91
160919,大成产业升级股票(LOF)A,股票型,3.34,0.5y,价值平均法,14.43,7.68,1.577,83.3,6.97,-7.84,16.91
010854,汇添富沪深300基本面增强指数A,指数型-股票,30.42,0.5y,价值平均法,14.99,7.02,1.362,83.3,7.23,-5.08,16.9
017968,华富科技动能混合C,混合型-偏股,23.12,0.5y,定期定额(周),23.87,6.7,1.504,56.0,11.3,-15.35,16.89
000480,东方红新动力混合A,混合型-灵活,48.09,0.5y,价值平均法,14.21,9.19,1.534,83.3,6.87,-5.71,16.88
010723,中欧价值成长混合A,混合型-偏股,14.32,0.5y,价值平均法,15.05,8.46,1.39,83.3,7.26,-5.5,16.88
005114,平安沪深300指数量化C,指数型-股票,10.48,0.5y,价值平均法,14.98,9.1,1.466,83.3,7.23,-6.94,16.87
005636,博时量化多策略股票C,股票型,2.36,0.5y,价值平均法,14.64,8.73,1.54,83.3,7.07,-7.81,16.86
910006,东方红启盛三年持有混合A,混合型-偏股,4.32,0.5y,价值平均法,17.31,10.97,0.96,83.3,8.31,-2.4,16.86
501076,鹏华创新动力混合(LOF),混合型-灵活,3.25,0.5y,价值平均法,18.82,14.39,0.885,83.3,9.01,-5.53,16.84
005368,富国清洁能源产业混合A,混合型-灵活,4.36,0.5y,价值平均法,10.88,3.31,1.04,100.0,5.3,-2.46,16.82
005399,长信量化价值驱动混合A,混合型-偏股,6.26,0.5y,价值平均法,10.53,6.25,1.349,100.0,5.13,-5.79,16.82
159994,通信ETF银华,指数型-股票,20.37,0.5y,价值平均法,27.43,52.7,0.192,40.0,12.88,26.17,16.8
012831,南方中证新能源ETF联接A,指数型-股票,4.09,0.5y,价值平均法,14.07,7.24,0.635,100.0,6.8,-1.28,16.77
013196,招商中证新能源汽车指数C,指数型-股票,2.13,0.5y,价值平均法,21.66,7.45,0.75,66.7,10.3,0.65,16.77
016785,鹏华中证1000指数增强A,指数型-股票,20.08,0.5y,价值平均法,15.28,11.62,1.556,83.3,7.37,-10.59,16.77
563500,A500ETF华宝,指数型-股票,4.75,0.5y,价值平均法,14.85,8.54,1.395,83.3,7.17,-5.93,16.77
515750,科技50ETF富国,指数型-股票,6.41,0.5y,价值平均法,20.52,10.36,1.243,66.7,9.78,-5.93,16.76
159757,电池ETF景顺,指数型-股票,2.32,0.5y,价值平均法,18.24,9.26,0.644,83.3,8.74,0.25,16.74
011129,华安精致生活混合C,混合型-偏股,2.49,0.5y,价值平均法,10.2,11.77,1.723,100.0,4.97,-13.21,16.73
011177,博时汇融回报一年持有混合A,混合型-偏股,10.92,0.5y,价值平均法,18.9,15.94,0.485,83.3,9.04,3.26,16.72
159980,有色ETF大成,指数型-其他,66.24,0.5y,定期定额(周),11.01,5.35,1.852,92.0,5.36,-13.77,16.72
160605,鹏华中国50混合,混合型-灵活,36.56,0.5y,价值平均法,10.04,11.69,1.963,100.0,4.9,-18.69,16.72
501036,汇添富中证500ETF联接(LOF)A,指数型-股票,2.34,0.5y,价值平均法,18.87,13.3,1.727,66.7,9.03,-11.54,16.72
159840,锂电池ETF工银,指数型-股票,15.23,0.5y,价值平均法,18.2,9.39,0.635,83.3,8.72,0.33,16.71
017493,东方红新动力混合C,混合型-灵活,15.24,0.5y,价值平均法,13.91,9.22,1.5,83.3,6.73,-5.56,16.69
012832,南方中证新能源ETF联接C,指数型-股票,7.7,0.5y,价值平均法,13.88,7.26,0.623,100.0,6.71,-1.21,16.68
510500,中证500ETF南方,指数型-股票,724.77,0.5y,价值平均法,19.26,14.15,1.66,66.7,9.21,-11.68,16.67
016786,鹏华中证1000指数增强C,指数型-股票,16.33,0.5y,价值平均法,15.04,11.65,1.538,83.3,7.25,-10.47,16.65
012354,南方新能源产业趋势混合A,混合型-偏股,6.12,0.5y,价值平均法,16.5,8.69,1.048,83.3,7.93,-4.68,16.64
001272,兴业聚利灵活配置混合A,混合型-灵活,2.35,0.5y,价值平均法,13.51,9.3,1.669,83.3,6.54,-8.94,16.63
016021,华安优嘉精选混合A,混合型-偏股,2.86,0.5y,价值平均法,9.94,11.91,1.729,100.0,4.85,-13.37,16.63
159362,A500ETF工银,指数型-股票,17.81,0.5y,价值平均法,14.56,8.63,1.391,83.3,7.03,-6.13,16.63
010695,华夏磐益一年定开混合,混合型-偏股,3.36,0.5y,价值平均法,16.73,12.07,1.129,83.3,8.04,-6.72,16.61
010855,汇添富沪深300基本面增强指数C,指数型-股票,2.41,0.5y,价值平均法,14.49,7.06,1.31,83.3,7.0,-4.86,16.6
002846,泓德泓华混合,混合型-灵活,2.76,0.5y,价值平均法,14.88,10.22,1.358,83.3,7.18,-6.53,16.57
014345,鹏华中证500指数增强C,指数型-股票,13.94,0.5y,价值平均法,18.18,12.35,1.722,66.7,8.71,-10.78,16.55
166006,中欧行业成长混合(LOF)A,混合型-偏股,15.73,0.5y,价值平均法,13.21,9.04,1.736,83.3,6.4,-10.39,16.55
519918,华夏兴和混合A,混合型-灵活,9.76,0.5y,价值平均法,15.48,4.76,0.951,83.3,7.46,-2.28,16.55
159358,中证A500ETF大成,指数型-股票,10.94,0.5y,价值平均法,14.47,8.57,1.352,83.3,6.99,-5.68,16.54
159360,A500ETF天弘,指数型-股票,15.5,0.5y,价值平均法,14.48,8.63,1.356,83.3,6.99,-5.83,16.54
563860,中证A500ETF海富通,指数型-股票,2.47,0.5y,价值平均法,14.47,8.6,1.35,83.3,6.99,-5.65,16.54
519021,国泰金鼎价值混合,混合型-灵活,5.02,0.5y,价值平均法,8.37,9.13,1.962,100.0,4.1,-14.83,16.53
012126,宏利新能源股票A,股票型,2.25,0.5y,价值平均法,23.55,9.98,0.661,60.0,11.15,1.49,16.52
420001,天弘精选混合A,混合型-灵活,7.97,0.5y,价值平均法,10.52,9.53,1.339,100.0,5.13,-7.61,16.49
016022,华安优嘉精选混合C,混合型-偏股,2.7,0.5y,价值平均法,9.66,11.95,1.702,100.0,4.72,-13.21,16.48
519981,长信标普100等权重指数人民币,指数型-海外股票,8.36,0.5y,价值平均法,13.12,6.48,1.332,83.3,6.36,-1.89,16.47
159357,A500ETF博时,指数型-股票,19.11,0.5y,价值平均法,14.27,8.59,1.355,83.3,6.9,-5.84,16.46
690007,民生加银景气行业混合A,混合型-偏股,8.07,0.5y,定期定额(周),8.18,2.93,1.784,96.0,4.01,-10.29,16.45
310318,申万菱信沪深300指数增强A,指数型-股票,8.07,0.5y,价值平均法,12.98,6.64,1.491,83.3,6.29,-5.5,16.44
001342,易方达新享混合A,混合型-灵活,2.1,0.5y,定期定额(周),6.03,0.82,1.683,88.0,2.97,-1.65,16.43
007995,华夏中证500指数增强C,指数型-股票,15.6,0.5y,价值平均法,14.26,12.58,1.546,83.3,6.89,-9.86,16.43
011251,华安聚嘉精选混合A,混合型-偏股,7.51,0.5y,价值平均法,9.71,12.31,1.679,100.0,4.74,-13.22,16.43
159755,电池ETF广发,指数型-股票,119.36,0.5y,价值平均法,17.57,9.48,0.614,83.3,8.43,0.36,16.42
000971,诺安新经济股票,股票型,7.44,0.5y,价值平均法,15.79,15.86,1.276,83.3,7.6,-8.38,16.41
001442,易方达瑞信混合E,混合型-灵活,7.22,0.5y,定期定额(周),4.82,0.69,1.744,92.0,2.38,-2.35,16.41
012127,宏利新能源股票C,股票型,2.04,0.5y,价值平均法,23.31,9.98,0.651,60.0,11.05,1.55,16.41
008681,鹏华价值成长混合,混合型-偏股,6.39,0.5y,价值平均法,16.21,5.01,1.444,66.7,7.8,-2.0,16.4
000696,汇添富环保行业股票,股票型,13.64,0.5y,价值平均法,19.56,6.67,0.953,66.7,9.34,-0.95,16.39
021694,银华抗通胀主题(QDII-FOF-LOF)C,QDII-商品,3.91,0.5y,价值平均法,13.03,7.3,1.841,83.3,6.31,-14.66,16.38
159767,电池龙头ETF兴银,指数型-股票,2.3,0.5y,价值平均法,17.44,9.32,0.606,83.3,8.37,0.45,16.37
010744,工银灵动价值混合A,混合型-偏股,4.89,0.5y,价值平均法,14.09,9.44,1.489,83.3,6.81,-9.26,16.36
003175,华泰柏瑞多策略混合A,混合型-灵活,9.91,0.5y,价值平均法,8.06,8.14,1.704,100.0,3.95,-9.27,16.35
010132,南方创新成长混合A,混合型-偏股,5.63,0.5y,价值平均法,15.27,10.83,1.156,83.3,7.36,-4.94,16.35
012473,大成成长回报六个月持有混合A,混合型-偏股,2.38,0.5y,价值平均法,11.13,8.75,1.111,100.0,5.42,-5.96,16.33
006341,中金MSCI质量A,指数型-股票,2.43,0.5y,价值平均法,14.05,5.69,1.264,83.3,6.79,-5.82,16.32
516070,低碳ETF易方达,指数型-股票,2.21,0.5y,价值平均法,12.64,6.7,0.651,100.0,6.13,-1.26,16.3
007804,申万菱信沪深300指数增强C,指数型-股票,2.12,0.5y,价值平均法,12.74,6.66,1.463,83.3,6.18,-5.39,16.29
010659,民生加银质量领先混合A,混合型-偏股,10.81,0.5y,价值平均法,14.23,9.44,1.338,83.3,6.88,-6.67,16.29
001511,兴全新视野定开混合,混合型-灵活,82.73,0.5y,价值平均法,9.69,8.38,1.467,100.0,4.74,-10.06,16.28
007044,博道沪深300增强A,指数型-股票,12.73,0.5y,价值平均法,13.37,6.93,1.34,83.3,6.48,-4.69,16.28
004139,中邮军民融合灵活配置混合A,混合型-灵活,7.11,0.5y,价值平均法,11.92,18.51,1.688,100.0,5.79,-22.52,16.27
004231,中欧行业成长混合(LOF)C,混合型-偏股,4.57,0.5y,价值平均法,12.71,9.08,1.69,83.3,6.17,-10.16,16.27
005549,富国成长优选三年定开混合,混合型-灵活,3.22,0.5y,定期定额(周),21.81,4.7,0.858,56.0,10.37,-0.39,16.27
022432,中欧中证A500指数发起A,指数型-股票,3.54,0.5y,价值平均法,13.67,8.24,1.352,83.3,6.61,-5.6,16.27
015784,中信建投中证1000指数增强A,指数型-股票,2.06,0.5y,价值平均法,10.32,11.15,1.309,100.0,5.03,-8.27,16.24
000311,景顺长城沪深300指数增强A,指数型-股票,28.94,0.5y,价值平均法,13.52,7.1,1.286,83.3,6.54,-4.23,16.23
560003,益民创新优势混合A,混合型-灵活,3.51,0.5y,价值平均法,18.14,11.45,1.265,66.7,8.69,-2.67,16.23
022440,万家中证A500ETF发起式联接A,指数型-股票,3.46,0.5y,价值平均法,13.56,8.17,1.336,83.3,6.57,-5.39,16.21
017647,易方达中证光伏产业ETF联接发起式C,指数型-股票,3.0,0.5y,价值平均法,16.35,11.86,0.994,83.3,7.87,-6.12,16.2
159863,光伏ETF鹏华,指数型-股票,2.35,0.5y,价值平均法,16.58,12.54,0.954,83.3,7.97,-5.87,16.2
159864,光伏ETF国泰,指数型-股票,5.65,0.5y,价值平均法,16.54,12.51,0.971,83.3,7.96,-6.16,16.2
007280,摩根日本精选股票(QDII)A,QDII-普通股票,19.38,0.5y,定期定额(周),17.5,7.3,1.204,72.0,8.4,-6.39,16.18
010163,财通资管价值精选一年持有混合A,混合型-偏股,5.21,0.5y,价值平均法,13.98,13.82,1.448,83.3,6.76,-8.73,16.17
015679,景顺长城沪深300指数增强C,指数型-股票,5.03,0.5y,价值平均法,13.4,7.12,1.278,83.3,6.49,-4.21,16.17
022243,中邮军民融合灵活配置混合C,混合型-灵活,4.07,0.5y,价值平均法,11.67,18.52,1.676,100.0,5.67,-22.38,16.16
007470,博道叁佰智航股票A,股票型,5.12,0.5y,价值平均法,16.45,7.04,1.51,66.7,7.91,-5.29,16.14
009689,易方达瑞锦混合A,混合型-灵活,22.27,0.5y,定期定额(周),4.74,0.79,1.56,96.0,2.34,-2.37,16.13
011967,招商中证光伏产业ETF联接C,指数型-股票,5.49,0.5y,价值平均法,16.17,12.01,1.001,83.3,7.78,-6.32,16.13
015450,华泰柏瑞多策略混合C,混合型-灵活,6.24,0.5y,价值平均法,7.71,8.17,1.661,100.0,3.78,-9.1,16.13
004496,前海开源多元策略混合A,混合型-灵活,3.91,0.5y,定期定额(周),11.81,3.85,1.273,88.0,5.74,-6.17,16.11
021856,博时中证油气资源ETF发起式联接C,指数型-股票,2.68,0.5y,价值平均法,10.55,15.27,1.61,100.0,5.14,-17.5,16.11
008418,惠升惠泽混合A,混合型-灵活,10.82,0.5y,价值平均法,13.93,11.36,1.319,83.3,6.74,-6.63,16.09
020220,国联安沪深300指数增强A,指数型-股票,2.9,0.5y,价值平均法,15.91,6.38,1.535,66.7,7.66,-4.93,16.08
159353,中证A500ETF景顺,指数型-股票,39.97,0.5y,价值平均法,13.56,8.6,1.299,83.3,6.57,-5.62,16.08
159361,A500ETF易方达,指数型-股票,247.71,0.5y,价值平均法,13.61,8.68,1.295,83.3,6.59,-5.62,16.08
160805,长盛同智优势混合(LOF),混合型-灵活,2.85,0.5y,价值平均法,14.42,13.05,1.264,83.3,6.97,-6.76,16.08
512020,A500ETF鹏华,指数型-股票,14.6,0.5y,价值平均法,13.6,8.58,1.285,83.3,6.58,-5.41,16.08
563220,A500ETF富国,指数型-股票,93.64,0.5y,价值平均法,13.6,8.67,1.295,83.3,6.59,-5.64,16.08
019449,摩根日本精选股票(QDII)C,QDII-普通股票,9.3,0.5y,定期定额(周),17.27,7.3,1.186,72.0,8.29,-6.26,16.06
022442,工银中证A500ETF联接A,指数型-股票,9.09,0.5y,价值平均法,13.24,8.17,1.327,83.3,6.41,-5.49,16.06
310308,申万菱信盛利精选混合A,混合型-偏股,5.13,0.5y,定期定额(周),13.32,2.42,1.369,72.0,6.45,-3.23,16.06
159339,A500ETF银华,指数型-股票,25.58,0.5y,价值平均法,13.54,8.58,1.288,83.3,6.55,-5.54,16.05
004497,前海开源多元策略混合C,混合型-灵活,6.51,0.5y,定期定额(周),11.69,3.85,1.26,88.0,5.68,-6.1,16.04
022428,天弘中证A500ETF联接A,指数型-股票,5.82,0.5y,价值平均法,13.31,8.25,1.306,83.3,6.45,-5.36,16.04
519120,浦银安盛新兴产业混合A,混合型-灵活,3.95,0.5y,价值平均法,9.69,5.78,1.176,100.0,4.73,-6.28,16.04
001705,泓德战略转型股票,股票型,7.21,0.5y,价值平均法,17.15,9.85,1.48,66.7,8.24,-6.91,16.03
563800,A500ETF广发,指数型-股票,116.52,0.5y,价值平均法,13.53,8.66,1.28,83.3,6.55,-5.51,16.03
512050,A500ETF华夏,指数型-股票,260.85,0.5y,价值平均法,13.49,8.67,1.284,83.3,6.53,-5.57,16.02
014765,中欧碳中和混合发起A,混合型-偏股,3.13,0.5y,价值平均法,22.96,11.02,0.388,60.0,10.89,5.89,16.01
159338,中证A500ETF国泰,指数型-股票,290.65,0.5y,价值平均法,13.4,8.65,1.282,83.3,6.49,-5.59,15.98
159359,A500ETF华安,指数型-股票,8.12,0.5y,价值平均法,13.39,8.61,1.286,83.3,6.48,-5.58,15.98
003026,安信新价值混合A,混合型-灵活,8.78,0.5y,定期定额(周),3.37,0.72,1.634,100.0,1.67,-2.39,15.97
009690,易方达瑞锦混合C,混合型-灵活,22.19,0.5y,定期定额(周),4.64,0.78,1.517,96.0,2.29,-2.32,15.97
022459,易方达中证A500ETF联接A,指数型-股票,29.21,0.5y,价值平均法,13.17,8.24,1.298,83.3,6.38,-5.32,15.97
022930,易方达中证A500ETF联接Y,指数型-股票,3.63,0.5y,价值平均法,13.17,8.25,1.299,83.3,6.38,-5.33,15.97
159352,A500ETF南方,指数型-股票,365.44,0.5y,价值平均法,13.41,8.66,1.278,83.3,6.49,-5.56,15.97
563360,A500ETF华泰柏瑞,指数型-股票,381.89,0.5y,价值平均法,13.41,8.65,1.277,83.3,6.49,-5.53,15.97
022457,博时中证A500ETF联接A,指数型-股票,6.04,0.5y,价值平均法,13.05,8.15,1.315,83.3,6.33,-5.44,15.96
563880,A500ETF汇添富,指数型-股票,19.8,0.5y,价值平均法,13.37,8.63,1.275,83.3,6.48,-5.51,15.96
000877,华泰柏瑞量化优选混合,混合型-灵活,5.87,0.5y,价值平均法,12.96,7.01,1.263,83.3,6.28,-4.38,15.95
004986,鹏华策略回报混合,混合型-灵活,2.19,0.5y,价值平均法,16.05,10.36,1.724,66.7,7.73,-9.57,15.95
481004,工银稳健成长混合A,混合型-偏股,6.49,0.5y,定期定额(周),7.42,3.95,1.755,100.0,3.65,-14.21,15.94
008177,建信高股息主题股票,股票型,4.39,0.5y,价值平均法,14.23,11.74,1.484,83.3,6.88,-13.35,15.93
010624,富国稳健增长混合A,混合型-偏股,50.83,0.5y,价值平均法,9.28,8.67,1.267,100.0,4.54,-7.02,15.93
012877,富荣福耀混合C,混合型-偏股,3.59,0.5y,定期定额(周),13.95,6.82,1.008,88.0,6.75,-6.82,15.93
008707,建信富时100指数(QDII)A美元现汇,指数型-海外股票,7.22,0.5y,定期定额(周),7.44,3.84,1.675,96.0,3.66,-8.66,15.91
014061,浦银安盛新兴产业混合C,混合型-灵活,3.71,0.5y,价值平均法,9.45,5.79,1.152,100.0,4.62,-6.17,15.9
022458,博时中证A500ETF联接C,指数型-股票,5.96,0.5y,价值平均法,12.93,8.16,1.302,83.3,6.27,-5.39,15.89
008419,惠升惠泽混合C,混合型-灵活,5.59,0.5y,价值平均法,13.56,11.39,1.286,83.3,6.56,-6.46,15.88
012364,广发中证光伏产业指数A,指数型-股票,3.72,0.5y,价值平均法,15.69,11.99,0.952,83.3,7.56,-5.81,15.88
009193,富国红利精选混合(QDII)美元,QDII-混合偏股,12.79,0.5y,定期定额(周),7.47,3.36,1.554,100.0,3.67,-10.76,15.87
004475,华泰柏瑞富利混合A,混合型-灵活,37.22,0.5y,价值平均法,7.26,8.11,1.617,100.0,3.57,-9.06,15.86
050007,博时平衡配置混合,混合型-平衡,2.92,0.5y,价值平均法,11.35,6.47,1.456,83.3,5.52,-4.47,15.85
512080,A500ETF中金,指数型-股票,7.64,0.5y,价值平均法,13.14,8.57,1.263,83.3,6.37,-5.41,15.85
450003,国富潜力组合混合A,混合型-偏股,11.31,0.5y,价值平均法,12.88,10.67,1.397,83.3,6.24,-7.4,15.83
517800,人工智能50ETF方正富邦,指数型-股票,4.14,0.5y,价值平均法,19.79,12.04,0.842,66.7,9.45,-2.19,15.81
008708,建信富时100指数(QDII)C美元现汇,指数型-海外股票,3.75,0.5y,定期定额(周),7.28,3.87,1.651,96.0,3.58,-8.55,15.8
013852,中信建投低碳成长混合C,混合型-偏股,3.36,0.5y,价值平均法,16.63,12.67,0.515,83.3,7.99,1.02,15.8
017174,天弘国证绿色电力指数发起A,指数型-股票,2.28,0.5y,价值平均法,14.43,7.44,0.88,83.3,6.97,-1.77,15.79
560280,工程机械ETF广发,指数型-股票,31.33,0.5y,价值平均法,11.11,17.35,1.167,100.0,5.41,-11.44,15.79
560610,A500ETF招商,指数型-股票,51.08,0.5y,价值平均法,13.11,8.66,1.242,83.3,6.35,-5.35,15.79
001256,泓德优选成长混合,混合型-偏股,9.5,0.5y,价值平均法,12.25,9.32,1.44,83.3,5.95,-6.99,15.78
159669,绿色电力ETF国泰,指数型-股票,2.48,0.5y,价值平均法,14.66,8.04,0.842,83.3,7.08,-1.62,15.77
001050,汇添富中证500指数增强A,指数型-股票,13.03,0.5y,价值平均法,12.83,12.46,1.472,83.3,6.22,-9.5,15.76
003027,安信新价值混合C,混合型-灵活,25.7,0.5y,定期定额(周),3.26,0.72,1.575,100.0,1.62,-2.34,15.76
013180,广发国证新能源车电池ETF联接C,指数型-股票,19.13,0.5y,价值平均法,15.96,9.04,0.585,83.3,7.69,0.27,15.76
022463,富国中证A500ETF发起式联接A,指数型-股票,11.07,0.5y,价值平均法,12.88,8.6,1.263,83.3,6.24,-5.47,15.75
022513,人保中证800指数增强A,指数型-股票,5.73,0.5y,价值平均法,12.11,8.42,1.473,83.3,5.88,-7.86,15.75
018075,长盛航天海工混合C,混合型-灵活,3.14,0.5y,价值平均法,16.41,21.08,1.076,83.3,7.89,-11.8,15.74
022444,景顺长城中证A500ETF联接A,指数型-股票,6.96,0.5y,价值平均法,12.6,8.16,1.295,83.3,6.11,-5.44,15.74
002562,泓德泓益量化混合A,混合型-偏股,2.89,0.5y,价值平均法,11.82,8.18,1.453,83.3,5.74,-6.59,15.73
022430,华夏中证A500ETF联接A,指数型-股票,37.33,0.5y,价值平均法,12.69,8.3,1.275,83.3,6.15,-5.33,15.73
022979,华夏中证A500ETF联接Y,指数型-股票,3.0,0.5y,价值平均法,12.68,8.29,1.275,83.3,6.15,-5.33,15.73
002574,招商瑞庆混合A,混合型-灵活,2.91,0.5y,价值平均法,6.12,2.18,1.95,83.3,3.01,-1.97,15.71
003291,信澳健康中国混合A,混合型-灵活,3.54,0.5y,定期定额(周),18.71,5.51,0.941,64.0,8.95,-2.68,15.71
010625,富国稳健增长混合C,混合型-偏股,40.69,0.5y,价值平均法,8.91,8.71,1.229,100.0,4.36,-6.86,15.71
017175,天弘国证绿色电力指数发起C,指数型-股票,10.64,0.5y,价值平均法,14.29,7.44,0.868,83.3,6.91,-1.72,15.71
000270,建信灵活配置混合A,混合型-灵活,4.06,0.5y,定期定额(周),12.68,6.29,1.118,88.0,6.15,-7.36,15.7
160225,国泰国证新能源汽车指数A,指数型-股票,13.94,0.5y,价值平均法,15.18,6.9,0.681,83.3,7.32,-0.81,15.7
022464,富国中证A500ETF发起式联接C,指数型-股票,10.0,0.5y,价值平均法,12.76,8.62,1.252,83.3,6.19,-5.41,15.68
022445,景顺长城中证A500ETF联接C,指数型-股票,9.48,0.5y,价值平均法,12.47,8.17,1.281,83.3,6.05,-5.39,15.66
001117,中欧精选定期开放混合A,混合型-灵活,27.55,0.5y,价值平均法,13.07,14.16,1.524,83.3,6.34,-12.64,15.64
560530,中证A500ETF摩根,指数型-股票,33.06,0.5y,价值平均法,12.83,8.65,1.221,83.3,6.22,-5.3,15.64
014996,中欧量化先锋混合C,混合型-偏股,10.89,0.5y,价值平均法,14.23,12.75,1.108,83.3,6.88,-6.72,15.63
022426,泰康中证A500ETF联接A,指数型-股票,8.04,0.5y,价值平均法,12.56,8.24,1.248,83.3,6.09,-5.21,15.63
022431,华夏中证A500ETF联接C,指数型-股票,44.77,0.5y,价值平均法,12.51,8.31,1.257,83.3,6.07,-5.25,15.63
022434,南方中证A500ETF联接A,指数型-股票,41.75,0.5y,价值平均法,12.56,8.3,1.25,83.3,6.09,-5.19,15.63
016854,汇添富中证500指数增强C,指数型-股票,4.17,0.5y,价值平均法,12.57,12.48,1.451,83.3,6.1,-9.39,15.62
022425,广发中证A500ETF联接C,指数型-股票,13.01,0.5y,价值平均法,12.6,8.26,1.221,83.3,6.11,-4.91,15.61
320005,诺安价值增长混合A,混合型-偏股,16.78,0.5y,价值平均法,7.86,12.32,1.943,100.0,3.85,-21.34,15.6
003957,安信量化精选沪深300增强A,指数型-股票,9.85,0.5y,价值平均法,11.67,6.44,1.329,83.3,5.67,-5.24,15.58
020726,建信灵活配置混合C,混合型-灵活,8.71,0.5y,定期定额(周),12.45,6.29,1.101,88.0,6.04,-7.25,15.58
159351,A500ETF嘉实,指数型-股票,96.13,0.5y,价值平均法,12.7,8.67,1.211,83.3,6.16,-5.28,15.57
014597,华泰柏瑞富利混合C,混合型-灵活,12.87,0.5y,价值平均法,6.79,8.15,1.559,100.0,3.34,-8.84,15.56
022435,南方中证A500ETF联接C,指数型-股票,25.44,0.5y,价值平均法,12.44,8.31,1.238,83.3,6.04,-5.14,15.56
040002,华安中国A股增强指数,指数型-股票,9.85,0.5y,价值平均法,12.8,9.16,1.166,83.3,6.21,-4.47,15.56
022427,泰康中证A500ETF联接C,指数型-股票,8.3,0.5y,价值平均法,12.42,8.25,1.235,83.3,6.03,-5.16,15.55
012447,华夏互联网龙头混合A,混合型-偏股,2.39,0.5y,价值平均法,19.61,13.89,0.834,66.7,9.37,-3.58,15.54
013431,华泰柏瑞景气汇选三年持有期混合A,混合型-偏股,3.8,0.5y,价值平均法,7.25,7.82,1.468,100.0,3.56,-8.61,15.53
001616,嘉实环保低碳股票,股票型,26.12,0.5y,价值平均法,15.62,11.17,0.556,83.3,7.53,0.52,15.52
022465,华安中证A500ETF发起式联接A,指数型-股票,4.36,0.5y,价值平均法,12.26,8.18,1.25,83.3,5.95,-5.26,15.52
004193,招商中证500指数增强C,指数型-股票,4.87,0.5y,价值平均法,12.2,12.9,1.513,83.3,5.92,-10.57,15.51
519191,万家新利灵活配置混合,混合型-灵活,4.91,0.5y,价值平均法,14.07,7.95,1.001,83.3,6.8,-5.97,15.51
009636,华泰柏瑞景气优选A,混合型-偏股,3.6,0.5y,价值平均法,11.79,8.64,1.362,83.3,5.73,-6.33,15.5
022421,大成中证A500ETF发起式联接A,指数型-股票,5.38,0.5y,价值平均法,12.5,8.12,1.163,83.3,6.06,-4.24,15.5
007910,大成有色金属期货ETF联接A,指数型-其他,6.4,0.5y,定期定额(周),9.23,5.13,1.708,88.0,4.51,-11.66,15.49
010027,景顺长城核心中景一年持有混合,混合型-偏股,25.42,0.5y,定期定额(周),16.81,4.94,0.966,68.0,8.08,-2.87,15.49
005635,博时量化多策略股票A,股票型,2.94,0.5y,价值平均法,15.15,8.71,1.587,66.7,7.31,-8.04,15.48
012001,中泰星宇价值成长混合A,混合型-偏股,16.1,0.5y,定期定额(周),12.61,4.96,1.051,84.0,6.12,-4.7,15.48
012752,建信纳斯达克100指数(QDII)C人民币,指数型-海外股票,9.49,0.5y,价值平均法,27.55,7.86,1.368,16.7,12.94,0.49,15.48
100038,富国沪深300指数增强A,指数型-股票,46.17,0.5y,价值平均法,11.86,6.7,1.246,83.3,5.76,-4.73,15.48
022438,华泰柏瑞中证A500ETF联接A,指数型-股票,9.49,0.5y,价值平均法,12.32,8.25,1.192,83.3,5.98,-4.72,15.45
022466,华安中证A500ETF发起式联接C,指数型-股票,2.54,0.5y,价值平均法,12.14,8.18,1.238,83.3,5.89,-5.21,15.45
000172,华泰柏瑞量化增强混合A,混合型-偏股,12.45,0.5y,价值平均法,12.17,6.78,1.156,83.3,5.91,-4.01,15.44
019876,广发均衡成长混合A,混合型-偏股,12.21,0.5y,价值平均法,17.28,7.48,1.035,66.7,8.3,-3.26,15.44
009190,景顺长城核心优选一年持有混合,混合型-偏股,7.0,0.5y,价值平均法,14.31,19.31,1.083,83.3,6.92,-7.7,15.42
200002,长城久泰沪深300指数A,指数型-股票,7.98,0.5y,价值平均法,11.82,6.77,1.253,83.3,5.74,-5.26,15.42
013499,博时标普500ETF联接美元汇(QDII)C,指数型-海外股票,12.41,0.5y,价值平均法,17.4,7.33,1.681,50.0,8.35,-3.59,15.41
519185,万家精选混合A,混合型-偏股,8.66,0.5y,价值平均法,14.13,8.26,0.893,83.3,6.83,-4.36,15.41
022422,大成中证A500ETF发起式联接C,指数型-股票,2.7,0.5y,价值平均法,12.33,8.13,1.146,83.3,5.98,-4.18,15.4
217002,招商安泰平衡混合,混合型-平衡,3.48,0.5y,定期定额(周),3.74,1.24,1.665,100.0,1.85,-6.7,15.4
005055,华泰柏瑞量化阿尔法A,混合型-灵活,6.18,0.5y,价值平均法,13.83,13.48,1.077,83.3,6.69,-6.78,15.39
005113,平安沪深300指数量化A,指数型-股票,5.68,0.5y,价值平均法,15.3,9.08,1.495,66.7,7.38,-7.07,15.39
022439,华泰柏瑞中证A500ETF联接C,指数型-股票,15.74,0.5y,价值平均法,12.22,8.26,1.183,83.3,5.93,-4.69,15.39
007911,大成有色金属期货ETF联接C,指数型-其他,6.34,0.5y,定期定额(周),9.0,5.13,1.683,88.0,4.4,-11.53,15.36
012680,华泰柏瑞光伏ETF联接C,指数型-股票,4.2,0.5y,价值平均法,14.47,11.88,0.917,83.3,6.99,-5.69,15.36
022436,摩根中证A500ETF联接A,指数型-股票,3.96,0.5y,价值平均法,12.09,8.23,1.195,83.3,5.87,-4.9,15.35
008133,华安优质生活混合,混合型-偏股,3.41,0.5y,价值平均法,22.82,12.47,0.689,50.0,10.82,2.65,15.34
021619,天弘石油天然气指数A,指数型-股票,2.44,0.5y,价值平均法,8.64,14.78,1.492,100.0,4.23,-15.38,15.33
515680,央企创新ETF嘉实,指数型-股票,18.84,0.5y,价值平均法,8.38,10.54,1.161,100.0,4.1,-6.65,15.33
007939,华夏网购精选混合C,混合型-灵活,3.76,0.5y,价值平均法,11.67,6.88,1.177,83.3,5.67,-3.83,15.31
010599,汇添富高质量成长30一年混合A,混合型-偏股,9.73,0.5y,价值平均法,13.85,10.94,0.92,83.3,6.7,-4.21,15.31
590005,中邮核心主题混合A,混合型-偏股,2.96,0.5y,定期定额(周),11.01,5.82,1.232,92.0,5.36,-12.16,15.3
008276,财通资管价值发现混合A,混合型-偏股,2.99,0.5y,价值平均法,12.19,13.91,1.355,83.3,5.92,-8.69,15.29
019431,永赢睿信混合A,混合型-偏股,59.94,0.5y,价值平均法,13.25,12.41,1.277,83.3,6.42,-10.8,15.29
022437,摩根中证A500ETF联接C,指数型-股票,8.84,0.5y,价值平均法,11.98,8.24,1.183,83.3,5.82,-4.84,15.29
001277,博时国企改革股票A,股票型,2.03,0.5y,价值平均法,12.03,10.74,1.318,83.3,5.85,-7.75,15.28
021620,天弘石油天然气指数C,指数型-股票,7.0,0.5y,价值平均法,8.52,14.79,1.484,100.0,4.17,-15.32,15.28
003304,前海开源沪港深核心资源混合A,混合型-灵活,8.48,0.5y,价值平均法,11.44,27.48,0.96,100.0,5.56,-12.15,15.27
003379,中信保诚至选混合A,混合型-灵活,2.59,0.5y,定期定额(月),3.98,1.66,1.427,100.0,1.97,-1.73,15.27
003305,前海开源沪港深核心资源混合C,混合型-灵活,15.27,0.5y,价值平均法,11.4,27.49,0.957,100.0,5.55,-12.1,15.26
012886,华夏中证光伏产业ETF发起式联接C,指数型-股票,8.74,0.5y,价值平均法,14.3,12.03,0.894,83.3,6.91,-5.54,15.25
022665,鹏华中证A500ETF联接A,指数型-股票,4.77,0.5y,价值平均法,12.05,8.12,1.133,83.3,5.86,-4.29,15.25
002808,泓德优势领航混合,混合型-灵活,16.1,0.5y,价值平均法,11.05,8.6,1.384,83.3,5.38,-6.75,15.24
022454,嘉实中证A500ETF联接C,指数型-股票,11.77,0.5y,价值平均法,11.86,8.28,1.191,83.3,5.76,-5.02,15.24
515600,央企创新ETF广发,指数型-股票,18.12,0.5y,价值平均法,8.27,10.56,1.135,100.0,4.05,-6.49,15.24
022453,嘉实中证A500ETF联接A,指数型-股票,6.04,0.5y,价值平均法,11.82,8.27,1.195,83.3,5.75,-5.08,15.23
015566,万家精选混合C,混合型-偏股,8.75,0.5y,价值平均法,13.73,8.29,0.868,83.3,6.64,-4.22,15.21
022455,招商中证A500ETF发起式联接A,指数型-股票,12.77,0.5y,价值平均法,11.85,8.74,1.164,83.3,5.76,-4.63,15.2
018131,博时ESG量化选股混合C,混合型-偏股,2.35,0.5y,价值平均法,18.86,13.51,0.607,66.7,9.02,1.18,15.19
161728,招商瑞智优选混合(LOF),混合型-灵活,17.04,0.5y,定期定额(周),6.05,3.12,1.498,100.0,2.98,-10.58,15.19
110030,易方达沪深300量化增强A,指数型-股票,9.35,0.5y,价值平均法,11.35,6.66,1.175,83.3,5.52,-4.05,15.18
004959,圆信永丰优悦生活混合,混合型-偏股,3.1,0.5y,价值平均法,22.83,11.84,0.616,50.0,10.83,2.51,15.17
002935,泰康恒泰回报混合C,混合型-灵活,3.19,0.5y,定期定额(月),4.65,1.15,1.159,100.0,2.3,-1.75,15.16
003380,中信保诚至选混合C,混合型-灵活,4.42,0.5y,价值平均法,3.93,1.66,1.393,100.0,1.95,-1.69,15.16
008854,南方内需增长两年股票A,股票型,8.65,0.5y,价值平均法,19.53,9.03,1.311,50.0,9.33,-3.97,15.15
017606,华泰柏瑞轮动精选混合A,混合型-偏股,8.71,0.5y,价值平均法,6.35,7.95,1.47,100.0,3.13,-9.09,15.15
162204,宏利行业精选混合A,混合型-偏股,7.76,0.5y,价值平均法,7.27,8.67,1.273,100.0,3.57,-7.46,15.15
022456,招商中证A500ETF发起式联接C,指数型-股票,17.03,0.5y,价值平均法,11.74,8.74,1.151,83.3,5.71,-4.58,15.13
019432,永赢睿信混合C,混合型-偏股,117.79,0.5y,价值平均法,12.88,12.44,1.253,83.3,6.25,-10.62,15.12
515900,央企创新ETF博时,指数型-股票,37.89,0.5y,价值平均法,7.99,10.53,1.123,100.0,3.92,-6.49,15.11
022469,汇添富中证A500ETF联接A,指数型-股票,3.21,0.5y,价值平均法,11.7,8.31,1.139,83.3,5.69,-4.59,15.1
008592,天弘沪深300指数增强发起A,指数型-股票,7.09,0.5y,价值平均法,11.67,6.95,1.067,83.3,5.68,-3.27,15.09
515800,中证800ETF汇添富,指数型-股票,51.19,0.5y,价值平均法,11.74,8.79,1.145,83.3,5.71,-4.84,15.08
001074,华泰柏瑞量化驱动混合A,混合型-灵活,3.46,0.5y,价值平均法,11.18,7.09,1.186,83.3,5.44,-4.57,15.07
010442,东方红启盛三年持有混合B,混合型-偏股,2.46,0.5y,价值平均法,17.05,10.99,0.94,66.7,8.19,-2.3,15.07
159602,中国A50ETF南方,指数型-股票,5.0,0.5y,价值平均法,15.13,5.17,1.097,66.7,7.3,-2.39,15.05
160140,南方道琼斯美国精选A,指数型-海外股票,3.0,0.5y,价值平均法,13.52,7.51,1.453,66.7,6.55,-3.45,15.05
562570,信创ETF华夏,指数型-股票,5.06,0.5y,价值平均法,14.82,13.93,0.617,83.3,7.15,-2.21,15.05
160311,华夏蓝筹混合(LOF)A,混合型-灵活,19.44,0.5y,价值平均法,12.6,4.86,0.775,83.3,6.11,-1.68,15.03
022470,汇添富中证A500ETF联接C,指数型-股票,3.18,0.5y,价值平均法,11.57,8.31,1.128,83.3,5.63,-4.54,15.02
159588,石油ETF景顺,指数型-股票,14.45,0.5y,价值平均法,8.94,16.13,1.292,100.0,4.38,-14.45,15.02
003494,富国天惠成长混合(LOF)C,混合型-偏股,12.04,0.5y,价值平均法,14.53,12.17,1.521,66.7,7.02,-7.83,15.01
009669,长信量化价值驱动混合C,混合型-偏股,2.13,0.5y,价值平均法,10.28,6.27,1.32,83.3,5.02,-5.68,14.99
008593,天弘沪深300指数增强发起C,指数型-股票,2.97,0.5y,价值平均法,11.5,6.97,1.047,83.3,5.59,-3.19,14.98
016067,鹏华新能源汽车混合A,混合型-偏股,12.49,0.5y,价值平均法,20.34,16.3,0.632,60.0,9.7,0.28,14.98
001247,华泰柏瑞新利混合A,混合型-灵活,12.17,0.5y,定期定额(月),2.59,1.2,1.529,100.0,1.29,-1.91,14.97
017607,华泰柏瑞轮动精选混合C,混合型-偏股,9.97,0.5y,价值平均法,6.07,7.97,1.436,100.0,2.99,-8.95,14.97
011498,富国沪深300基本面精选股票A,股票型,4.07,0.5y,价值平均法,7.62,8.87,1.115,100.0,3.74,-6.72,14.95
100026,富国天合稳健优选混合,混合型-偏股,23.19,0.5y,价值平均法,7.15,10.99,1.228,100.0,3.51,-7.57,14.95
005379,汇添富价值创造定开混合,混合型-偏股,45.55,0.5y,定期定额(周),11.67,4.6,1.051,84.0,5.67,-6.83,14.94
022450,银华中证A500ETF发起式联接A,指数型-股票,4.49,0.5y,价值平均法,11.31,8.17,1.132,83.3,5.5,-4.62,14.93
011162,博时港股通领先趋势混合A,混合型-偏股,11.0,0.5y,价值平均法,17.28,6.92,0.647,66.7,8.3,0.66,14.9
561170,绿色电力ETF富国,指数型-股票,4.22,0.5y,价值平均法,16.57,8.2,0.86,66.7,7.97,-1.21,14.9
011127,富国清洁能源产业混合C,混合型-灵活,2.02,0.5y,价值平均法,10.52,3.32,0.992,83.3,5.13,-2.31,14.89
159697,石油ETF鹏华,指数型-股票,31.24,0.5y,价值平均法,8.66,16.31,1.273,100.0,4.24,-14.4,14.88
562960,绿色电力ETF易方达,指数型-股票,7.99,0.5y,价值平均法,16.52,8.17,0.861,66.7,7.95,-1.25,14.88
017736,融通明锐混合C,混合型-偏股,2.97,0.5y,价值平均法,14.44,15.48,1.333,83.3,6.98,-20.29,14.87
019941,富国洞见价值股票A,股票型,6.74,0.5y,价值平均法,12.3,7.93,0.946,83.3,5.97,-4.38,14.87
001148,申万菱信多策略灵活配置混合A,混合型-灵活,4.66,0.5y,价值平均法,8.06,6.97,0.837,100.0,3.95,-2.82,14.86
001441,易方达瑞信混合I,混合型-灵活,4.63,0.5y,价值平均法,4.93,1.81,1.798,83.3,2.44,-2.4,14.86
005711,永赢惠添利灵活配置混合,混合型-灵活,2.76,0.5y,价值平均法,15.65,11.69,1.315,66.7,7.54,-8.53,14.85
003591,华泰柏瑞享利混合A,混合型-灵活,2.51,0.5y,定期定额(周),2.42,0.26,1.045,96.0,1.2,-1.0,14.84
002833,华夏新锦绣混合A,混合型-灵活,6.52,0.5y,价值平均法,12.78,11.09,0.817,83.3,6.2,-2.46,14.83
020152,中信保诚景气优选混合C,混合型-偏股,7.98,0.5y,定期定额(周),10.89,5.92,1.012,88.0,5.3,-6.82,14.83
512090,MSCIA股ETF易方达,指数型-股票,6.02,0.5y,价值平均法,11.39,7.74,1.028,83.3,5.54,-3.48,14.83
015950,华夏蓝筹混合(LOF)C,混合型-灵活,3.0,0.5y,价值平均法,12.26,4.86,0.74,83.3,5.95,-1.51,14.82
019058,易方达绿色电力ETF联接A,指数型-股票,2.88,0.5y,价值平均法,16.05,7.54,0.893,66.7,7.72,-1.3,14.82
515810,中证800ETF易方达,指数型-股票,5.57,0.5y,价值平均法,14.3,8.79,1.356,66.7,6.91,-5.66,14.82
561700,电力ETF博时,指数型-股票,3.48,0.5y,价值平均法,16.21,8.1,0.904,66.7,7.8,-1.79,14.82
006608,泓德研究优选混合,混合型-偏股,13.75,0.5y,价值平均法,11.01,10.43,1.218,83.3,5.36,-6.25,14.81
002834,华夏新锦绣混合C,混合型-灵活,8.73,0.5y,价值平均法,12.72,11.09,0.811,83.3,6.17,-2.43,14.8
015245,南华丰汇混合A,混合型-偏股,9.67,0.5y,价值平均法,7.23,9.71,1.198,100.0,3.55,-8.78,14.8
016068,鹏华新能源汽车混合C,混合型-偏股,9.9,0.5y,价值平均法,19.93,16.33,0.614,60.0,9.51,0.41,14.8
001724,申万菱信多策略灵活配置混合C,混合型-灵活,6.7,0.5y,价值平均法,7.94,7.0,0.825,100.0,3.9,-2.8,14.79
001015,华夏沪深300指数增强A,指数型-股票,22.81,0.5y,价值平均法,14.15,6.11,1.18,66.7,6.84,-2.77,14.76
011499,富国沪深300基本面精选股票C,股票型,12.2,0.5y,价值平均法,7.27,8.9,1.079,100.0,3.57,-6.56,14.75
515160,MSCI中国ETF招商,指数型-股票,4.18,0.5y,价值平均法,11.23,7.68,1.016,83.3,5.47,-3.44,14.75
512190,浙商之江凤凰ETF,指数型-股票,2.88,0.5y,价值平均法,6.71,10.66,1.262,100.0,3.3,-8.89,14.74
006682,景顺长城中证500指数增强A,指数型-股票,4.18,0.5y,价值平均法,18.15,13.79,0.471,66.7,8.7,2.62,14.73
012557,中欧景气前瞻一年混合A,混合型-偏股,3.62,0.5y,价值平均法,17.72,14.47,0.737,66.7,8.5,-2.3,14.73
017641,摩根标普500指数(QDII)人民币A,指数型-海外股票,36.62,0.5y,价值平均法,14.02,7.03,1.158,66.7,6.78,-1.36,14.73
562550,绿电ETF华夏,指数型-股票,11.89,0.5y,价值平均法,16.24,8.21,0.84,66.7,7.82,-1.17,14.73
009152,南方瑞盛三年混合A,混合型-偏股,3.35,0.5y,价值平均法,7.0,8.94,1.172,100.0,3.44,-8.19,14.72
020406,国泰中证油气产业ETF发起联接C,指数型-股票,6.72,0.5y,价值平均法,7.04,14.74,1.444,100.0,3.46,-14.53,14.72
512990,MSCIA股ETF华夏,指数型-股票,2.08,0.5y,价值平均法,11.24,7.79,0.998,83.3,5.47,-3.29,14.72
019059,易方达绿色电力ETF联接C,指数型-股票,4.05,0.5y,价值平均法,15.86,7.54,0.877,66.7,7.64,-1.23,14.71
001637,嘉实量化精选股票,股票型,3.17,0.5y,价值平均法,14.38,13.31,1.559,66.7,6.95,-11.17,14.7
002091,华泰柏瑞新利混合C,混合型-灵活,9.69,0.5y,定期定额(月),2.49,1.21,1.438,100.0,1.24,-1.86,14.69
019942,富国洞见价值股票C,股票型,3.32,0.5y,价值平均法,11.94,7.96,0.916,83.3,5.8,-4.22,14.68
519979,长信内需成长混合A,混合型-偏股,2.58,0.5y,价值平均法,12.17,12.25,0.884,83.3,5.91,-3.24,14.67
011921,富国均衡成长三年持有期混合A,混合型-偏股,3.81,0.5y,价值平均法,19.9,12.7,1.241,50.0,9.5,-7.34,14.65
159601,A50ETF华夏,指数型-股票,16.99,0.5y,价值平均法,14.41,5.19,1.046,66.7,6.96,-2.29,14.65
021526,南华丰汇混合C,混合型-偏股,9.21,0.5y,价值平均法,6.95,9.72,1.172,100.0,3.42,-8.64,14.64
005544,银华瑞和灵活配置混合A,混合型-灵活,11.52,0.5y,价值平均法,7.43,14.55,1.284,100.0,3.65,-12.87,14.63
011163,博时港股通领先趋势混合C,混合型-偏股,2.74,0.5y,价值平均法,16.74,6.91,0.611,66.7,8.05,0.86,14.63
512950,央企改革ETF华夏,指数型-股票,59.58,0.5y,价值平均法,10.25,8.84,1.181,83.3,5.0,-4.74,14.63
560580,电力ETF南方,指数型-股票,3.03,0.5y,价值平均法,15.88,8.15,0.871,66.7,7.65,-1.67,14.63
019305,摩根标普500指数(QDII)人民币C,指数型-海外股票,14.18,0.5y,价值平均法,13.84,7.05,1.133,66.7,6.7,-1.28,14.61
020151,中信保诚景气优选混合A,混合型-偏股,2.44,0.5y,定期定额(周),11.23,5.91,1.039,84.0,5.47,-7.0,14.61
562000,A100ETF华宝,指数型-股票,4.36,0.5y,价值平均法,14.19,6.84,1.149,66.7,6.86,-3.47,14.58
011252,华安聚嘉精选混合C,混合型-偏股,4.97,0.5y,价值平均法,9.35,12.36,1.647,83.3,4.57,-13.02,14.57
512960,央企结构调整ETF博时,指数型-股票,56.73,0.5y,价值平均法,10.17,8.83,1.168,83.3,4.96,-4.66,14.57
004751,广发鑫和C,混合型-灵活,15.76,0.5y,价值平均法,4.59,0.93,1.479,83.3,2.27,-0.6,14.56
009539,兴业睿进混合A,混合型-偏股,3.12,0.5y,价值平均法,9.97,8.87,1.26,83.3,4.87,-6.39,14.56
018735,华夏中证绿色电力ETF发起式联接C,指数型-股票,5.36,0.5y,价值平均法,15.62,7.51,0.848,66.7,7.52,-1.12,14.56
019144,东财景气驱动混合发起式C,混合型-偏股,10.5,0.5y,价值平均法,15.1,20.93,1.235,83.3,7.28,-22.82,14.56
022448,国泰中证A500ETF发起联接A,指数型-股票,13.6,0.5y,价值平均法,10.67,8.42,1.065,83.3,5.2,-4.35,14.55
001016,华夏沪深300指数增强C,指数型-股票,13.25,0.5y,价值平均法,13.79,6.13,1.143,66.7,6.67,-2.65,14.54
513800,日本东证指数ETF南方,指数型-海外股票,17.16,0.5y,定期定额(周),12.3,7.16,1.033,80.0,5.97,-6.95,14.54
010902,博时成长领航混合A,混合型-灵活,27.04,0.5y,价值平均法,15.97,9.16,0.793,66.7,7.69,-0.6,14.53
018173,华泰柏瑞中证电力全指ETF发起式联接C,指数型-股票,2.83,0.5y,价值平均法,15.2,6.97,0.912,66.7,7.33,-1.81,14.53
161611,融通内需驱动混合A,混合型-偏股,3.98,0.5y,价值平均法,6.5,11.43,1.367,100.0,3.2,-12.73,14.53
561560,电力ETF华泰柏瑞,指数型-股票,28.66,0.5y,价值平均法,15.61,8.15,0.876,66.7,7.52,-1.82,14.52
009011,华夏睿阳一年持有混合,混合型-偏股,7.76,0.5y,定期定额(周),10.6,4.96,0.938,84.0,5.17,-3.68,14.51
014420,中欧成长领航一年持有混合A,混合型-偏股,4.88,0.5y,价值平均法,10.44,9.9,1.192,83.3,5.09,-6.66,14.51
022433,中欧中证A500指数发起C,指数型-股票,8.16,0.5y,价值平均法,13.5,8.26,1.336,66.7,6.53,-5.53,14.51
006809,泰康香港银行指数A,指数型-股票,4.35,0.5y,定期定额(周),11.44,2.46,0.848,76.0,5.56,-1.57,14.5
009548,汇添富中盘价值精选混合A,混合型-偏股,55.12,0.5y,定期定额(周),9.01,3.95,1.146,88.0,4.41,-7.73,14.5
012892,安信优质企业三年持有混合A,混合型-偏股,6.43,0.5y,价值平均法,15.01,5.53,0.936,66.7,7.24,-3.06,14.5
070099,嘉实优质企业混合,混合型-偏股,9.86,0.5y,价值平均法,11.03,13.27,1.136,83.3,5.37,-6.99,14.5
159959,央企ETF银华,指数型-股票,28.97,0.5y,价值平均法,9.98,8.77,1.166,83.3,4.87,-4.68,14.5
016185,广发电力ETF联接A,指数型-股票,6.19,0.5y,价值平均法,15.25,7.26,0.895,66.7,7.35,-1.75,14.49
000566,华泰柏瑞创新升级混合A,混合型-灵活,2.81,0.5y,价值平均法,12.11,12.92,0.865,83.3,5.88,-4.34,14.48
007045,博道沪深300增强C,指数型-股票,13.54,0.5y,价值平均法,13.13,6.95,1.313,66.7,6.36,-4.58,14.47
008375,中欧启航三年混合A,混合型-偏股,5.95,0.5y,价值平均法,10.38,10.22,1.191,83.3,5.06,-6.8,14.46
022449,国泰中证A500ETF发起联接C,指数型-股票,5.6,0.5y,价值平均法,10.53,8.42,1.05,83.3,5.13,-4.29,14.46
022804,中加中证A500指数增强发起式A,指数型-股票,4.06,0.5y,价值平均法,10.06,8.18,1.167,83.3,4.91,-5.52,14.46
005761,招商MSCI中国A股国际ETF联接A,指数型-股票,3.41,0.5y,价值平均法,10.51,7.32,0.992,83.3,5.12,-3.24,14.45
001763,广发多策略混合,混合型-灵活,4.52,0.5y,价值平均法,11.83,11.62,0.798,83.3,5.75,-2.32,14.44
004716,中信保诚量化阿尔法股票A,股票型,4.83,0.5y,价值平均法,10.44,7.0,0.989,83.3,5.09,-3.1,14.44
021822,景顺长城国证石油天然气ETF发起式联接基金A,指数型-股票,3.5,0.5y,价值平均法,6.77,12.73,1.304,100.0,3.33,-13.08,14.43
159758,红利质量ETF华夏,指数型-股票,14.3,0.5y,定期定额(周),9.19,3.59,0.977,88.0,4.49,-5.39,14.43
002233,工银丰收回报灵活配置混合C,混合型-灵活,3.0,0.5y,价值平均法,5.28,9.25,1.367,100.0,2.61,-9.55,14.42
012535,万家全球成长一年持有期混合(QDII)A,QDII-混合偏股,6.43,0.5y,价值平均法,16.92,11.66,0.593,66.7,8.13,0.56,14.42
159565,汽车零部件ETF易方达,指数型-股票,2.04,0.5y,价值平均法,14.76,14.03,1.32,66.7,7.13,-9.29,14.42
006196,华夏中证央企ETF联接A,指数型-股票,3.26,0.5y,价值平均法,9.66,8.39,1.169,83.3,4.72,-4.53,14.41
166020,中欧成长优选混合A,混合型-灵活,3.74,0.5y,定期定额(周),4.0,2.8,1.49,100.0,1.98,-10.12,14.4
513500,标普500ETF博时,指数型-海外股票,209.41,0.5y,价值平均法,13.81,7.75,1.076,66.7,6.68,-1.52,14.4
001891,中欧成长优选混合E,混合型-灵活,3.02,0.5y,定期定额(周),3.99,2.8,1.49,100.0,1.98,-10.12,14.39
015190,汇添富行业整合混合C,混合型-偏股,3.64,0.5y,价值平均法,6.17,9.89,1.175,100.0,3.04,-8.42,14.38
016186,广发电力ETF联接C,指数型-股票,17.68,0.5y,价值平均法,15.06,7.27,0.878,66.7,7.27,-1.67,14.38
159611,电力ETF广发,指数型-股票,66.88,0.5y,价值平均法,15.35,8.16,0.853,66.7,7.4,-1.7,14.38
163803,中银持续增长混合A,混合型-偏股,14.87,0.5y,价值平均法,9.41,9.79,1.399,83.3,4.6,-9.37,14.38
006551,中庚价值领航混合,混合型-偏股,50.2,0.5y,定期定额(周),5.85,4.01,1.402,96.0,2.88,-10.72,14.37
021823,景顺长城国证石油天然气ETF发起式联接基金C,指数型-股票,5.54,0.5y,价值平均法,6.65,12.74,1.296,100.0,3.27,-13.01,14.37
009576,东方红智远三年持有混合,混合型-偏股,21.22,0.5y,价值平均法,15.95,11.56,0.769,66.7,7.68,-0.92,14.36
501070,广发睿阳三年定开混合,混合型-偏股,4.28,0.5y,价值平均法,9.61,9.72,1.285,83.3,4.7,-7.39,14.36
009872,中欧责任投资混合A,混合型-偏股,21.48,0.5y,价值平均法,10.3,9.83,1.113,83.3,5.02,-5.97,14.33
010903,博时成长领航混合C,混合型-灵活,3.9,0.5y,价值平均法,15.61,9.19,0.761,66.7,7.52,-0.44,14.33
012893,安信优质企业三年持有混合C,混合型-偏股,2.87,0.5y,价值平均法,14.69,5.54,0.911,66.7,7.09,-2.93,14.33
012744,光大品质生活混合A,混合型-偏股,3.48,0.5y,定期定额(周),11.21,3.48,1.035,76.0,5.45,-4.4,14.32
018064,华夏标普500ETF发起式联接(QDII)A(人民币),指数型-海外股票,3.39,0.5y,价值平均法,13.61,7.17,1.045,66.7,6.59,-1.04,14.32
022805,中加中证A500指数增强发起式C,指数型-股票,2.31,0.5y,价值平均法,9.82,8.2,1.141,83.3,4.79,-5.41,14.32
009549,汇添富中盘价值精选混合C,混合型-偏股,10.3,0.5y,定期定额(周),8.68,3.97,1.115,88.0,4.25,-7.56,14.31
022429,天弘中证A500ETF联接C,指数型-股票,8.31,0.5y,价值平均法,13.19,8.26,1.294,66.7,6.39,-5.31,14.31
377020,摩根内需动力混合A,混合型-偏股,17.41,0.5y,价值平均法,6.39,6.78,1.009,100.0,3.15,-6.38,14.31
006810,泰康香港银行指数C,指数型-股票,2.92,0.5y,定期定额(周),11.15,2.46,0.813,76.0,5.43,-1.44,14.3
019522,景顺长城价值发现混合A2,混合型-偏股,2.53,0.5y,定期定额(周),12.51,4.11,1.063,72.0,6.07,-5.43,14.3
022443,工银中证A500ETF联接C,指数型-股票,4.5,0.5y,价值平均法,13.08,8.18,1.312,66.7,6.34,-5.43,14.3
161219,国投瑞银新兴产业混合(LOF)A,混合型-灵活,3.57,0.5y,价值平均法,10.53,7.99,0.92,83.3,5.13,-2.77,14.3
010413,财通资管宸瑞一年持有混合A,混合型-偏股,4.29,0.5y,价值平均法,13.54,13.95,1.422,66.7,6.55,-8.69,14.29
014543,汇添富中证沪港深云计算产业ETF联接A,指数型-股票,4.46,0.5y,价值平均法,15.7,8.28,1.01,66.7,7.57,-7.84,14.29
018738,博时标普500ETF联接E(人民币),指数型-海外股票,16.31,0.5y,价值平均法,13.25,7.32,1.115,66.7,6.42,-1.72,14.29
050025,博时标普500ETF联接A,指数型-海外股票,59.27,0.5y,价值平均法,13.26,7.32,1.116,66.7,6.42,-1.72,14.29
513650,标普500ETF南方,指数型-海外股票,45.75,0.5y,价值平均法,13.53,7.8,1.077,66.7,6.55,-1.63,14.28
159577,美国50ETF汇添富,指数型-海外股票,7.18,0.5y,价值平均法,21.69,7.97,1.089,33.3,10.31,0.79,14.27
022460,易方达中证A500ETF联接C,指数型-股票,22.39,0.5y,价值平均法,13.04,8.26,1.285,66.7,6.32,-5.27,14.24
560510,中证A500ETF泰康,指数型-股票,31.27,0.5y,价值平均法,13.31,8.63,1.262,66.7,6.45,-5.48,14.24
016440,华夏中证红利质量ETF发起式联接A,指数型-股票,3.41,0.5y,定期定额(周),8.67,3.42,0.955,88.0,4.25,-5.04,14.23
014544,汇添富中证沪港深云计算产业ETF联接C,指数型-股票,6.86,0.5y,价值平均法,15.55,8.29,1.002,66.7,7.5,-7.77,14.22
750001,安信灵活配置混合A,混合型-灵活,15.29,0.5y,定期定额(周),2.96,1.83,1.587,100.0,1.47,-11.11,14.22
001746,易方达瑞富灵活配置混合E,混合型-灵活,4.34,0.5y,定期定额(周),2.7,0.34,0.861,96.0,1.34,-0.97,14.21
013179,广发国证新能源车电池ETF联接A,指数型-股票,4.74,0.5y,价值平均法,16.11,9.03,0.592,66.7,7.75,0.24,14.17
019521,景顺长城价值发现混合A1,混合型-偏股,3.49,0.5y,定期定额(周),12.29,4.12,1.042,72.0,5.97,-5.31,14.17
159713,稀土ETF富国,指数型-股票,9.62,0.5y,价值平均法,12.32,21.74,0.956,83.3,5.98,-9.76,14.17
159715,稀土ETF易方达,指数型-股票,5.49,0.5y,价值平均法,12.33,21.72,0.959,83.3,5.99,-9.82,14.17
003693,大成景尚灵活配置混合C,混合型-灵活,42.98,0.5y,定期定额(月),2.25,1.03,1.231,100.0,1.12,-1.4,14.16
008290,华安现代生活混合,混合型-偏股,2.04,0.5y,价值平均法,9.91,12.26,1.279,83.3,4.84,-10.06,14.15
006075,博时标普500ETF联接C,指数型-海外股票,12.41,0.5y,价值平均法,13.04,7.34,1.087,66.7,6.32,-1.63,14.14
021991,中加专精特新量化选股混合发起式C,混合型-偏股,7.3,0.5y,定期定额(周),10.36,5.38,0.929,84.0,5.05,-5.91,14.14
165531,中信保诚多策略混合(LOF)A,混合型-灵活,10.84,0.5y,定期定额(周),9.1,5.26,0.973,88.0,4.45,-6.19,14.14
011271,汇添富价值成长均衡投资混合A,混合型-偏股,10.73,0.5y,定期定额(周),13.1,4.34,0.841,72.0,6.35,-3.61,14.13
240002,华宝宝康配置混合,混合型-灵活,3.75,0.5y,价值平均法,10.42,2.85,1.319,66.7,5.08,-2.41,14.11
005481,银华瑞泰灵活配置混合,混合型-灵活,2.54,0.5y,价值平均法,9.31,6.26,1.166,83.3,4.55,-6.97,14.1
011733,银华瑞祥一年持有期混合,混合型-偏股,2.41,0.5y,价值平均法,8.96,5.75,1.198,83.3,4.39,-6.7,14.1
017978,信澳优享生活混合C,混合型-偏股,3.22,0.5y,定期定额(周),13.22,7.74,0.781,76.0,6.41,-4.33,14.09
000538,诺安优势行业混合A,混合型-灵活,2.99,0.5y,价值平均法,23.72,17.88,0.955,33.3,11.23,-2.01,14.08
017436,华宝纳斯达克精选股票发起式(QDII)A,QDII-普通股票,39.51,0.5y,价值平均法,23.07,10.02,0.8,33.3,10.93,2.13,14.08
011264,中欧新趋势混合X,混合型-偏股,11.91,0.5y,价值平均法,9.79,14.28,1.308,83.3,4.78,-10.95,14.07
012322,东财云计算增强C,指数型-股票,3.53,0.5y,价值平均法,11.53,11.05,1.059,83.3,5.61,-11.52,14.07
022385,华夏中证信息技术应用创新产业ETF发起式联接C,指数型-股票,2.09,0.5y,价值平均法,12.48,13.36,0.539,83.3,6.06,-1.63,14.07
002363,华安安康灵活配置混合A,混合型-灵活,15.87,0.5y,定期定额(月),3.03,2.73,1.302,100.0,1.5,-4.73,14.06
009873,中欧责任投资混合C,混合型-偏股,7.42,0.5y,价值平均法,9.83,9.88,1.068,83.3,4.8,-5.76,14.06
012390,中欧产业前瞻混合A,混合型-偏股,10.0,0.5y,价值平均法,16.21,14.73,0.669,66.7,7.8,-1.87,14.05
023177,安信灵活配置混合C,混合型-灵活,4.88,0.5y,定期定额(周),2.75,1.84,1.557,100.0,1.36,-10.99,14.05
018329,泉果思源三年持有期混合A,混合型-偏股,25.04,0.5y,价值平均法,10.01,6.21,0.93,83.3,4.89,-4.48,14.03
022223,泉果消费机遇混合发起式A,混合型-偏股,4.78,0.5y,价值平均法,10.76,9.33,0.839,83.3,5.24,-3.91,14.03
163801,中银中国混合(LOF)A,混合型-灵活,5.76,0.5y,价值平均法,13.7,12.25,1.2,66.7,6.63,-6.59,14.03
022424,广发中证A500ETF联接A,指数型-股票,27.15,0.5y,价值平均法,12.72,8.24,1.233,66.7,6.17,-4.96,14.02
001139,华安新动力灵活配置混合A,混合型-灵活,2.3,0.5y,定期定额(月),3.68,0.44,1.105,83.3,1.82,-0.5,14.0
004192,招商中证500指数增强A,指数型-股票,6.24,0.5y,价值平均法,12.44,12.87,1.534,66.7,6.04,-10.69,13.98
010334,华夏核心资产混合C,混合型-偏股,2.78,0.5y,价值平均法,10.37,12.33,0.938,83.3,5.06,-4.92,13.98
159625,绿色电力ETF嘉实,指数型-股票,30.94,0.5y,价值平均法,14.36,8.02,0.836,66.7,6.94,-1.69,13.98
018561,中信保诚多策略混合(LOF)C,混合型-灵活,15.75,0.5y,定期定额(周),8.77,5.27,0.943,88.0,4.3,-6.02,13.96
240014,华宝中证A100ETF联接A,指数型-股票,3.76,0.5y,价值平均法,12.83,6.49,1.085,66.7,6.22,-3.12,13.96
017437,华宝纳斯达克精选股票发起式(QDII)C,QDII-普通股票,51.75,0.5y,价值平均法,22.79,10.05,0.781,33.3,10.81,2.22,13.93
020384,金信转型创新成长混合发起式C,混合型-灵活,4.49,0.5y,价值平均法,16.62,24.11,0.231,66.7,7.99,7.16,13.92
016322,嘉实安益混合A,混合型-灵活,2.05,0.5y,定期定额(月),1.94,1.02,1.217,100.0,0.97,-2.06,13.9
009264,泓德瑞兴三年持有期混合,混合型-偏股,18.16,0.5y,价值平均法,9.27,10.35,1.09,83.3,4.53,-5.97,13.88
021990,中加专精特新量化选股混合发起式A,混合型-偏股,2.17,0.5y,定期定额(周),10.59,5.38,0.947,80.0,5.16,-6.03,13.87
007721,天弘标普500发起(QDII-FOF)A,QDII-FOF,22.29,0.5y,价值平均法,12.2,7.1,1.094,66.7,5.92,-1.58,13.86
014449,富国融丰两年定期开放混合A,混合型-偏股,2.03,0.5y,价值平均法,5.66,8.8,0.983,100.0,2.79,-7.1,13.86
159890,云计算ETF招商,指数型-股票,5.82,0.5y,价值平均法,11.19,11.47,1.003,83.3,5.44,-11.09,13.84
012607,汇添富保鑫灵活配置混合C,混合型-灵活,4.98,0.5y,定期定额(月),2.87,1.09,0.955,100.0,1.43,-0.94,13.82
008138,富国龙头优势混合A,混合型-偏股,3.99,0.5y,价值平均法,14.4,12.71,1.002,66.7,6.96,-6.31,13.81
510170,大宗商品ETF国联安,指数型-股票,6.25,0.5y,价值平均法,6.05,17.06,1.231,100.0,2.98,-14.51,13.81
004010,华泰柏瑞鼎利灵活配置混合A,混合型-灵活,47.55,0.5y,定期定额(周),1.81,0.51,1.051,100.0,0.9,-1.7,13.8
016492,南方均衡成长混合A,混合型-偏股,5.05,0.5y,价值平均法,9.12,10.23,1.096,83.3,4.46,-6.42,13.8
512760,芯片ETF国泰,指数型-股票,87.13,0.5y,价值平均法,14.28,57.63,-0.08,60.0,6.9,29.5,13.8
011246,嘉实阿尔法优选混合A,混合型-偏股,12.49,0.5y,价值平均法,9.26,9.89,1.043,83.3,4.53,-5.71,13.79
163808,中银中证A100指数增强,指数型-股票,3.76,0.5y,价值平均法,12.37,6.49,1.091,66.7,6.0,-3.28,13.78
004997,广发高端制造股票A,股票型,36.87,0.5y,价值平均法,11.07,8.65,0.585,83.3,5.39,-1.49,13.77
010481,汇添富高质量成长精选2年持有混合,混合型-偏股,12.84,0.5y,定期定额(周),12.65,4.3,0.723,72.0,6.14,-2.49,13.77
015387,中欧沪深300指数增强A,指数型-股票,3.74,0.5y,价值平均法,8.57,7.0,1.055,83.3,4.2,-4.41,13.77
003592,华泰柏瑞享利混合C,混合型-灵活,7.28,0.5y,定期定额(周),2.28,0.26,0.845,92.0,1.13,-0.91,13.76
007722,天弘标普500发起(QDII-FOF)C,QDII-FOF,14.8,0.5y,价值平均法,12.04,7.12,1.071,66.7,5.85,-1.52,13.75
000925,汇添富外延增长股票A,股票型,29.5,0.5y,价值平均法,5.13,9.55,1.085,100.0,2.53,-8.79,13.74
007519,东方阿尔法优选混合C,混合型-偏股,5.65,0.5y,定期定额(周),18.89,7.22,1.099,48.0,9.04,-9.42,13.74
018130,博时ESG量化选股混合A,混合型-偏股,6.35,0.5y,价值平均法,19.32,13.47,0.642,50.0,9.23,0.89,13.74
159527,云计算ETF广发,指数型-股票,2.6,0.5y,价值平均法,10.99,11.48,0.99,83.3,5.35,-11.0,13.74
002364,华安安康灵活配置混合C,混合型-灵活,3.41,0.5y,定期定额(月),2.71,2.77,1.219,100.0,1.35,-4.57,13.73
005275,中欧创新成长灵活配置混合A,混合型-灵活,16.56,0.5y,价值平均法,9.1,9.84,1.039,83.3,4.45,-5.76,13.72
018504,景顺长城周期优选混合A,混合型-偏股,30.24,0.5y,定期定额(周),5.1,4.82,1.322,100.0,2.52,-15.79,13.72
000573,天弘通利混合A,混合型-灵活,4.59,0.5y,价值平均法,7.37,8.29,1.368,83.3,3.62,-7.93,13.71
009726,招商中证500等权重指数增强A,指数型-股票,4.78,0.5y,价值平均法,8.74,11.91,1.207,83.3,4.28,-8.46,13.71
217027,招商央视财经50指数A,指数型-股票,4.64,0.5y,定期定额(周),8.39,2.52,0.965,80.0,4.11,-3.05,13.71
000313,华安沪深300增强C,指数型-股票,5.83,0.5y,价值平均法,13.1,6.97,0.874,66.7,6.35,-1.32,13.68
200007,长城安心回报混合A,混合型-灵活,7.86,0.5y,价值平均法,8.98,9.45,1.019,83.3,4.4,-5.29,13.68
003630,摩根全球多元配置(QDII-FOF)美元现钞,QDII-混合平衡,6.17,0.5y,定期定额(周),7.37,2.67,1.134,80.0,3.62,-3.05,13.66
003631,摩根全球多元配置(QDII-FOF)美元现汇,QDII-混合平衡,6.17,0.5y,定期定额(周),7.37,2.67,1.134,80.0,3.62,-3.05,13.66
004881,中银沪深300指数增强A,指数型-股票,5.49,0.5y,价值平均法,11.9,5.69,1.094,66.7,5.78,-3.27,13.66
006532,华泰柏瑞量化阿尔法C,混合型-灵活,7.86,0.5y,价值平均法,13.67,13.48,1.067,66.7,6.62,-6.71,13.65
010160,广发高端制造股票C,股票型,6.6,0.5y,价值平均法,10.82,8.67,0.567,83.3,5.27,-1.39,13.65
161628,融通中证云计算与大数据主题指数(LOF)A,指数型-股票,5.23,0.5y,价值平均法,10.5,10.87,1.023,83.3,5.12,-11.18,13.64
016978,博时均衡优选混合A,混合型-偏股,4.75,0.5y,价值平均法,8.7,7.9,1.081,83.3,4.26,-6.78,13.62
018505,景顺长城周期优选混合C,混合型-偏股,45.61,0.5y,定期定额(周),4.9,4.83,1.308,100.0,2.42,-15.67,13.62
164905,交银国证新能源指数(LOF)A,指数型-股票,2.97,0.5y,价值平均法,10.28,5.71,0.609,83.3,5.02,-1.86,13.62
005680,财通资管价值成长混合A,混合型-灵活,12.74,0.5y,价值平均法,8.64,13.84,1.18,83.3,4.23,-8.35,13.59
020268,宏利睿智成长混合C,混合型-偏股,2.26,0.5y,价值平均法,8.25,7.56,1.099,83.3,4.04,-5.96,13.59
003187,嘉实安益混合C,混合型-灵活,11.74,0.5y,定期定额(月),1.81,1.03,1.119,100.0,0.9,-2.0,13.58
050002,博时沪深300指数A,指数型-股票,43.41,0.5y,价值平均法,8.57,5.69,0.91,83.3,4.19,-3.29,13.58
516510,云计算ETF易方达,指数型-股票,23.31,0.5y,价值平均法,10.56,11.49,1.01,83.3,5.15,-11.6,13.57
002639,天弘价值精选混合发起A,混合型-灵活,3.56,0.5y,定期定额(月),2.47,0.95,0.911,100.0,1.23,-1.01,13.56
519095,新华行业周期轮换混合A,混合型-偏股,2.42,0.5y,价值平均法,5.59,19.22,1.793,100.0,2.76,-29.4,13.56
015388,中欧沪深300指数增强C,指数型-股票,2.93,0.5y,价值平均法,8.22,7.04,1.013,83.3,4.03,-4.25,13.55
004750,广发鑫和A,混合型-灵活,10.31,0.5y,定期定额(月),4.8,0.9,1.679,66.7,2.37,-0.7,13.54
014130,融通中证云计算与大数据主题指数(LOF)C,指数型-股票,6.93,0.5y,价值平均法,10.25,10.89,1.011,83.3,5.0,-11.06,13.53
910004,东方红启恒三年持有混合A,混合型-偏股,5.92,0.5y,价值平均法,9.91,12.2,0.754,83.3,4.84,-3.2,13.53
021851,中银沪深300指数增强E,指数型-股票,3.83,0.5y,价值平均法,11.68,5.71,1.068,66.7,5.68,-3.17,13.52
165312,建信央视财经50指数(LOF),指数型-股票,3.34,0.5y,定期定额(周),8.82,2.63,0.988,76.0,4.32,-3.09,13.52
001528,诺安先进制造股票A,股票型,3.02,0.5y,价值平均法,7.91,7.05,1.094,83.3,3.88,-5.48,13.51
009951,广发稳健回报混合A,混合型-平衡,30.35,0.5y,价值平均法,7.64,6.57,1.084,83.3,3.75,-4.35,13.51
009108,富国红利精选混合(QDII)人民币,QDII-混合偏股,12.79,0.5y,定期定额(周),3.68,3.59,1.137,100.0,1.82,-8.55,13.48
002385,博时沪深300指数C,指数型-股票,7.17,0.5y,价值平均法,8.39,5.71,0.893,83.3,4.11,-3.24,13.47
005276,中欧创新成长灵活配置混合C,混合型-灵活,15.14,0.5y,价值平均法,8.62,9.88,0.993,83.3,4.22,-5.55,13.45
007143,国投瑞银沪深300指数量化增强A,指数型-股票,5.82,0.5y,价值平均法,11.11,5.76,1.143,66.7,5.41,-3.59,13.44
009060,南方沪深300增强C,指数型-股票,2.24,0.5y,价值平均法,10.33,6.31,1.387,66.7,5.04,-6.38,13.44
009727,招商中证500等权重指数增强C,指数型-股票,4.52,0.5y,价值平均法,8.25,11.95,1.165,83.3,4.04,-8.24,13.44
011058,景顺长城成长龙头一年持有混合A,混合型-偏股,17.67,0.5y,价值平均法,8.54,11.84,1.035,83.3,4.18,-6.12,13.44
013616,广发睿智两年持有期混合发起式A,混合型-偏股,3.66,0.5y,价值平均法,9.36,9.22,0.78,83.3,4.58,-3.32,13.43
017853,易方达云计算ETF联接A,指数型-股票,2.62,0.5y,价值平均法,10.02,10.87,0.997,83.3,4.89,-10.85,13.43
512720,计算机ETF国泰,指数型-股票,6.77,0.5y,价值平均法,10.69,12.27,0.604,83.3,5.21,-3.29,13.43
516150,稀土ETF嘉实,指数型-股票,82.12,0.5y,价值平均法,10.57,21.9,0.885,83.3,5.15,-9.23,13.42
000176,嘉实沪深300指数研究增强A,指数型-股票,12.44,0.5y,价值平均法,8.38,6.95,0.903,83.3,4.1,-3.47,13.41
004011,华泰柏瑞鼎利灵活配置混合C,混合型-灵活,106.81,0.5y,定期定额(周),1.68,0.52,0.936,100.0,0.84,-1.63,13.41
011189,建信智汇优选一年持有期混合(MOM),混合型-偏股,10.3,0.5y,价值平均法,9.15,8.56,0.765,83.3,4.47,-2.61,13.4
519183,万家双引擎灵活配置混合A,混合型-灵活,17.67,0.5y,定期定额(周),4.14,5.91,1.629,100.0,2.05,-22.61,13.4
481006,工银红利混合,混合型-偏股,3.19,0.5y,价值平均法,8.64,15.29,1.075,83.3,4.23,-7.71,13.38
501186,华夏兴融混合(LOF)A,混合型-灵活,4.72,0.5y,定期定额(周),4.4,1.91,1.199,88.0,2.17,-4.14,13.38
000418,景顺长城成长之星股票A,股票型,19.5,0.5y,价值平均法,18.5,9.36,0.443,50.0,8.86,3.78,13.36
009952,广发稳健回报混合C,混合型-平衡,4.28,0.5y,价值平均法,7.41,6.59,1.053,83.3,3.64,-4.26,13.35
002021,华夏回报二号混合,混合型-平衡,35.17,0.5y,定期定额(周),5.92,1.76,0.979,84.0,2.92,-2.49,13.34
010994,博时创新经济混合A,混合型-偏股,3.83,0.5y,价值平均法,3.76,10.58,1.455,100.0,1.86,-16.93,13.33
001231,银华泰利灵活配置混合A,混合型-灵活,2.85,0.5y,定期定额(周),2.37,0.35,0.647,96.0,1.18,-0.97,13.32
519772,交银新生活力灵活配置混合A,混合型-灵活,27.69,0.5y,价值平均法,11.77,7.1,1.038,66.7,5.72,-3.94,13.32
017057,嘉实国证绿色电力ETF发起联接C,指数型-股票,11.72,0.5y,价值平均法,13.02,7.38,0.73,66.7,6.31,-0.96,13.31
020199,万家双引擎灵活配置混合C,混合型-灵活,18.86,0.5y,定期定额(周),3.92,5.91,1.615,100.0,1.94,-22.46,13.3
515360,沪深300ETF方正富邦,指数型-股票,2.38,0.5y,价值平均法,11.49,6.44,1.024,66.7,5.59,-3.04,13.3
519759,交银周期回报灵活配置混合C,混合型-灵活,2.06,0.5y,价值平均法,3.27,1.67,0.772,100.0,1.62,-1.65,13.3
002593,富国美丽中国混合A,混合型-偏股,7.53,0.5y,价值平均法,11.67,14.82,1.25,66.7,5.67,-7.49,13.29
121002,国投瑞银景气行业混合,混合型-灵活,6.06,0.5y,定期定额(周),6.09,4.2,1.162,88.0,3.0,-8.36,13.29
163302,大摩资源优选混合(LOF),混合型-灵活,4.75,0.5y,价值平均法,7.74,10.37,1.128,83.3,3.8,-7.24,13.28
011059,景顺长城成长龙头一年持有混合C,混合型-偏股,2.23,0.5y,价值平均法,8.2,11.88,1.002,83.3,4.02,-5.96,13.25
001236,博时丝路主题股票A,股票型,4.32,0.5y,价值平均法,9.43,14.73,0.802,83.3,4.61,-5.23,13.24
001324,华宝新价值混合,混合型-灵活,2.38,0.5y,价值平均法,11.29,6.12,1.004,66.7,5.49,-2.63,13.24
009697,华夏成长精选6个月定开混合A,混合型-偏股,3.24,0.5y,价值平均法,17.6,6.36,0.488,50.0,8.44,2.8,13.21
121006,国投瑞银稳健增长混合,混合型-偏股,8.13,0.5y,定期定额(周),6.49,4.09,1.255,84.0,3.2,-9.39,13.19
519170,浦银安盛增长动力混合A,混合型-灵活,5.66,0.5y,定期定额(周),6.86,4.94,0.945,88.0,3.37,-6.59,13.18
011035,嘉实中证稀土产业ETF联接A,指数型-股票,14.13,0.5y,价值平均法,9.82,20.75,0.884,83.3,4.8,-9.0,13.17
011704,东方阿尔法产业先锋混合A,混合型-偏股,6.33,0.5y,价值平均法,11.71,18.26,0.27,80.0,5.69,2.71,13.17
022309,国联沪深300指数增强A,指数型-股票,2.42,0.5y,价值平均法,7.76,6.18,0.883,83.3,3.81,-3.33,13.17
163110,申万菱信量化小盘股票(LOF)A,股票型,2.52,0.5y,价值平均法,8.09,11.51,1.042,83.3,3.97,-7.56,13.15
159998,计算机ETF天弘,指数型-股票,21.01,0.5y,价值平均法,10.06,12.46,0.557,83.3,4.91,-2.84,13.12
005937,工银精选金融地产混合A,混合型-偏股,6.91,0.5y,定期定额(周),4.63,2.68,0.767,96.0,2.29,-3.84,13.1
010611,万家战略发展产业混合A,混合型-偏股,5.93,0.5y,定期定额(周),3.99,7.26,1.69,100.0,1.98,-26.35,13.1
166005,中欧价值发现混合A,混合型-偏股,20.85,0.5y,定期定额(周),2.65,2.96,1.346,96.0,1.31,-9.79,13.09
008985,东方红启东三年持有混合,混合型-灵活,39.5,0.5y,价值平均法,9.24,12.34,0.639,83.3,4.52,-2.4,13.07
159336,央企红利ETF融通,指数型-股票,5.5,0.5y,定期定额(周),4.43,3.18,0.906,96.0,2.19,-6.21,13.07
360001,光大量化股票A,股票型,13.1,0.5y,定期定额(周),7.06,4.44,1.019,84.0,3.47,-6.63,13.07
005613,摩根富时发达市场REITs指数(QDII)人民币A,指数型-海外股票,2.75,0.5y,价值平均法,12.24,8.01,1.52,50.0,5.94,-3.27,13.06
012374,富国稳健恒盛12个月持有混合C,混合型-偏股,2.09,0.5y,定期定额(周),17.34,4.81,0.493,48.0,8.32,2.38,13.06
015633,中金景气驱动混合发起A,混合型-偏股,2.4,0.5y,价值平均法,10.72,6.12,1.039,66.7,5.22,-3.17,13.05
022670,招商中证A500指数增强发起式A,指数型-股票,2.19,0.5y,价值平均法,7.21,9.46,1.069,83.3,3.54,-6.33,13.05
011705,东方阿尔法产业先锋混合C,混合型-偏股,2.38,0.5y,价值平均法,11.39,18.28,0.255,80.0,5.54,2.82,13.03
017090,景顺长城能源基建混合C,混合型-偏股,3.45,0.5y,定期定额(周),1.82,3.11,1.397,100.0,0.9,-12.56,12.99
002001,华夏回报混合A,混合型-灵活,82.8,0.5y,定期定额(周),5.39,1.73,0.929,84.0,2.66,-2.47,12.98
960002,华夏回报混合H,混合型-灵活,95.56,0.5y,定期定额(周),5.39,1.73,0.929,84.0,2.66,-2.47,12.98
001128,宝盈新兴产业混合A,混合型-灵活,5.44,0.5y,价值平均法,8.16,13.29,1.012,83.3,4.0,-8.65,12.97
010612,万家战略发展产业混合C,混合型-偏股,12.34,0.5y,定期定额(周),3.72,7.26,1.674,100.0,1.84,-26.16,12.97
019593,嘉实中证国新央企现代能源ETF联接C,指数型-股票,3.45,0.5y,价值平均法,3.86,9.94,0.86,100.0,1.91,-6.22,12.96
110025,易方达资源行业混合,混合型-偏股,32.64,0.5y,定期定额(周),5.2,7.6,1.399,96.0,2.57,-20.94,12.96
012993,汇添富品牌力一年持有混合A,混合型-偏股,2.9,0.5y,定期定额(周),3.52,3.87,0.929,100.0,1.75,-7.97,12.94
000746,招商行业精选股票基金,股票型,34.12,0.5y,定期定额(周),2.42,4.35,1.417,96.0,1.2,-11.68,12.93
014279,汇添富北交所创新精选两年定开混合A,混合型-偏股,2.7,0.5y,价值平均法,10.4,19.11,0.235,83.3,5.07,2.62,12.93
016935,景顺长城中证500指数增强C,指数型-股票,5.07,0.5y,价值平均法,17.89,13.8,0.457,50.0,8.58,2.71,12.93
159300,沪深300ETF富国,指数型-股票,9.85,0.5y,价值平均法,10.93,6.58,0.949,66.7,5.32,-2.77,12.92
014203,鹏扬产业趋势一年持有混合A,混合型-偏股,2.35,0.5y,定期定额(周),6.67,3.92,1.014,84.0,3.28,-7.03,12.91
539003,建信富时100指数(QDII)A人民币,指数型-海外股票,7.22,0.5y,定期定额(周),3.75,4.14,1.144,92.0,1.86,-6.46,12.91
562850,央企能源ETF嘉实,指数型-股票,4.48,0.5y,价值平均法,3.96,10.68,0.829,100.0,1.96,-6.27,12.91
011061,广发安悦回报混合C,混合型-灵活,2.2,0.5y,定期定额(月),1.98,1.12,0.792,100.0,0.99,-1.4,12.89
014332,华泰柏瑞中证稀土产业ETF发起式联接C,指数型-股票,4.84,0.5y,价值平均法,9.08,20.59,0.876,83.3,4.44,-9.05,12.88
017860,景顺长城致远混合A,混合型-偏股,5.38,0.5y,价值平均法,7.33,8.01,0.89,83.3,3.6,-4.31,12.87
019827,鹏华国证石油天然气ETF联接A,指数型-股票,3.84,0.5y,价值平均法,3.59,14.03,1.099,100.0,1.78,-12.06,12.85
012373,富国稳健恒盛12个月持有混合A,混合型-偏股,3.87,0.5y,定期定额(周),17.69,4.82,0.518,44.0,8.48,2.22,12.84
159885,碳中和ETF鹏华,指数型-股票,2.2,0.5y,价值平均法,9.17,6.81,0.425,83.3,4.48,-0.36,12.84
008238,中泰沪深300增强A,指数型-股票,2.87,0.5y,价值平均法,10.6,6.21,0.939,66.7,5.17,-2.39,12.83
004232,中欧价值发现混合C,混合型-偏股,7.16,0.5y,定期定额(周),2.23,2.97,1.292,96.0,1.11,-9.55,12.81
159612,标普500ETF国泰,指数型-海外股票,7.45,0.5y,价值平均法,13.93,7.76,1.09,50.0,6.74,-1.55,12.8
160926,大成创业板两年定开混合A,混合型-偏股,5.57,0.5y,价值平均法,11.54,5.71,0.744,66.7,5.61,-1.68,12.8
001630,天弘中证计算机ETF联接C,指数型-股票,8.4,0.5y,价值平均法,9.24,11.87,0.541,83.3,4.52,-2.8,12.79
019828,鹏华国证石油天然气ETF联接C,指数型-股票,17.12,0.5y,价值平均法,3.47,14.05,1.089,100.0,1.72,-12.0,12.79
202801,南方全球精选配置股票(QDII-FOF)A,QDII-普通股票,20.7,0.5y,价值平均法,6.51,6.25,0.893,83.3,3.21,-2.62,12.79
008954,安信价值回报三年持有混合A,混合型-偏股,5.91,0.5y,价值平均法,15.0,5.84,0.914,50.0,7.24,-2.82,12.77
021978,中欧中证细分化工产业主题指数发起C,指数型-股票,3.54,0.5y,价值平均法,3.37,13.68,1.136,100.0,1.67,-13.1,12.76
563000,中国A50ETF易方达,指数型-股票,21.15,0.5y,价值平均法,13.99,5.2,1.016,50.0,6.76,-2.21,12.75
022461,华商中证A500指数增强A,指数型-股票,6.75,0.5y,价值平均法,6.87,9.96,1.0,83.3,3.38,-6.36,12.74
260112,景顺长城能源基建混合A,混合型-偏股,29.33,0.5y,定期定额(周),2.09,3.13,1.418,96.0,1.04,-12.67,12.74
516220,化工ETF国泰,指数型-股票,4.49,0.5y,价值平均法,3.65,14.46,1.084,100.0,1.81,-12.99,12.74
003015,中金沪深300指数增强A,指数型-股票,10.69,0.5y,价值平均法,9.92,5.77,1.039,66.7,4.84,-3.67,12.72
009805,国泰医药健康股票A,股票型,5.4,0.5y,价值平均法,4.03,8.74,0.778,100.0,2.0,-7.34,12.71
161715,招商大宗商品(LOF),指数型-股票,6.92,0.5y,价值平均法,3.09,16.06,1.196,100.0,1.53,-14.02,12.71
320011,诺安中小盘精选混合A,混合型-偏股,4.63,0.5y,价值平均法,6.63,7.02,1.017,83.3,3.26,-6.69,12.71
519100,长盛中证A100指数,指数型-股票,2.52,0.5y,价值平均法,10.96,6.53,0.827,66.7,5.34,-2.02,12.71
165310,建信沪深300指数增强(LOF)A,指数型-股票,2.89,0.5y,价值平均法,7.08,6.79,0.788,83.3,3.48,-3.1,12.68
002620,中邮未来新蓝筹混合,混合型-灵活,2.69,0.5y,定期定额(周),10.25,6.33,0.598,76.0,5.0,-3.51,12.66
006438,博时央调ETF联接A,指数型-股票,2.99,0.5y,价值平均法,9.49,8.32,1.154,66.7,4.64,-4.45,12.66
001152,融通新区域新经济灵活配置混合,混合型-灵活,2.39,0.5y,定期定额(周),4.84,4.97,1.437,88.0,2.39,-16.3,12.65
012107,泓德瑞嘉三年持有期混合A,混合型-偏股,4.73,0.5y,价值平均法,10.33,10.7,1.091,66.7,5.04,-5.54,12.65
010129,宝盈发展新动能股票C,股票型,2.54,0.5y,价值平均法,7.32,13.05,1.012,83.3,3.6,-8.94,12.64
560002,益民红利成长混合,混合型-偏股,2.47,0.5y,价值平均法,12.58,9.41,0.47,66.7,6.1,1.2,12.64
007275,银河沪深300指数增强A,指数型-股票,2.14,0.5y,价值平均法,13.77,6.82,1.045,50.0,6.66,-2.2,12.62
121003,国投瑞银核心企业混合,混合型-偏股,10.74,0.5y,定期定额(周),6.9,5.0,0.905,84.0,3.39,-7.33,12.62
022462,华商中证A500指数增强C,指数型-股票,4.41,0.5y,价值平均法,6.63,9.98,0.977,83.3,3.26,-6.26,12.6
003579,中金沪深300指数增强C,指数型-股票,4.8,0.5y,价值平均法,9.67,5.79,1.01,66.7,4.72,-3.56,12.56
004513,海富通沪深300指数增强A,指数型-股票,13.73,0.5y,价值平均法,7.22,7.38,0.706,83.3,3.55,-2.57,12.56
010333,华夏核心资产混合A,混合型-偏股,16.45,0.5y,价值平均法,10.78,12.31,0.974,66.7,5.25,-5.11,12.54
004512,海富通沪深300指数增强C,指数型-股票,11.79,0.5y,价值平均法,7.16,7.39,0.699,83.3,3.52,-2.55,12.52
013527,嘉实中证细分化工产业主题ETF发起联接A,指数型-股票,2.63,0.5y,价值平均法,3.05,13.81,1.056,100.0,1.52,-12.33,12.52
014530,华夏MSCI中国A50互联互通ETF发起式联接A,指数型-股票,3.2,0.5y,价值平均法,13.38,4.95,1.0,50.0,6.48,-2.02,12.52
005530,汇添富沪深300指数增强A,指数型-股票,9.99,0.5y,价值平均法,6.81,6.42,0.741,83.3,3.35,-2.74,12.5
006600,人保沪深300A,指数型-股票,5.37,0.5y,价值平均法,9.96,6.19,0.909,66.7,4.86,-2.55,12.5
013528,嘉实中证细分化工产业主题ETF发起联接C,指数型-股票,13.03,0.5y,价值平均法,2.99,13.8,1.053,100.0,1.48,-12.31,12.49
510130,上证中盘ETF易方达,指数型-股票,2.38,0.5y,价值平均法,7.05,8.54,0.699,83.3,3.46,-2.58,12.45
011567,富国消费升级混合C,混合型-偏股,2.15,0.5y,价值平均法,8.16,10.27,0.477,83.3,4.0,-1.0,12.44
010296,万家互联互通中国优势A,混合型-偏股,2.32,0.5y,价值平均法,11.14,12.38,0.833,66.7,5.42,-4.04,12.43
512040,价值100ETF富国,指数型-股票,31.3,0.5y,定期定额(周),2.6,3.05,0.965,96.0,1.29,-6.63,12.43
000535,长盛航天海工混合A,混合型-灵活,3.07,0.5y,价值平均法,16.43,21.07,1.065,50.0,7.9,-11.62,12.41
004206,华商元亨混合A,混合型-灵活,21.4,0.5y,价值平均法,10.65,11.99,0.907,66.7,5.19,-4.37,12.41
015897,天弘中证细分化工产业主题ETF联接C,指数型-股票,23.79,0.5y,价值平均法,2.82,14.01,1.038,100.0,1.4,-12.18,12.4
002236,大成360互联网+大数据100A,指数型-股票,7.86,0.5y,价值平均法,7.23,11.79,0.82,83.3,3.55,-6.46,12.39
014531,华夏MSCI中国A50互联互通ETF发起式联接C,指数型-股票,2.28,0.5y,价值平均法,13.19,4.98,0.977,50.0,6.39,-1.94,12.39
004703,南方兴盛先锋混合A,混合型-偏股,2.19,0.5y,定期定额(周),2.05,3.22,1.063,96.0,1.02,-7.24,12.38
213002,宝盈泛沿海增长混合,混合型-偏股,5.03,0.5y,价值平均法,2.42,13.41,0.956,100.0,1.2,-9.11,12.36
516630,云计算ETF华夏,指数型-股票,6.11,0.5y,价值平均法,11.61,11.5,1.026,66.7,5.64,-11.42,12.36
008706,建信富时100指数(QDII)C人民币,指数型-海外股票,3.75,0.5y,定期定额(周),3.54,4.14,1.111,88.0,1.75,-6.34,12.35
010556,汇添富沪深300指数增强C,指数型-股票,6.41,0.5y,价值平均法,6.58,6.44,0.711,83.3,3.24,-2.64,12.35
014532,易方达MSCI中国A50互联互通ETF联接A,指数型-股票,8.39,0.5y,价值平均法,13.06,4.94,0.983,50.0,6.33,-2.03,12.35
159330,沪深300ETF东财,指数型-股票,4.97,0.5y,价值平均法,9.89,6.54,0.863,66.7,4.83,-2.51,12.34
005421,中欧嘉泽灵活配置混合,混合型-灵活,2.69,0.5y,价值平均法,5.87,10.17,0.965,83.3,2.89,-5.94,12.32
159870,化工ETF鹏华,指数型-股票,268.82,0.5y,价值平均法,2.75,14.56,1.042,100.0,1.36,-12.84,12.32
510390,沪深300ETF平安,指数型-股票,4.61,0.5y,价值平均法,9.85,6.61,0.863,66.7,4.81,-2.57,12.32
510980,上证指数ETF汇添富,指数型-股票,5.84,0.5y,定期定额(周),6.67,2.96,0.707,80.0,3.28,-2.53,12.3
013610,中信保诚前瞻优势混合,混合型-偏股,4.77,0.5y,价值平均法,6.14,7.4,0.929,83.3,3.02,-6.77,12.29
510350,沪深300ETF工银,指数型-股票,32.4,0.5y,价值平均法,9.83,6.62,0.851,66.7,4.8,-2.5,12.29
019053,华商元亨混合C,混合型-灵活,15.4,0.5y,价值平均法,10.41,12.01,0.886,66.7,5.08,-4.26,12.28
008150,嘉实远见企业精选两年持有期混合,混合型-偏股,4.95,0.5y,价值平均法,8.98,4.48,0.918,66.7,4.4,-2.42,12.27
020273,富国中证细分化工产业主题ETF发起式联接A,指数型-股票,5.45,0.5y,价值平均法,2.56,14.03,1.025,100.0,1.27,-12.22,12.27
010731,广发创新医疗两年持有混合A,混合型-偏股,3.55,0.5y,价值平均法,7.41,7.97,0.718,83.3,3.64,-6.44,12.26
010314,大摩内需增长混合A,混合型-偏股,2.45,0.5y,价值平均法,5.59,8.96,0.976,83.3,2.76,-5.99,12.25
022327,宏利高端装备股票A,股票型,8.32,0.5y,价值平均法,1.6,11.01,1.325,100.0,0.8,-16.54,12.25
510380,沪深300ETF国寿,指数型-股票,14.38,0.5y,价值平均法,9.74,6.56,0.85,66.7,4.76,-2.5,12.25
510760,上证指数ETF国泰,指数型-股票,27.42,0.5y,价值平均法,5.97,9.24,0.835,83.3,2.94,-3.86,12.25
014533,易方达MSCI中国A50互联互通ETF联接C,指数型-股票,3.0,0.5y,价值平均法,12.88,4.94,0.963,50.0,6.24,-1.95,12.24
006748,富国中证价值ETF联接A,指数型-股票,5.17,0.5y,定期定额(周),2.21,2.92,0.931,96.0,1.1,-6.26,12.23
563350,A50ETF华泰柏瑞,指数型-股票,2.94,0.5y,价值平均法,9.53,4.94,0.842,66.7,4.66,-2.68,12.23
020274,富国中证细分化工产业主题ETF发起式联接C,指数型-股票,50.41,0.5y,价值平均法,2.44,14.04,1.018,100.0,1.21,-12.17,12.22
003359,大成360互联网+大数据100C,指数型-股票,10.92,0.5y,价值平均法,6.89,11.81,0.794,83.3,3.39,-6.29,12.21
159502,标普生物科技ETF嘉实,指数型-海外股票,17.37,0.5y,价值平均法,6.95,8.11,0.844,83.3,3.42,-8.51,12.19
486002,工银全球精选股票(QDII),QDII-普通股票,12.27,0.5y,定期定额(周),7.03,2.93,0.744,76.0,3.45,-2.11,12.19
159673,沪深300ETF鹏华,指数型-股票,17.92,0.5y,价值平均法,9.67,6.51,0.821,66.7,4.72,-2.28,12.18
161026,富国中证国有企业改革指数(LOF)A,指数型-股票,19.32,0.5y,价值平均法,5.97,9.36,0.814,83.3,2.94,-4.06,12.18
000312,华安沪深300增强A,指数型-股票,4.82,0.5y,价值平均法,13.34,6.95,0.9,50.0,6.46,-1.42,12.16
011363,南方兴润价值一年持有混合A,混合型-灵活,39.57,0.5y,定期定额(周),4.98,3.76,0.955,84.0,2.46,-6.49,12.15
020267,宏利睿智成长混合A,混合型-偏股,3.11,0.5y,价值平均法,8.62,7.54,1.137,66.7,4.22,-6.12,12.15
513850,美国50ETF易方达,指数型-海外股票,16.82,0.5y,价值平均法,20.62,7.93,1.072,16.7,9.83,0.62,12.15
001150,融通互联网传媒灵活配置混合,混合型-灵活,8.57,0.5y,价值平均法,7.83,15.25,1.133,83.3,3.84,-18.67,12.14
012184,大成创新趋势混合A,混合型-偏股,4.18,0.5y,价值平均法,9.6,8.22,0.913,66.7,4.69,-4.04,12.14
560050,中国A50ETF汇添富,指数型-股票,32.39,0.5y,价值平均法,12.96,5.2,0.915,50.0,6.28,-1.83,12.14
022328,宏利高端装备股票C,股票型,10.51,0.5y,价值平均法,1.37,11.03,1.308,100.0,0.68,-16.41,12.13
501091,嘉实欣荣混合(LOF)A,混合型-偏股,2.9,0.5y,定期定额(周),6.59,6.81,0.749,84.0,3.24,-6.42,12.13
159925,沪深300ETF南方,指数型-股票,25.44,0.5y,价值平均法,9.56,6.58,0.821,66.7,4.67,-2.39,12.12
161217,国投瑞银中证资源指数(LOF)A,指数型-股票,4.7,0.5y,定期定额(周),2.82,6.94,1.243,96.0,1.4,-16.64,12.11
515380,沪深300ETF泰康,指数型-股票,34.37,0.5y,价值平均法,9.56,6.56,0.806,66.7,4.67,-2.27,12.1
561300,沪深300增强ETF国泰,指数型-股票,5.88,0.5y,价值平均法,9.28,6.98,0.903,66.7,4.54,-3.42,12.1
021461,国投瑞银中证资源指数(LOF)C,指数型-股票,2.9,0.5y,定期定额(周),2.75,6.94,1.239,96.0,1.37,-16.6,12.08
002137,诺安利鑫灵活配置混合A,混合型-灵活,12.33,0.5y,价值平均法,1.73,12.1,0.939,100.0,0.86,-9.08,12.07
005474,泰康均衡优选混合A,混合型-偏股,3.12,0.5y,价值平均法,8.13,6.18,1.178,66.7,3.98,-6.53,12.07
010347,农银策略收益一年持有混合,混合型-偏股,27.47,0.5y,定期定额(周),7.07,3.9,0.588,80.0,3.47,-2.34,12.07
012537,华宝中证细分化工产业主题ETF联接A,指数型-股票,5.08,0.5y,价值平均法,2.15,13.9,0.991,100.0,1.07,-11.86,12.07
014942,鹏华中证细分化工产业主题ETF联接A,指数型-股票,3.61,0.5y,价值平均法,2.07,13.72,1.011,100.0,1.03,-12.09,12.07
010678,中欧均衡成长混合A,混合型-偏股,9.74,0.5y,价值平均法,8.49,6.82,1.043,66.7,4.16,-4.4,12.06
515660,沪深300ETF国联安,指数型-股票,25.92,0.5y,价值平均法,9.46,6.56,0.81,66.7,4.62,-2.34,12.06
011320,国泰上证综合ETF联接C,指数型-股票,2.16,0.5y,价值平均法,5.54,8.6,0.8,83.3,2.73,-3.5,12.05
012538,华宝中证细分化工产业主题ETF联接C,指数型-股票,9.77,0.5y,价值平均法,2.03,13.9,0.984,100.0,1.01,-11.8,12.02
014840,招商裕华混合,混合型-偏股,2.94,0.5y,价值平均法,7.47,11.08,0.43,83.3,3.67,-1.31,12.02
020015,国泰区位优势混合A,混合型-偏股,2.22,0.5y,价值平均法,14.06,7.68,0.686,50.0,6.8,0.14,12.02
710001,富安达优势成长混合A,混合型-偏股,5.26,0.5y,价值平均法,16.63,12.55,0.105,50.0,8.0,6.73,12.02
010554,华安新兴消费混合A,混合型-偏股,11.8,0.5y,价值平均法,14.99,9.64,0.519,50.0,7.23,1.3,11.99
014943,鹏华中证细分化工产业主题ETF联接C,指数型-股票,14.06,0.5y,价值平均法,1.89,13.74,0.999,100.0,0.94,-12.01,11.99
217005,招商先锋混合,混合型-偏股,5.59,0.5y,定期定额(周),10.68,4.37,0.306,68.0,5.21,1.85,11.98
320016,诺安多策略混合A,混合型-偏股,25.41,0.5y,定期定额(周),6.28,6.26,0.679,84.0,3.09,-5.19,11.98
519768,交银优选回报灵活配置混合A,混合型-灵活,2.65,0.5y,定期定额(周),1.94,0.37,0.45,92.0,0.96,-0.85,11.98
163503,天治核心成长混合(LOF),混合型-偏股,2.19,0.5y,价值平均法,18.23,7.72,0.572,33.3,8.73,3.46,11.96
005640,平安300ETF联接C,指数型-股票,2.49,0.5y,价值平均法,9.07,6.3,0.82,66.7,4.44,-2.33,11.95
003839,易方达瑞通灵活配置混合A,混合型-灵活,2.9,0.5y,定期定额(周),1.68,0.67,0.559,96.0,0.84,-1.5,11.94
016493,南方均衡成长混合C,混合型-偏股,2.6,0.5y,价值平均法,8.76,10.26,1.063,66.7,4.29,-6.26,11.94
510360,沪深300ETF广发,指数型-股票,29.13,0.5y,价值平均法,9.29,6.59,0.784,66.7,4.54,-2.22,11.94
160615,鹏华沪深300ETF联接(LOF)A,指数型-股票,6.28,0.5y,价值平均法,9.06,6.17,0.803,66.7,4.43,-2.17,11.93
257060,国联安上证商品ETF联接A,指数型-股票,2.18,0.5y,价值平均法,5.32,16.14,1.221,83.3,2.63,-13.82,11.93
460300,华泰柏瑞沪深300ETF联接A,指数型-股票,18.03,0.5y,价值平均法,8.98,6.09,0.819,66.7,4.39,-2.28,11.93
003598,华商润丰灵活配置混合A,混合型-灵活,53.18,0.5y,价值平均法,9.71,12.27,0.837,66.7,4.74,-4.12,11.91
008390,国联安沪深300ETF联接A,指数型-股票,27.48,0.5y,价值平均法,9.14,6.29,0.788,66.7,4.47,-2.17,11.91
010275,嘉实优质精选混合A,混合型-偏股,6.58,0.5y,价值平均法,8.3,8.35,1.08,66.7,4.07,-5.66,11.91
010437,嘉实竞争力优选混合A,混合型-偏股,22.92,0.5y,价值平均法,13.07,5.19,0.831,50.0,6.34,-2.49,11.91
000870,嘉实新收益混合,混合型-灵活,2.14,0.5y,定期定额(周),4.54,1.73,0.616,84.0,2.24,-1.68,11.89
001835,易方达瑞祥混合A,混合型-灵活,2.41,0.5y,定期定额(周),1.5,0.83,0.635,96.0,0.75,-1.84,11.89
165309,建信沪深300指数(LOF),指数型-股票,3.42,0.5y,价值平均法,9.0,6.33,0.802,66.7,4.4,-2.27,11.88
166027,中欧创业板两年定开混合A,混合型-偏股,7.2,0.5y,价值平均法,1.35,5.78,0.786,100.0,0.67,-6.06,11.88
510330,沪深300ETF华夏,指数型-股票,902.18,0.5y,价值平均法,9.15,6.57,0.781,66.7,4.47,-2.26,11.88
012975,西部利得碳中和混合发起A,混合型-偏股,6.0,0.5y,价值平均法,10.58,9.68,0.675,66.7,5.16,-4.14,11.87
001113,南方大数据100A,指数型-股票,12.44,0.5y,价值平均法,8.42,11.95,1.223,66.7,4.12,-9.55,11.86
006939,鹏华沪深300ETF联接(LOF)C,指数型-股票,6.9,0.5y,价值平均法,8.95,6.18,0.789,66.7,4.38,-2.12,11.85
001222,鹏华外延成长混合,混合型-灵活,6.58,0.5y,定期定额(周),3.75,3.27,0.768,88.0,1.86,-4.3,11.83
006131,华泰柏瑞沪深300ETF联接C,指数型-股票,30.71,0.5y,价值平均法,8.83,6.11,0.8,66.7,4.32,-2.21,11.83
320014,诺安沪深300指数增强A,指数型-股票,3.53,0.5y,价值平均法,8.72,6.05,0.826,66.7,4.27,-2.5,11.83
515330,沪深300ETF天弘,指数型-股票,83.22,0.5y,价值平均法,9.07,6.6,0.774,66.7,4.44,-2.25,11.83
000613,国寿安保沪深300ETF联接A,指数型-股票,6.98,0.5y,价值平均法,8.73,6.11,0.822,66.7,4.27,-2.44,11.82
010555,华安新兴消费混合C,混合型-偏股,2.87,0.5y,价值平均法,14.68,9.66,0.495,50.0,7.09,1.43,11.82
515390,沪深300ETF华安,指数型-股票,5.16,0.5y,价值平均法,9.04,6.58,0.773,66.7,4.42,-2.25,11.82
519769,交银优选回报灵活配置混合C,混合型-灵活,4.14,0.5y,定期定额(月),1.84,0.89,0.336,100.0,0.91,-0.8,11.81
000690,前海开源大海洋混合,混合型-灵活,6.31,0.5y,价值平均法,7.41,20.41,1.787,83.3,3.64,-36.75,11.79
563520,沪深300ETF永赢,指数型-股票,4.53,0.5y,价值平均法,9.02,6.59,0.764,66.7,4.41,-2.2,11.79
021103,国寿安保沪深300ETF联接C,指数型-股票,3.74,0.5y,价值平均法,8.67,6.12,0.815,66.7,4.25,-2.42,11.78
202015,南方沪深300ETF联接A,指数型-股票,12.77,0.5y,价值平均法,8.82,6.29,0.788,66.7,4.32,-2.24,11.78
010438,嘉实竞争力优选混合C,混合型-偏股,2.7,0.5y,价值平均法,12.81,5.21,0.809,50.0,6.21,-2.38,11.76
012976,西部利得碳中和混合发起C,混合型-偏股,4.46,0.5y,价值平均法,10.33,9.71,0.66,66.7,5.04,-4.03,11.75
159790,碳中和ETF华夏,指数型-股票,15.0,0.5y,价值平均法,10.31,6.83,0.489,66.7,5.03,-0.55,11.75
000961,天弘沪深300ETF联接A,指数型-股票,24.74,0.5y,价值平均法,8.72,6.29,0.788,66.7,4.27,-2.27,11.74
518800,黄金ETF国泰,指数型-其他,403.86,0.5y,价值平均法,2.6,22.93,0.784,100.0,1.29,-11.57,11.74
003840,易方达瑞通灵活配置混合C,混合型-灵活,2.17,0.5y,定期定额(周),1.58,0.67,0.502,96.0,0.79,-1.45,11.73
000051,华夏沪深300ETF联接A,指数型-股票,115.57,0.5y,价值平均法,8.7,6.28,0.779,66.7,4.26,-2.22,11.72
007339,易方达沪深300ETF联接C,指数型-股票,72.14,0.5y,价值平均法,8.73,6.29,0.773,66.7,4.28,-2.17,11.72
159596,A50ETF华宝,指数型-股票,4.3,0.5y,价值平均法,8.73,4.96,0.747,66.7,4.27,-2.27,11.72
017854,易方达云计算ETF联接C,指数型-股票,4.8,0.5y,价值平均法,9.84,10.88,0.988,66.7,4.8,-10.76,11.69
005918,天弘沪深300ETF联接C,指数型-股票,60.09,0.5y,价值平均法,8.62,6.3,0.773,66.7,4.22,-2.21,11.67
270005,广发聚丰混合A,混合型-偏股,41.52,0.5y,价值平均法,0.41,16.47,1.264,100.0,0.2,-16.48,11.66
515310,沪深300ETF汇添富,指数型-股票,3.29,0.5y,价值平均法,8.76,6.54,0.75,66.7,4.29,-2.17,11.66
013958,华商鑫选回报一年持有混合A,混合型-偏股,2.05,0.5y,价值平均法,5.33,13.21,0.825,83.3,2.63,-6.87,11.65
159739,云计算ETF鹏华,指数型-股票,4.16,0.5y,价值平均法,9.96,11.46,0.966,66.7,4.86,-10.92,11.65
161724,招商中证煤炭等权指数(LOF)A,指数型-股票,7.13,0.5y,价值平均法,6.9,9.41,0.334,83.3,3.39,-0.73,11.65
159591,A50ETF富国,指数型-股票,5.34,0.5y,价值平均法,8.74,4.96,0.706,66.7,4.28,-2.01,11.64
004342,南方沪深300ETF联接C,指数型-股票,3.48,0.5y,价值平均法,8.58,6.3,0.758,66.7,4.2,-2.14,11.63
010122,华泰柏瑞优势领航混合A,混合型-偏股,2.05,0.5y,定期定额(周),5.17,3.49,0.817,80.0,2.55,-5.31,11.62
013095,安信远见成长混合A,混合型-偏股,22.14,0.5y,定期定额(周),-0.11,2.22,1.026,100.0,-0.06,-8.96,11.62
013596,招商中证煤炭等权指数(LOF)C,指数型-股票,3.69,0.5y,价值平均法,6.84,9.41,0.33,83.3,3.36,-0.7,11.62
562990,碳中和ETF易方达,指数型-股票,4.7,0.5y,价值平均法,1.83,8.18,0.606,100.0,0.91,-5.79,11.62
007207,华夏常阳三年定开混合,混合型-偏股,3.14,0.5y,定期定额(周),2.68,3.06,0.908,88.0,1.33,-5.69,11.61
005658,华夏沪深300ETF联接C,指数型-股票,23.97,0.5y,价值平均法,8.51,6.3,0.757,66.7,4.17,-2.15,11.6
007016,富国睿泽回报混合,混合型-偏股,2.58,0.5y,定期定额(周),2.52,3.45,0.736,92.0,1.25,-4.83,11.59
519677,银河定投宝,指数型-股票,3.31,0.5y,价值平均法,4.21,10.19,0.946,83.3,2.09,-6.67,11.58
660008,农银沪深300指数A,指数型-股票,8.06,0.5y,价值平均法,8.51,6.29,0.75,66.7,4.17,-2.1,11.58
009896,广发港股通成长精选股票A,股票型,13.37,0.5y,价值平均法,10.51,11.13,0.41,66.7,5.12,-0.07,11.56
019093,金鹰科技创新股票C,股票型,12.47,0.5y,价值平均法,5.76,15.03,0.702,83.3,2.84,-6.19,11.56
562890,A50ETF嘉实,指数型-股票,3.6,0.5y,价值平均法,8.48,4.97,0.723,66.7,4.16,-2.24,11.56
019216,天弘价值精选混合发起C,混合型-灵活,4.34,0.5y,定期定额(月),2.37,0.95,0.797,83.3,1.18,-0.96,11.55
011364,南方兴润价值一年持有混合C,混合型-灵活,10.81,0.5y,定期定额(周),4.65,3.76,0.917,80.0,2.3,-6.31,11.54
021503,景顺长城成长之星股票C,股票型,5.8,0.5y,价值平均法,18.21,9.39,0.422,33.3,8.72,3.89,11.54
007538,永赢沪深300ETF发起联接A,指数型-股票,2.56,0.5y,价值平均法,8.41,6.26,0.74,66.7,4.12,-2.07,11.53
014528,汇添富MSCI中国A50互联互通ETF联接A,指数型-股票,6.75,0.5y,价值平均法,11.66,4.95,0.855,50.0,5.67,-1.63,11.53
501043,汇添富沪深300指数(LOF)A,指数型-股票,2.44,0.5y,价值平均法,8.39,6.32,0.74,66.7,4.11,-2.09,11.51
270010,广发沪深300ETF联接A,指数型-股票,12.01,0.5y,价值平均法,8.4,6.33,0.728,66.7,4.11,-2.01,11.49
011036,嘉实中证稀土产业ETF联接C,指数型-股票,46.73,0.5y,价值平均法,9.74,20.76,0.881,66.7,4.76,-8.98,11.48
011724,东方红启恒三年持有混合B,混合型-偏股,52.7,0.5y,价值平均法,9.2,12.28,0.692,66.7,4.5,-2.89,11.48
013004,国泰价值领航股票A,股票型,3.04,0.5y,价值平均法,5.43,11.75,0.69,83.3,2.68,-5.66,11.48
023350,诺安多策略混合C,混合型-偏股,25.22,0.5y,定期定额(周),6.09,6.26,0.662,80.0,3.0,-5.06,11.48
011710,中欧睿泽混合A,混合型-偏股,2.66,0.5y,定期定额(周),4.87,3.47,0.738,80.0,2.4,-3.62,11.47
001500,泓德远见回报混合,混合型-灵活,9.11,0.5y,价值平均法,4.18,8.58,0.831,83.3,2.07,-5.12,11.46
013096,安信远见成长混合C,混合型-偏股,3.68,0.5y,定期定额(周),-0.36,2.22,0.995,100.0,-0.18,-8.83,11.45
021986,财通资管先进制造混合发起式C,混合型-偏股,23.85,0.5y,定期定额(周),11.33,7.09,1.586,56.0,5.51,-24.13,11.44
009897,广发港股通成长精选股票C,股票型,4.66,0.5y,价值平均法,10.22,11.16,0.393,66.7,4.99,0.04,11.42
012556,长盛景气优选混合,混合型-偏股,2.96,0.5y,价值平均法,14.45,9.11,0.241,50.0,6.98,4.17,11.39
590002,中邮核心成长混合A,混合型-偏股,23.1,0.5y,定期定额(周),5.55,5.72,0.831,80.0,2.74,-8.39,11.38
010562,永赢成长领航混合A,混合型-偏股,3.1,0.5y,价值平均法,10.53,15.86,0.279,66.7,5.13,1.88,11.37
519738,交银周期回报灵活配置混合A,混合型-灵活,3.04,0.5y,价值平均法,3.19,1.86,0.694,83.3,1.58,-1.54,11.37
561230,中证A50ETF工银,指数型-股票,7.11,0.5y,价值平均法,8.36,5.49,0.662,66.7,4.1,-1.91,11.36
019392,嘉实匠心严选混合A,混合型-偏股,6.52,0.5y,价值平均法,11.47,5.05,0.903,50.0,5.58,-3.81,11.35
563080,中证A50ETF易方达,指数型-股票,15.95,0.5y,价值平均法,8.15,4.99,0.686,66.7,3.99,-2.14,11.35
020749,国联智选先锋股票C,股票型,4.0,0.5y,价值平均法,11.93,12.46,-0.304,66.7,5.8,10.49,11.33
000215,广发趋势优选灵活配置混合A,混合型-灵活,6.95,0.5y,定期定额(周),1.62,0.91,0.713,88.0,0.81,-1.9,11.32
003846,汇安丰恒灵活配置混合C,混合型-灵活,2.03,0.5y,定期定额(月),1.98,1.0,0.112,100.0,0.99,-0.53,11.32
010563,永赢成长领航混合C,混合型-偏股,2.49,0.5y,价值平均法,10.39,15.87,0.272,66.7,5.06,1.92,11.31
160133,南方天元新产业股票(LOF),股票型,8.28,0.5y,价值平均法,3.35,8.01,0.96,83.3,1.66,-6.88,11.3
006266,永赢智能领先混合A,混合型-偏股,4.35,0.5y,价值平均法,10.36,15.9,0.269,66.7,5.05,1.96,11.29
008619,永赢医药健康C,股票型,3.2,0.5y,价值平均法,13.03,9.61,0.664,50.0,6.32,-2.33,11.26
017650,中庚港股通价值股票,股票型,5.94,0.5y,价值平均法,4.88,6.0,0.567,83.3,2.41,-3.8,11.24
001165,中欧琪和灵活配置混合C,混合型-灵活,16.68,0.5y,定期定额(月),1.22,0.43,0.128,100.0,0.61,-0.89,11.23
011530,泓德优质治理灵活配置混合,混合型-灵活,3.28,0.5y,定期定额(周),2.01,3.87,0.69,92.0,1.0,-5.01,11.23
159919,沪深300ETF嘉实,指数型-股票,928.03,0.5y,价值平均法,8.51,6.58,0.567,66.7,4.17,-0.93,11.23
000634,富国天盛灵活配置基金,混合型-灵活,5.39,0.5y,价值平均法,20.68,12.03,0.766,16.7,9.85,0.42,11.21
022366,贝莱德沪深300指数增强A,指数型-股票,2.55,0.5y,价值平均法,7.35,6.5,0.826,66.7,3.61,-3.31,11.2
001629,天弘中证计算机ETF联接A,指数型-股票,2.85,0.5y,价值平均法,9.37,11.86,0.548,66.7,4.58,-2.86,11.19
003318,景顺长城中证500行业中性低波动指数A,指数型-股票,6.54,0.5y,价值平均法,4.1,12.84,0.783,83.3,2.03,-5.96,11.19
005395,泓德臻远回报混合,混合型-灵活,14.3,0.5y,价值平均法,12.37,10.91,0.683,50.0,6.0,-0.89,11.17
202007,南方隆元产业主题混合,混合型-偏股,9.09,0.5y,价值平均法,3.08,7.56,0.927,83.3,1.53,-6.42,11.17
510410,资源ETF博时,指数型-股票,9.82,0.5y,价值平均法,0.24,17.47,1.009,100.0,0.12,-14.39,11.17
519752,交银新回报灵活配置混合A,混合型-灵活,2.26,0.5y,定期定额(月),1.94,0.82,0.721,83.3,0.96,-1.16,11.17
009086,鹏华价值共赢两年持有期混合,混合型-偏股,3.94,0.5y,定期定额(周),4.74,4.62,0.698,80.0,2.34,-4.46,11.16
070001,嘉实成长收益混合A,混合型-偏股,14.99,0.5y,价值平均法,9.08,5.84,0.339,66.7,4.44,1.43,11.15
012815,宝盈新兴产业混合C,混合型-灵活,2.59,0.5y,价值平均法,7.82,13.32,0.987,66.7,3.84,-8.48,11.14
019337,万家国企动力混合C,混合型-偏股,2.53,0.5y,定期定额(周),-0.09,5.61,1.097,100.0,-0.04,-15.67,11.14
021985,财通资管先进制造混合发起式A,混合型-偏股,2.25,0.5y,定期定额(周),11.57,7.09,1.598,52.0,5.63,-24.28,11.14
010714,东方红远见价值混合A,混合型-偏股,9.2,0.5y,价值平均法,3.72,11.97,0.829,83.3,1.84,-6.38,11.13
501087,交银瑞丰混合(LOF),混合型-偏股,5.74,0.5y,定期定额(周),1.78,2.66,0.629,92.0,0.89,-4.0,11.13
002178,嘉实新起点混合C,混合型-灵活,2.38,0.5y,定期定额(月),1.83,1.82,0.856,83.3,0.91,-1.92,11.12
050024,博时上证自然资源ETF联接A,指数型-股票,5.57,0.5y,定期定额(周),-0.04,5.6,1.002,100.0,-0.02,-13.72,11.12
000477,广发主题领先混合A,混合型-灵活,6.66,0.5y,定期定额(周),-0.23,2.29,0.707,100.0,-0.12,-5.52,11.11
481008,工银大盘蓝筹混合,混合型-偏股,2.69,0.5y,价值平均法,9.4,12.42,0.408,66.7,4.59,-0.23,11.11
510210,上证指数ETF富国,指数型-股票,89.14,0.5y,定期定额(周),4.42,3.18,0.634,80.0,2.18,-3.17,11.09
010947,中欧嘉选混合A,混合型-偏股,8.43,0.5y,价值平均法,3.94,9.81,0.704,83.3,1.95,-4.85,11.06
017749,国投瑞银景气驱动混合A,混合型-偏股,4.02,0.5y,定期定额(周),0.87,6.22,1.11,92.0,0.43,-12.75,11.03
011421,广发全球科技三个月定开混合(QDII)美元A,QDII-混合偏股,6.55,0.5y,价值平均法,7.77,7.59,0.623,66.7,3.81,-1.3,11.02
515150,一带一路ETF富国,指数型-股票,9.07,0.5y,价值平均法,1.91,9.51,1.213,83.3,0.95,-10.55,11.02
519760,交银新回报灵活配置混合C,混合型-灵活,2.06,0.5y,定期定额(月),1.89,0.83,0.672,83.3,0.94,-1.14,11.01
021902,广发主题领先混合C,混合型-灵活,2.43,0.5y,定期定额(周),-0.38,2.3,0.683,100.0,-0.19,-5.43,11.0
012434,银华多元回报一年持有期混合,混合型-偏股,8.63,0.5y,定期定额(周),3.96,4.27,0.797,80.0,1.96,-5.72,10.99
021206,易方达中证A50ETF联接发起式A,指数型-股票,2.7,0.5y,价值平均法,7.43,4.78,0.637,66.7,3.65,-1.91,10.98
159655,标普500ETF华夏,指数型-海外股票,33.86,0.5y,价值平均法,13.83,7.6,0.981,33.3,6.69,-0.81,10.91
021207,易方达中证A50ETF联接发起式C,指数型-股票,4.37,0.5y,价值平均法,7.31,4.79,0.622,66.7,3.59,-1.85,10.9
510310,沪深300ETF易方达,指数型-股票,1371.74,0.5y,价值平均法,8.1,6.58,0.484,66.7,3.97,-0.57,10.9
516120,化工ETF富国,指数型-股票,75.88,0.5y,价值平均法,3.24,14.54,1.088,83.3,1.61,-13.34,10.89
008546,南方产业优势两年混合A,混合型-偏股,11.27,0.5y,定期定额(周),2.45,3.37,0.864,84.0,1.22,-6.8,10.88
012332,上银鑫尚稳健回报6个月持有期混合A,混合型-平衡,2.72,0.5y,定期定额(周),6.31,1.21,0.303,68.0,3.11,0.69,10.88
017750,国投瑞银景气驱动混合C,混合型-偏股,14.62,0.5y,定期定额(周),0.56,6.23,1.082,92.0,0.28,-12.56,10.86
014585,银华心兴三年持有混合A,混合型-偏股,7.62,0.5y,价值平均法,16.84,8.02,0.292,33.3,8.09,4.66,10.84
001104,华安新丝路主题股票A,股票型,3.85,0.5y,价值平均法,4.29,19.05,0.63,83.3,2.12,-6.18,10.83
001164,中欧琪和灵活配置混合A,混合型-灵活,10.26,0.5y,定期定额(月),1.49,0.41,0.538,83.3,0.74,-1.02,10.83
516020,化工ETF华宝,指数型-股票,60.52,0.5y,价值平均法,3.11,14.55,1.063,83.3,1.55,-13.0,10.82
018448,中欧琪和灵活配置混合E,混合型-灵活,2.77,0.5y,定期定额(月),1.49,0.41,0.538,83.3,0.74,-1.02,10.81
159593,中证A50ETF平安,指数型-股票,45.36,0.5y,价值平均法,7.27,4.98,0.594,66.7,3.57,-1.83,10.81
001289,银华汇利灵活配置混合A,混合型-灵活,3.65,0.5y,定期定额(月),1.48,0.51,-0.09,100.0,0.74,-0.64,10.8
100053,富国上证指数ETF联接A,指数型-股票,3.79,0.5y,定期定额(周),3.88,3.02,0.589,80.0,1.92,-2.93,10.8
015896,天弘中证细分化工产业主题ETF联接A,指数型-股票,3.67,0.5y,价值平均法,2.94,14.0,1.046,83.3,1.46,-12.23,10.79
159592,A50ETF银华,指数型-股票,10.29,0.5y,价值平均法,7.17,4.95,0.603,66.7,3.52,-1.91,10.79
007950,招商量化精选股票C,股票型,20.57,0.5y,价值平均法,2.96,11.77,0.844,83.3,1.47,-7.45,10.78
001319,农银信息传媒股票A,股票型,2.07,0.5y,定期定额(周),6.35,4.48,0.77,68.0,3.12,-4.65,10.77
011011,融通产业趋势精选混合A,混合型-偏股,2.75,0.5y,定期定额(周),-0.89,7.43,1.412,96.0,-0.45,-20.23,10.77
320015,诺安行业轮动混合A,混合型-偏股,2.29,0.5y,价值平均法,2.8,6.34,0.75,83.3,1.39,-5.01,10.77
011843,民生加银内核驱动混合A,混合型-偏股,3.55,0.5y,定期定额(周),4.11,3.68,0.63,80.0,2.04,-4.75,10.76
013286,富国上证指数ETF联接C,指数型-股票,7.45,0.5y,定期定额(周),3.78,3.01,0.576,80.0,1.87,-2.89,10.72
013404,大成标普500等权重指数(QDII)A美元,指数型-海外股票,5.81,0.5y,价值平均法,5.4,7.13,0.977,66.7,2.66,-4.31,10.72
005225,广发量化多因子混合A,混合型-灵活,51.28,0.5y,价值平均法,2.64,11.09,0.872,83.3,1.31,-7.8,10.7
016847,中欧高端装备股票发起A,股票型,4.81,0.5y,价值平均法,4.18,18.82,0.753,83.3,2.07,-10.19,10.7
020901,招商成长量化选股股票A,股票型,14.5,0.5y,价值平均法,2.7,11.16,0.853,83.3,1.34,-7.56,10.7
011436,中欧研究精选混合C,混合型-偏股,4.74,0.5y,价值平均法,11.86,9.14,0.477,50.0,5.77,0.64,10.67
513690,港股红利ETF博时,指数型-股票,50.86,0.5y,价值平均法,4.44,5.6,0.268,83.3,2.19,-0.54,10.66
016848,中欧高端装备股票发起C,股票型,13.1,0.5y,价值平均法,3.87,18.84,0.739,83.3,1.92,-10.06,10.57
501088,嘉实瑞虹三年定期混合,混合型-偏股,2.78,0.5y,定期定额(周),2.8,2.65,0.488,84.0,1.39,-2.52,10.56
001484,天弘新价值混合A,混合型-灵活,3.53,0.5y,定期定额(周),1.26,2.35,0.449,92.0,0.63,-3.23,10.55
011738,华安兴安优选一年持有混合A,混合型-平衡,2.0,0.5y,价值平均法,2.04,6.42,0.812,83.3,1.02,-5.87,10.55
515110,一带一路ETF易方达,指数型-股票,4.03,0.5y,价值平均法,1.09,9.52,1.133,83.3,0.54,-10.18,10.55
011425,广发优势成长股票A,股票型,25.04,0.5y,定期定额(周),-1.27,6.97,1.198,96.0,-0.64,-15.73,10.54
008127,广发趋势优选灵活配置混合C,混合型-灵活,2.12,0.5y,定期定额(周),1.41,0.91,0.6,84.0,0.7,-1.79,10.53
160505,博时主题行业混合(LOF),混合型-偏股,48.27,0.5y,价值平均法,2.77,7.5,0.686,83.3,1.38,-5.62,10.53
020902,招商成长量化选股股票C,股票型,12.57,0.5y,价值平均法,2.39,11.2,0.821,83.3,1.19,-7.39,10.52
008279,国泰中证煤炭ETF联接A,指数型-股票,2.47,0.5y,价值平均法,7.94,10.14,0.424,66.7,3.9,-1.51,10.51
009199,万家价值优势一年持有期混合,混合型-偏股,6.95,0.5y,价值平均法,6.89,10.22,0.767,66.7,3.39,-6.26,10.51
001802,易方达瑞财混合I,混合型-灵活,13.07,0.5y,定期定额(月),3.05,1.77,-0.414,100.0,1.51,1.25,10.5
110003,易方达上证50增强A,指数型-股票,130.32,0.5y,定期定额(周),6.34,4.39,0.541,68.0,3.12,-2.06,10.45
011426,广发优势成长股票C,股票型,19.47,0.5y,定期定额(周),-1.46,6.97,1.182,96.0,-0.73,-15.6,10.44
014519,博时恒生高股息率ETF发起式联接A,指数型-股票,2.56,0.5y,价值平均法,3.74,4.46,0.295,83.3,1.85,-1.0,10.44
014520,博时恒生高股息率ETF发起式联接C,指数型-股票,2.84,0.5y,价值平均法,3.71,4.45,0.293,83.3,1.84,-1.0,10.43
510300,沪深300ETF华泰柏瑞,指数型-股票,1999.14,0.5y,价值平均法,7.27,6.58,0.415,66.7,3.57,-0.43,10.43
002315,创金合信沪深300指数增强C,指数型-股票,2.45,0.5y,价值平均法,6.65,7.14,0.554,66.7,3.27,-1.47,10.42
005543,银华心诚灵活配置混合A,混合型-灵活,7.94,0.5y,价值平均法,15.83,8.14,0.297,33.3,7.62,4.14,10.42
008280,国泰中证煤炭ETF联接C,指数型-股票,8.72,0.5y,价值平均法,7.74,10.16,0.413,66.7,3.8,-1.45,10.42
016341,银河价值成长混合C,混合型-偏股,2.52,0.5y,定期定额(周),0.17,7.87,1.347,92.0,0.09,-22.2,10.41
519007,海富通强化回报混合,混合型-灵活,2.28,0.5y,定期定额(周),1.34,3.33,0.808,84.0,0.67,-5.55,10.41
513170,恒生央企ETF鹏华,指数型-海外股票,3.69,0.5y,定期定额(周),7.13,2.8,0.174,68.0,3.51,1.36,10.38
004746,易方达上证50增强C,指数型-股票,11.79,0.5y,定期定额(周),6.18,4.44,0.519,68.0,3.04,-1.95,10.34
005669,前海开源公用事业股票,股票型,59.38,0.5y,价值平均法,7.82,9.73,0.282,66.7,3.84,0.63,10.34
000985,嘉实逆向策略股票,股票型,3.77,0.5y,定期定额(周),1.31,4.33,0.593,88.0,0.65,-4.82,10.32
014521,诺安利鑫灵活配置混合C,混合型-灵活,6.75,0.5y,价值平均法,1.51,12.11,0.918,83.3,0.75,-8.97,10.28
001570,南方利安A,混合型-灵活,2.12,0.5y,定期定额(周),1.36,0.2,-0.278,92.0,0.68,-0.55,10.25
501019,国泰国证航天军工指数(LOF)A,指数型-股票,7.71,0.5y,价值平均法,1.97,19.06,1.014,83.3,0.98,-13.27,10.25
000117,广发轮动配置混合,混合型-偏股,2.33,0.5y,定期定额(周),5.2,4.42,0.501,72.0,2.57,-2.68,10.24
159569,港股红利低波ETF景顺,指数型-股票,4.74,0.5y,价值平均法,4.03,6.46,0.147,83.3,2.0,0.05,10.24
019194,融通产业趋势精选混合C,混合型-偏股,4.24,0.5y,定期定额(周),-1.18,7.44,1.391,92.0,-0.59,-20.04,10.23
159930,能源ETF汇添富,指数型-股票,19.65,0.5y,价值平均法,6.18,9.88,0.83,66.7,3.04,-8.07,10.23
007925,平安鑫享混合E,混合型-灵活,2.53,0.5y,价值平均法,3.3,3.39,0.226,83.3,1.64,-0.26,10.22
017043,汇添富品质价值混合,混合型-偏股,16.27,0.5y,定期定额(周),1.97,2.02,0.51,84.0,0.98,-3.36,10.22
007509,华商润丰灵活配置混合C,混合型-灵活,46.27,0.5y,价值平均法,9.62,12.28,0.829,50.0,4.7,-4.08,10.19
015599,国泰国证航天军工指数(LOF)C,指数型-股票,9.7,0.5y,价值平均法,1.85,19.06,1.006,83.3,0.92,-13.2,10.19
002270,东吴安盈量化混合A,混合型-灵活,7.06,0.5y,价值平均法,6.74,12.92,0.495,66.7,3.32,-1.98,10.17
009029,工银高质量成长混合A,混合型-偏股,7.39,0.5y,价值平均法,10.6,7.28,0.467,50.0,5.17,-0.02,10.17
021183,平安中证A50ETF联接A,指数型-股票,6.36,0.5y,价值平均法,6.02,4.74,0.523,66.7,2.96,-1.73,10.17
016340,银河价值成长混合A,混合型-偏股,2.09,0.5y,定期定额(周),0.49,7.86,1.366,88.0,0.24,-22.4,10.16
005522,华泰保兴吉年福定开混合,混合型-灵活,2.43,0.5y,价值平均法,2.17,12.43,0.645,83.3,1.08,-5.88,10.15
560350,中证A50ETF摩根,指数型-股票,15.12,0.5y,价值平均法,6.21,4.97,0.482,66.7,3.06,-1.45,10.15
010381,浙商智选价值混合A,混合型-偏股,3.15,0.5y,定期定额(周),-1.0,3.15,0.856,92.0,-0.5,-7.87,10.14
022928,易方达沪深300ETF联接Y,指数型-股票,2.14,0.5y,价值平均法,8.85,6.29,0.787,50.0,4.33,-2.22,10.12
110020,易方达沪深300ETF联接A,指数型-股票,129.57,0.5y,价值平均法,8.85,6.28,0.787,50.0,4.33,-2.22,10.12
005794,银华心怡灵活配置混合A,混合型-灵活,24.62,0.5y,价值平均法,15.31,8.15,0.237,33.3,7.38,4.58,10.11
010591,富国中国中小盘混合(QDII)美元,QDII-混合偏股,33.81,0.5y,定期定额(周),-1.1,4.69,0.751,96.0,-0.55,-9.31,10.11
009878,平安低碳经济混合A,混合型-偏股,10.54,0.5y,价值平均法,6.61,9.03,0.424,66.7,3.25,-0.87,10.1
003593,国泰景气行业灵活配置混合,混合型-灵活,4.42,0.5y,价值平均法,1.86,14.96,0.872,83.3,0.93,-10.92,10.09
011285,民生价值优选6个月持有股票A,股票型,5.97,0.5y,定期定额(周),1.94,3.54,0.738,80.0,0.97,-5.48,10.09
040008,华安策略优选混合A,混合型-偏股,30.43,0.5y,定期定额(周),-0.11,3.67,0.835,88.0,-0.06,-7.65,10.08
001167,金鹰科技创新股票A,股票型,23.65,0.5y,价值平均法,6.1,15.0,0.725,66.7,3.0,-6.36,10.06
163115,申万菱信中证军工指数(LOF)A,指数型-股票,6.26,0.5y,价值平均法,1.62,19.54,1.093,83.3,0.81,-15.89,10.06
000596,前海开源中证军工指数A,指数型-股票,6.29,0.5y,价值平均法,1.59,19.46,1.11,83.3,0.79,-16.23,10.05
021184,平安中证A50ETF联接C,指数型-股票,2.35,0.5y,价值平均法,5.85,4.75,0.502,66.7,2.88,-1.65,10.05
270001,广发聚富混合,混合型-灵活,12.5,0.5y,价值平均法,5.66,8.36,0.601,66.7,2.79,-2.34,10.05
021186,中信保诚中证500指数增强C,指数型-股票,2.49,0.5y,价值平均法,3.97,14.41,1.23,66.7,1.97,-11.52,10.04
009791,中欧创业板两年定开混合C,混合型-偏股,2.38,0.5y,价值平均法,1.03,5.8,0.745,83.3,0.51,-5.9,10.0
010352,诺安沪深300指数增强C,指数型-股票,2.47,0.5y,价值平均法,8.49,6.06,0.797,50.0,4.16,-2.4,10.0
018449,中欧瑾通灵活配置混合E,混合型-灵活,4.77,0.5y,定期定额(周),0.7,0.86,0.042,96.0,0.35,-1.12,10.0
160706,嘉实沪深300ETF联接A,指数型-股票,72.68,0.5y,价值平均法,6.59,6.25,0.329,66.7,3.24,-0.05,10.0
377530,摩根行业轮动混合A,混合型-偏股,3.83,0.5y,价值平均法,1.91,12.28,0.664,83.3,0.95,-7.09,9.98
519171,浦银安盛医疗健康混合A,混合型-灵活,2.83,0.5y,定期定额(周),7.49,4.54,0.524,60.0,3.68,-2.84,9.98
002199,前海开源中证军工指数C,指数型-股票,3.07,0.5y,价值平均法,1.4,19.44,1.101,83.3,0.7,-16.18,9.97
003629,摩根全球多元配置(QDII-FOF)人民币A,QDII-混合平衡,6.17,0.5y,定期定额(周),3.72,2.96,0.364,76.0,1.84,-1.04,9.96
012382,宏利新兴景气龙头混合A,混合型-偏股,9.63,0.5y,价值平均法,14.68,12.8,0.433,33.3,7.09,1.84,9.96
011542,鹏华远见回报三年持有混合,混合型-偏股,4.7,0.5y,定期定额(周),5.98,3.43,0.275,68.0,2.94,0.19,9.95
019888,中欧周期优选混合发起A,混合型-偏股,20.13,0.5y,定期定额(周),0.43,9.77,1.012,88.0,0.21,-15.38,9.95
168204,国联中证煤炭指数(LOF)A,指数型-股票,3.06,0.5y,价值平均法,6.7,10.98,0.391,66.7,3.3,-1.65,9.95
018049,申万菱信数字产业股票型发起式C,股票型,3.13,0.5y,定期定额(周),9.65,6.84,0.828,52.0,4.72,-9.95,9.93
010062,南方行业精选一年混合A,混合型-偏股,13.47,0.5y,定期定额(周),1.86,5.56,0.813,80.0,0.93,-8.31,9.92
010338,国投瑞银远见成长混合A,混合型-偏股,3.28,0.5y,定期定额(周),2.45,4.66,0.529,80.0,1.22,-3.7,9.92
020104,易方达石油化工ETF联接A,指数型-股票,5.02,0.5y,定期定额(周),-3.45,6.12,1.069,100.0,-1.74,-14.28,9.92
180020,银华成长先锋混合,混合型-灵活,2.5,0.5y,定期定额(周),-2.92,7.33,1.261,100.0,-1.47,-21.33,9.92
014043,银华心怡灵活配置混合C,混合型-灵活,7.09,0.5y,价值平均法,14.92,8.17,0.21,33.3,7.2,4.71,9.91
460002,华泰柏瑞积极成长混合,混合型-灵活,4.94,0.5y,价值平均法,0.66,14.48,0.942,83.3,0.33,-10.23,9.9
000663,国投瑞银美丽中国混合A,混合型-灵活,2.83,0.5y,价值平均法,-2.09,10.4,0.522,100.0,-1.05,-6.46,9.89
160643,鹏华空天军工指数(LOF)A,指数型-股票,6.61,0.5y,价值平均法,1.35,19.94,1.098,83.3,0.67,-16.68,9.89
660003,农银平衡双利混合,混合型-灵活,2.59,0.5y,价值平均法,13.94,8.79,0.492,33.3,6.74,1.33,9.89
010025,广发聚丰混合C,混合型-偏股,3.74,0.5y,价值平均法,0.18,16.49,1.249,83.3,0.09,-16.37,9.88
010364,鹏华空天军工指数(LOF)C,指数型-股票,12.79,0.5y,价值平均法,1.3,19.94,1.094,83.3,0.65,-16.64,9.87
161032,富国中证煤炭指数(LOF)A,指数型-股票,4.87,0.5y,价值平均法,6.6,10.4,0.354,66.7,3.25,-1.17,9.87
002340,富国价值优势混合A,混合型-偏股,10.41,0.5y,定期定额(周),1.12,4.09,0.654,84.0,0.56,-6.3,9.85
009704,南方景气驱动混合A,混合型-偏股,14.98,0.5y,价值平均法,8.86,5.18,0.595,50.0,4.34,-0.83,9.85
020105,易方达石油化工ETF联接C,指数型-股票,12.57,0.5y,定期定额(周),-3.6,6.13,1.057,100.0,-1.81,-14.19,9.85
005911,广发双擎升级混合A,混合型-偏股,46.53,0.5y,定期定额(周),1.86,3.9,0.721,80.0,0.93,-7.07,9.84
017192,天弘中证工业有色金属主题ETF发起联接A,指数型-股票,10.14,0.5y,价值平均法,1.96,26.81,1.105,83.3,0.98,-19.52,9.84
009879,平安低碳经济混合C,混合型-偏股,6.22,0.5y,价值平均法,6.16,9.04,0.372,66.7,3.03,-0.67,9.83
513400,道琼斯ETF鹏华,指数型-海外股票,23.95,0.5y,价值平均法,4.68,7.64,0.686,66.7,2.31,-3.12,9.83
516570,化工行业ETF易方达,指数型-股票,23.29,0.5y,价值平均法,-3.65,12.49,1.067,100.0,-1.84,-15.14,9.82
013275,富国中证煤炭指数(LOF)C,指数型-股票,10.35,0.5y,价值平均法,6.45,10.42,0.347,66.7,3.17,-1.13,9.81
017193,天弘中证工业有色金属主题ETF发起联接C,指数型-股票,68.32,0.5y,价值平均法,1.83,26.82,1.098,83.3,0.91,-19.44,9.79
006038,大成景恒混合C,混合型-偏股,11.47,0.5y,价值平均法,2.28,11.07,0.353,83.3,1.13,-2.76,9.78
002987,广发沪深300ETF联接C,指数型-股票,8.65,0.5y,价值平均法,8.28,6.35,0.714,50.0,4.06,-1.95,9.75
009210,中欧嘉和三年混合A,混合型-偏股,2.77,0.5y,价值平均法,4.34,9.67,0.796,66.7,2.15,-5.21,9.75
014339,长江智能制造混合发起式A,混合型-偏股,5.61,0.5y,定期定额(周),3.24,3.18,0.609,72.0,1.61,-3.05,9.75
021211,富国中证A50ETF发起式联接C,指数型-股票,2.13,0.5y,价值平均法,8.3,4.75,0.667,50.0,4.07,-1.79,9.74
561190,碳中和ETF富国,指数型-股票,2.48,0.5y,价值平均法,1.4,8.2,0.586,83.3,0.7,-5.79,9.74
260110,景顺长城精选蓝筹混合,混合型-偏股,14.05,0.5y,定期定额(周),2.42,3.38,0.393,80.0,1.2,-2.53,9.72
002196,金鹰技术领先灵活配置混合C,混合型-灵活,2.03,0.5y,定期定额(周),1.22,1.18,0.339,84.0,0.61,-1.7,9.71
002010,中欧瑾通灵活配置混合C,混合型-灵活,97.94,0.5y,定期定额(周),0.55,0.86,-0.055,96.0,0.28,-1.04,9.68
004224,南方军工改革灵活配置混合A,混合型-灵活,29.18,0.5y,价值平均法,1.32,19.15,0.827,83.3,0.66,-11.89,9.68
001580,南方利安C,混合型-灵活,3.99,0.5y,定期定额(周),1.31,0.2,-0.342,88.0,0.65,-0.53,9.67
013426,贝莱德中国新视野混合A,混合型-偏股,13.42,0.5y,价值平均法,4.95,5.6,0.516,66.7,2.45,-2.03,9.67
270002,广发稳健增长混合A,混合型-平衡,82.15,0.5y,定期定额(周),1.26,3.12,0.652,80.0,0.63,-4.78,9.67
018489,万家中证工业有色金属主题ETF发起式联接A,指数型-股票,3.94,0.5y,价值平均法,1.48,26.62,1.074,83.3,0.74,-18.92,9.65
019124,博道红利智航股票A,股票型,3.21,0.5y,定期定额(周),0.82,2.56,0.295,88.0,0.41,-2.37,9.65
022269,中信保诚周期优选混合A,混合型-偏股,6.47,0.5y,定期定额(周),-2.89,7.04,1.164,96.0,-1.45,-17.77,9.64
550008,中信保诚优胜精选混合A,混合型-偏股,20.26,0.5y,价值平均法,1.0,7.27,0.533,83.3,0.5,-4.25,9.62
002009,中欧瑾通灵活配置混合A,混合型-灵活,21.47,0.5y,定期定额(周),0.71,0.86,0.042,92.0,0.35,-1.11,9.61
009705,南方景气驱动混合C,混合型-偏股,3.28,0.5y,价值平均法,8.49,5.19,0.55,50.0,4.16,-0.68,9.61
018490,万家中证工业有色金属主题ETF发起式联接C,指数型-股票,16.11,0.5y,价值平均法,1.38,26.62,1.069,83.3,0.69,-18.86,9.61
011148,南方军工改革灵活配置混合C,混合型-灵活,9.17,0.5y,价值平均法,1.1,19.16,0.815,83.3,0.55,-11.78,9.59
014340,长江智能制造混合发起式C,混合型-偏股,2.74,0.5y,定期定额(周),3.03,3.18,0.575,72.0,1.51,-2.94,9.59
501025,鹏华中证香港银行指数(LOF)A,指数型-股票,7.58,0.5y,定期定额(周),10.11,4.4,0.218,48.0,4.93,2.44,9.59
515220,煤炭ETF国泰,指数型-股票,101.13,0.5y,价值平均法,6.39,10.87,0.14,66.7,3.15,1.94,9.57
006446,华夏海外聚享混合发起式(QDII-FOF)A美元现汇,QDII-混合平衡,2.14,0.5y,定期定额(周),1.73,2.42,0.388,80.0,0.86,-1.63,9.56
006447,华夏海外聚享混合发起式(QDII-FOF)A美元现钞,QDII-混合平衡,2.14,0.5y,定期定额(周),1.73,2.42,0.388,80.0,0.86,-1.63,9.56
010365,鹏华中证香港银行指数(LOF)C,指数型-股票,24.14,0.5y,定期定额(周),10.03,4.4,0.209,48.0,4.89,2.48,9.54
011635,富国港股通策略精选混合A,混合型-偏股,10.4,0.5y,定期定额(周),3.82,3.96,0.43,72.0,1.89,-2.67,9.54
013895,宝盈成长精选混合A,混合型-偏股,3.52,0.5y,定期定额(周),-1.68,5.09,0.768,92.0,-0.84,-9.34,9.53
001898,易方达大健康混合,混合型-灵活,4.15,0.5y,定期定额(周),1.79,2.02,0.408,80.0,0.89,-2.99,9.52
009326,广发稳健增长混合C,混合型-平衡,2.03,0.5y,定期定额(周),1.05,3.12,0.622,80.0,0.53,-4.67,9.52
010213,中欧互联网先锋混合A,混合型-偏股,32.46,0.5y,价值平均法,6.31,11.62,0.156,66.7,3.11,1.3,9.51
019125,博道红利智航股票C,股票型,7.79,0.5y,定期定额(周),0.63,2.56,0.261,88.0,0.32,-2.27,9.5
022270,中信保诚周期优选混合C,混合型-偏股,14.32,0.5y,定期定额(周),-3.18,7.06,1.143,96.0,-1.6,-17.59,9.5
010434,红土创新医疗保健股票A,股票型,2.2,0.5y,价值平均法,6.12,10.68,0.183,66.7,3.02,1.04,9.49
013341,工银核心机遇混合A,混合型-偏股,3.66,0.5y,定期定额(周),-1.91,8.53,1.007,92.0,-0.96,-15.18,9.49
003017,广发中证军工ETF联接A,指数型-股票,6.93,0.5y,价值平均法,0.28,19.4,1.058,83.3,0.14,-15.95,9.48
006282,摩根欧洲动力策略股票(QDII)A,QDII-普通股票,5.82,0.5y,定期定额(周),1.56,4.47,0.719,76.0,0.78,-5.33,9.48
013427,贝莱德中国新视野混合C,混合型-偏股,2.04,0.5y,价值平均法,4.67,5.61,0.478,66.7,2.31,-1.91,9.47
512670,国防ETF鹏华,指数型-股票,28.23,0.5y,价值平均法,0.5,20.85,1.059,83.3,0.25,-16.92,9.47
519736,交银新成长混合,混合型-偏股,38.88,0.5y,定期定额(周),2.12,2.87,0.53,76.0,1.06,-3.45,9.47
021247,兴全红利混合A,混合型-偏股,2.28,0.5y,定期定额(周),0.14,1.61,0.153,92.0,0.07,-1.86,9.46
160630,鹏华中证国防指数(LOF)A,指数型-股票,25.16,0.5y,价值平均法,0.36,20.24,1.05,83.3,0.18,-16.26,9.46
011405,银华稳健增长一年持有期混合,混合型-偏股,8.6,0.5y,定期定额(周),1.58,3.14,0.444,80.0,0.79,-3.26,9.44
660010,农银策略精选混合,混合型-偏股,19.64,0.5y,定期定额(周),2.23,4.11,0.314,80.0,1.11,-2.29,9.44
000127,农银行业领先混合,混合型-偏股,6.21,0.5y,定期定额(周),2.16,4.14,0.323,80.0,1.07,-2.39,9.43
012041,鹏华中证国防指数(LOF)C,指数型-股票,7.0,0.5y,价值平均法,0.31,20.24,1.046,83.3,0.16,-16.22,9.43
020005,国泰金马稳健混合A,混合型-灵活,6.76,0.5y,价值平均法,17.1,15.26,0.667,16.7,8.21,-1.15,9.43
005693,广发中证军工ETF联接C,指数型-股票,23.8,0.5y,价值平均法,0.15,19.42,1.051,83.3,0.08,-15.88,9.42
019512,摩根全球多元配置(QDII-FOF)人民币C,QDII-混合平衡,3.53,0.5y,定期定额(周),3.56,2.97,0.333,72.0,1.76,-0.97,9.42
019889,中欧周期优选混合发起C,混合型-偏股,23.96,0.5y,定期定额(周),0.12,9.77,0.992,84.0,0.06,-15.19,9.41
512660,军工ETF国泰,指数型-股票,94.08,0.5y,价值平均法,0.32,20.65,1.035,83.3,0.16,-16.31,9.4
001405,东方红策略精选混合A,混合型-灵活,9.6,0.5y,定期定额(周),0.43,0.67,0.355,84.0,0.21,-1.78,9.39
159595,中证A50ETF大成,指数型-股票,17.94,0.5y,价值平均法,7.68,4.94,0.631,50.0,3.77,-1.89,9.39
159731,石化ETF华夏,指数型-股票,12.93,0.5y,定期定额(周),-4.38,6.27,1.021,100.0,-2.22,-14.91,9.39
013896,宝盈成长精选混合C,混合型-偏股,3.48,0.5y,定期定额(周),-1.94,5.09,0.743,92.0,-0.97,-9.2,9.38
022367,贝莱德沪深300指数增强C,指数型-股票,2.61,0.5y,价值平均法,7.11,6.52,0.797,50.0,3.5,-3.21,9.38
512680,军工ETF广发,指数型-股票,52.88,0.5y,价值平均法,0.27,20.64,1.034,83.3,0.13,-16.32,9.38
516000,大数据ETF华夏,指数型-股票,3.47,0.5y,价值平均法,1.38,12.98,0.422,83.3,0.69,-5.06,9.38
159985,豆粕ETF华夏,指数型-其他,28.95,0.5y,价值平均法,4.87,6.4,0.374,66.7,2.4,-0.88,9.37
460001,华泰柏瑞盛世中国混合,混合型-偏股,8.27,0.5y,价值平均法,-0.36,14.19,0.845,83.3,-0.18,-9.44,9.37
002018,鹏华弘安混合A,混合型-灵活,2.48,0.5y,定期定额(月),1.39,0.06,-1.694,83.3,0.7,-0.47,9.36
002030,中信保诚新选混合B,混合型-灵活,4.37,0.5y,价值平均法,-1.36,12.55,1.413,83.3,-0.68,-20.04,9.36
010214,中欧互联网先锋混合C,混合型-偏股,10.57,0.5y,价值平均法,6.02,11.65,0.134,66.7,2.97,1.42,9.36
009630,浦银安盛ESG责任投资混合A,混合型-偏股,6.39,0.5y,定期定额(周),1.91,3.71,0.593,76.0,0.95,-5.03,9.35
010063,南方行业精选一年混合C,混合型-偏股,2.7,0.5y,定期定额(周),1.56,5.57,0.784,76.0,0.77,-8.13,9.35
013342,工银核心机遇混合C,混合型-偏股,7.51,0.5y,定期定额(周),-2.19,8.54,0.987,92.0,-1.1,-15.0,9.35
161024,富国中证军工指数(LOF)A,指数型-股票,38.68,0.5y,价值平均法,-0.04,19.66,1.021,83.3,-0.02,-15.56,9.31
001917,招商量化精选股票A,股票型,36.47,0.5y,价值平均法,3.29,11.74,0.875,66.7,1.63,-7.62,9.3
159623,成渝经济圈ETF博时,指数型-股票,31.22,0.5y,价值平均法,0.78,6.86,0.433,83.3,0.39,-4.1,9.3
180003,银华-道琼斯88指数,指数型-其他,10.99,0.5y,价值平均法,4.9,5.4,0.319,66.7,2.42,-0.63,9.3
000849,汇丰晋信双核策略混合A,混合型-灵活,7.08,0.5y,价值平均法,2.38,13.25,1.213,66.7,1.18,-12.86,9.29
159639,碳中和ETF南方,指数型-股票,2.57,0.5y,价值平均法,0.56,8.24,0.508,83.3,0.28,-5.37,9.27
519651,银河转型混合A,混合型-灵活,2.47,0.5y,定期定额(周),1.86,4.9,0.577,76.0,0.93,-5.05,9.26
011435,中欧研究精选混合A,混合型-偏股,7.29,0.5y,价值平均法,12.32,9.09,0.518,33.3,5.98,0.45,9.25
013035,富国中证军工指数(LOF)C,指数型-股票,2.74,0.5y,价值平均法,-0.17,19.66,1.013,83.3,-0.09,-15.51,9.25
009631,浦银安盛ESG责任投资混合C,混合型-偏股,2.77,0.5y,定期定额(周),1.73,3.7,0.573,76.0,0.86,-4.94,9.24
002989,融通通乾研究精选灵活配置混合A,混合型-灵活,2.73,0.5y,价值平均法,-3.63,11.01,0.524,100.0,-1.83,-7.59,9.21
017856,华夏中证石化产业ETF发起式联接C,指数型-股票,3.15,0.5y,定期定额(周),-4.77,6.04,0.965,100.0,-2.41,-13.86,9.2
021248,兴全红利混合C,混合型-偏股,2.17,0.5y,定期定额(周),-0.16,1.61,0.093,92.0,-0.08,-1.71,9.19
161222,国投瑞银瑞利混合(LOF)A,混合型-灵活,6.33,0.5y,定期定额(周),0.76,4.05,0.521,80.0,0.38,-4.21,9.19
000850,汇丰晋信双核策略混合C,混合型-灵活,17.55,0.5y,价值平均法,2.11,13.29,1.191,66.7,1.05,-12.72,9.15
001908,国投瑞银境煊灵活配置混合C,混合型-灵活,2.39,0.5y,价值平均法,-4.07,10.54,0.572,100.0,-2.06,-7.74,9.15
014228,浦银安盛品质优选混合A,混合型-偏股,5.19,0.5y,定期定额(周),1.51,3.72,0.58,76.0,0.75,-5.14,9.15
010956,天弘中证智能汽车指数发起式C,指数型-股票,3.6,0.5y,价值平均法,4.05,12.99,0.582,66.7,2.0,-4.92,9.11
560880,家电ETF广发,指数型-股票,5.6,0.5y,定期定额(周),3.56,3.89,0.454,68.0,1.77,-2.62,9.1
005197,工银沪港深精选混合A,混合型-灵活,2.99,0.5y,定期定额(周),6.03,4.82,0.325,60.0,2.97,-0.79,9.09
012510,国富优质企业一年持有期混合A,混合型-偏股,2.76,0.5y,定期定额(周),3.52,4.78,0.497,68.0,1.75,-3.71,9.05
002258,大成国企改革灵活配置混合A,混合型-灵活,11.56,0.5y,定期定额(周),-5.11,9.61,1.098,100.0,-2.59,-18.4,9.01
007460,华安成长创新混合A,混合型-偏股,12.06,0.5y,价值平均法,4.13,8.26,0.376,66.7,2.04,-1.94,8.96
007484,信澳核心科技混合A,混合型-偏股,2.98,0.5y,价值平均法,8.21,14.21,0.509,50.0,4.03,-3.0,8.96
159529,标普消费ETF景顺,指数型-海外股票,8.58,0.5y,定期定额(周),2.18,4.66,0.694,68.0,1.09,-4.36,8.96
019450,摩根欧洲动力策略股票(QDII)C,QDII-普通股票,2.23,0.5y,定期定额(周),1.35,4.47,0.689,72.0,0.67,-5.21,8.93
017630,富国周期精选三年持有期混合A,混合型-偏股,6.44,0.5y,价值平均法,-4.26,12.89,0.515,100.0,-2.15,-8.06,8.92
012664,国寿安保沪港深300ETF联接C,指数型-股票,7.39,0.5y,定期定额(周),4.36,2.53,0.282,64.0,2.15,-0.7,8.91
010108,景顺长城核心招景混合A,混合型-偏股,28.05,0.5y,价值平均法,0.07,17.95,0.416,83.3,0.03,-5.0,8.9
121010,国投瑞银瑞源灵活配置混合A,混合型-灵活,3.55,0.5y,定期定额(周),0.75,3.78,0.565,76.0,0.37,-4.29,8.89
011636,富国港股通策略精选混合C,混合型-偏股,11.77,0.5y,定期定额(周),3.41,3.97,0.381,68.0,1.69,-2.4,8.88
019197,大成国企改革灵活配置混合C,混合型-灵活,2.74,0.5y,定期定额(周),-5.37,9.62,1.08,100.0,-2.72,-18.24,8.88
001406,东方红策略精选混合C,混合型-灵活,7.64,0.5y,定期定额(周),0.18,0.67,0.205,84.0,0.09,-1.65,8.86
001679,前海开源中国稀缺资产混合A,混合型-灵活,19.26,0.5y,定期定额(周),0.47,4.52,0.463,80.0,0.24,-5.08,8.84
005787,中欧新趋势混合C,混合型-偏股,3.83,0.5y,价值平均法,3.76,14.32,0.496,66.7,1.86,-4.35,8.84
001102,前海开源国家比较优势混合A,混合型-灵活,22.03,0.5y,定期定额(周),0.46,4.5,0.464,80.0,0.23,-5.09,8.83
519997,长信银利精选混合A,混合型-偏股,2.63,0.5y,价值平均法,1.03,11.48,0.071,83.3,0.52,-0.59,8.83
161033,富国中证智能汽车(LOF)A,指数型-股票,2.26,0.5y,价值平均法,3.46,12.86,0.54,66.7,1.72,-4.67,8.82
006259,汇添富红利增长混合A,混合型-偏股,7.53,0.5y,定期定额(周),-0.76,2.11,0.457,84.0,-0.38,-4.07,8.8
159910,基本面120ETF嘉实,指数型-股票,2.37,0.5y,价值平均法,0.38,9.15,0.219,83.3,0.19,-2.34,8.78
005732,富国臻选成长灵活配置混合A,混合型-灵活,3.12,0.5y,定期定额(周),-0.86,6.02,0.616,84.0,-0.43,-8.47,8.76
560700,央企红利ETF广发,指数型-股票,4.22,0.5y,定期定额(周),2.04,6.27,-0.032,80.0,1.01,0.55,8.75
009394,银华同力精选混合,混合型-偏股,10.39,0.5y,定期定额(周),-5.03,8.76,1.192,100.0,-2.55,-23.81,8.72
360005,光大红利混合A,混合型-偏股,2.51,0.5y,定期定额(周),-1.47,2.02,0.401,88.0,-0.74,-4.2,8.72
001881,中欧新趋势混合E,混合型-偏股,3.89,0.5y,价值平均法,3.59,14.28,0.447,66.7,1.78,-3.81,8.71
210009,金鹰核心资源混合A,混合型-偏股,9.17,0.5y,价值平均法,-0.25,15.09,0.386,83.3,-0.13,-4.93,8.71
100029,富国天成红利混合,混合型-灵活,5.92,0.5y,定期定额(周),-2.1,1.93,0.319,92.0,-1.06,-3.9,8.66
015285,国投瑞银产业转型一年持有混合A,混合型-偏股,5.19,0.5y,价值平均法,-0.95,7.38,0.477,83.3,-0.48,-5.36,8.63
162202,宏利周期混合,混合型-偏股,3.83,0.5y,定期定额(周),-4.52,5.23,0.762,96.0,-2.28,-11.22,8.63
166001,中欧新趋势混合A,混合型-偏股,28.93,0.5y,价值平均法,3.44,14.28,0.427,66.7,1.71,-3.62,8.63
159876,有色ETF华宝,指数型-股票,18.91,0.5y,定期定额(周),-1.97,12.46,0.875,88.0,-0.99,-16.53,8.61
010425,国投瑞银开放视角精选混合A,混合型-偏股,4.25,0.5y,价值平均法,-4.94,10.31,0.453,100.0,-2.5,-7.05,8.6
013385,信澳优势价值混合A,混合型-偏股,5.27,0.5y,价值平均法,3.28,16.83,0.534,66.7,1.63,-5.91,8.6
560860,工业有色ETF万家,指数型-股票,101.7,0.5y,价值平均法,3.17,27.93,1.148,66.7,1.57,-21.01,8.57
515250,智能汽车ETF富国,指数型-股票,5.33,0.5y,价值平均法,2.96,13.52,0.506,66.7,1.47,-4.67,8.55
010671,景顺长城大中华混合(QDII)A美元现汇,QDII-混合偏股,5.99,0.5y,价值平均法,2.88,9.41,0.464,66.7,1.43,-3.6,8.54
011932,工银战略远见混合A,混合型-偏股,18.97,0.5y,价值平均法,11.21,6.93,0.3,33.3,5.46,2.09,8.54
512560,军工ETF易方达,指数型-股票,7.65,0.5y,价值平均法,2.1,20.54,1.129,66.7,1.05,-17.12,8.54
012842,易方达中证军工(LOF)C,指数型-股票,4.17,0.5y,价值平均法,1.89,19.47,1.131,66.7,0.94,-16.51,8.53
011740,博时成长精选混合A,混合型-偏股,2.98,0.5y,定期定额(周),-1.5,4.54,0.52,84.0,-0.75,-6.15,8.49
001171,工银养老产业股票A,股票型,11.89,0.5y,定期定额(周),5.29,3.74,0.347,56.0,2.61,-1.22,8.48
002597,兴业成长动力混合A,混合型-灵活,3.11,0.5y,定期定额(周),4.42,3.25,0.286,60.0,2.19,-0.68,8.47
011651,招商港股通核心精选股票A,股票型,2.24,0.5y,价值平均法,6.71,12.66,0.495,50.0,3.3,-2.35,8.46
001316,安信稳健增值混合A,混合型-灵活,55.15,0.5y,定期定额(周),0.71,0.58,-0.145,84.0,0.35,-0.88,8.44
011630,东财有色增强A,指数型-股票,4.01,0.5y,定期定额(周),-2.49,11.18,0.814,88.0,-1.25,-14.97,8.42
161810,银华内需精选混合(LOF),混合型-偏股,23.61,0.5y,定期定额(周),-5.68,10.78,1.131,100.0,-2.88,-23.39,8.4
590001,中邮核心优选混合A,混合型-偏股,7.77,0.5y,定期定额(周),1.11,3.49,-0.007,80.0,0.55,-0.35,8.4
002079,前海开源中国稀缺资产混合C,混合型-灵活,5.3,0.5y,定期定额(周),0.38,4.48,0.46,76.0,0.19,-5.09,8.39
005063,广发中证全指家用电器ETF联接A,指数型-股票,2.26,0.5y,定期定额(周),3.05,3.7,0.398,64.0,1.51,-2.33,8.39
015564,大成弘远回报一年持有混合A,混合型-偏股,7.1,0.5y,定期定额(周),-0.86,2.02,0.255,84.0,-0.43,-2.72,8.38
011631,东财有色增强C,指数型-股票,5.88,0.5y,定期定额(周),-2.64,11.19,0.806,88.0,-1.33,-14.88,8.36
020735,东财有色增强E,指数型-股票,2.12,0.5y,定期定额(周),-2.64,11.19,0.806,88.0,-1.33,-14.88,8.36
010235,广发资源优选股票C,股票型,4.1,0.5y,定期定额(周),-4.39,8.11,0.922,92.0,-2.22,-15.15,8.35
008819,农银汇理策略趋势混合,混合型-偏股,3.23,0.5y,价值平均法,2.77,7.9,0.34,66.7,1.37,-2.27,8.33
260117,景顺长城支柱产业混合A,混合型-偏股,5.74,0.5y,定期定额(周),-3.28,5.14,0.747,88.0,-1.65,-10.59,8.33
090019,大成景恒混合A,混合型-偏股,6.24,0.5y,价值平均法,2.6,11.06,0.385,66.7,1.29,-2.92,8.3
017971,摩根海外稳健配置混合(QDII-FOF)美元现汇,QDII-FOF,14.31,0.5y,定期定额(月),0.78,0.39,-0.927,100.0,0.39,-0.72,8.29
017972,摩根海外稳健配置混合(QDII-FOF)美元现钞,QDII-FOF,14.31,0.5y,定期定额(月),0.78,0.39,-0.927,100.0,0.39,-0.72,8.29
001298,金鹰民族新兴混合A,混合型-灵活,4.24,0.5y,价值平均法,2.31,14.18,0.522,66.7,1.15,-5.53,8.26
012660,华安新乐享灵活配置混合C,混合型-灵活,7.67,0.5y,定期定额(月),0.62,0.81,-0.821,100.0,0.31,-0.53,8.26
017140,华宝中证有色金属ETF发起式联接A,指数型-股票,2.36,0.5y,定期定额(周),-2.0,11.1,0.827,84.0,-1.01,-14.78,8.25
159996,家电ETF国泰,指数型-股票,11.85,0.5y,定期定额(周),2.84,3.89,0.378,64.0,1.41,-2.37,8.25
001706,诺安积极回报混合A,混合型-灵活,6.69,0.5y,价值平均法,2.89,11.09,0.28,66.7,1.44,-1.91,8.24
021512,景顺长城支柱产业混合C,混合型-偏股,6.45,0.5y,定期定额(周),-3.46,5.15,0.731,88.0,-1.74,-10.47,8.24
021881,鑫元华证沪深港红利50指数A,指数型-股票,4.92,0.5y,价值平均法,-0.46,4.91,0.117,83.3,-0.23,-1.99,8.24
159690,有色矿业ETF招商,指数型-股票,8.1,0.5y,定期定额(周),-2.79,13.66,0.88,88.0,-1.41,-17.53,8.23
021046,平安港股通红利精选混合发起式A,混合型-偏股,3.08,0.5y,价值平均法,4.06,4.93,-0.081,66.7,2.01,1.43,8.2
001691,南方香港成长灵活配置混合,QDII-混合灵活,14.14,0.5y,价值平均法,6.98,14.21,0.224,50.0,3.43,0.87,8.19
011403,融通鑫新成长混合A,混合型-偏股,2.29,0.5y,价值平均法,-3.97,9.69,-0.072,100.0,-2.0,-1.67,8.18
017141,华宝中证有色金属ETF发起式联接C,指数型-股票,7.33,0.5y,定期定额(周),-2.15,11.11,0.818,84.0,-1.08,-14.69,8.18
512810,军工ETF华宝,指数型-股票,7.56,0.5y,价值平均法,1.22,20.57,1.087,66.7,0.61,-16.72,8.15
164402,前海开源中航军工指数A,指数型-股票,6.89,0.5y,价值平均法,-2.54,19.79,0.907,83.3,-1.28,-15.42,8.14
012847,诺安积极回报混合C,混合型-灵活,5.52,0.5y,价值平均法,2.66,11.11,0.266,66.7,1.32,-1.82,8.13
206001,鹏华弘泰A,混合型-灵活,4.41,0.5y,定期定额(月),0.98,0.15,-1.389,100.0,0.49,-0.52,8.13
003940,银华盛世精选灵活配置混合发起式A,混合型-灵活,13.46,0.5y,价值平均法,10.45,6.62,0.226,33.3,5.1,2.52,8.12
021882,鑫元华证沪深港红利50指数C,指数型-股票,2.6,0.5y,价值平均法,-0.62,4.91,0.091,83.3,-0.31,-1.91,8.12
009504,富国上海金ETF联接A,指数型-其他,13.68,0.5y,价值平均法,-5.89,21.15,0.486,100.0,-2.99,-9.85,8.11
561330,矿业ETF国泰,指数型-股票,26.15,0.5y,定期定额(周),-3.07,13.76,0.879,88.0,-1.55,-17.7,8.11
008986,广发上海金ETF联接A,指数型-其他,6.53,0.5y,价值平均法,-5.89,21.12,0.47,100.0,-2.99,-9.56,8.1
021738,广发上海金ETF联接F,指数型-其他,4.8,0.5y,价值平均法,-5.9,21.12,0.469,100.0,-2.99,-9.56,8.1
512400,有色金属ETF南方,指数型-股票,275.67,0.5y,定期定额(周),-2.23,12.72,0.875,84.0,-1.12,-16.81,8.09
040005,华安宏利混合A,混合型-偏股,16.62,0.5y,定期定额(周),-1.72,5.92,0.336,84.0,-0.86,-4.95,8.08
159880,有色ETF鹏华,指数型-股票,15.98,0.5y,定期定额(周),-2.3,12.74,0.885,84.0,-1.16,-16.96,8.08
021181,中欧价值精选混合A,混合型-偏股,9.14,0.5y,定期定额(周),-2.23,4.06,0.449,84.0,-1.12,-5.61,8.07
018392,南方上海金ETF联接C,指数型-其他,12.34,0.5y,价值平均法,-5.97,20.71,0.447,100.0,-3.03,-9.13,8.06
021047,平安港股通红利精选混合发起式C,混合型-偏股,4.59,0.5y,价值平均法,3.87,4.94,-0.111,66.7,1.92,1.52,8.06
009033,建信上海金ETF联接A,指数型-其他,12.43,0.5y,价值平均法,-6.03,20.91,0.474,100.0,-3.06,-9.68,8.05
002118,广发安盈混合A,混合型-灵活,24.76,0.5y,定期定额(周),1.16,0.31,-0.258,76.0,0.58,-0.66,8.04
005402,广发资源优选股票A,股票型,9.55,0.5y,定期定额(周),-4.19,8.11,0.937,88.0,-2.12,-15.28,8.04
009505,富国上海金ETF联接C,指数型-其他,38.42,0.5y,价值平均法,-6.06,21.16,0.476,100.0,-3.08,-9.75,8.04
008987,广发上海金ETF联接C,指数型-其他,49.3,0.5y,价值平均法,-6.06,21.13,0.46,100.0,-3.08,-9.46,8.03
160221,国泰国证有色金属行业指数(LOF)A,指数型-股票,25.65,0.5y,定期定额(周),-2.56,11.73,0.841,84.0,-1.29,-15.53,8.01
004190,招商沪深300指数增强A,指数型-股票,4.28,0.5y,定期定额(周),0.92,3.26,0.256,72.0,0.46,-2.32,7.99
008063,汇添富大盘核心资产混合A,混合型-偏股,15.41,0.5y,定期定额(周),1.45,4.11,0.114,72.0,0.72,-0.82,7.98
004432,南方有色金属ETF联接A,指数型-股票,27.09,0.5y,定期定额(周),-2.61,11.41,0.822,84.0,-1.31,-15.28,7.97
009034,建信上海金ETF联接C,指数型-其他,36.21,0.5y,价值平均法,-6.21,20.93,0.463,100.0,-3.16,-9.56,7.97
015596,国泰国证有色金属行业指数(LOF)C,指数型-股票,14.2,0.5y,定期定额(周),-2.66,11.73,0.836,84.0,-1.34,-15.47,7.97
518680,金ETF富国,指数型-其他,81.21,0.5y,价值平均法,-6.21,21.41,0.464,100.0,-3.15,-9.62,7.97
519767,交银科技创新灵活配置混合A,混合型-灵活,3.14,0.5y,定期定额(周),2.27,6.41,0.769,60.0,1.13,-8.13,7.97
014661,天弘黄金ETF联接A,指数型-其他,4.27,0.5y,价值平均法,-6.25,21.09,0.471,100.0,-3.18,-9.74,7.96
010990,南方有色金属ETF联接E,指数型-股票,13.34,0.5y,定期定额(周),-2.65,11.42,0.82,84.0,-1.33,-15.25,7.95
021182,中欧价值精选混合C,混合型-偏股,11.71,0.5y,定期定额(周),-2.42,4.07,0.425,84.0,-1.22,-5.5,7.95
159830,金ETF天弘,指数型-其他,37.42,0.5y,价值平均法,-6.25,21.41,0.462,100.0,-3.17,-9.6,7.95
009477,中银上海金ETF联接A,指数型-其他,2.16,0.5y,价值平均法,-6.28,20.38,0.437,100.0,-3.19,-9.08,7.92
159834,金ETF南方,指数型-其他,18.02,0.5y,价值平均法,-6.3,21.42,0.456,100.0,-3.2,-9.52,7.92
160127,南方新兴消费增长股票(LOF)A,股票型,5.38,0.5y,价值平均法,8.58,5.76,0.547,33.3,4.2,-0.93,7.91
160724,嘉实沪深300ETF联接C,指数型-股票,2.1,0.5y,价值平均法,6.02,6.27,0.226,50.0,2.96,0.42,7.91
610004,信澳中小盘混合A,混合型-偏股,2.02,0.5y,定期定额(周),-1.71,7.03,0.498,80.0,-0.86,-6.89,7.91
004433,南方有色金属ETF联接C,指数型-股票,69.42,0.5y,定期定额(周),-2.8,11.43,0.812,84.0,-1.41,-15.15,7.89
516520,智能驾驶ETF华泰柏瑞,指数型-股票,10.03,0.5y,价值平均法,5.05,13.51,0.623,50.0,2.49,-5.12,7.89
014662,天弘黄金ETF联接C,指数型-其他,30.89,0.5y,价值平均法,-6.41,21.1,0.461,100.0,-3.26,-9.64,7.88
159831,金ETF嘉实,指数型-其他,21.16,0.5y,价值平均法,-6.4,21.42,0.452,100.0,-3.25,-9.49,7.88
518600,金ETF广发,指数型-其他,76.07,0.5y,价值平均法,-6.41,21.42,0.452,100.0,-3.26,-9.5,7.88
010412,汇安均衡优选混合A,混合型-偏股,3.47,0.5y,定期定额(周),5.79,2.13,-0.039,52.0,2.85,1.96,7.87
011006,工银圆丰三年持有期混合,混合型-偏股,33.15,0.5y,价值平均法,6.48,7.39,0.103,50.0,3.19,1.71,7.87
518860,上海金ETF建信,指数型-其他,48.49,0.5y,价值平均法,-6.42,21.31,0.453,100.0,-3.26,-9.52,7.87
004191,招商沪深300指数增强C,指数型-股票,2.29,0.5y,定期定额(周),0.71,3.26,0.229,72.0,0.35,-2.21,7.84
270050,广发新经济混合A,混合型-偏股,3.95,0.5y,价值平均法,6.48,10.55,0.114,50.0,3.19,1.54,7.83
002849,金信智能中国2025混合A,混合型-灵活,4.68,0.5y,定期定额(周),5.95,1.71,0.028,48.0,2.93,1.64,7.81
004685,金元顺安元启灵活配置混合,混合型-灵活,15.76,0.5y,定期定额(周),0.02,4.16,0.165,76.0,0.01,-2.07,7.81
233009,大摩多因子策略混合A,混合型-偏股,5.9,0.5y,定期定额(周),0.78,5.99,0.195,72.0,0.39,-1.94,7.79
001338,安信稳健增值混合C,混合型-灵活,33.02,0.5y,定期定额(周),0.46,0.58,-0.352,84.0,0.23,-0.75,7.77
000326,南方中小盘成长股票A,股票型,2.19,0.5y,定期定额(周),-3.35,3.17,0.335,88.0,-1.69,-4.91,7.76
014275,易方达北交所精选两年定开混合A,混合型-偏股,2.14,0.5y,价值平均法,2.68,15.61,-0.051,66.7,1.33,2.46,7.76
021297,鹏华国证有色金属行业ETF发起式联接C,指数型-股票,4.36,0.5y,定期定额(周),-3.12,11.01,0.798,84.0,-1.57,-14.85,7.76
161607,融通巨潮100指数A(LOF),指数型-股票,4.16,0.5y,价值平均法,5.27,4.51,0.271,50.0,2.6,-0.14,7.74
470007,汇添富上证综合指数A,指数型-股票,9.35,0.5y,定期定额(周),3.9,5.72,0.074,60.0,1.93,0.51,7.74
012093,鹏华创新升级混合A,混合型-偏股,2.91,0.5y,定期定额(周),3.37,5.07,0.191,60.0,1.67,-0.64,7.73
005223,广发中证基建工程ETF联接A,指数型-股票,4.75,0.5y,价值平均法,-5.25,10.62,-0.017,100.0,-2.66,-3.04,7.72
021562,天弘中证央企红利50指数发起C,指数型-股票,2.09,0.5y,定期定额(周),-1.62,3.07,0.059,84.0,-0.81,-2.13,7.66
159201,自由现金流ETF华夏,指数型-股票,184.53,0.5y,定期定额(周),-5.93,4.07,0.482,96.0,-3.01,-7.8,7.66
420003,天弘永定价值成长混合A,混合型-偏股,5.47,0.5y,定期定额(周),-2.02,3.59,0.381,80.0,-1.01,-4.69,7.66
005224,广发中证基建工程ETF联接C,指数型-股票,6.17,0.5y,价值平均法,-5.36,10.63,-0.029,100.0,-2.72,-2.98,7.65
009566,汇安泓阳三年持有期混合,混合型-偏股,5.14,0.5y,定期定额(周),5.42,2.15,-0.059,52.0,2.68,1.9,7.64
160527,博时研究优选混合(LOF)A,混合型-灵活,5.54,0.5y,价值平均法,2.32,7.0,-0.013,66.7,1.15,1.06,7.62
002019,鹏华弘安混合C,混合型-灵活,5.77,0.5y,定期定额(月),1.23,0.06,-2.712,100.0,0.61,-0.41,7.6
165520,中信保诚中证800有色指数(LOF)A,指数型-股票,20.69,0.5y,定期定额(周),-3.56,11.19,0.852,84.0,-1.8,-16.24,7.6
516970,基建ETF广发,指数型-股票,18.42,0.5y,价值平均法,-5.59,11.17,-0.012,100.0,-2.83,-3.15,7.6
070018,嘉实回报混合,混合型-灵活,3.81,0.5y,定期定额(周),3.46,2.41,0.21,56.0,1.72,-0.6,7.56
070003,嘉实稳健混合,混合型-偏股,16.48,0.5y,定期定额(周),-0.8,2.45,0.229,76.0,-0.4,-2.85,7.54
013081,中信保诚中证800有色指数(LOF)C,指数型-股票,5.35,0.5y,定期定额(周),-3.76,11.2,0.841,84.0,-1.9,-16.12,7.51
000965,汇丰晋信新动力混合A,混合型-偏股,25.86,0.5y,定期定额(周),-5.2,3.35,0.457,92.0,-2.64,-7.07,7.5
010583,富国蓝筹精选股票(QDII)美元,QDII-普通股票,15.5,0.5y,定期定额(周),-2.35,4.79,0.411,80.0,-1.18,-6.08,7.5
520900,港股通红利ETF广发,指数型-股票,15.78,0.5y,价值平均法,-0.81,5.93,-0.224,83.3,-0.4,0.42,7.5
018132,博时中证有色金属矿业主题指数A,指数型-股票,8.28,0.5y,定期定额(周),-3.73,12.1,0.792,84.0,-1.88,-15.31,7.48
005904,华泰保兴成长优选A,混合型-偏股,12.06,0.5y,定期定额(周),-4.03,5.65,0.31,88.0,-2.04,-5.65,7.46
009570,鹏华匠心精选混合A,混合型-偏股,45.06,0.5y,定期定额(周),2.38,1.96,-0.011,64.0,1.18,0.16,7.46
011104,光大智能汽车主题股票A,股票型,5.46,0.5y,价值平均法,4.26,7.38,0.466,50.0,2.11,-3.09,7.46
001054,工银新金融股票A,股票型,10.94,0.5y,定期定额(周),1.25,4.08,0.099,68.0,0.62,-0.98,7.45
013280,宏利睿智稳健混合C,混合型-灵活,2.17,0.5y,价值平均法,1.23,8.36,0.197,66.7,0.61,-1.74,7.45
014754,华安景气优选混合A,混合型-偏股,2.15,0.5y,定期定额(周),1.45,3.15,0.276,64.0,0.72,-2.35,7.45
006624,中泰玉衡价值优选混合A,混合型-灵活,12.42,0.5y,定期定额(周),-1.82,2.44,-0.186,88.0,-0.91,-1.06,7.44
562060,标普A股红利ETF华宝,指数型-股票,44.54,0.5y,定期定额(周),-3.65,2.4,0.267,88.0,-1.84,-4.55,7.43
018133,博时中证有色金属矿业主题指数C,指数型-股票,17.51,0.5y,定期定额(周),-3.88,12.11,0.784,84.0,-1.96,-15.22,7.42
008347,中信建投甄选混合A,混合型-偏股,4.11,0.5y,价值平均法,-3.86,9.63,0.484,83.3,-1.95,-6.96,7.41
288001,华夏经典混合,混合型-偏股,18.49,0.5y,定期定额(周),-6.34,3.83,0.733,92.0,-3.22,-10.73,7.41
501092,交银瑞思混合(LOF),混合型-偏股,9.13,0.5y,定期定额(周),-1.78,4.16,0.401,76.0,-0.9,-5.01,7.39
017145,华宝海外新能源汽车股票发起式(QDII)C,QDII-普通股票,3.23,0.5y,价值平均法,5.61,9.84,0.003,50.0,2.77,3.0,7.38
159652,有色ETF汇添富,指数型-股票,44.12,0.5y,定期定额(周),-3.92,12.36,0.802,84.0,-1.98,-15.93,7.38
019384,兴全可持续投资三年定开混合,混合型-偏股,4.13,0.5y,定期定额(周),4.09,19.36,-0.076,56.0,2.02,4.85,7.37
561990,沪深300增强ETF招商,指数型-股票,4.18,0.5y,价值平均法,0.66,8.29,0.267,66.7,0.33,-2.54,7.33
018167,国泰有色矿业ETF联接A,指数型-股票,3.31,0.5y,定期定额(周),-4.15,12.37,0.788,84.0,-2.1,-15.41,7.31
005905,华泰保兴成长优选C,混合型-偏股,2.5,0.5y,定期定额(周),-4.32,5.66,0.284,88.0,-2.18,-5.5,7.3
020503,汇丰晋信新动力混合C,混合型-偏股,10.68,0.5y,定期定额(周),-5.5,3.35,0.418,92.0,-2.79,-6.9,7.3
014939,同泰产业升级混合C,混合型-偏股,2.39,0.5y,价值平均法,0.9,17.31,0.164,66.7,0.45,-1.12,7.29
020867,华安恒生港股通中国央企红利ETF发起式联接C,指数型-股票,3.54,0.5y,定期定额(周),0.49,2.5,-0.03,72.0,0.24,-0.43,7.29
516650,有色金属ETF华夏,指数型-股票,128.98,0.5y,定期定额(周),-4.14,12.41,0.795,84.0,-2.09,-15.91,7.28
018168,国泰有色矿业ETF联接C,指数型-股票,10.95,0.5y,定期定额(周),-4.25,12.38,0.783,84.0,-2.15,-15.34,7.27
016707,华夏有色金属ETF联接A,指数型-股票,16.23,0.5y,定期定额(周),-4.26,11.24,0.75,84.0,-2.15,-14.53,7.26
000989,嘉实全球互联网股票美元现汇,QDII-普通股票,2.61,0.5y,价值平均法,1.32,9.02,0.036,66.7,0.66,-0.02,7.25
000990,嘉实全球互联网股票美元现钞,QDII-普通股票,2.61,0.5y,价值平均法,1.32,9.02,0.036,66.7,0.66,-0.02,7.25
017415,中泰元和价值精选混合A,混合型-偏股,7.03,0.5y,定期定额(周),0.84,3.44,0.083,68.0,0.42,-1.09,7.24
007733,南方智锐混合A,混合型-偏股,14.42,0.5y,定期定额(周),-6.51,4.04,0.632,92.0,-3.31,-9.49,7.23
012748,华泰柏瑞远见智选混合A,混合型-偏股,5.62,0.5y,定期定额(周),-1.61,3.69,0.263,76.0,-0.81,-3.76,7.23
161605,融通蓝筹成长混合A/B,混合型-灵活,4.52,0.5y,定期定额(周),-4.71,2.68,0.417,88.0,-2.38,-6.13,7.23
001852,融通中国风1号灵活配置混合A/B,混合型-灵活,12.62,0.5y,定期定额(周),-2.51,4.49,0.235,80.0,-1.26,-3.97,7.2
010673,兴全中证800六个月持有指数A,指数型-股票,10.72,0.5y,定期定额(周),-1.66,3.71,0.255,76.0,-0.83,-3.67,7.2
016450,南方新材料股票发起C,股票型,2.15,0.5y,定期定额(周),-7.28,5.38,0.623,96.0,-3.71,-11.43,7.2
008188,前海开源稳健增长三年混合,混合型-偏股,5.96,0.5y,价值平均法,5.4,14.66,-0.017,50.0,2.66,2.69,7.19
021534,华夏有色金属ETF联接D,指数型-股票,20.35,0.5y,定期定额(周),-4.41,11.25,0.742,84.0,-2.23,-14.44,7.19
016708,华夏有色金属ETF联接C,指数型-股票,78.48,0.5y,定期定额(周),-4.42,11.25,0.741,84.0,-2.23,-14.44,7.18
019164,汇添富有色金属ETF联接A,指数型-股票,4.04,0.5y,定期定额(周),-4.48,10.96,0.729,84.0,-2.26,-14.13,7.16
550001,中信保诚四季红混合A,混合型-灵活,4.49,0.5y,定期定额(周),-4.34,2.85,0.058,92.0,-2.2,-3.6,7.16
013123,汇添富精选核心优势一年持有混合A,混合型-偏股,2.43,0.5y,定期定额(周),-1.65,5.86,0.546,72.0,-0.83,-7.84,7.15
070032,嘉实优化红利混合A,混合型-偏股,11.19,0.5y,定期定额(周),2.81,2.46,0.161,56.0,1.4,-0.63,7.15
011868,中信建投远见回报混合A,混合型-偏股,2.84,0.5y,价值平均法,-2.8,13.67,0.007,83.3,-1.41,-2.01,7.13
001775,鹏华弘泰C,混合型-灵活,4.08,0.5y,定期定额(月),0.89,0.15,-1.741,100.0,0.44,-0.47,7.1
003822,中信建投轮换混合A,混合型-偏股,7.13,0.5y,价值平均法,-4.45,9.04,0.432,83.3,-2.25,-6.6,7.09
012094,鹏华创新升级混合C,混合型-偏股,2.22,0.5y,定期定额(周),2.95,5.07,0.149,56.0,1.46,-0.43,7.08
019165,汇添富有色金属ETF联接C,指数型-股票,5.91,0.5y,定期定额(周),-4.68,10.98,0.718,84.0,-2.37,-14.01,7.07
019959,湘财医药健康混合C,混合型-偏股,2.71,0.5y,定期定额(周),-1.62,4.46,0.153,76.0,-0.82,-2.76,7.07
001278,前海开源清洁能源混合A,混合型-灵活,4.7,0.5y,价值平均法,1.08,6.14,-0.034,66.7,0.54,0.59,7.06
040020,华安升级主题混合A,混合型-偏股,2.3,0.5y,定期定额(周),-4.73,3.41,0.29,88.0,-2.39,-5.47,7.05
213006,宝盈核心优势混合A,混合型-灵活,4.97,0.5y,定期定额(周),-3.91,5.79,0.26,84.0,-1.97,-4.94,7.05
007734,南方智锐混合C,混合型-偏股,9.69,0.5y,定期定额(周),-6.81,4.05,0.595,92.0,-3.46,-9.31,7.04
017416,中泰元和价值精选混合C,混合型-偏股,2.54,0.5y,定期定额(周),0.56,3.45,0.042,68.0,0.28,-0.95,7.04
009362,招商丰盈积极配置混合A,混合型-偏股,6.46,0.5y,价值平均法,3.58,6.56,0.325,50.0,1.77,-1.62,7.01
019150,国联国企改革混合C,混合型-灵活,3.95,0.5y,定期定额(周),-0.73,1.92,0.148,72.0,-0.37,-2.26,7.01
011565,富国周期优势混合C,混合型-偏股,4.12,0.5y,定期定额(周),-6.12,5.62,0.77,88.0,-3.11,-13.62,7.0
540006,汇丰晋信大盘股票A,股票型,22.7,0.5y,定期定额(周),-5.17,3.45,0.372,88.0,-2.62,-6.36,6.99
020866,华安恒生港股通中国央企红利ETF发起式联接A,指数型-股票,5.77,0.5y,定期定额(周),0.6,2.5,-0.013,68.0,0.3,-0.49,6.98
003823,中信建投轮换混合C,混合型-偏股,6.23,0.5y,价值平均法,-4.65,9.06,0.407,83.3,-2.35,-6.49,6.97
013776,中泰兴为价值精选混合A,混合型-偏股,16.08,0.5y,定期定额(周),0.44,3.42,0.035,68.0,0.22,-0.95,6.97
100061,富国中国中小盘混合(QDII)人民币A,QDII-混合偏股,33.81,0.5y,定期定额(周),-4.54,4.85,0.425,84.0,-2.3,-7.18,6.97
000729,建信中小盘先锋股票A,股票型,3.71,0.5y,定期定额(周),0.95,4.28,0.366,60.0,0.47,-3.35,6.96
519690,交银稳健配置混合,混合型-灵活,11.23,0.5y,定期定额(周),-0.09,5.91,0.71,60.0,-0.04,-8.07,6.93
018999,万家趋势领先混合A,混合型-偏股,9.27,0.5y,定期定额(周),-7.35,7.48,1.04,92.0,-3.74,-21.22,6.91
090016,大成消费主题混合A,混合型-偏股,3.36,0.5y,定期定额(周),-2.13,3.26,0.219,76.0,-1.07,-3.59,6.91
010887,南方消费升级混合A,混合型-偏股,9.4,0.5y,价值平均法,3.89,5.67,0.154,50.0,1.93,-0.07,6.88
012368,大摩优享六个月持有期混合A,混合型-偏股,2.66,0.5y,定期定额(周),0.73,1.52,-0.103,68.0,0.36,-0.32,6.86
012584,南方中国新兴经济9个月持有期混合(QDII)A,QDII-混合偏股,7.46,0.5y,定期定额(周),-1.54,5.65,0.209,72.0,-0.77,-3.2,6.81
002423,华宝标普美国消费美元,指数型-海外股票,6.25,0.5y,价值平均法,2.5,8.69,0.485,50.0,1.24,-3.54,6.79
019000,万家趋势领先混合C,混合型-偏股,13.24,0.5y,定期定额(周),-7.61,7.48,1.022,92.0,-3.88,-21.0,6.79
002011,华夏红利混合,混合型-灵活,45.79,0.5y,定期定额(周),-5.34,3.09,0.085,92.0,-2.71,-4.22,6.78
005760,富国周期优势混合A,混合型-偏股,9.02,0.5y,定期定额(周),-5.82,5.62,0.793,84.0,-2.95,-13.82,6.76
530680,上证180ETF兴业,指数型-股票,2.15,0.5y,定期定额(周),1.7,3.45,0.039,60.0,0.85,-0.32,6.76
530001,建信恒久价值混合,混合型-偏股,8.01,0.5y,价值平均法,-0.52,12.44,0.222,66.7,-0.26,-2.87,6.75
002119,广发安盈混合C,混合型-灵活,35.99,0.5y,定期定额(周),0.96,0.31,-0.54,72.0,0.48,-0.56,6.74
009571,鹏华匠心精选混合C,混合型-偏股,7.65,0.5y,定期定额(周),1.99,1.95,-0.081,60.0,0.99,0.37,6.74
022083,华安中证有色金属矿业主题ETF发起式联接A,指数型-股票,9.54,0.5y,定期定额(周),-5.43,12.15,0.698,84.0,-2.75,-14.13,6.74
022084,华安中证有色金属矿业主题ETF发起式联接C,指数型-股票,14.21,0.5y,定期定额(周),-5.55,12.16,0.691,84.0,-2.81,-14.05,6.69
014115,广发沪港深医药混合C,混合型-偏股,6.39,0.5y,价值平均法,0.21,10.97,-0.127,66.7,0.1,2.47,6.68
019363,大成至信回报三年定开放混合,混合型-偏股,6.14,0.5y,定期定额(周),-0.08,1.86,0.019,68.0,-0.04,-1.29,6.68
011820,兴业兴智一年持有期混合A,混合型-偏股,8.84,0.5y,定期定额(周),1.51,3.23,0.04,60.0,0.75,-0.49,6.67
080001,长盛成长价值混合A,混合型-偏股,2.63,0.5y,定期定额(周),-2.82,3.27,0.039,80.0,-1.42,-2.65,6.67
010888,南方消费升级混合C,混合型-偏股,4.08,0.5y,价值平均法,3.55,5.69,0.114,50.0,1.76,0.06,6.66
003715,宝盈消费主题混合,混合型-灵活,2.42,0.5y,价值平均法,0.99,8.17,-0.198,66.7,0.49,1.0,6.65
016174,汇丰晋信策略优选混合A,混合型-偏股,2.17,0.5y,价值平均法,4.42,11.94,-0.103,50.0,2.19,2.62,6.63
017973,易方达港股通优质增长混合A,混合型-偏股,24.58,0.5y,定期定额(周),2.27,5.6,0.011,56.0,1.13,1.19,6.62
021286,广发安盈混合E,混合型-灵活,40.84,0.5y,定期定额(周),0.93,0.31,-0.58,72.0,0.47,-0.54,6.62
520990,港股央企红利ETF景顺,指数型-股票,49.29,0.5y,价值平均法,1.25,7.74,-0.293,66.7,0.62,2.09,6.62
001838,国投瑞银国家安全混合A,混合型-灵活,19.53,0.5y,价值平均法,-5.95,20.04,0.679,83.3,-3.02,-12.77,6.61
001694,华安沪港深外延增长灵活配置混合A,混合型-灵活,18.97,0.5y,定期定额(周),0.85,3.14,0.168,60.0,0.43,-1.68,6.6
011420,广发全球科技三个月定开混合(QDII)人民币A,QDII-混合偏股,6.55,0.5y,价值平均法,3.76,7.32,0.05,50.0,1.86,0.53,6.6
016283,华泰柏瑞积极优选股票C,股票型,4.25,0.5y,定期定额(周),-3.47,2.61,-0.02,84.0,-1.75,-2.7,6.6
501050,华夏上证50AH优选指数A,指数型-股票,15.43,0.5y,定期定额(周),-0.04,3.09,-0.05,68.0,-0.02,-0.54,6.6
012346,易方达港股通成长混合A,混合型-偏股,12.16,0.5y,定期定额(周),0.2,5.68,0.375,60.0,0.1,-4.28,6.59
011042,国泰价值先锋股票A,股票型,2.29,0.5y,定期定额(周),3.48,5.42,0.186,48.0,1.72,-0.32,6.58
011866,广发价值增长混合A,混合型-偏股,6.43,0.5y,定期定额(周),-4.37,4.69,0.351,80.0,-2.21,-5.91,6.57
159329,沙特ETF南方,指数型-海外股票,13.79,0.5y,价值平均法,2.47,6.68,-0.56,66.7,1.23,3.63,6.57
022371,鹏华弘泰混合D,混合型-灵活,2.52,0.5y,定期定额(月),0.99,0.14,-1.421,83.3,0.49,-0.51,6.54
000165,国投瑞银策略精选混合,混合型-灵活,8.44,0.5y,定期定额(周),1.13,10.69,0.031,60.0,0.56,0.33,6.53
019116,东财卓越成长混合发起式C,混合型-偏股,2.07,0.5y,价值平均法,-5.4,13.46,0.34,83.3,-2.74,-6.93,6.52
520830,沙特ETF华泰柏瑞,指数型-海外股票,12.97,0.5y,价值平均法,2.38,6.67,-0.57,66.7,1.19,3.64,6.51
162207,宏利效率优选混合(LOF),混合型-偏股,3.61,0.5y,定期定额(周),-0.72,4.17,0.576,60.0,-0.36,-6.55,6.5
000960,招商医药健康产业股票,股票型,11.54,0.5y,定期定额(周),0.58,5.35,0.161,60.0,0.29,-1.51,6.48
008404,华泰紫金泰盈混合A,混合型-偏股,2.55,0.5y,定期定额(周),-3.17,4.34,0.209,76.0,-1.6,-4.01,6.47
008786,长城健康生活混合A,混合型-灵活,3.22,0.5y,定期定额(周),2.63,5.74,0.101,52.0,1.31,0.02,6.47
010929,大成核心价值甄选混合A,混合型-偏股,3.92,0.5y,定期定额(周),-0.88,2.08,-0.092,72.0,-0.44,-1.08,6.47
012347,易方达港股通成长混合C,混合型-偏股,3.6,0.5y,定期定额(周),-0.0,5.67,0.356,60.0,-0.0,-4.17,6.47
014068,工银瑞信悦享混合A,混合型-偏股,2.8,0.5y,定期定额(周),-6.16,8.81,0.719,84.0,-3.13,-14.36,6.47
016090,中泰玉衡价值优选混合C,混合型-灵活,2.14,0.5y,定期定额(周),-2.02,2.45,-0.225,80.0,-1.02,-0.96,6.47
017941,国投瑞银国家安全混合C,混合型-灵活,4.52,0.5y,价值平均法,-6.24,20.07,0.657,83.3,-3.17,-12.56,6.47
011834,大成投资严选六月持有混合A,混合型-偏股,10.29,0.5y,定期定额(周),-2.75,2.5,-0.045,80.0,-1.38,-2.44,6.46
501059,西部利得国企红利指数增强A,指数型-股票,2.35,0.5y,定期定额(周),-2.35,1.9,-0.331,84.0,-1.18,-0.4,6.46
018391,南方上海金ETF联接A,指数型-其他,2.44,0.5y,价值平均法,-5.83,20.7,0.455,83.3,-2.96,-9.21,6.45
012061,富国全球消费精选混合(QDII)美元,QDII-混合偏股,7.82,0.5y,定期定额(周),-2.63,4.71,0.286,72.0,-1.32,-4.44,6.44
000529,广发竞争优势混合A,混合型-灵活,3.84,0.5y,定期定额(周),-2.01,4.48,0.112,72.0,-1.01,-2.54,6.43
160916,大成优选混合(LOF)A,混合型-偏股,6.54,0.5y,定期定额(周),-1.5,3.55,0.001,72.0,-0.75,-1.74,6.42
020645,南方智弘混合A,混合型-偏股,3.98,0.5y,价值平均法,-1.17,15.24,0.166,66.7,-0.59,-2.6,6.4
008405,华泰紫金泰盈混合C,混合型-偏股,6.39,0.5y,定期定额(周),-3.29,4.35,0.194,76.0,-1.66,-3.95,6.39
014972,华安沪港深外延增长灵活配置混合C,混合型-灵活,2.39,0.5y,定期定额(周),0.52,3.14,0.132,60.0,0.26,-1.53,6.39
013777,中泰兴为价值精选混合C,混合型-偏股,4.76,0.5y,定期定额(周),0.18,3.43,-0.004,64.0,0.09,-0.82,6.38
011598,信澳医药健康混合A,混合型-偏股,2.28,0.5y,定期定额(周),-3.63,7.0,0.252,76.0,-1.83,-4.81,6.37
011821,兴业兴智一年持有期混合C,混合型-偏股,4.36,0.5y,定期定额(周),1.09,3.22,-0.025,60.0,0.54,-0.28,6.36
011356,华泰柏瑞港股通时代机遇混合C,混合型-偏股,2.88,0.5y,价值平均法,0.6,13.83,-0.497,66.7,0.3,7.07,6.35
009439,西部利得国企红利指数增强C,指数型-股票,4.35,0.5y,定期定额(周),-2.49,1.91,-0.358,84.0,-1.25,-0.32,6.34
159638,高端装备ETF嘉实,指数型-股票,14.57,0.5y,价值平均法,-2.77,20.61,1.04,66.7,-1.4,-19.35,6.34
018294,景顺长城国企价值混合A,混合型-偏股,3.0,0.5y,定期定额(周),-6.78,3.96,0.412,88.0,-3.45,-7.97,6.32
510180,上证180ETF华安,指数型-股票,215.68,0.5y,定期定额(周),0.77,3.44,0.031,60.0,0.38,-0.72,6.32
011201,财通优势行业轮动混合A,混合型-偏股,4.68,0.5y,定期定额(周),-0.13,4.87,0.258,60.0,-0.06,-3.11,6.28
019052,华泰柏瑞科技创新混合发起式C,混合型-偏股,2.04,0.5y,价值平均法,-2.93,17.0,0.725,66.7,-1.48,-11.65,6.26
020646,南方智弘混合C,混合型-偏股,3.78,0.5y,价值平均法,-1.44,15.27,0.142,66.7,-0.72,-2.47,6.26
014859,大成慧心优选一年持有混合A,混合型-偏股,2.07,0.5y,价值平均法,-0.66,9.0,-0.034,66.7,-0.33,-0.94,6.25
513920,港股通央企红利ETF华安,指数型-股票,59.88,0.5y,定期定额(周),0.18,2.67,-0.088,64.0,0.09,-0.05,6.25
012178,银华富饶精选三年持有期混合,混合型-偏股,5.32,0.5y,定期定额(周),-8.53,6.96,0.561,92.0,-4.36,-11.69,6.2
162415,华宝标普美国消费人民币A,指数型-海外股票,6.25,0.5y,价值平均法,-1.09,8.51,0.041,66.7,-0.55,-1.62,6.2
017304,华安景气领航混合C,混合型-偏股,10.79,0.5y,定期定额(周),0.15,3.13,0.111,60.0,0.08,-1.54,6.19
009478,中银上海金ETF联接C,指数型-其他,38.8,0.5y,价值平均法,-6.44,20.4,0.426,83.3,-3.27,-8.98,6.18
013621,华安智能生活混合C,混合型-偏股,2.18,0.5y,定期定额(周),0.19,3.12,0.087,60.0,0.09,-1.31,6.17
009381,汇安核心资产混合A,混合型-偏股,2.2,0.5y,定期定额(周),-5.31,3.35,0.163,84.0,-2.69,-4.76,6.16
018295,景顺长城国企价值混合C,混合型-偏股,2.41,0.5y,定期定额(周),-7.07,3.96,0.381,88.0,-3.6,-7.8,6.14
001910,泰康新机遇混合,混合型-灵活,16.38,0.5y,定期定额(周),-3.26,4.1,0.29,72.0,-1.64,-4.93,6.13
519300,大成沪深300指数A,指数型-股票,10.39,0.5y,价值平均法,3.77,9.56,-0.25,50.0,1.87,3.55,6.13
520660,港股通央企红利ETF南方,指数型-股票,26.68,0.5y,价值平均法,-0.24,6.02,-0.21,66.7,-0.12,0.71,6.12
008142,工银黄金ETF联接A,指数型-其他,18.03,0.5y,价值平均法,-6.74,22.39,0.485,83.3,-3.43,-10.2,6.1
519696,交银环球精选混合(QDII)A,QDII-混合偏股,2.54,0.5y,价值平均法,6.92,6.95,-0.051,33.3,3.4,2.76,6.1
017974,易方达港股通优质增长混合C,混合型-偏股,4.46,0.5y,定期定额(周),2.01,5.6,-0.01,52.0,1.0,1.32,6.08
262001,景顺长城大中华混合(QDII)A人民币,QDII-混合偏股,5.99,0.5y,定期定额(周),-0.87,4.62,0.074,64.0,-0.43,-1.63,6.08
009103,鹏扬红利优选混合C,混合型-偏股,2.72,0.5y,定期定额(周),-4.45,3.55,0.105,80.0,-2.25,-3.9,6.06
011046,富国优质企业混合A,混合型-偏股,3.93,0.5y,定期定额(周),-5.18,6.07,0.649,76.0,-2.62,-11.75,6.06
009198,前海开源黄金ETF联接A,指数型-其他,4.97,0.5y,价值平均法,-6.86,22.03,0.476,83.3,-3.49,-10.08,6.05
000218,国泰黄金ETF联接A,指数型-其他,164.52,0.5y,价值平均法,-6.88,22.65,0.482,83.3,-3.5,-10.24,6.04
008143,工银黄金ETF联接C,指数型-其他,15.54,0.5y,价值平均法,-6.9,22.4,0.475,83.3,-3.51,-10.1,6.03
020341,工银黄金ETF联接E,指数型-其他,33.78,0.5y,价值平均法,-6.9,22.4,0.475,83.3,-3.51,-10.1,6.03
519702,交银趋势混合A,混合型-偏股,36.67,0.5y,定期定额(周),-7.46,4.09,0.149,92.0,-3.8,-5.76,6.02
090018,大成新锐产业混合A,混合型-偏股,44.04,0.5y,定期定额(周),-10.49,5.99,0.851,96.0,-5.39,-17.04,6.0
005051,摩根标普港股通低波红利指数A,指数型-股票,28.6,0.5y,定期定额(周),0.08,2.07,-0.176,64.0,0.04,-0.08,5.99
017303,华安景气领航混合A,混合型-偏股,9.39,0.5y,定期定额(周),0.46,3.13,0.146,56.0,0.23,-1.69,5.99
240022,华宝资源优选混合A,混合型-偏股,21.41,0.5y,定期定额(周),-8.22,9.3,0.696,88.0,-4.2,-14.95,5.99
016582,嘉实上海金ETF发起联接C,指数型-其他,19.22,0.5y,价值平均法,-6.89,20.77,0.406,83.3,-3.5,-8.85,5.98
021740,前海开源黄金ETF联接C,指数型-其他,13.06,0.5y,价值平均法,-7.02,22.05,0.466,83.3,-3.57,-9.97,5.98
022502,国泰黄金ETF联接E,指数型-其他,26.68,0.5y,价值平均法,-7.02,22.66,0.473,83.3,-3.58,-10.15,5.98
004253,国泰黄金ETF联接C,指数型-其他,191.42,0.5y,价值平均法,-7.05,22.66,0.472,83.3,-3.59,-10.14,5.97
006879,华安智能生活混合A,混合型-偏股,14.35,0.5y,定期定额(周),0.5,3.11,0.123,56.0,0.25,-1.46,5.97
518850,黄金ETF华夏,指数型-其他,168.05,0.5y,价值平均法,-7.07,22.88,0.473,83.3,-3.6,-10.2,5.96
000307,易方达黄金ETF联接A,指数型-其他,73.63,0.5y,价值平均法,-7.09,22.48,0.467,83.3,-3.61,-10.06,5.95
004260,德邦稳盈增长灵活配置混合A,混合型-灵活,2.67,0.5y,定期定额(周),0.5,7.71,0.863,52.0,0.25,-15.93,5.95
518660,黄金ETF工银,指数型-其他,92.46,0.5y,价值平均法,-7.09,22.88,0.471,83.3,-3.61,-10.17,5.95
008860,民生加银龙头优选股票A,股票型,2.69,0.5y,定期定额(周),-3.18,2.99,-0.057,76.0,-1.6,-2.07,5.93
090013,大成竞争优势混合A,混合型-偏股,34.14,0.5y,定期定额(周),-2.64,2.46,-0.13,76.0,-1.33,-2.04,5.93
009051,易方达中证红利ETF联接发起式A,指数型-股票,35.36,0.5y,定期定额(周),-2.77,2.37,-0.334,80.0,-1.4,-0.46,5.92
008701,华夏黄金ETF联接A,指数型-其他,30.01,0.5y,价值平均法,-7.17,22.56,0.46,83.3,-3.65,-9.99,5.91
008704,广发高股息优享混合A,混合型-偏股,2.67,0.5y,定期定额(周),-5.65,3.41,-0.11,88.0,-2.87,-3.02,5.91
011068,华宝资源优选混合C,混合型-偏股,12.85,0.5y,定期定额(周),-8.4,9.29,0.684,88.0,-4.29,-14.83,5.91
022925,易方达中证红利ETF联接发起式Y,指数型-股票,2.32,0.5y,定期定额(周),-2.78,2.37,-0.336,80.0,-1.4,-0.46,5.91
001300,大成睿景灵活配置混合A,混合型-灵活,19.44,0.5y,定期定额(周),-10.72,6.28,0.841,96.0,-5.51,-17.05,5.9
002610,博时黄金ETF联接A,指数型-其他,58.07,0.5y,价值平均法,-7.17,22.23,0.451,83.3,-3.65,-9.8,5.9
021499,博时黄金ETF联接E,指数型-其他,6.94,0.5y,价值平均法,-7.17,22.23,0.451,83.3,-3.65,-9.79,5.9
000216,华安黄金ETF联接A,指数型-其他,119.61,0.5y,价值平均法,-7.24,22.41,0.46,83.3,-3.69,-10.0,5.88
018460,大成新锐产业混合C,混合型-偏股,5.33,0.5y,定期定额(周),-10.73,6.0,0.832,96.0,-5.52,-16.88,5.88
022653,华安黄金ETF联接I,指数型-其他,29.54,0.5y,价值平均法,-7.24,22.41,0.459,83.3,-3.69,-9.99,5.88
002963,易方达黄金ETF联接C,指数型-其他,237.86,0.5y,价值平均法,-7.25,22.5,0.457,83.3,-3.69,-9.96,5.87
000930,博时黄金I,指数型-其他,6.02,0.5y,价值平均法,-7.28,22.94,0.458,83.3,-3.71,-10.04,5.86
159726,港股通高股息ETF华夏,指数型-股票,4.73,0.5y,价值平均法,-0.14,5.47,-0.344,66.7,-0.07,1.05,5.86
159812,黄金ETF前海开源,指数型-其他,18.71,0.5y,价值平均法,-7.29,22.9,0.458,83.3,-3.71,-10.03,5.86
159934,黄金ETF易方达,指数型-其他,418.32,0.5y,价值平均法,-7.27,22.94,0.459,83.3,-3.71,-10.06,5.86
517300,沪港深300ETF国寿,指数型-股票,17.26,0.5y,价值平均法,4.78,6.31,0.315,33.3,2.36,-0.82,5.86
005161,华商上游产业股票A,股票型,14.99,0.5y,定期定额(周),-9.75,8.9,0.706,92.0,-5.0,-14.84,5.85
018463,德邦稳盈增长灵活配置混合C,混合型-灵活,47.75,0.5y,定期定额(周),0.26,7.71,0.851,52.0,0.13,-15.77,5.85
159937,黄金ETF博时,指数型-其他,477.94,0.5y,价值平均法,-7.31,22.94,0.457,83.3,-3.73,-10.02,5.85
270025,广发行业领先混合A,混合型-偏股,6.4,0.5y,定期定额(周),-5.79,4.76,0.295,80.0,-2.94,-6.17,5.85
008702,华夏黄金ETF联接C,指数型-其他,65.38,0.5y,价值平均法,-7.33,22.57,0.45,83.3,-3.74,-9.89,5.84
012406,永赢长远价值混合A,混合型-偏股,23.05,0.5y,定期定额(周),-3.15,4.9,0.316,68.0,-1.59,-5.14,5.84
515180,红利ETF易方达,指数型-股票,124.6,0.5y,定期定额(周),-3.02,2.51,-0.325,80.0,-1.52,-0.48,5.84
013430,交银趋势混合C,混合型-偏股,8.32,0.5y,定期定额(周),-7.73,4.09,0.107,92.0,-3.94,-5.6,5.82
012407,永赢长远价值混合C,混合型-偏股,4.65,0.5y,定期定额(周),-3.25,4.91,0.305,68.0,-1.64,-5.07,5.79
501305,汇添富港股红利ETF联接A,指数型-股票,6.06,0.5y,定期定额(周),0.43,2.52,-0.579,68.0,0.22,2.44,5.78
005052,摩根标普港股通低波红利指数C,指数型-股票,19.33,0.5y,定期定额(周),-0.18,2.07,-0.221,64.0,-0.09,0.04,5.77
513630,港股低波红利ETF摩根,指数型-股票,156.68,0.5y,定期定额(周),-0.31,2.1,-0.211,64.0,-0.15,0.03,5.74
070010,嘉实主题混合,混合型-灵活,18.23,0.5y,定期定额(周),-6.5,5.07,0.43,80.0,-3.3,-8.18,5.73
018023,华商上游产业股票C,股票型,19.87,0.5y,定期定额(周),-10.03,8.91,0.685,92.0,-5.15,-14.66,5.71
015290,格林高股息优选混合C,混合型-偏股,3.3,0.5y,价值平均法,-2.12,13.09,-0.029,66.7,-1.06,-1.25,5.7
501029,华宝标普中国A股红利机会ETF联接A(LOF),指数型-股票,17.57,0.5y,定期定额(周),-4.79,2.63,-0.167,84.0,-2.42,-2.49,5.69
519756,交银国企改革灵活配置混合A,混合型-灵活,6.2,0.5y,定期定额(周),-6.75,3.98,0.49,80.0,-3.43,-8.6,5.66
001577,嘉实低价策略股票,股票型,2.13,0.5y,定期定额(周),-4.09,4.76,0.197,72.0,-2.07,-4.42,5.65
018413,大成竞争优势混合C,混合型-偏股,15.41,0.5y,定期定额(周),-2.93,2.47,-0.203,76.0,-1.48,-1.88,5.64
210002,金鹰红利价值混合A,混合型-灵活,12.38,0.5y,定期定额(周),-2.26,5.08,0.171,64.0,-1.14,-3.22,5.63
012671,嘉实核心蓝筹混合A,混合型-偏股,3.44,0.5y,定期定额(周),-1.21,5.33,0.098,60.0,-0.61,-1.93,5.58
005700,工银新经济混合(QDII)美元,QDII-混合灵活,2.87,0.5y,价值平均法,-3.34,11.03,0.186,66.7,-1.68,-3.51,5.55
161131,易方达科润混合(LOF),混合型-偏股,9.62,0.5y,定期定额(周),5.75,4.93,-0.094,32.0,2.83,3.28,5.54
005125,华宝标普中国A股红利机会ETF联接C,指数型-股票,7.21,0.5y,定期定额(周),-4.98,2.67,-0.206,84.0,-2.52,-2.36,5.53
012519,大成核心趋势混合A,混合型-偏股,5.78,0.5y,定期定额(周),-11.01,5.83,0.617,96.0,-5.67,-13.88,5.52
001178,前海开源再融资股票,股票型,2.87,0.5y,定期定额(周),-2.53,5.12,0.173,64.0,-1.27,-3.42,5.51
005833,工银红利优享混合A,混合型-灵活,60.8,0.5y,价值平均法,-1.12,5.92,-0.317,66.7,-0.56,0.59,5.51
012520,大成核心趋势混合C,混合型-偏股,2.09,0.5y,定期定额(周),-11.05,5.83,0.613,96.0,-5.69,-13.85,5.5
007139,富国民裕进取沪港深成长A,混合型-偏股,6.86,0.5y,定期定额(周),1.22,3.1,0.099,48.0,0.61,-0.8,5.47
009052,易方达中证红利ETF联接发起式C,指数型-股票,15.62,0.5y,定期定额(周),-2.82,2.37,-0.343,76.0,-1.42,-0.43,5.47
090010,大成中证红利指数A,指数型-股票,24.83,0.5y,定期定额(周),-3.31,2.36,-0.431,80.0,-1.67,-0.15,5.47
164701,汇添富黄金及贵金属(QDII-LOF-FOF)A,QDII-商品,11.04,0.5y,价值平均法,-8.45,18.5,0.552,83.3,-4.32,-11.94,5.47
008269,大成睿享混合A,混合型-偏股,44.23,0.5y,定期定额(周),-3.18,2.58,-0.242,76.0,-1.6,-1.83,5.45
010787,华安优势企业混合A,混合型-偏股,14.5,0.5y,定期定额(周),-4.35,4.39,0.157,72.0,-2.2,-4.22,5.45
080005,长盛量化红利混合A,混合型-偏股,3.91,0.5y,定期定额(周),-3.01,2.46,-0.32,76.0,-1.52,-0.74,5.43
005834,工银红利优享混合C,混合型-灵活,3.44,0.5y,价值平均法,-1.34,5.94,-0.347,66.7,-0.67,0.68,5.36
011556,富国民裕进取沪港深成长C,混合型-偏股,4.84,0.5y,定期定额(周),1.01,3.11,0.078,48.0,0.51,-0.69,5.34
012154,博时研究慧选混合C,混合型-偏股,2.64,0.5y,定期定额(周),-6.07,3.76,0.093,80.0,-3.08,-4.58,5.33
159561,德国ETF嘉实,指数型-海外股票,18.79,0.5y,定期定额(周),-1.82,5.43,0.11,60.0,-0.92,-2.47,5.32
519002,华安安信消费混合A,混合型-偏股,20.13,0.5y,定期定额(周),-4.62,3.57,0.179,72.0,-2.34,-4.51,5.32
001301,大成睿景灵活配置混合C,混合型-灵活,8.85,0.5y,定期定额(周),-11.1,6.3,0.812,92.0,-5.71,-16.8,5.31
001111,中欧瑾泉灵活配置混合C,混合型-灵活,2.17,0.5y,定期定额(周),-5.66,3.1,-0.406,88.0,-2.87,-1.41,5.3
017669,大成卓远视野混合A,混合型-偏股,4.9,0.5y,定期定额(周),-3.46,2.5,-0.253,76.0,-1.74,-1.99,5.28
020155,长盛量化红利混合C,混合型-偏股,2.06,0.5y,定期定额(周),-3.2,2.46,-0.355,76.0,-1.61,-0.63,5.27
501049,东方红睿玺三年持有混合A,混合型-偏股,54.76,0.5y,定期定额(周),-8.62,4.11,0.014,92.0,-4.41,-5.33,5.27
513030,德国ETF华安,指数型-海外股票,16.22,0.5y,定期定额(周),-1.89,5.39,0.098,60.0,-0.95,-2.39,5.27
008270,大成睿享混合C,混合型-偏股,24.3,0.5y,定期定额(周),-3.38,2.58,-0.29,76.0,-1.7,-1.73,5.26
159916,基本面ETF建信,指数型-股票,2.52,0.5y,定期定额(周),-1.51,3.59,-0.213,64.0,-0.76,0.02,5.26
002624,广发优企精选混合A,混合型-灵活,7.15,0.5y,定期定额(周),-6.16,4.75,0.271,76.0,-3.13,-6.15,5.25
014329,国联优势产业混合A,混合型-偏股,25.82,0.5y,定期定额(周),-2.95,1.86,-0.169,72.0,-1.48,-1.92,5.24
501306,汇添富港股红利ETF联接C,指数型-股票,4.83,0.5y,定期定额(周),0.23,2.52,-0.615,64.0,0.12,2.54,5.22
530015,建信深证基本面60ETF联接A,指数型-股票,2.35,0.5y,定期定额(周),-1.48,3.37,-0.232,64.0,-0.74,0.01,5.22
040007,华安中小盘成长混合,混合型-偏股,17.25,0.5y,定期定额(周),-5.18,5.83,0.489,68.0,-2.62,-8.18,5.21
007455,富国蓝筹精选股票(QDII)人民币,QDII-普通股票,15.5,0.5y,定期定额(周),-5.74,4.74,0.097,76.0,-2.91,-4.07,5.18
010608,华泰柏瑞质量领先混合A,混合型-偏股,12.27,0.5y,定期定额(周),-4.21,4.46,-0.062,72.0,-2.13,-2.02,5.18
021962,景顺长城中证国新港股通央企红利ETF联接C,指数型-股票,3.24,0.5y,价值平均法,-1.39,5.71,-0.444,66.7,-0.7,1.51,5.18
021961,景顺长城中证国新港股通央企红利ETF联接A,指数型-股票,4.2,0.5y,价值平均法,-1.42,5.71,-0.45,66.7,-0.71,1.54,5.15
000471,富国城镇发展股票,股票型,4.61,0.5y,定期定额(周),-6.15,4.41,-0.028,80.0,-3.12,-3.56,5.14
021513,富国港股通红利精选混合A,混合型-偏股,8.69,0.5y,定期定额(周),-5.05,3.59,-0.046,76.0,-2.56,-2.96,5.14
513290,纳指生物科技ETF汇添富,指数型-海外股票,15.12,0.5y,定期定额(周),-1.46,3.92,0.157,56.0,-0.73,-2.66,5.14
000988,嘉实全球互联网股票人民币,QDII-普通股票,4.42,0.5y,价值平均法,-2.4,8.7,-0.324,66.7,-1.21,1.7,5.13
012153,博时研究慧选混合A,混合型-偏股,3.11,0.5y,定期定额(周),-5.79,3.75,0.128,76.0,-2.94,-4.72,5.11
020026,国泰成长优选混合,混合型-偏股,4.31,0.5y,价值平均法,-8.89,16.19,0.369,83.3,-4.55,-9.32,5.1
022211,人保红利智享混合A,混合型-偏股,2.36,0.5y,定期定额(周),-4.19,2.46,-0.391,80.0,-2.12,-1.13,5.1
009865,招商景气优选股票C,股票型,2.89,0.5y,定期定额(周),-4.17,5.17,-0.376,76.0,-2.11,0.41,5.08
016563,金鹰红利价值混合C,混合型-灵活,2.48,0.5y,定期定额(周),-2.55,5.09,0.14,60.0,-1.29,-3.06,5.05
017894,汇添富纳斯达克生物科技ETF发起式联接(QDII)人民币A,指数型-海外股票,2.39,0.5y,定期定额(周),-1.57,3.71,0.132,56.0,-0.79,-2.5,5.05
512710,军工龙头ETF富国,指数型-股票,95.77,0.5y,价值平均法,-9.64,20.72,0.686,83.3,-4.94,-15.57,5.02
013463,大成致远优势一年持有期混合A,混合型-偏股,2.66,0.5y,定期定额(周),-3.05,2.17,-0.271,72.0,-1.54,-1.67,5.01
159331,红利港股ETF国泰,指数型-股票,2.47,0.5y,定期定额(周),-0.4,2.82,-0.597,64.0,-0.2,2.37,4.98
481009,工银沪深300指数A,指数型-股票,12.5,0.5y,价值平均法,1.79,13.05,-0.519,50.0,0.89,5.98,4.95
009864,招商景气优选股票A,股票型,8.38,0.5y,定期定额(周),-3.78,5.15,-0.328,72.0,-1.91,0.21,4.93
320013,诺安全球黄金,QDII-商品,9.67,0.5y,定期定额(周),-7.98,8.64,0.495,76.0,-4.08,-10.34,4.83
001579,国泰大农业股票A,股票型,4.62,0.5y,定期定额(周),-7.59,4.66,-0.087,84.0,-3.87,-3.95,4.81
008271,大成优势企业混合A,混合型-偏股,25.78,0.5y,定期定额(周),-2.72,2.22,-0.28,68.0,-1.37,-0.98,4.81
005123,南方优享分红混合A,混合型-灵活,4.83,0.5y,定期定额(周),-3.66,2.41,-0.078,68.0,-1.85,-2.27,4.79
020511,金鹰科技致远混合C,混合型-偏股,3.25,0.5y,价值平均法,-5.16,14.66,0.13,66.7,-2.62,-3.83,4.74
001302,前海开源金银珠宝混合A,混合型-灵活,22.18,0.5y,定期定额(周),-11.99,14.4,0.773,92.0,-6.19,-20.51,4.72
002207,前海开源金银珠宝混合C,混合型-灵活,87.24,0.5y,定期定额(周),-12.02,14.39,0.771,92.0,-6.2,-20.47,4.71
022749,平安港股通红利优选混合C,混合型-偏股,4.59,0.5y,价值平均法,-2.04,5.52,-0.533,66.7,-1.02,1.39,4.69
519606,国泰金鑫股票A,股票型,4.69,0.5y,价值平均法,-9.87,16.04,0.371,83.3,-5.06,-9.88,4.69
000614,华安德国(DAX)联接(QDII)A,指数型-海外股票,3.41,0.5y,定期定额(周),-2.08,5.02,0.039,56.0,-1.05,-2.04,4.68
005810,南方瑞祥一年混合A,混合型-灵活,2.31,0.5y,定期定额(周),-3.77,2.17,-0.499,76.0,-1.9,-0.21,4.66
019624,泉果嘉源三年持有期混合A,混合型-偏股,6.58,0.5y,价值平均法,-2.91,7.84,-0.396,66.7,-1.47,0.7,4.66
009846,国富港股通远见价值混合A,混合型-偏股,5.96,0.5y,定期定额(周),-2.84,4.95,-0.044,60.0,-1.43,-1.31,4.65
014330,国联优势产业混合C,混合型-偏股,14.93,0.5y,定期定额(周),-3.14,1.86,-0.213,68.0,-1.58,-1.82,4.65
513820,港股通红利ETF汇添富,指数型-股票,31.77,0.5y,定期定额(周),0.27,2.62,-0.73,60.0,0.13,3.43,4.63
018028,嘉实中证高端装备细分50ETF发起联接C,指数型-股票,4.24,0.5y,价值平均法,-6.54,19.74,0.681,66.7,-3.32,-13.96,4.62
008359,华安医疗创新混合A,混合型-偏股,3.06,0.5y,价值平均法,-0.0,10.14,-0.39,50.0,-0.0,5.72,4.6
513190,港股通金融ETF华夏,指数型-股票,22.37,0.5y,定期定额(周),-1.39,2.82,-0.395,60.0,-0.7,1.72,4.6
006595,广发港股通优质增长混合A,混合型-偏股,4.76,0.5y,定期定额(周),-4.13,3.12,0.11,64.0,-2.09,-3.77,4.59
011373,招商前沿医疗保健股票A,股票型,5.29,0.5y,定期定额(周),-1.95,5.89,-0.207,56.0,-0.98,2.43,4.58
003624,创金合信资源股票发起式A,股票型,6.23,0.5y,定期定额(周),-10.6,10.15,0.677,84.0,-5.45,-16.0,4.57
017670,大成卓远视野混合C,混合型-偏股,2.63,0.5y,定期定额(周),-3.76,2.5,-0.331,72.0,-1.9,-1.84,4.57
003956,南方产业智选股票A,股票型,11.45,0.5y,定期定额(周),-6.33,2.76,-0.181,80.0,-3.22,-3.08,4.56
159378,通用航空ETF永赢,指数型-股票,6.97,0.5y,价值平均法,-10.64,17.64,0.608,83.3,-5.47,-14.41,4.56
510710,上证50ETF博时,指数型-股票,4.64,0.5y,定期定额(周),-1.87,2.92,-0.251,60.0,-0.94,-0.26,4.56
011173,银华心享一年持有期混合,混合型-偏股,32.9,0.5y,价值平均法,-0.16,8.77,-0.195,50.0,-0.08,0.83,4.54
009119,广发品质回报混合A,混合型-偏股,3.55,0.5y,定期定额(周),-1.27,3.65,-0.037,52.0,-0.64,-0.82,4.51
011152,国富兴海回报混合A,混合型-偏股,4.51,0.5y,定期定额(周),-0.18,3.08,-0.489,56.0,-0.09,2.08,4.51
001237,博时上证50ETF联接A,指数型-股票,2.21,0.5y,定期定额(周),-1.88,2.78,-0.275,60.0,-0.94,-0.24,4.5
001857,易方达现代服务业混合,混合型-灵活,4.15,0.5y,定期定额(周),-5.94,2.32,-0.064,76.0,-3.02,-3.61,4.49
013485,尚正竞争优势混合发起A,混合型-偏股,2.21,0.5y,定期定额(周),-7.6,4.03,-0.26,84.0,-3.88,-2.23,4.49
022164,西部利得央企优选股票A,股票型,5.05,0.5y,定期定额(周),-3.34,2.68,-0.526,72.0,-1.68,0.28,4.49
003625,创金合信资源股票发起式C,股票型,17.86,0.5y,定期定额(周),-10.83,10.16,0.662,84.0,-5.57,-15.84,4.47
160125,南方香港优选股票,QDII-普通股票,5.72,0.5y,定期定额(周),-5.57,5.56,0.042,68.0,-2.83,-3.07,4.45
009618,交银启汇混合A,混合型-偏股,10.17,0.5y,定期定额(周),0.13,3.47,-0.221,48.0,0.07,1.16,4.42
530006,建信核心精选混合,混合型-偏股,2.92,0.5y,价值平均法,0.35,5.19,-0.342,50.0,0.18,1.37,4.42
012761,华泰柏瑞上证红利ETF联接A,指数型-股票,2.68,0.5y,定期定额(周),-3.48,2.53,-0.562,72.0,-1.76,0.78,4.38
012940,中泰星元灵活配置混合C,混合型-灵活,8.37,0.5y,定期定额(周),-5.09,2.71,-0.561,80.0,-2.58,-0.68,4.37
011404,融通鑫新成长混合C,混合型-偏股,2.43,0.5y,定期定额(周),-4.22,5.15,-0.097,64.0,-2.13,-1.56,4.36
014771,中泰红利优选一年持有混合发起,混合型-偏股,9.93,0.5y,定期定额(周),1.2,2.05,-0.474,48.0,0.6,2.06,4.36
012762,华泰柏瑞上证红利ETF联接C,指数型-股票,3.14,0.5y,定期定额(周),-3.55,2.54,-0.573,72.0,-1.79,0.81,4.33
513080,法国ETF华安,指数型-海外股票,9.98,0.5y,定期定额(周),-2.99,5.85,-0.175,60.0,-1.51,-0.84,4.33
165513,中信保诚全球商品主题(QDII-FOF-LOF)A,QDII-商品,4.97,0.5y,定期定额(周),-8.14,9.08,0.45,72.0,-4.16,-9.72,4.32
022165,西部利得央企优选股票C,股票型,3.95,0.5y,定期定额(周),-3.56,2.68,-0.565,72.0,-1.8,0.39,4.31
001766,摩根医疗健康股票A,股票型,4.3,0.5y,价值平均法,-1.06,7.54,-0.182,50.0,-0.53,1.46,4.29
012234,华安聚弘精选混合A,混合型-偏股,8.81,0.5y,定期定额(周),-9.04,4.37,0.002,84.0,-4.63,-5.35,4.29
018695,博道消费智航C,股票型,4.58,0.5y,定期定额(周),-4.14,3.64,-0.082,64.0,-2.09,-2.34,4.28
020969,中信保诚全球商品主题(QDII-FOF-LOF)C,QDII-商品,2.76,0.5y,定期定额(周),-8.27,9.08,0.44,72.0,-4.22,-9.64,4.26
000656,前海开源沪深300指数A,指数型-股票,2.61,0.5y,价值平均法,4.75,16.14,-0.761,33.3,2.35,10.94,4.24
015016,华安德国(DAX)联接(QDII)C,指数型-海外股票,2.34,0.5y,定期定额(周),-2.18,5.02,0.027,52.0,-1.1,-1.99,4.22
010996,招商品质升级混合A,混合型-偏股,10.64,0.5y,定期定额(周),-8.57,3.06,-0.053,84.0,-4.38,-4.94,4.21
015039,长信金利趋势混合C,混合型-偏股,32.96,0.5y,价值平均法,-5.72,8.55,-0.15,66.7,-2.9,0.54,4.21
518880,黄金ETF华安,指数型-其他,1138.16,0.5y,价值平均法,-7.29,22.92,0.459,66.7,-3.71,-10.05,4.2
002611,博时黄金ETF联接C,指数型-其他,366.6,0.5y,价值平均法,-7.33,22.25,0.441,66.7,-3.73,-9.69,4.17
000217,华安黄金ETF联接C,指数型-其他,327.62,0.5y,价值平均法,-7.4,22.43,0.45,66.7,-3.77,-9.9,4.15
006567,中泰星元灵活配置混合A,混合型-灵活,41.12,0.5y,定期定额(周),-4.89,2.71,-0.523,76.0,-2.48,-0.78,4.14
210011,金鹰灵活配置混合C,混合型-灵活,2.07,0.5y,价值平均法,5.14,9.89,-0.718,33.3,2.54,6.93,4.13
021514,富国港股通红利精选混合C,混合型-偏股,6.34,0.5y,定期定额(周),-5.37,3.59,-0.089,68.0,-2.72,-2.79,4.12
510850,上证50ETF工银,指数型-股票,2.22,0.5y,定期定额(周),-2.66,2.96,-0.294,60.0,-1.34,-0.35,4.12
019341,西部利得研究精选混合C,混合型-偏股,4.13,0.5y,定期定额(周),-8.64,6.42,-0.062,80.0,-4.42,-4.42,4.11
010826,大成产业趋势混合A,混合型-偏股,36.01,0.5y,价值平均法,-15.46,16.11,0.429,100.0,-8.05,-13.66,4.1
160719,嘉实黄金,QDII-商品,5.28,0.5y,定期定额(周),-8.62,8.95,0.442,72.0,-4.41,-9.95,4.1
008272,大成优势企业混合C,混合型-偏股,9.08,0.5y,定期定额(周),-3.11,2.23,-0.354,64.0,-1.57,-0.77,4.07
011220,南方匠心优选股票A,股票型,21.81,0.5y,定期定额(周),-5.06,2.29,-0.689,80.0,-2.56,0.05,4.07
001548,天弘上证50ETF联接A,指数型-股票,7.62,0.5y,定期定额(周),-2.51,2.82,-0.358,60.0,-1.26,-0.02,4.05
008763,天弘越南市场股票发起(QDII)A,QDII-普通股票,27.0,0.5y,定期定额(周),-2.02,5.35,-0.162,52.0,-1.02,0.26,4.04
013392,广发港股通优质增长混合C,混合型-偏股,4.34,0.5y,定期定额(周),-4.33,3.12,0.08,60.0,-2.19,-3.65,4.04
014772,中泰红利价值一年持有混合发起,混合型-偏股,8.03,0.5y,定期定额(周),0.55,2.04,-0.479,48.0,0.28,1.9,4.04
008715,景顺长城价值驱动一年持有混合,混合型-灵活,4.27,0.5y,定期定额(周),-8.72,5.38,0.181,76.0,-4.46,-6.67,4.01
009007,兴全沪港深两年持有混合,混合型-偏股,10.34,0.5y,定期定额(周),-3.85,4.5,-0.174,60.0,-1.94,-0.51,4.0
080012,长盛电子信息产业混合A,混合型-偏股,3.13,0.5y,价值平均法,-0.19,5.17,-0.456,50.0,-0.09,1.91,3.98
008764,天弘越南市场股票发起(QDII)C,QDII-普通股票,17.3,0.5y,定期定额(周),-2.13,5.35,-0.174,52.0,-1.07,0.32,3.97
014725,广发成长动力三年持有混合A,混合型-偏股,10.2,0.5y,价值平均法,-9.45,11.18,-0.231,83.3,-4.84,-3.04,3.97
200006,长城消费增值混合A,混合型-偏股,5.33,0.5y,定期定额(周),-3.65,7.07,0.201,52.0,-1.84,-3.86,3.94
005354,富国沪港深行业精选混合A,混合型-灵活,7.94,0.5y,定期定额(周),-5.13,4.87,-0.111,64.0,-2.6,-1.84,3.93
202005,南方成份精选混合A,混合型-偏股,15.21,0.5y,定期定额(周),-5.89,2.18,-0.737,84.0,-2.99,-0.22,3.93
310328,申万菱信新动力混合A,混合型-偏股,4.21,0.5y,定期定额(周),-5.69,6.3,-0.037,64.0,-2.89,-2.02,3.93
006921,南方智诚混合,混合型-偏股,3.14,0.5y,定期定额(周),-3.91,2.26,-0.64,72.0,-1.97,0.38,3.92
007368,浙商沪港深精选混合A,混合型-偏股,2.19,0.5y,定期定额(周),-2.41,3.43,-0.322,56.0,-1.21,1.1,3.92
010827,大成产业趋势混合C,混合型-偏股,32.64,0.5y,价值平均法,-15.84,16.15,0.398,100.0,-8.26,-13.39,3.92
009468,博时健康成长双周定期可赎回混合A,混合型-偏股,2.88,0.5y,定期定额(周),-3.23,4.95,-0.2,56.0,-1.63,0.5,3.89
217009,招商核心价值混合,混合型-偏股,6.6,0.5y,定期定额(周),-7.16,4.66,-0.052,72.0,-3.64,-3.66,3.89
010846,南方卓越优选3个月持有期混合A,混合型-偏股,14.71,0.5y,定期定额(周),-4.76,2.3,-0.661,76.0,-2.41,0.13,3.88
011468,国富竞争优势三年持有期混合A,混合型-偏股,4.06,0.5y,定期定额(周),-1.23,2.89,-0.552,56.0,-0.62,1.79,3.88
014038,交银启诚混合A,混合型-偏股,26.98,0.5y,定期定额(周),-9.61,4.19,-0.067,84.0,-4.93,-5.27,3.88
008371,华安汇智精选两年持有混合,混合型-偏股,2.3,0.5y,定期定额(周),-9.8,4.37,-0.048,84.0,-5.03,-5.31,3.87
011132,鹏扬沪深300质量成长低波动A,指数型-股票,2.55,0.5y,定期定额(周),-8.07,4.04,-0.04,76.0,-4.12,-4.3,3.85
217010,招商大盘蓝筹混合,混合型-偏股,4.17,0.5y,定期定额(周),-7.29,4.76,-0.056,72.0,-3.71,-3.61,3.84
540008,汇丰晋信低碳先锋股票A,股票型,28.28,0.5y,价值平均法,-9.99,12.01,-0.428,83.3,-5.12,2.44,3.84
008179,同泰慧盈混合C,混合型-偏股,3.63,0.5y,定期定额(周),-13.28,16.08,0.535,88.0,-6.88,-15.18,3.81
019414,长城消费增值混合C,混合型-偏股,7.98,0.5y,定期定额(周),-3.94,7.07,0.182,52.0,-1.99,-3.7,3.79
018010,长盛电子信息产业混合C,混合型-偏股,2.28,0.5y,价值平均法,-0.5,5.18,-0.502,50.0,-0.25,2.05,3.76
160142,南方优势产业(LOF),混合型-灵活,8.27,0.5y,定期定额(周),-1.65,4.62,-0.176,48.0,-0.83,0.3,3.74
011133,鹏扬沪深300质量成长低波动C,指数型-股票,2.03,0.5y,定期定额(周),-8.26,4.05,-0.062,76.0,-4.22,-4.19,3.73
013511,汇丰晋信低碳先锋股票C,股票型,3.34,0.5y,价值平均法,-10.22,12.04,-0.444,83.3,-5.25,2.55,3.73
240008,华宝收益增长混合A,混合型-灵活,6.65,0.5y,定期定额(周),-1.43,2.07,-0.531,56.0,-0.72,0.71,3.71
530000,上证50ETF天弘,指数型-股票,13.8,0.5y,定期定额(周),-3.13,2.96,-0.402,60.0,-1.58,0.11,3.7
003165,鹏华弘嘉混合A,混合型-灵活,3.53,0.5y,定期定额(周),-4.47,4.92,-0.162,60.0,-2.26,-1.65,3.68
018387,华泰柏瑞港股通红利ETF联接基金A,指数型-股票,4.6,0.5y,定期定额(周),-1.22,2.52,-0.851,60.0,-0.61,3.11,3.66
590003,中邮核心优势灵活配置混合A,混合型-灵活,11.63,0.5y,定期定额(周),-14.82,5.95,0.387,96.0,-7.71,-12.37,3.65
010405,惠升医药健康6个月持有期混合,混合型-偏股,4.96,0.5y,定期定额(周),-0.56,4.15,-0.388,44.0,-0.28,4.22,3.63
014039,交银启诚混合C,混合型-偏股,8.83,0.5y,定期定额(周),-9.97,4.21,-0.122,84.0,-5.12,-5.06,3.63
003166,鹏华弘嘉混合C,混合型-灵活,2.16,0.5y,定期定额(周),-4.57,4.92,-0.174,60.0,-2.31,-1.6,3.62
009138,嘉实瑞成两年持有期混合A,混合型-偏股,5.33,0.5y,定期定额(周),-7.19,4.71,-0.221,72.0,-3.66,-2.08,3.62
510100,上证50ETF易方达,指数型-股票,31.17,0.5y,定期定额(周),-3.23,2.96,-0.417,60.0,-1.63,0.15,3.62
007379,易方达上证50ETF联接基金A,指数型-股票,2.56,0.5y,定期定额(周),-3.1,2.82,-0.441,60.0,-1.56,0.2,3.61
001306,中欧永裕混合A,混合型-偏股,2.09,0.5y,定期定额(周),-6.09,4.31,-0.444,72.0,-3.09,-0.78,3.6
007380,易方达上证50ETF联接基金C,指数型-股票,2.71,0.5y,定期定额(周),-3.14,2.82,-0.448,60.0,-1.58,0.22,3.58
001549,天弘上证50ETF联接C,指数型-股票,7.05,0.5y,定期定额(周),-2.61,2.82,-0.374,56.0,-1.31,0.03,3.57
013853,大成匠心卓越三年持有混合A,混合型-偏股,29.24,0.5y,定期定额(周),-2.38,1.75,-0.522,60.0,-1.2,-0.2,3.57
009714,华安聚优精选混合,混合型-偏股,34.34,0.5y,定期定额(周),-10.22,4.39,-0.124,84.0,-5.25,-4.93,3.55
018388,华泰柏瑞港股通红利ETF联接基金C,指数型-股票,6.79,0.5y,定期定额(周),-1.35,2.53,-0.876,60.0,-0.68,3.18,3.55
021711,南方周期优选混合发起A,混合型-偏股,2.07,0.5y,价值平均法,-8.18,18.18,0.161,66.7,-4.18,-5.88,3.53
000628,大成高鑫股票A,股票型,109.88,0.5y,定期定额(周),-4.15,2.47,-0.413,64.0,-2.1,-0.98,3.48
510720,红利国企ETF国泰,指数型-股票,18.04,0.5y,定期定额(周),-4.44,3.21,-0.672,68.0,-2.25,1.89,3.48
000711,嘉实医疗保健股票,股票型,7.06,0.5y,定期定额(周),-3.36,4.68,-0.247,52.0,-1.7,1.67,3.43
012060,富国全球消费精选混合(QDII)人民币A,QDII-混合偏股,7.82,0.5y,定期定额(周),-5.97,4.79,-0.153,64.0,-3.03,-2.5,3.43
000945,华夏医疗健康混合A,混合型-灵活,7.28,0.5y,价值平均法,-2.67,8.22,-0.355,50.0,-1.34,2.93,3.41
161706,招商优质成长混合(LOF),混合型-偏股,19.35,0.5y,价值平均法,-2.23,5.94,-0.281,50.0,-1.12,-0.47,3.39
013854,大成匠心卓越三年持有混合C,混合型-偏股,2.43,0.5y,定期定额(周),-2.57,1.75,-0.566,60.0,-1.29,-0.11,3.38
017835,信澳匠心回报混合A,混合型-偏股,5.35,0.5y,价值平均法,-8.2,19.99,0.041,66.7,-4.19,-4.57,3.36
010094,交银产业机遇混合,混合型-偏股,9.84,0.5y,定期定额(周),-1.72,4.23,-0.181,44.0,-0.86,0.9,3.35
000075,华夏恒生ETF联接现汇,指数型-海外股票,39.13,0.5y,定期定额(周),-2.41,2.76,-0.175,48.0,-1.21,-0.36,3.31
000076,华夏恒生ETF联接现钞,指数型-海外股票,39.13,0.5y,定期定额(周),-2.41,2.76,-0.175,48.0,-1.21,-0.36,3.31
011066,大成高鑫股票C,股票型,41.67,0.5y,定期定额(周),-4.35,2.47,-0.451,64.0,-2.2,-0.88,3.31
011169,建信臻选混合,混合型-偏股,16.24,0.5y,价值平均法,-1.04,4.93,-0.606,50.0,-0.52,2.33,3.31
015718,财通资管均衡臻选混合A,混合型-偏股,8.51,0.5y,定期定额(周),-8.8,3.71,0.112,72.0,-4.5,-6.14,3.31
009774,财通资管优选回报一年持有期混合,混合型-偏股,4.28,0.5y,定期定额(周),-8.84,3.69,0.095,72.0,-4.52,-6.01,3.26
011626,嘉实匠心回报混合A,混合型-偏股,4.15,0.5y,定期定额(周),-0.38,3.04,-0.262,40.0,-0.19,0.7,3.26
012062,富国全球消费精选混合(QDII)人民币C,QDII-混合偏股,7.68,0.5y,定期定额(周),-6.25,4.8,-0.188,64.0,-3.17,-2.36,3.25
159581,红利ETF万家,指数型-股票,13.75,0.5y,定期定额(周),-4.8,2.49,-0.606,68.0,-2.43,0.31,3.25
001645,国泰大健康股票A,股票型,2.57,0.5y,定期定额(周),-7.29,5.17,0.323,60.0,-3.72,-7.3,3.24
010847,南方卓越优选3个月持有期混合C,混合型-偏股,2.13,0.5y,定期定额(周),-5.06,2.3,-0.715,72.0,-2.56,0.27,3.23
017836,信澳匠心回报混合C,混合型-偏股,11.86,0.5y,价值平均法,-8.49,20.02,0.015,66.7,-4.34,-4.4,3.21
003876,华宝沪深300增强策略ETF发起式联接A,指数型-股票,5.95,0.5y,价值平均法,2.27,17.77,-0.927,33.3,1.13,13.69,3.2
005137,长信沪深300指数增强A,指数型-股票,3.05,0.5y,价值平均法,1.76,13.65,-0.65,33.3,0.88,8.45,3.19
519694,交银蓝筹混合,混合型-偏股,10.36,0.5y,价值平均法,-8.52,15.13,0.052,66.7,-4.35,-5.14,3.19
008969,睿远均衡价值三年持有混合A,混合型-偏股,82.64,0.5y,定期定额(周),-6.0,2.99,-0.417,68.0,-3.05,-1.08,3.15
163407,兴全沪深300指数(LOF)A,指数型-股票,39.43,0.5y,定期定额(周),-4.5,2.69,-0.33,60.0,-2.28,-1.11,3.15
015719,财通资管均衡臻选混合C,混合型-偏股,3.15,0.5y,定期定额(周),-9.05,3.72,0.077,72.0,-4.63,-5.99,3.14
288002,华夏收入混合,混合型-偏股,16.97,0.5y,定期定额(周),-9.37,2.59,-0.175,80.0,-4.8,-4.22,3.14
012930,中庚价值先锋股票,股票型,21.29,0.5y,定期定额(周),-8.31,5.77,-0.004,68.0,-4.25,-4.59,3.13
501066,东方红恒元五年持有混合,混合型-偏股,2.45,0.5y,定期定额(周),-11.24,4.15,-0.301,88.0,-5.79,-4.41,3.13
009057,博时科技创新混合A,混合型-偏股,2.16,0.5y,价值平均法,4.03,3.76,-0.126,16.7,2.0,1.33,3.11
012643,招商中证红利ETF联接A,指数型-股票,4.48,0.5y,定期定额(周),-4.94,2.45,-0.631,68.0,-2.5,0.16,3.11
001810,中欧潜力价值灵活配置混合A,混合型-灵活,14.66,0.5y,定期定额(周),-12.48,4.54,0.449,80.0,-6.45,-11.29,3.08
005576,华泰柏瑞新金融地产混合A,混合型-灵活,14.24,0.5y,定期定额(周),-4.51,2.71,-0.595,64.0,-2.28,0.83,3.08
008970,睿远均衡价值三年持有混合C,混合型-偏股,9.4,0.5y,定期定额(周),-6.14,2.99,-0.439,68.0,-3.12,-1.0,3.04
050026,博时医疗保健行业混合A,混合型-偏股,16.0,0.5y,定期定额(周),-3.1,4.23,-0.221,48.0,-1.56,0.25,3.04
010645,富国全球健康生活主题混合(QDII)美元,QDII-混合偏股,3.11,0.5y,价值平均法,-4.11,10.63,-0.227,50.0,-2.08,1.16,3.03
010409,富国消费精选30股票A,股票型,11.3,0.5y,价值平均法,1.2,6.64,-0.46,33.3,0.6,3.79,3.02
007230,兴全沪深300指数(LOF)C,指数型-股票,3.09,0.5y,定期定额(周),-4.69,2.69,-0.36,60.0,-2.37,-1.0,3.01
007448,长信沪深300指数增强C,指数型-股票,7.92,0.5y,价值平均法,1.39,14.05,-0.688,33.3,0.69,8.89,3.01
011114,富国沪港深行业精选混合C,混合型-灵活,7.29,0.5y,定期定额(周),-5.33,4.88,-0.131,56.0,-2.7,-1.74,3.01
510800,上证50ETF建信,指数型-股票,2.8,0.5y,定期定额(周),-3.51,2.99,-0.463,56.0,-1.77,0.3,3.01
009950,财通资管均衡价值一年持有期混合,混合型-偏股,10.16,0.5y,定期定额(周),-9.13,3.72,0.016,72.0,-4.67,-5.5,3.0
018940,长城景气成长混合C,混合型-偏股,12.93,0.5y,价值平均法,-10.56,18.95,0.699,66.7,-5.43,-16.12,3.0
010963,信澳周期动力混合A,混合型-偏股,6.96,0.5y,价值平均法,-9.07,19.8,0.017,66.7,-4.64,-4.74,2.97
001583,安信新常态股票A,股票型,4.86,0.5y,定期定额(周),-2.14,3.85,-0.468,48.0,-1.07,1.75,2.95
005176,富国精准医疗混合A,混合型-灵活,31.86,0.5y,价值平均法,-3.36,12.55,-0.629,50.0,-1.69,7.4,2.94
399001,中海上证50指数增强,指数型-股票,2.46,0.5y,定期定额(周),-4.35,2.91,-0.517,60.0,-2.2,0.46,2.93
000452,南方医药保健灵活配置混合A,混合型-灵活,17.67,0.5y,价值平均法,-3.96,9.1,-0.354,50.0,-2.0,2.32,2.87
016374,华泰柏瑞新金融地产混合C,混合型-灵活,16.42,0.5y,定期定额(周),-4.8,2.71,-0.638,64.0,-2.43,0.97,2.87
470006,汇添富医药保健混合,混合型-偏股,21.19,0.5y,定期定额(周),-3.15,4.77,-0.346,48.0,-1.59,1.69,2.87
005764,中欧潜力价值灵活配置混合C,混合型-灵活,10.29,0.5y,定期定额(周),-12.84,4.54,0.407,80.0,-6.64,-11.06,2.85
019625,泉果嘉源三年持有期混合C,混合型-偏股,2.38,0.5y,价值平均法,-3.12,7.87,-0.424,50.0,-1.57,0.81,2.85
002264,华夏乐享健康混合A,混合型-灵活,4.06,0.5y,价值平均法,-0.84,8.39,-0.113,33.3,-0.42,0.98,2.83
015455,信澳周期动力混合C,混合型-偏股,5.2,0.5y,价值平均法,-9.36,19.82,-0.009,66.7,-4.8,-4.58,2.82
021605,富国消费精选30股票C,股票型,13.12,0.5y,价值平均法,0.89,6.66,-0.496,33.3,0.44,3.92,2.82
001043,工银美丽城镇股票A,股票型,2.51,0.5y,定期定额(周),-9.78,5.3,-0.057,72.0,-5.01,-4.52,2.81
018209,富国精准医疗混合C,混合型-灵活,13.74,0.5y,价值平均法,-3.66,12.58,-0.651,50.0,-1.85,7.52,2.79
006445,华夏海外聚享混合发起式(QDII-FOF)A人民币,QDII-混合平衡,2.14,0.5y,定期定额(周),-1.75,2.51,-0.844,56.0,-0.88,0.28,2.77
011078,诺德品质消费6个月持有混合,混合型-偏股,2.33,0.5y,定期定额(周),-8.8,2.75,-0.325,76.0,-4.5,-3.2,2.75
161616,融通医疗保健行业混合A/B,混合型-偏股,5.75,0.5y,定期定额(周),-9.09,4.61,-0.259,72.0,-4.65,-2.39,2.74
006724,工银深证红利ETF联接C,指数型-股票,2.15,0.5y,定期定额(周),-7.9,3.59,-0.439,72.0,-4.03,-1.91,2.71
270008,广发核心精选混合,混合型-偏股,6.76,0.5y,定期定额(周),-9.81,3.99,0.005,72.0,-5.03,-5.79,2.71
070019,嘉实价值优势混合A,混合型-偏股,10.04,0.5y,定期定额(周),-10.0,4.63,-0.01,72.0,-5.13,-5.48,2.7
513530,港股通红利ETF华泰柏瑞,指数型-海外股票,33.16,0.5y,定期定额(周),-2.96,2.79,-0.965,60.0,-1.49,3.49,2.69
011478,工银美丽城镇股票C,股票型,2.32,0.5y,定期定额(周),-9.99,5.26,-0.081,72.0,-5.13,-4.37,2.68
007109,南方沪港深核心优势混合A,混合型-偏股,2.35,0.5y,定期定额(周),-4.78,3.08,-0.337,56.0,-2.42,-1.08,2.67
014933,南方医药保健灵活配置混合C,混合型-灵活,3.35,0.5y,价值平均法,-4.37,9.14,-0.387,50.0,-2.21,2.5,2.66
012578,富国红利混合A,混合型-偏股,3.68,0.5y,定期定额(周),-8.19,5.26,-0.291,68.0,-4.18,-2.58,2.64
008923,建信医疗健康行业股票A,股票型,6.31,0.5y,价值平均法,-4.94,10.02,-0.357,50.0,-2.5,3.36,2.62
159905,红利ETF工银,指数型-股票,19.37,0.5y,定期定额(周),-8.32,3.83,-0.42,72.0,-4.25,-2.04,2.6
159936,可选消费ETF广发,指数型-股票,3.08,0.5y,定期定额(周),-3.79,3.61,-0.207,48.0,-1.91,-1.42,2.6
001051,华夏上证50ETF联接A,指数型-股票,11.05,0.5y,定期定额(周),-3.96,2.81,-0.559,56.0,-2.0,0.48,2.58
003411,鹏华弘康灵活配置混合A,混合型-灵活,9.35,0.5y,定期定额(月),1.17,0.05,-5.114,100.0,0.59,-0.29,2.57
010549,富国均衡策略混合,混合型-偏股,13.51,0.5y,定期定额(周),-8.7,4.64,-0.421,72.0,-4.45,-1.64,2.56
008273,广发优质生活混合A,混合型-偏股,4.89,0.5y,定期定额(周),-3.44,3.98,-0.148,44.0,-1.73,-1.2,2.53
008924,建信医疗健康行业股票C,股票型,5.93,0.5y,价值平均法,-5.14,10.06,-0.37,50.0,-2.6,3.45,2.52
005733,华夏上证50ETF联接C,指数型-股票,4.94,0.5y,定期定额(周),-4.11,2.82,-0.584,56.0,-2.08,0.56,2.47
012344,嘉实领先优势混合A,混合型-偏股,15.26,0.5y,定期定额(周),-9.64,4.87,-0.296,72.0,-4.94,-2.65,2.43
014224,大成聚优成长混合A,混合型-偏股,11.71,0.5y,价值平均法,-15.37,15.36,0.386,83.3,-8.0,-12.88,2.43
011037,富国长期成长混合A,混合型-偏股,27.53,0.5y,定期定额(周),-9.03,4.64,-0.424,72.0,-4.62,-1.78,2.41
012579,富国红利混合C,混合型-偏股,2.77,0.5y,定期定额(周),-8.53,5.35,-0.338,68.0,-4.36,-2.38,2.41
021979,兴全红利量化选股股票A,股票型,2.34,0.5y,价值平均法,-5.37,9.28,-1.084,66.7,-2.72,4.43,2.41
000370,广发全球医疗保健美元现汇(QDII)A,指数型-海外股票,13.07,0.5y,定期定额(周),-4.38,3.78,-0.397,52.0,-2.21,-0.88,2.35
002851,南方品质优选灵活配置混合A,混合型-灵活,9.01,0.5y,定期定额(周),-5.56,2.38,-0.256,56.0,-2.82,-2.11,2.34
520600,港股通汽车ETF广发,指数型-股票,6.96,0.5y,价值平均法,-5.52,9.32,-0.263,50.0,-2.8,0.25,2.32
510010,180治理ETF交银,指数型-股票,2.43,0.5y,定期定额(周),-6.91,2.49,-0.557,68.0,-3.52,-1.24,2.31
012196,招商品质生活混合A,混合型-偏股,7.86,0.5y,定期定额(周),-6.7,3.4,-0.472,64.0,-3.41,-1.8,2.3
515450,红利低波50ETF南方,指数型-股票,160.45,0.5y,定期定额(周),-2.02,2.26,-1.104,56.0,-1.01,3.48,2.3
011466,兴业医疗保健混合A,混合型-偏股,2.41,0.5y,定期定额(周),-6.72,4.16,-0.182,56.0,-3.42,-1.79,2.29
005699,工银新经济混合(QDII)人民币A,QDII-混合灵活,2.87,0.5y,价值平均法,-6.65,11.13,-0.051,50.0,-3.38,-1.57,2.27
001375,金元顺安优质精选混合C,混合型-灵活,2.14,0.5y,定期定额(周),-6.7,3.63,-0.757,68.0,-3.41,0.62,2.26
005805,华泰柏瑞医疗健康A,混合型-偏股,2.87,0.5y,定期定额(周),-6.3,6.27,-0.233,52.0,-3.2,0.46,2.26
014225,大成聚优成长混合C,混合型-偏股,17.65,0.5y,价值平均法,-15.66,15.37,0.343,83.3,-8.16,-12.41,2.26
090004,大成精选增值混合A,混合型-灵活,10.52,0.5y,定期定额(周),-8.73,3.11,-0.397,72.0,-4.47,-3.3,2.26
015915,永赢医药创新智选混合发起A,混合型-偏股,11.25,0.5y,价值平均法,-5.45,10.39,-0.545,50.0,-2.76,6.04,2.23
260103,景顺长城动力平衡混合,混合型-灵活,7.48,0.5y,定期定额(周),-4.3,2.31,-0.799,60.0,-2.17,0.74,2.2
513910,港股通央企红利ETF华夏,指数型-股票,47.02,0.5y,价值平均法,-3.16,5.88,-0.722,50.0,-1.6,2.04,2.19
515890,红利ETF博时,指数型-股票,4.5,0.5y,定期定额(周),-3.98,4.18,-0.853,56.0,-2.01,2.83,2.17
001558,天弘医疗健康混合A,混合型-偏股,2.6,0.5y,定期定额(周),-3.9,4.36,-0.049,40.0,-1.97,-1.77,2.16
018129,博时北证50成份指数发起式C,指数型-股票,3.26,0.5y,价值平均法,-9.17,14.65,-0.583,66.7,-4.7,2.73,2.15
005689,中银医疗保健混合A,混合型-灵活,4.6,0.5y,价值平均法,-6.07,8.72,-0.343,50.0,-3.08,2.4,2.12
018446,工银领航三年持有混合,混合型-偏股,22.62,0.5y,定期定额(周),-6.73,4.82,-0.308,56.0,-3.43,-0.72,2.12
510880,红利ETF华泰柏瑞,指数型-股票,171.39,0.5y,价值平均法,-3.71,5.58,-0.692,50.0,-1.87,2.48,2.09
001984,摩根中国生物医药混合(QDII)A,QDII-混合偏股,4.96,0.5y,价值平均法,-5.44,8.66,-0.53,50.0,-2.76,4.2,2.07
017516,易方达北证50成份指数C,指数型-股票,3.42,0.5y,价值平均法,-9.35,14.8,-0.594,66.7,-4.79,2.8,2.07
021299,中欧北证50成份指数发起C,指数型-股票,4.36,0.5y,价值平均法,-9.29,14.76,-0.611,66.7,-4.76,3.07,2.07
515080,中证红利ETF招商,指数型-股票,88.68,0.5y,定期定额(周),-4.65,3.25,-0.69,56.0,-2.36,0.96,2.06
001466,华富永鑫灵活配置混合A,混合型-灵活,2.38,0.5y,定期定额(周),-17.38,13.68,0.623,88.0,-9.1,-19.7,2.05
001559,天弘医疗健康混合C,混合型-偏股,3.0,0.5y,定期定额(周),-4.08,4.36,-0.068,40.0,-2.06,-1.66,2.05
012765,广发大盘价值混合A,混合型-偏股,2.84,0.5y,定期定额(周),-6.61,4.38,-0.31,56.0,-3.36,-1.6,2.05
017519,汇添富北证50成份指数A,指数型-股票,2.16,0.5y,价值平均法,-9.4,14.88,-0.591,66.7,-4.81,2.76,2.05
021102,国泰北证50成份指数发起C,指数型-股票,2.22,0.5y,价值平均法,-9.37,14.89,-0.609,66.7,-4.8,2.98,2.04
160105,南方积极配置混合(LOF),混合型-灵活,5.8,0.5y,定期定额(周),-2.6,3.24,-0.405,40.0,-1.31,1.16,2.03
017513,广发北证50成份指数C,指数型-股票,3.38,0.5y,价值平均法,-9.47,14.8,-0.593,66.7,-4.85,2.73,2.02
017522,富国北证50成份指数C,指数型-股票,3.01,0.5y,价值平均法,-9.46,14.81,-0.598,66.7,-4.85,2.88,2.02
008866,博时产业新趋势混合A,混合型-灵活,3.8,0.5y,价值平均法,0.68,5.08,-0.793,33.3,0.34,3.96,2.01
017524,南方北证50成份指数发起C,指数型-股票,2.25,0.5y,价值平均法,-9.48,14.81,-0.61,66.7,-4.86,2.97,2.0
017526,华夏北证50成份指数C,指数型-股票,3.65,0.5y,价值平均法,-9.47,14.93,-0.611,66.7,-4.85,2.99,2.0
012197,招商品质生活混合C,混合型-偏股,3.13,0.5y,定期定额(周),-7.08,3.42,-0.543,64.0,-3.6,-1.6,1.99
018121,万家北证50成份指数发起式C,指数型-股票,3.34,0.5y,价值平均法,-9.49,14.83,-0.61,66.7,-4.86,2.91,1.99
014466,工银行业优选混合A,混合型-偏股,2.25,0.5y,价值平均法,-5.41,8.96,-0.384,50.0,-2.74,-0.41,1.98
017518,招商北证50成份指数发起式C,指数型-股票,2.78,0.5y,价值平均法,-9.45,14.47,-0.617,66.7,-4.84,2.91,1.98
018113,工银北证50成份指数C,指数型-股票,2.84,0.5y,价值平均法,-9.5,14.86,-0.61,66.7,-4.87,2.91,1.98
021173,华安北证50成份指数发起式C,指数型-股票,4.82,0.5y,价值平均法,-9.47,14.71,-0.621,66.7,-4.85,3.03,1.98
000831,工银医疗保健股票,股票型,22.43,0.5y,定期定额(周),-5.59,4.48,-0.277,48.0,-2.84,0.57,1.96
017520,汇添富北证50成份指数C,指数型-股票,3.54,0.5y,价值平均法,-9.57,14.89,-0.606,66.7,-4.91,2.85,1.96
020829,东财北证50指数发起式C,指数型-股票,4.49,0.5y,价值平均法,-9.55,14.99,-0.626,66.7,-4.9,3.12,1.95
519686,交银上证180公司治理联接,指数型-股票,2.45,0.5y,定期定额(周),-6.53,2.31,-0.605,64.0,-3.32,-1.0,1.94
001643,汇丰晋信智造先锋股票A,股票型,7.74,0.5y,价值平均法,-10.76,12.56,-0.398,66.7,-5.53,1.94,1.93
021162,天弘北证50成份指数发起C,指数型-股票,3.9,0.5y,价值平均法,-9.62,14.99,-0.623,66.7,-4.93,3.08,1.93
012003,招商价值成长混合A,混合型-偏股,5.0,0.5y,定期定额(周),-10.39,4.96,-0.413,72.0,-5.34,-1.99,1.91
001955,中欧养老产业混合A,混合型-偏股,12.48,0.5y,定期定额(周),-7.51,3.08,-0.508,64.0,-3.83,-1.33,1.88
011203,永赢惠添益混合A,混合型-偏股,4.91,0.5y,定期定额(周),-10.71,3.49,-0.413,76.0,-5.51,-3.51,1.85
501065,汇添富经典成长定开混合,混合型-偏股,3.01,0.5y,定期定额(周),-5.37,3.41,-0.462,52.0,-2.72,-0.09,1.84
001644,汇丰晋信智造先锋股票C,股票型,7.83,0.5y,价值平均法,-10.98,12.59,-0.413,66.7,-5.65,2.06,1.83
019107,南方智信混合C,混合型-偏股,4.39,0.5y,定期定额(周),-3.67,4.61,-0.329,40.0,-1.85,0.69,1.8
001445,华安国企改革主题灵活配置混合A,混合型-灵活,2.7,0.5y,定期定额(周),-8.45,3.44,-0.164,60.0,-4.32,-3.93,1.75
000778,鹏华先进制造股票,股票型,3.47,0.5y,定期定额(周),-4.79,2.96,-0.409,48.0,-2.42,-0.36,1.74
011121,广发兴诚混合A,混合型-偏股,7.3,0.5y,定期定额(周),-9.46,4.66,-0.553,68.0,-4.85,0.38,1.74
017528,嘉实北证50成份指数C,指数型-股票,3.14,0.5y,价值平均法,-10.05,15.03,-0.643,66.7,-5.16,3.04,1.72
180010,银华优质增长混合,混合型-偏股,17.17,0.5y,定期定额(周),-3.33,10.28,-0.551,40.0,-1.68,3.05,1.7
015558,万家中证红利ETF联接C,指数型-股票,2.65,0.5y,价值平均法,-5.25,5.52,-1.565,66.7,-2.66,9.51,1.68
501060,中金中证优选300指数(LOF)A,指数型-股票,8.88,0.5y,定期定额(周),-7.41,2.67,-0.772,68.0,-3.78,-0.47,1.67
012588,南方港股通优势企业混合A,混合型-偏股,12.01,0.5y,定期定额(周),-7.59,4.75,-0.374,56.0,-3.87,-0.42,1.65
001467,华富永鑫灵活配置混合C,混合型-灵活,14.63,0.5y,定期定额(周),-17.42,13.68,0.621,84.0,-9.13,-19.67,1.63
002657,招商安裕灵活配置混合A,混合型-灵活,2.01,0.5y,定期定额(周),-4.69,2.35,-0.928,60.0,-2.37,-0.46,1.59
501061,中金中证优选300指数(LOF)C,指数型-股票,2.93,0.5y,定期定额(周),-7.52,2.67,-0.793,68.0,-3.83,-0.41,1.58
017991,华泰柏瑞致远混合A,混合型-偏股,2.62,0.5y,定期定额(周),-16.09,9.65,0.259,80.0,-8.4,-11.27,1.56
540003,汇丰晋信动态策略混合A,混合型-灵活,15.3,0.5y,价值平均法,-11.25,12.27,-0.505,66.7,-5.79,2.46,1.53
960003,汇丰晋信动态策略混合H,混合型-灵活,2.69,0.5y,价值平均法,-11.25,12.28,-0.505,66.7,-5.79,2.46,1.53
501006,汇添富中证精准医疗指数(LOF)C,指数型-股票,3.43,0.5y,定期定额(周),-7.75,5.43,-0.238,52.0,-3.95,-0.97,1.51
540012,汇丰晋信恒生龙头指数A,指数型-股票,2.12,0.5y,定期定额(周),-5.48,2.61,-0.717,56.0,-2.78,0.35,1.5
011783,泓德睿源三年持有期混合,混合型-灵活,27.89,0.5y,定期定额(周),-5.66,4.5,-0.438,48.0,-2.87,0.13,1.49
008545,泓德丰润三年持有期混合,混合型-偏股,12.55,0.5y,定期定额(周),-10.22,3.95,-0.516,72.0,-5.25,-3.35,1.48
018242,万家颐德一年持有期混合A,混合型-偏股,2.48,0.5y,价值平均法,-6.0,7.17,-0.506,50.0,-3.05,0.15,1.48
001966,圆信永丰兴源灵活配置混合C,混合型-灵活,2.55,0.5y,定期定额(周),-4.52,4.84,-0.386,40.0,-2.29,1.49,1.42
004454,前海开源盈鑫C,混合型-灵活,3.04,0.5y,定期定额(周),-2.57,1.4,-1.03,52.0,-1.29,0.5,1.41
159586,计算机ETF南方,指数型-股票,3.04,0.5y,价值平均法,-12.26,14.35,-0.362,66.7,-6.33,0.74,1.38
000955,南方产业活力,股票型,2.61,0.5y,定期定额(周),-6.15,2.42,-0.416,52.0,-3.13,-1.36,1.36
010357,南方阿尔法混合A,混合型-偏股,22.57,0.5y,定期定额(周),-4.51,4.5,-0.363,40.0,-2.28,0.37,1.35
012589,南方港股通优势企业混合C,混合型-偏股,6.42,0.5y,定期定额(周),-8.03,4.75,-0.443,56.0,-4.1,-0.0,1.34
002132,广发鑫享灵活配置混合A,混合型-灵活,9.11,0.5y,定期定额(周),-10.95,2.72,-0.569,76.0,-5.63,-2.17,1.32
008134,鹏华优选价值股票A,股票型,26.86,0.5y,定期定额(周),-5.42,2.71,-0.826,56.0,-2.75,0.79,1.32
011204,永赢惠添益混合C,混合型-偏股,2.36,0.5y,定期定额(周),-10.89,3.5,-0.441,72.0,-5.6,-3.41,1.32
011643,嘉实时代先锋三年持有混合A,混合型-偏股,11.3,0.5y,价值平均法,-3.39,9.81,-0.374,33.3,-1.71,1.38,1.28
519995,长信金利趋势混合A,混合型-偏股,35.61,0.5y,价值平均法,-8.62,8.52,-0.29,50.0,-4.4,2.19,1.27
009909,嘉实动力先锋混合A,混合型-偏股,15.27,0.5y,价值平均法,-3.18,9.97,-0.462,33.3,-1.6,2.42,1.24
018381,安信红利精选混合A,混合型-偏股,3.67,0.5y,定期定额(周),-6.45,1.89,-1.075,68.0,-3.28,0.56,1.23
010644,富国全球健康生活主题混合(QDII)人民币A,QDII-混合偏股,3.11,0.5y,价值平均法,-7.53,11.19,-0.52,50.0,-3.84,2.9,1.22
450009,国富中小盘股票A,股票型,20.54,0.5y,定期定额(周),-7.63,3.78,-0.712,60.0,-3.89,0.68,1.21
501005,汇添富中证精准医疗指数(LOF)A,指数型-股票,7.25,0.5y,定期定额(周),-7.57,5.44,-0.222,48.0,-3.86,-1.07,1.21
011855,银华长荣混合A,混合型-偏股,2.4,0.5y,定期定额(周),-6.97,2.01,-0.821,64.0,-3.55,-0.11,1.2
021142,华夏港股通央企红利ETF联接A,指数型-股票,7.68,0.5y,定期定额(周),-3.29,2.31,-0.79,44.0,-1.66,2.09,1.2
010358,南方阿尔法混合C,混合型-偏股,4.22,0.5y,定期定额(周),-4.78,4.5,-0.397,40.0,-2.42,0.53,1.18
010273,嘉实价值长青混合A,混合型-偏股,22.82,0.5y,定期定额(周),-11.69,4.84,-0.276,68.0,-6.03,-3.62,1.17
011184,东方阿尔法招阳混合A,混合型-偏股,2.2,0.5y,价值平均法,-13.99,21.92,0.067,66.7,-7.26,-6.95,1.12
159547,红利低波ETF华夏,指数型-股票,10.44,0.5y,定期定额(周),-3.63,2.01,-1.286,56.0,-1.83,3.52,1.11
021143,华夏港股通央企红利ETF联接C,指数型-股票,6.99,0.5y,定期定额(周),-3.43,2.32,-0.815,44.0,-1.73,2.16,1.08
020258,鹏华优选价值股票C,股票型,11.11,0.5y,定期定额(周),-5.72,2.73,-0.883,56.0,-2.9,0.94,1.06
502023,鹏华国证钢铁行业指数(LOF)A,指数型-股票,2.74,0.5y,价值平均法,-15.61,17.42,-0.603,83.3,-8.13,-1.21,1.06
001195,工银农业产业股票,股票型,4.23,0.5y,定期定额(周),-12.46,4.28,-0.523,76.0,-6.44,-2.95,1.05
012810,鹏华国证钢铁行业指数(LOF)C,指数型-股票,3.82,0.5y,价值平均法,-15.66,17.44,-0.607,83.3,-8.16,-1.18,1.03
017992,华泰柏瑞致远混合C,混合型-偏股,10.47,0.5y,定期定额(周),-16.35,9.66,0.24,76.0,-8.54,-11.09,1.03
009014,泓德睿泽混合,混合型-偏股,35.97,0.5y,定期定额(周),-5.85,4.67,-0.441,44.0,-2.97,0.15,1.01
012888,工银兴瑞一年持有期混合A,混合型-偏股,9.34,0.5y,定期定额(周),-6.53,5.31,-0.482,44.0,-3.32,3.5,1.01
018382,安信红利精选混合C,混合型-偏股,2.79,0.5y,定期定额(周),-6.69,1.89,-1.128,68.0,-3.4,0.68,1.0
000893,工银创新动力股票,股票型,16.74,0.5y,定期定额(周),-8.26,3.01,-0.768,64.0,-4.22,-0.99,0.94
004075,交银医药创新股票A,股票型,17.28,0.5y,定期定额(周),-4.79,4.03,-0.671,40.0,-2.42,5.08,0.92
560360,软件ETF万家,指数型-股票,3.21,0.5y,价值平均法,-13.16,14.16,-0.395,66.7,-6.81,0.3,0.92
012533,嘉实价值驱动一年持有期混合A,混合型-偏股,10.31,0.5y,定期定额(周),-12.2,4.79,-0.307,68.0,-6.3,-3.41,0.91
014999,华泰保兴吉年盈混合A,混合型-偏股,2.02,0.5y,定期定额(周),-11.11,4.12,-0.503,68.0,-5.72,-2.31,0.88
257010,国联安小盘精选混合,混合型-灵活,9.09,0.5y,价值平均法,-7.29,8.97,-0.64,50.0,-3.72,1.62,0.85
011130,广发兴诚混合C,混合型-偏股,8.9,0.5y,定期定额(周),-9.63,4.65,-0.573,60.0,-4.94,0.49,0.83
021734,国富基本面优选混合C,混合型-偏股,4.47,0.5y,定期定额(周),-3.31,3.24,-0.849,40.0,-1.67,2.9,0.8
012778,中欧养老产业混合C,混合型-偏股,4.14,0.5y,定期定额(周),-7.89,3.09,-0.568,56.0,-4.03,-1.13,0.79
001230,鹏华医药科技股票A,股票型,16.53,0.5y,定期定额(周),-3.86,4.38,-0.448,32.0,-1.95,2.28,0.78
011578,汇丰晋信核心成长A,混合型-偏股,10.75,0.5y,价值平均法,-13.42,13.6,-0.45,66.7,-6.95,1.21,0.77
013435,大成景气精选六个月持有混合A,混合型-偏股,11.2,0.5y,定期定额(周),-20.1,7.51,0.111,92.0,-10.61,-11.48,0.76
013797,博时优质鑫选一年持有期混合A,混合型-偏股,14.1,0.5y,定期定额(周),-0.69,2.09,-0.843,28.0,-0.35,3.69,0.75
021536,天弘中证软件服务指数发起C,指数型-股票,4.16,0.5y,价值平均法,-13.35,13.65,-0.462,66.7,-6.91,0.71,0.72
011518,嘉实价值臻选混合A,混合型-偏股,12.07,0.5y,定期定额(周),-12.58,5.01,-0.335,68.0,-6.5,-3.47,0.71
012186,招商品质成长混合A,混合型-偏股,6.43,0.5y,定期定额(周),-6.78,5.89,-0.574,44.0,-3.45,3.44,0.71
010204,中银港股通优势成长股票,股票型,2.08,0.5y,定期定额(周),-5.5,5.07,-0.488,40.0,-2.79,0.6,0.7
516550,农业ETF嘉实,指数型-股票,2.09,0.5y,定期定额(周),-13.37,5.48,-0.622,76.0,-6.92,-2.01,0.68
000986,太平灵活配置,混合型-灵活,2.65,0.5y,定期定额(周),-8.71,3.69,-0.653,60.0,-4.45,-1.73,0.67
011579,汇丰晋信核心成长C,混合型-偏股,3.76,0.5y,价值平均法,-13.63,13.63,-0.465,66.7,-7.07,1.32,0.67
010274,嘉实价值长青混合C,混合型-偏股,4.99,0.5y,定期定额(周),-11.87,4.83,-0.297,64.0,-6.12,-3.51,0.66
017900,鹏华医药科技股票C,股票型,16.98,0.5y,定期定额(周),-4.07,4.38,-0.468,32.0,-2.05,2.37,0.66
001287,安信优势增长混合A,混合型-灵活,7.42,0.5y,定期定额(周),-9.3,4.66,-0.666,60.0,-4.76,-0.29,0.65
010393,工银健康生活混合A,混合型-偏股,7.96,0.5y,定期定额(周),-6.57,5.34,-0.469,40.0,-3.34,3.42,0.62
002036,安信优势增长混合C,混合型-灵活,7.36,0.5y,定期定额(周),-9.39,4.66,-0.679,60.0,-4.81,-0.24,0.59
018128,博时北证50成份指数发起式A,指数型-股票,2.5,0.5y,价值平均法,-9.0,14.64,-0.567,50.0,-4.6,2.64,0.57
008515,国富基本面优选混合A,混合型-偏股,18.82,0.5y,定期定额(周),-3.1,3.24,-0.816,36.0,-1.56,2.8,0.56
012389,信澳品质回报6个月持有混合,混合型-偏股,5.68,0.5y,定期定额(周),-10.74,3.32,-0.011,56.0,-5.52,-6.02,0.56
010469,圆信永丰聚优股票A,股票型,3.6,0.5y,定期定额(周),-5.81,4.76,-0.576,40.0,-2.95,2.68,0.55
001044,嘉实新消费股票A,股票型,11.64,0.5y,定期定额(周),-2.16,2.82,-0.597,28.0,-1.08,1.41,0.54
004851,广发医疗保健股票A,股票型,39.07,0.5y,定期定额(周),-6.69,3.99,-0.618,44.0,-3.41,3.54,0.53
012370,银华鑫利一年持有期混合,混合型-偏股,3.04,0.5y,定期定额(周),-7.31,2.03,-0.891,60.0,-3.73,0.1,0.51
562930,软件ETF易方达,指数型-股票,8.25,0.5y,价值平均法,-14.05,14.31,-0.458,66.7,-7.29,0.78,0.49
015916,永赢医药创新智选混合发起C,混合型-偏股,51.82,0.5y,价值平均法,-5.64,10.41,-0.558,33.3,-2.86,6.12,0.46
010470,圆信永丰聚优股票C,股票型,2.12,0.5y,定期定额(周),-6.0,4.76,-0.596,40.0,-3.05,2.78,0.44
012193,泓德睿诚混合A,混合型-灵活,6.55,0.5y,定期定额(周),-10.81,3.35,-0.495,64.0,-5.56,-2.95,0.44
160918,大成中小盘混合(LOF)A,混合型-偏股,2.91,0.5y,定期定额(周),-9.13,3.27,-0.857,64.0,-4.68,-0.6,0.44
000780,鹏华医疗保健股票,股票型,3.8,0.5y,定期定额(周),-4.51,4.6,-0.539,32.0,-2.28,3.45,0.42
009163,广发医疗保健股票C,股票型,6.0,0.5y,定期定额(周),-6.88,3.99,-0.635,44.0,-3.5,3.63,0.42
017512,广发北证50成份指数A,指数型-股票,3.03,0.5y,价值平均法,-9.33,14.79,-0.581,50.0,-4.78,2.66,0.42
019085,工银价值精选混合A,混合型-偏股,94.99,0.5y,定期定额(周),-7.2,6.82,-0.634,44.0,-3.67,3.38,0.42
009010,华夏兴阳一年持有混合,混合型-偏股,7.56,0.5y,定期定额(周),-5.61,4.58,-0.606,40.0,-2.84,1.32,0.41
160106,南方高增长混合(LOF),混合型-偏股,13.41,0.5y,定期定额(周),-4.35,3.42,-0.669,36.0,-2.2,2.36,0.39
020594,华夏软件龙头混合发起式C,混合型-偏股,3.53,0.5y,价值平均法,-7.14,11.63,-0.172,33.3,-3.64,0.91,0.37
003412,鹏华弘康灵活配置混合C,混合型-灵活,24.84,0.5y,定期定额(月),1.11,0.05,-5.804,100.0,0.55,-0.26,0.35
006002,工银医药健康股票A,股票型,13.41,0.5y,定期定额(周),-7.96,5.32,-0.54,44.0,-4.06,3.74,0.34
009414,中银大健康股票A,股票型,2.36,0.5y,价值平均法,-9.99,9.33,-0.506,50.0,-5.13,3.17,0.34
020466,华泰柏瑞中证中央企业红利ETF发起式联接A,指数型-股票,2.11,0.5y,定期定额(周),-5.57,2.77,-0.938,48.0,-2.82,1.81,0.29
009360,招商创新增长混合A,混合型-偏股,3.4,0.5y,定期定额(周),-6.79,5.81,-0.587,40.0,-3.46,3.5,0.27
019086,工银价值精选混合C,混合型-偏股,13.05,0.5y,定期定额(周),-7.48,6.83,-0.661,44.0,-3.81,3.51,0.26
561580,央企红利ETF华泰柏瑞,指数型-股票,15.35,0.5y,定期定额(周),-5.85,2.16,-0.878,48.0,-2.97,1.88,0.2
006003,工银医药健康股票C,股票型,6.21,0.5y,定期定额(周),-8.24,5.32,-0.562,44.0,-4.21,3.87,0.19
019035,易方达全球医药行业混合发起式(QDII)C(人民币),QDII-混合偏股,5.7,0.5y,价值平均法,-10.37,9.49,-0.482,50.0,-5.33,2.35,0.18
070006,嘉实服务增值行业混合,混合型-灵活,8.63,0.5y,定期定额(周),-4.7,2.29,-0.938,44.0,-2.38,1.67,0.17
673073,西部利得新动力混合C,混合型-灵活,2.04,0.5y,定期定额(周),-20.01,17.62,0.398,80.0,-10.57,-15.91,0.17
006780,广发稳健策略混合A,混合型-偏股,8.69,0.5y,定期定额(周),-9.78,3.13,-0.689,60.0,-5.02,-0.84,0.15
019036,易方达全球医药行业混合发起式(QDII)C(美元现汇),QDII-混合偏股,5.7,0.5y,价值平均法,-7.17,9.48,-0.233,33.3,-3.65,0.63,0.15
004857,广发中证全指建筑材料指数C,指数型-股票,3.22,0.5y,定期定额(周),-11.92,5.26,-0.406,60.0,-6.15,-2.25,0.14
519020,国泰金泰灵活配置混合A,混合型-灵活,5.37,0.5y,定期定额(周),-7.97,3.76,-0.597,48.0,-4.07,0.41,0.14
519022,国泰金泰灵活配置混合C,混合型-灵活,3.25,0.5y,定期定额(周),-8.01,3.77,-0.603,48.0,-4.09,0.44,0.11
005644,广发沪港深龙头混合,混合型-偏股,6.74,0.5y,定期定额(周),-6.11,2.5,-0.868,48.0,-3.11,0.61,0.06
009330,鹏华成长价值混合A,混合型-偏股,4.12,0.5y,定期定额(周),-6.01,2.49,-0.877,48.0,-3.05,0.35,0.06
011069,工银成长精选混合A,混合型-偏股,9.11,0.5y,价值平均法,-6.61,8.64,-0.504,33.3,-3.36,4.44,0.05
159525,红利低波ETF富国,指数型-股票,4.57,0.5y,定期定额(周),-3.76,2.05,-1.386,48.0,-1.9,3.95,0.05
161907,红利ETF联接,指数型-股票,3.2,0.5y,价值平均法,-5.19,5.53,-1.559,50.0,-2.63,9.49,0.05
159549,红利低波ETF天弘,指数型-股票,53.15,0.5y,定期定额(周),-4.29,1.9,-1.068,44.0,-2.17,2.12,-0.01
540002,汇丰晋信龙腾混合A,混合型-偏股,3.34,0.5y,价值平均法,-15.02,12.87,-0.625,66.7,-7.81,3.71,-0.01
000880,富国研究精选灵活配置混合A,混合型-灵活,4.64,0.5y,定期定额(周),-9.83,5.77,-0.623,52.0,-5.04,1.2,-0.02
019636,富国研究精选灵活配置混合D,混合型-灵活,26.67,0.5y,定期定额(周),-9.87,5.75,-0.625,52.0,-5.06,1.22,-0.04
021482,华夏中证红利低波动ETF发起式联接A,指数型-股票,4.68,0.5y,定期定额(周),-3.7,2.9,-1.492,48.0,-1.87,4.24,-0.06
008958,嘉实回报精选股票,股票型,2.98,0.5y,定期定额(周),-2.84,2.5,-0.769,28.0,-1.43,2.75,-0.07
011070,工银成长精选混合C,混合型-偏股,3.08,0.5y,价值平均法,-6.89,8.69,-0.525,33.3,-3.51,4.58,-0.09
510050,上证50ETF华夏,指数型-股票,667.31,0.5y,定期定额(周),-4.87,2.95,-0.926,40.0,-2.46,2.55,-0.09
159920,恒生ETF华夏,指数型-海外股票,108.72,0.5y,定期定额(周),-5.73,3.12,-0.593,36.0,-2.91,1.55,-0.1
011911,华夏消费优选混合A,混合型-偏股,3.04,0.5y,定期定额(周),-9.54,3.65,-0.716,56.0,-4.89,-0.61,-0.11
021483,华夏中证红利低波动ETF发起式联接C,指数型-股票,3.04,0.5y,定期定额(周),-3.8,2.9,-1.514,48.0,-1.92,4.29,-0.15
009098,景顺长城价值领航两年持有,混合型-偏股,7.74,0.5y,定期定额(周),-8.91,3.27,-0.847,56.0,-4.56,0.17,-0.16
010969,华夏安阳6个月持有期混合A,混合型-偏股,9.15,0.5y,定期定额(周),-3.12,2.95,-0.941,32.0,-1.57,2.95,-0.16
016313,富国研究精选灵活配置混合C,混合型-灵活,14.75,0.5y,定期定额(周),-10.13,5.76,-0.652,52.0,-5.2,1.34,-0.19
159333,港股央企红利ETF万家,指数型-股票,5.12,0.5y,定期定额(周),-4.8,2.62,-0.968,40.0,-2.43,2.69,-0.2
007107,太平MSCI香港价值增强A,指数型-股票,2.54,0.5y,价值平均法,0.85,9.93,-1.192,16.7,0.42,7.74,-0.22
006308,汇添富全球消费混合(QDII)人民币A,QDII-混合偏股,2.32,0.5y,定期定额(周),-9.55,4.71,-0.399,48.0,-4.9,-2.9,-0.24
016335,汇丰晋信动态策略混合C,混合型-灵活,2.02,0.5y,价值平均法,-11.48,12.3,-0.522,50.0,-5.91,2.58,-0.25
001417,汇添富医疗服务灵活配置混合A,混合型-灵活,24.38,0.5y,价值平均法,-10.81,10.92,-0.719,50.0,-5.56,5.18,-0.26
023182,太平中证红利指数A,指数型-股票,5.39,0.5y,定期定额(周),-7.32,5.57,-0.952,48.0,-3.73,1.47,-0.26
012187,招商品质成长混合C,混合型-偏股,2.75,0.5y,定期定额(周),-7.14,5.9,-0.607,36.0,-3.64,3.63,-0.3
020651,博时国证粮食产业指数发起式C,指数型-股票,3.06,0.5y,定期定额(周),-16.73,8.29,-0.504,76.0,-8.75,-3.79,-0.3
588860,科创医药ETF工银,指数型-股票,2.71,0.5y,定期定额(周),-6.32,4.54,-0.544,32.0,-3.21,3.46,-0.3
000948,华夏沪港通恒生ETF联接A,指数型-股票,10.4,0.5y,定期定额(周),-5.93,3.08,-0.648,36.0,-3.01,1.49,-0.33
001915,宝盈医疗健康沪港深股票A,股票型,6.73,0.5y,价值平均法,-11.05,12.4,-0.819,50.0,-5.69,7.65,-0.33
005561,创金合信中证红利低波动指数A,指数型-股票,20.86,0.5y,定期定额(周),-4.14,1.95,-1.484,48.0,-2.09,3.77,-0.41
005734,华夏沪港通恒生ETF联接C,指数型-股票,9.18,0.5y,定期定额(周),-6.08,3.09,-0.667,36.0,-3.09,1.57,-0.43
020437,宝盈医疗健康沪港深股票C,股票型,10.93,0.5y,价值平均法,-11.26,12.44,-0.835,50.0,-5.8,7.78,-0.43
001349,富国改革动力混合,混合型-偏股,11.39,0.5y,定期定额(周),-17.92,10.05,0.224,68.0,-9.4,-11.84,-0.45
515300,300红利低波ETF嘉实,指数型-股票,55.7,0.5y,定期定额(周),-4.97,2.43,-1.367,48.0,-2.52,3.21,-0.45
008850,景顺长城价值稳进定开混合,混合型-灵活,8.97,0.5y,定期定额(周),-8.13,3.01,-0.937,52.0,-4.15,0.6,-0.47
588700,科创医药ETF嘉实,指数型-股票,2.79,0.5y,定期定额(周),-6.65,4.56,-0.563,32.0,-3.38,3.52,-0.47
002779,新疆前海联合新思路混合C,混合型-灵活,2.1,0.5y,定期定额(周),-5.7,2.17,-1.305,52.0,-2.89,1.02,-0.48
110023,易方达医疗保健行业混合A,混合型-偏股,32.51,0.5y,定期定额(周),-9.72,4.76,-0.592,44.0,-4.98,3.97,-0.49
012852,嘉实远见先锋一年持有期混合A,混合型-偏股,13.67,0.5y,价值平均法,-7.09,10.04,-0.54,33.3,-3.61,1.18,-0.52
019020,易方达医疗保健行业混合C,混合型-偏股,2.78,0.5y,定期定额(周),-9.92,4.79,-0.608,44.0,-5.09,4.08,-0.6
019776,鹏华产业精选混合C,混合型-灵活,3.47,0.5y,定期定额(周),-15.34,5.34,-0.165,64.0,-7.99,-6.75,-0.63
164705,汇添富恒生指数(QDII-LOF)A,指数型-海外股票,3.07,0.5y,定期定额(周),-5.73,2.98,-0.645,32.0,-2.91,1.59,-0.64
006381,华夏恒生ETF联接C,指数型-海外股票,4.77,0.5y,定期定额(周),-5.79,2.97,-0.641,32.0,-2.94,1.61,-0.66
009910,嘉实动力先锋混合C,混合型-偏股,2.36,0.5y,价值平均法,-3.63,10.01,-0.504,16.7,-1.83,2.59,-0.67
010457,广发睿鑫混合A,混合型-偏股,2.0,0.5y,定期定额(周),-10.19,3.29,-0.619,52.0,-5.23,-1.42,-0.68
020232,嘉实互融精选股票C,股票型,12.85,0.5y,定期定额(周),-10.44,5.73,-0.668,44.0,-5.37,5.87,-0.7
014163,富国港股通量化精选股票C,股票型,2.64,0.5y,定期定额(周),-7.13,3.5,-0.835,40.0,-3.63,2.42,-0.75
009869,嘉实产业先锋混合A,混合型-偏股,8.25,0.5y,价值平均法,-6.95,11.15,-0.723,33.3,-3.54,2.76,-0.76
000854,鹏华养老产业股票,股票型,3.93,0.5y,定期定额(周),-4.92,4.42,-0.633,24.0,-2.49,3.49,-0.78
007303,京管泰富优势混合A,混合型-偏股,2.42,0.5y,定期定额(周),-11.77,4.43,-0.616,56.0,-6.07,-2.01,-0.79
513950,恒生红利ETF富国,指数型-海外股票,30.59,0.5y,价值平均法,-7.45,7.6,-1.326,50.0,-3.8,2.93,-0.83
023103,圆信永丰医药健康C,混合型-偏股,6.91,0.5y,定期定额(周),-5.99,4.84,-0.742,28.0,-3.04,5.36,-0.86
005812,鹏华产业精选混合A,混合型-灵活,6.32,0.5y,定期定额(周),-15.08,5.33,-0.134,60.0,-7.85,-6.91,-0.87
008293,农银汇理创新医疗混合,混合型-偏股,5.22,0.5y,价值平均法,-7.99,10.91,-0.693,33.3,-4.08,4.78,-0.87
003501,宏利睿智稳健混合A,混合型-灵活,5.27,0.5y,定期定额(周),-11.28,7.33,-0.539,48.0,-5.81,-0.8,-0.88
512890,红利低波ETF华泰柏瑞,指数型-股票,311.87,0.5y,定期定额(周),-3.95,2.09,-1.394,40.0,-2.0,3.7,-0.88
021584,中欧中证港股通央企红利指数发起(QDII)C,指数型-海外股票,2.31,0.5y,定期定额(周),-5.19,2.23,-1.184,40.0,-2.63,3.51,-0.89
005562,创金合信中证红利低波动指数C,指数型-股票,20.55,0.5y,定期定额(周),-4.24,1.95,-1.505,44.0,-2.14,3.82,-0.9
012708,东方红中证红利低波动指数A,指数型-股票,37.49,0.5y,定期定额(周),-4.92,2.07,-1.186,40.0,-2.49,2.47,-0.91
021087,鹏华国证粮食产业ETF发起式联接C,指数型-股票,4.09,0.5y,定期定额(周),-16.97,8.37,-0.571,72.0,-8.88,-3.51,-0.92
516110,汽车ETF国泰,指数型-股票,5.79,0.5y,价值平均法,-7.51,7.32,-0.551,33.3,-3.83,-0.36,-0.92
159745,建材ETF国泰,指数型-股票,16.64,0.5y,定期定额(周),-13.42,5.51,-0.459,56.0,-6.95,-2.12,-0.94
159698,粮食ETF鹏华,指数型-股票,11.93,0.5y,定期定额(周),-17.55,8.69,-0.499,72.0,-9.2,-3.55,-0.95
000071,华夏恒生ETF联接A,指数型-海外股票,39.13,0.5y,定期定额(周),-5.66,2.97,-0.623,28.0,-2.87,1.54,-0.97
008060,景顺长城价值边际灵活配置混合A,混合型-灵活,9.24,0.5y,定期定额(周),-10.08,3.31,-1.006,56.0,-5.17,0.81,-0.97
910005,东方红启兴三年持有混合A,混合型-偏股,3.77,0.5y,定期定额(周),-13.82,5.43,-0.54,60.0,-7.16,-2.77,-0.97
009870,嘉实产业先锋混合C,混合型-偏股,2.26,0.5y,价值平均法,-7.37,11.17,-0.766,33.3,-3.75,2.93,-1.0
513750,港股通非银ETF广发,指数型-股票,283.04,0.5y,定期定额(周),-12.08,4.16,-0.583,52.0,-6.24,0.7,-1.0
000369,广发全球医疗保健指数人民币(QDII)A,指数型-海外股票,13.07,0.5y,定期定额(周),-7.58,4.07,-1.002,44.0,-3.87,0.97,-1.03
004357,南方智慧混合,混合型-灵活,2.85,0.5y,定期定额(周),-8.02,2.01,-1.064,52.0,-4.09,0.39,-1.03
019994,创金合信北证50成份指数增强C,指数型-股票,3.64,0.5y,价值平均法,-11.67,14.32,-0.87,50.0,-6.02,3.89,-1.03
005228,汇添富港股通专注成长,混合型-偏股,2.37,0.5y,定期定额(周),-11.61,5.82,-0.562,48.0,-5.98,0.27,-1.04
011206,创金合信竞争优势混合A,混合型-偏股,5.22,0.5y,定期定额(周),-10.18,3.47,-1.03,56.0,-5.23,0.66,-1.06
530003,建信优选成长混合A,混合型-偏股,10.47,0.5y,定期定额(周),-7.68,3.91,-1.05,44.0,-3.92,2.34,-1.07
020558,工银健康产业混合A,混合型-偏股,2.42,0.5y,价值平均法,-13.09,9.25,-0.564,50.0,-6.77,1.94,-1.08
021415,泰康红利低波ETF联接A,指数型-股票,2.05,0.5y,定期定额(周),-4.52,2.01,-1.539,44.0,-2.29,3.88,-1.09
015779,景顺长城价值边际灵活配置混合C,混合型-灵活,3.65,0.5y,定期定额(周),-10.25,3.31,-1.035,56.0,-5.27,0.91,-1.1
004877,汇添富全球医疗混合(QDII)人民币,QDII-混合偏股,4.62,0.5y,定期定额(周),-8.79,3.63,-0.909,48.0,-4.5,-0.8,-1.11
010592,南方医药创新股票A,股票型,11.02,0.5y,价值平均法,-12.28,10.74,-0.866,50.0,-6.34,5.75,-1.12
240020,华宝医药生物混合A,混合型-偏股,4.48,0.5y,价值平均法,-12.49,9.81,-0.829,50.0,-6.45,5.76,-1.12
005583,易方达港股通红利混合A,混合型-灵活,37.14,0.5y,定期定额(周),-7.88,4.33,-1.049,44.0,-4.02,1.92,-1.15
008712,景顺长城品质成长混合A,混合型-偏股,6.91,0.5y,定期定额(周),-10.62,3.47,-1.01,56.0,-5.46,0.81,-1.17
159691,港股红利ETF工银,指数型-股票,69.41,0.5y,定期定额(周),-9.08,3.02,-0.902,48.0,-4.65,0.53,-1.18
008283,易方达金融行业股票发起式A,股票型,2.27,0.5y,价值平均法,-7.71,9.2,-0.736,33.3,-3.93,1.85,-1.19
013991,中欧港股通精选一年持有混合A,混合型-偏股,2.77,0.5y,定期定额(周),-12.91,4.96,-0.494,52.0,-6.68,-1.46,-1.22
001382,易方达国企改革混合,混合型-偏股,2.16,0.5y,定期定额(周),-13.78,3.97,-0.766,64.0,-7.15,-2.03,-1.24
001900,诺安精选价值混合A,混合型-偏股,2.67,0.5y,价值平均法,-13.33,9.77,-0.719,50.0,-6.9,4.81,-1.25
010593,南方医药创新股票C,股票型,5.62,0.5y,价值平均法,-12.53,10.79,-0.888,50.0,-6.48,5.89,-1.25
019062,易方达软件ETF联接C,指数型-股票,4.69,0.5y,价值平均法,-13.81,13.69,-0.54,50.0,-7.16,1.38,-1.25
159587,粮食ETF广发,指数型-股票,2.41,0.5y,定期定额(周),-17.47,8.83,-0.481,68.0,-9.16,-3.6,-1.27
021457,易方达恒生红利低波ETF联接A,指数型-股票,23.44,0.5y,价值平均法,-8.34,7.32,-1.325,50.0,-4.26,1.8,-1.28
012260,广发睿明优质企业混合A,混合型-偏股,4.64,0.5y,定期定额(周),-11.91,3.05,-0.71,56.0,-6.14,-1.7,-1.29
010709,安信医药健康股票A,股票型,4.99,0.5y,定期定额(周),-11.21,4.84,-0.595,44.0,-5.77,1.64,-1.31
019026,易方达金融行业股票发起式C,股票型,4.16,0.5y,价值平均法,-7.94,9.24,-0.765,33.3,-4.05,1.96,-1.34
022150,诺安精选价值混合C,混合型-偏股,4.39,0.5y,价值平均法,-13.51,9.79,-0.731,50.0,-7.0,4.89,-1.34
520550,港股红利低波ETF招商,指数型-股票,11.9,0.5y,价值平均法,-8.35,8.0,-1.382,50.0,-4.26,2.44,-1.34
159590,软件ETF汇添富,指数型-股票,4.96,0.5y,价值平均法,-14.37,13.63,-0.525,50.0,-7.46,1.51,-1.4
008131,景顺长城竞争优势混合,混合型-偏股,18.38,0.5y,定期定额(周),-10.69,3.32,-1.088,56.0,-5.5,0.98,-1.41
510810,上海国企ETF汇添富,指数型-股票,51.36,0.5y,定期定额(周),-9.15,3.3,-0.861,44.0,-4.68,1.04,-1.41
513600,恒生指数ETF南方,指数型-股票,20.68,0.5y,定期定额(周),-7.3,3.24,-0.718,32.0,-3.72,1.78,-1.42
517900,银行AH优选ETF招商,指数型-股票,9.49,0.5y,定期定额(周),-3.74,2.66,-1.396,32.0,-1.89,4.63,-1.42
011830,富国天恒混合A,混合型-偏股,4.23,0.5y,定期定额(周),-10.37,3.79,-1.002,52.0,-5.33,0.37,-1.44
007718,中银创新医疗混合A,混合型-偏股,16.19,0.5y,价值平均法,-13.96,10.53,-0.734,50.0,-7.24,5.06,-1.48
515230,软件ETF国泰,指数型-股票,44.62,0.5y,价值平均法,-14.61,13.68,-0.513,50.0,-7.59,1.26,-1.48
011690,招商品质发现混合A,混合型-偏股,12.14,0.5y,价值平均法,-10.54,6.65,-1.031,50.0,-5.42,0.92,-1.49
012709,东方红中证红利低波动指数C,指数型-股票,32.63,0.5y,定期定额(周),-5.11,2.07,-1.225,36.0,-2.59,2.56,-1.49
018995,景顺长城中国回报混合C,混合型-灵活,2.41,0.5y,定期定额(周),-13.94,5.11,-0.796,60.0,-7.23,-0.77,-1.49
501302,南方恒指ETF联接(LOF)A,指数型-股票,2.3,0.5y,定期定额(周),-7.24,3.16,-0.747,32.0,-3.69,1.73,-1.49
399011,中海医疗保健主题股票A,股票型,3.67,0.5y,定期定额(周),-9.6,4.63,-0.679,36.0,-4.92,3.57,-1.52
159545,恒生红利低波ETF易方达,指数型-股票,71.88,0.5y,价值平均法,-8.91,7.73,-1.356,50.0,-4.56,2.06,-1.53
022286,长城医药产业精选混合发起式A,混合型-偏股,3.95,0.5y,价值平均法,-13.93,10.48,-0.809,50.0,-7.23,6.2,-1.54
159321,黄金股ETF华安,指数型-股票,6.68,0.5y,定期定额(周),-23.9,13.5,0.251,80.0,-12.76,-14.64,-1.56
206007,鹏华消费优选混合,混合型-偏股,3.39,0.5y,价值平均法,-9.7,10.07,-0.497,33.3,-4.97,-0.62,-1.56
310398,申万菱信沪深300价值指数A,指数型-股票,5.94,0.5y,定期定额(周),-7.97,2.17,-1.179,48.0,-4.07,0.95,-1.57
017826,兴全欣越混合A,混合型-偏股,10.06,0.5y,定期定额(周),-9.41,4.01,-1.109,48.0,-4.82,1.51,-1.58
010500,中银创新医疗混合C,混合型-偏股,8.64,0.5y,价值平均法,-14.19,10.54,-0.751,50.0,-7.37,5.18,-1.6
005659,南方恒生指数ETF联接C,指数型-股票,2.15,0.5y,定期定额(周),-7.42,3.17,-0.771,32.0,-3.78,1.83,-1.61
012421,华夏优加生活混合A,混合型-偏股,3.33,0.5y,价值平均法,-8.17,12.13,-1.006,33.3,-4.17,5.67,-1.61
002332,汇丰晋信沪港深A,股票型,2.93,0.5y,定期定额(周),-14.18,4.02,-0.669,60.0,-7.36,-3.11,-1.65
011831,富国天恒混合C,混合型-偏股,3.76,0.5y,定期定额(周),-10.65,3.8,-1.048,52.0,-5.47,0.51,-1.66
010031,华泰柏瑞生物医药混合C,混合型-灵活,2.0,0.5y,价值平均法,-12.74,11.62,-1.129,50.0,-6.58,8.21,-1.68
014412,招商核心竞争力混合A,混合型-偏股,16.05,0.5y,定期定额(周),-11.26,5.18,-1.023,52.0,-5.8,0.45,-1.69
001801,汇添富达欣混合A,混合型-灵活,9.46,0.5y,价值平均法,-10.38,10.57,-0.682,33.3,-5.33,4.94,-1.71
011691,招商品质发现混合C,混合型-偏股,3.99,0.5y,价值平均法,-10.88,6.67,-1.074,50.0,-5.59,1.05,-1.71
014328,格林新兴产业混合C,混合型-偏股,13.66,0.5y,价值平均法,-9.42,10.19,-0.666,33.3,-4.83,0.82,-1.73
018309,招商社会责任混合A,混合型-偏股,4.26,0.5y,定期定额(周),-12.67,5.74,-0.974,56.0,-6.55,-0.14,-1.73
020485,中欧中证全指软件开发指数发起C,指数型-股票,3.53,0.5y,价值平均法,-14.97,13.45,-0.554,50.0,-7.79,1.15,-1.73
000772,景顺长城中国回报混合A,混合型-灵活,7.66,0.5y,定期定额(周),-13.72,5.08,-0.766,56.0,-7.11,-0.87,-1.74
019244,汇丰晋信龙腾混合C,混合型-偏股,2.97,0.5y,价值平均法,-15.19,12.89,-0.637,50.0,-7.91,3.8,-1.76
017827,兴全欣越混合C,混合型-偏股,4.15,0.5y,定期定额(周),-9.67,4.02,-1.152,48.0,-4.96,1.65,-1.78
002165,汇添富达欣混合C,混合型-灵活,10.19,0.5y,价值平均法,-10.53,10.59,-0.696,33.3,-5.41,5.05,-1.79
519001,银华价值优选混合,混合型-偏股,14.56,0.5y,定期定额(周),-8.64,3.9,-1.15,44.0,-4.42,1.44,-1.8
517380,创新药ETF天弘,指数型-股票,18.57,0.5y,定期定额(周),-12.05,5.2,-0.784,44.0,-6.22,4.13,-1.83
019260,富国恒生红利ETF联接A,指数型-股票,13.2,0.5y,价值平均法,-8.84,7.73,-1.509,50.0,-4.52,2.56,-1.84
162607,景顺长城资源垄断混合(LOF)A,混合型-偏股,16.08,0.5y,定期定额(周),-13.68,6.01,-0.674,52.0,-7.09,-1.24,-1.85
373010,摩根双息平衡混合A,混合型-灵活,6.83,0.5y,定期定额(周),-10.41,2.97,-1.072,52.0,-5.35,-0.3,-1.85
160611,鹏华优质治理混合(LOF)A,混合型-偏股,11.72,0.5y,定期定额(周),-17.5,5.32,-0.364,64.0,-9.17,-6.01,-1.89
011876,景顺长城医疗健康混合A,混合型-偏股,2.7,0.5y,价值平均法,-9.74,10.71,-0.97,33.3,-5.0,7.83,-1.9
159748,创新药ETF富国,指数型-股票,5.69,0.5y,定期定额(周),-11.95,5.18,-0.843,44.0,-6.16,4.4,-1.91
019261,富国恒生红利ETF联接C,指数型-股票,10.7,0.5y,价值平均法,-8.94,7.75,-1.53,50.0,-4.57,2.61,-1.92
007605,嘉实沪深300红利低波动ETF联接A,指数型-股票,15.13,0.5y,定期定额(周),-6.95,2.3,-1.4,44.0,-3.54,1.97,-1.94
014413,招商核心竞争力混合C,混合型-偏股,5.3,0.5y,定期定额(周),-11.61,5.18,-1.078,52.0,-5.99,0.64,-1.94
008190,国泰中证钢铁ETF联接C,指数型-股票,3.65,0.5y,价值平均法,-18.09,17.09,-0.801,66.7,-9.49,-0.74,-1.95
007606,嘉实沪深300红利低波动ETF联接C,指数型-股票,8.57,0.5y,定期定额(周),-6.92,2.3,-1.418,44.0,-3.52,2.04,-1.96
012483,前海开源优质龙头6个月持有混合A,混合型-偏股,4.63,0.5y,定期定额(周),-11.9,4.2,-0.811,48.0,-6.14,-0.01,-1.96
023262,景顺长城资源垄断混合(LOF)C,混合型-偏股,2.44,0.5y,定期定额(周),-13.81,5.88,-0.699,52.0,-7.16,-1.09,-1.96
159307,红利低波100ETF博时,指数型-股票,48.37,0.5y,定期定额(周),-5.44,1.89,-1.356,36.0,-2.76,3.08,-1.96
011877,景顺长城医疗健康混合C,混合型-偏股,4.68,0.5y,价值平均法,-9.9,10.72,-0.983,33.3,-5.08,7.9,-1.99
012484,前海开源优质龙头6个月持有混合C,混合型-偏股,2.41,0.5y,定期定额(周),-11.94,4.22,-0.817,48.0,-6.16,0.02,-1.99
014564,天弘创新药精选50ETF联接A,指数型-股票,3.2,0.5y,定期定额(周),-12.03,4.94,-0.849,44.0,-6.21,4.25,-1.99
012437,德邦价值优选混合A,混合型-偏股,2.49,0.5y,定期定额(周),-16.57,7.96,-0.574,60.0,-8.66,-3.5,-2.0
517400,黄金股ETF国泰,指数型-股票,14.29,0.5y,定期定额(周),-24.08,13.89,0.241,76.0,-12.87,-14.47,-2.02
010783,德邦沪港深龙头混合A,混合型-偏股,6.43,0.5y,定期定额(周),-11.11,3.25,-0.899,48.0,-5.72,-0.16,-2.03
014565,天弘创新药精选50ETF联接C,指数型-股票,7.8,0.5y,定期定额(周),-12.13,4.94,-0.859,44.0,-6.26,4.31,-2.05
021958,南方黄金股A,指数型-股票,4.19,0.5y,定期定额(周),-23.07,12.24,0.231,72.0,-12.29,-13.99,-2.07
015121,汇添富医疗服务灵活配置混合C,混合型-灵活,5.88,0.5y,价值平均法,-11.11,10.96,-0.738,33.3,-5.72,5.27,-2.08
011164,富国兴远优选12个月持有混合A,混合型-偏股,9.69,0.5y,定期定额(周),-12.3,3.95,-1.113,56.0,-6.35,0.19,-2.09
014283,华夏北交所精选两年定开混合发起式,混合型-偏股,5.21,0.5y,价值平均法,-17.1,15.39,-1.212,66.7,-8.95,4.76,-2.09
016550,永赢消费龙头智选混合发起C,混合型-偏股,2.31,0.5y,定期定额(周),-13.59,4.16,-0.28,44.0,-7.04,-3.79,-2.09
021959,南方黄金股C,指数型-股票,8.55,0.5y,定期定额(周),-23.11,12.24,0.228,72.0,-12.31,-13.95,-2.09
517520,黄金股ETF永赢,指数型-股票,128.21,0.5y,定期定额(周),-24.25,13.9,0.249,76.0,-12.97,-14.72,-2.09
013009,万家港股通精选混合A,混合型-偏股,2.52,0.5y,定期定额(周),-13.11,5.7,-0.772,48.0,-6.78,0.78,-2.1
110032,易方达恒生国企ETF联接现汇A,指数型-海外股票,10.45,0.5y,定期定额(周),-7.07,2.78,-0.89,28.0,-3.6,3.02,-2.11
110033,易方达恒生国企ETF联接现钞A,指数型-海外股票,10.45,0.5y,定期定额(周),-7.07,2.78,-0.89,28.0,-3.6,3.02,-2.11
159873,医疗设备ETF天弘,指数型-股票,2.76,0.5y,定期定额(周),-10.17,4.25,-0.74,36.0,-5.22,1.73,-2.12
021674,国泰黄金股ETF联接C,指数型-股票,5.3,0.5y,定期定额(周),-22.98,10.86,0.169,72.0,-12.24,-12.95,-2.14
022853,中航优选领航混合发起C,混合型-偏股,6.64,0.5y,价值平均法,-12.61,12.07,-0.531,33.3,-6.52,4.56,-2.16
561010,软件ETF华安,指数型-股票,2.2,0.5y,价值平均法,-16.09,13.94,-0.597,50.0,-8.4,1.71,-2.18
002333,汇丰晋信沪港深C,股票型,4.51,0.5y,定期定额(周),-14.39,4.02,-0.701,56.0,-7.48,-2.99,-2.2
020254,鹏华盛世创新混合(LOF)C,混合型-偏股,4.72,0.5y,定期定额(周),-9.36,6.17,-0.91,36.0,-4.79,0.54,-2.2
501093,华夏翔阳两年定开混合,混合型-偏股,2.86,0.5y,定期定额(周),-15.67,4.22,-0.469,56.0,-8.17,-4.05,-2.2
180012,银华富裕主题混合A,混合型-偏股,76.69,0.5y,定期定额(周),-9.28,2.58,-1.107,44.0,-4.75,1.12,-2.22
001510,富国新动力灵活配置混合C,混合型-灵活,3.28,0.5y,定期定额(周),-12.3,3.7,-1.152,56.0,-6.35,0.19,-2.23
010710,安信医药健康股票C,股票型,15.43,0.5y,定期定额(周),-11.42,4.84,-0.614,36.0,-5.89,1.75,-2.23
013010,万家港股通精选混合C,混合型-偏股,2.14,0.5y,定期定额(周),-13.32,5.71,-0.797,48.0,-6.9,0.9,-2.23
005847,富国沪港深业绩驱动混合型A,混合型-偏股,24.65,0.5y,定期定额(周),-13.91,6.07,-0.664,48.0,-7.22,-0.61,-2.25
009274,融通健康产业灵活配置混合C,混合型-灵活,4.38,0.5y,定期定额(周),-12.45,4.57,-0.91,48.0,-6.43,1.26,-2.25
000339,长城医疗保健混合A,混合型-偏股,2.42,0.5y,定期定额(周),-10.06,5.17,-0.778,32.0,-5.16,3.58,-2.3
001628,招商体育文化休闲股票A,股票型,2.03,0.5y,定期定额(周),-15.16,7.19,0.002,40.0,-7.89,-5.76,-2.3
011165,富国兴远优选12个月持有混合C,混合型-偏股,4.03,0.5y,定期定额(周),-12.58,3.97,-1.158,56.0,-6.5,0.33,-2.3
010110,广发医药健康混合A,混合型-偏股,11.55,0.5y,价值平均法,-11.39,12.33,-0.89,33.3,-5.87,7.3,-2.34
021362,易方达黄金股指数发起式A,指数型-股票,4.16,0.5y,定期定额(周),-23.65,12.31,0.18,72.0,-12.62,-13.25,-2.34
290002,泰信先行策略混合,混合型-灵活,3.79,0.5y,定期定额(周),-15.08,6.08,-0.92,56.0,-7.85,1.23,-2.35
310388,申万菱信消费增长混合A,混合型-偏股,2.61,0.5y,价值平均法,-10.14,14.7,-0.969,33.3,-5.21,4.23,-2.36
019666,易方达中证创新药产业ETF联接发起式A,指数型-股票,2.49,0.5y,定期定额(周),-11.16,5.1,-0.963,40.0,-5.75,3.72,-2.38
270021,广发聚瑞混合A,混合型-偏股,13.82,0.5y,定期定额(周),-8.75,3.77,-1.043,36.0,-4.48,1.56,-2.38
517120,创新药ETF华泰柏瑞,指数型-股票,2.81,0.5y,定期定额(周),-11.93,5.04,-0.861,40.0,-6.15,4.23,-2.38
562860,疫苗ETF嘉实,指数型-股票,2.25,0.5y,定期定额(周),-10.98,6.59,-0.886,36.0,-5.65,4.03,-2.39
000913,农银医疗保健股票,股票型,11.42,0.5y,价值平均法,-7.69,11.0,-0.693,16.7,-3.92,4.94,-2.4
001371,富国沪港深价值混合A,混合型-灵活,14.14,0.5y,定期定额(周),-11.47,3.97,-0.921,44.0,-5.91,0.96,-2.4
021363,易方达黄金股指数发起式C,指数型-股票,7.29,0.5y,定期定额(周),-23.78,12.31,0.171,72.0,-12.69,-13.15,-2.4
012175,易方达稳健增利混合A,混合型-平衡,6.19,0.5y,定期定额(周),-5.65,1.89,-1.437,36.0,-2.86,1.59,-2.41
021551,博时中证红利低波动100ETF联接C,指数型-股票,2.33,0.5y,定期定额(周),-5.23,1.79,-1.397,32.0,-2.65,3.02,-2.41
021550,博时中证红利低波动100ETF联接A,指数型-股票,15.29,0.5y,定期定额(周),-5.25,1.78,-1.407,32.0,-2.66,3.1,-2.43
001508,富国新动力灵活配置混合A,混合型-灵活,17.65,0.5y,定期定额(周),-12.06,3.7,-1.111,52.0,-6.22,0.07,-2.44
010111,广发医药健康混合C,混合型-偏股,8.4,0.5y,价值平均法,-11.6,12.36,-0.903,33.3,-5.98,7.36,-2.44
011117,富国沪港深业绩驱动混合型C,混合型-偏股,14.63,0.5y,定期定额(周),-14.22,6.08,-0.703,48.0,-7.38,-0.4,-2.44
019667,易方达中证创新药产业ETF联接发起式C,指数型-股票,3.36,0.5y,定期定额(周),-11.28,5.1,-0.976,40.0,-5.81,3.79,-2.45
002708,大摩健康产业混合A,混合型-偏股,13.66,0.5y,定期定额(周),-10.54,4.08,-0.904,36.0,-5.41,3.92,-2.47
018156,创金合信全球医药生物股票发起(QDII)C,QDII-普通股票,2.14,0.5y,价值平均法,-6.98,8.41,-0.816,16.7,-3.55,5.08,-2.47
159315,黄金股ETF工银,指数型-股票,3.45,0.5y,定期定额(周),-24.2,13.8,0.236,72.0,-12.94,-14.46,-2.48
159562,黄金股ETF华夏,指数型-股票,62.99,0.5y,定期定额(周),-24.26,13.98,0.227,72.0,-12.97,-14.27,-2.5
010795,民生价值发现一年持有混合A,混合型-偏股,2.63,0.5y,定期定额(周),-13.86,3.88,-0.812,52.0,-7.19,-1.13,-2.51
000727,融通健康产业灵活配置混合A/B,混合型-灵活,14.07,0.5y,定期定额(周),-12.24,4.55,-0.885,44.0,-6.32,1.13,-2.52
004263,华安沪港深机会灵活配置混合,混合型-灵活,12.18,0.5y,定期定额(周),-13.55,4.85,-0.663,44.0,-7.02,0.43,-2.52
012008,易方达稳健回报混合A,混合型-平衡,6.52,0.5y,定期定额(周),-5.83,1.93,-1.457,36.0,-2.96,1.63,-2.52
011248,嘉实品质回报混合,混合型-偏股,22.16,0.5y,定期定额(周),-5.95,2.48,-1.071,24.0,-3.02,3.14,-2.53
020602,易方达中证红利低波动ETF联接发起式A,指数型-股票,21.78,0.5y,定期定额(周),-5.25,2.75,-1.754,36.0,-2.66,4.67,-2.54
016303,中信建投北交所精选两年定开混合A,混合型-偏股,2.44,0.5y,价值平均法,-18.17,15.13,-1.197,66.7,-9.54,3.65,-2.56
000251,工银金融地产混合A,混合型-偏股,10.77,0.5y,定期定额(周),-10.7,3.29,-1.051,44.0,-5.5,0.5,-2.57
008682,富国中证红利指数增强C,指数型-股票,6.21,0.5y,定期定额(周),-8.93,7.03,-1.22,36.0,-4.57,2.61,-2.57
159899,软件ETF招商,指数型-股票,5.52,0.5y,价值平均法,-13.44,13.61,-0.442,33.3,-6.96,0.83,-2.59
016297,中欧丰泰港股通混合A,混合型-偏股,6.25,0.5y,定期定额(周),-16.48,5.05,-0.583,56.0,-8.61,-3.18,-2.6
003378,泰康策略优选混合,混合型-灵活,12.0,0.5y,定期定额(周),-12.1,3.92,-0.857,44.0,-6.24,-0.16,-2.61
009562,工银全球股票(QDII)美元,QDII-普通股票,3.65,0.5y,价值平均法,-10.42,18.53,-1.323,33.3,-5.35,11.24,-2.61
160910,大成创新成长混合(LOF)A,混合型-灵活,8.52,0.5y,定期定额(周),-11.53,6.72,-1.106,44.0,-5.94,1.29,-2.61
519671,银河沪深300价值指数A,指数型-股票,17.11,0.5y,定期定额(周),-8.74,2.33,-1.33,44.0,-4.47,1.29,-2.61
011131,富国沪港深价值混合C,混合型-灵活,2.45,0.5y,定期定额(周),-11.8,4.02,-0.966,44.0,-6.09,1.07,-2.62
159322,黄金股ETF平安,指数型-股票,2.36,0.5y,定期定额(周),-24.5,13.61,0.207,72.0,-13.11,-14.02,-2.62
159858,创新药ETF南方,指数型-股票,4.18,0.5y,定期定额(周),-11.88,5.43,-0.983,40.0,-6.13,4.24,-2.63
517110,创新药ETF国泰,指数型-股票,4.83,0.5y,定期定额(周),-12.57,5.19,-0.875,40.0,-6.5,4.29,-2.64
515060,房地产ETF华夏,指数型-股票,6.14,0.5y,定期定额(周),-11.42,5.66,-1.19,40.0,-5.88,7.14,-2.66
100032,富国中证红利指数增强A,指数型-股票,50.12,0.5y,定期定额(周),-9.31,7.4,-1.225,36.0,-4.77,2.7,-2.7
001878,嘉实沪港深精选股票,股票型,23.55,0.5y,定期定额(周),-14.33,5.45,-0.801,48.0,-7.44,0.14,-2.73
021074,华夏中证沪深港黄金产业股票ETF发起式联接A,指数型-股票,4.56,0.5y,定期定额(周),-24.49,12.23,0.087,72.0,-13.1,-11.94,-2.75
020411,永赢中证沪深港黄金产业股票ETF发起联接A,指数型-股票,8.43,0.5y,定期定额(周),-24.63,13.08,0.114,72.0,-13.18,-12.45,-2.76
501021,华宝港股通标普香港上市中国中小盘指数(LOF)A,指数型-股票,3.13,0.5y,定期定额(周),-12.95,4.56,-0.872,44.0,-6.7,1.19,-2.76
021075,华夏中证沪深港黄金产业股票ETF发起式联接C,指数型-股票,28.47,0.5y,定期定额(周),-24.56,12.23,0.082,72.0,-13.15,-11.89,-2.78
159622,创新药ETF东财,指数型-股票,8.37,0.5y,定期定额(周),-12.8,5.19,-0.918,40.0,-6.62,4.77,-2.79
159898,医疗器械ETF招商,指数型-股票,5.47,0.5y,定期定额(周),-9.88,4.23,-0.743,28.0,-5.07,1.83,-2.8
162102,金鹰中小盘精选混合A,混合型-偏股,5.89,0.5y,价值平均法,-21.96,17.84,-0.521,66.7,-11.66,-2.54,-2.82
020500,广发中证港股通非银ETF发起式联接A,指数型-股票,4.17,0.5y,定期定额(周),-12.82,6.5,-0.958,40.0,-6.63,4.48,-2.83
015395,招商体育文化休闲股票C,股票型,2.26,0.5y,定期定额(周),-15.45,7.17,-0.016,36.0,-8.05,-5.58,-2.84
166024,中欧恒利三年定期开放混合,混合型-偏股,3.02,0.5y,定期定额(周),-16.48,5.65,-0.808,56.0,-8.61,-0.76,-2.85
483003,工银精选平衡混合,混合型-偏股,13.86,0.5y,定期定额(周),-8.14,5.6,-1.421,36.0,-4.15,2.31,-2.86
001651,工银新蓝筹股票A,股票型,2.96,0.5y,定期定额(周),-13.92,4.24,-1.003,52.0,-7.22,-0.42,-2.88
022951,华泰柏瑞中证红利低波ETF联接Y,指数型-股票,6.68,0.5y,定期定额(周),-5.41,1.97,-1.789,36.0,-2.74,4.27,-2.89
020501,广发中证港股通非银ETF发起式联接C,指数型-股票,16.54,0.5y,定期定额(周),-12.96,6.5,-0.97,40.0,-6.7,4.54,-2.91
010874,泰康品质生活混合A,混合型-偏股,9.09,0.5y,定期定额(周),-12.72,4.0,-0.895,44.0,-6.58,-0.07,-2.93
660012,农银消费主题混合A,混合型-偏股,3.62,0.5y,定期定额(周),-9.76,3.1,-1.409,44.0,-5.0,2.26,-2.94
560150,红利低波ETF泰康,指数型-股票,7.91,0.5y,定期定额(周),-5.37,2.12,-1.682,32.0,-2.72,4.43,-2.95
016128,景顺长城中证红利低波动100ETF发起联接A,指数型-股票,3.47,0.5y,定期定额(周),-6.09,1.89,-1.647,36.0,-3.09,3.36,-2.96
020124,银华沪深股通精选混合C,混合型-偏股,5.09,0.5y,定期定额(周),-12.71,3.74,-1.293,52.0,-6.57,1.88,-2.97
562600,医疗器械ETF华夏,指数型-股票,4.84,0.5y,定期定额(周),-10.09,4.24,-0.79,28.0,-5.18,2.17,-2.97
022980,天弘中证红利低波动100联接Y,指数型-股票,2.51,0.5y,定期定额(周),-6.78,2.18,-1.544,36.0,-3.45,2.72,-2.98
011777,易方达稳健增长混合A,混合型-平衡,6.42,0.5y,定期定额(周),-5.87,1.93,-1.476,32.0,-2.98,1.66,-2.99
012637,国泰中证全指软件ETF联接C,指数型-股票,2.72,0.5y,价值平均法,-13.94,13.07,-0.544,33.3,-7.23,1.29,-2.99
010161,广发瑞安精选股票A,股票型,3.38,0.5y,定期定额(周),-11.01,3.99,-1.086,40.0,-5.66,1.2,-3.0
016129,景顺长城中证红利低波动100ETF发起联接C,指数型-股票,2.58,0.5y,定期定额(周),-6.13,1.88,-1.656,36.0,-3.11,3.38,-3.0
010769,天弘中证农业主题ETF联接A,指数型-股票,3.49,0.5y,价值平均法,-19.21,11.27,-0.975,66.7,-10.12,-1.86,-3.02
516810,农业ETF华夏,指数型-股票,3.84,0.5y,价值平均法,-19.54,11.5,-0.947,66.7,-10.3,-1.71,-3.05
010770,天弘中证农业主题ETF联接C,指数型-股票,9.09,0.5y,价值平均法,-19.29,11.28,-0.987,66.7,-10.16,-1.81,-3.07
020603,易方达中证红利低波动ETF联接发起式C,指数型-股票,8.25,0.5y,定期定额(周),-5.4,2.77,-1.786,32.0,-2.74,4.74,-3.07
021458,易方达恒生红利低波ETF联接C,指数型-股票,12.57,0.5y,价值平均法,-8.49,7.34,-1.356,33.3,-4.34,1.87,-3.08
010875,泰康品质生活混合C,混合型-偏股,2.51,0.5y,定期定额(周),-12.95,3.99,-0.927,44.0,-6.7,0.05,-3.09
563020,红利低波ETF易方达,指数型-股票,75.16,0.5y,定期定额(周),-5.64,2.86,-1.769,32.0,-2.86,4.89,-3.1
008115,天弘中证红利低波动100联接C,指数型-股票,33.31,0.5y,定期定额(周),-6.92,2.19,-1.574,36.0,-3.52,2.78,-3.11
020458,平安医药精选股票A,股票型,5.08,0.5y,价值平均法,-13.7,11.94,-0.892,33.3,-7.1,7.97,-3.13
004905,华泰柏瑞生物医药混合A,混合型-灵活,3.55,0.5y,价值平均法,-12.37,11.57,-1.099,33.3,-6.39,8.05,-3.16
005106,银华农业产业股票发起式A,股票型,4.11,0.5y,价值平均法,-15.39,11.17,-1.123,50.0,-8.02,2.77,-3.19
004702,南方金融主题灵活配置混合A,混合型-灵活,2.12,0.5y,价值平均法,-15.17,9.41,-1.106,50.0,-7.9,1.96,-3.2
016298,中欧丰泰港股通混合C,混合型-偏股,5.65,0.5y,定期定额(周),-16.8,5.05,-0.621,52.0,-8.79,-3.0,-3.2
020412,永赢中证沪深港黄金产业股票ETF发起联接C,指数型-股票,15.84,0.5y,定期定额(周),-24.74,13.08,0.106,68.0,-13.25,-12.37,-3.21
015879,富国中证农业主题ETF联接C,指数型-股票,3.75,0.5y,价值平均法,-19.39,11.04,-1.046,66.7,-10.22,-1.41,-3.22
006529,中欧匠心两年持有期混合A,混合型-偏股,16.71,0.5y,定期定额(周),-8.77,4.26,-1.098,28.0,-4.48,1.92,-3.23
010178,大成企业能力驱动混合A,混合型-偏股,10.76,0.5y,定期定额(周),-12.94,3.55,-1.452,56.0,-6.7,0.5,-3.24
014064,银华农业产业股票发起式C,股票型,8.58,0.5y,价值平均法,-15.48,11.18,-1.132,50.0,-8.07,2.8,-3.24
017938,易方达中证医疗ETF联接发起式C,指数型-股票,2.62,0.5y,定期定额(周),-11.34,3.87,-0.82,32.0,-5.84,1.47,-3.26
020459,平安医药精选股票C,股票型,6.35,0.5y,价值平均法,-13.96,11.96,-0.91,33.3,-7.24,8.08,-3.26
021251,华夏中证全指医疗器械ETF发起式联接C,指数型-股票,2.18,0.5y,定期定额(周),-10.25,4.06,-0.887,28.0,-5.26,2.51,-3.26
015052,东方红医疗升级股票发起A,股票型,8.65,0.5y,价值平均法,-12.77,11.21,-1.045,33.3,-6.6,7.14,-3.27
006218,富国生物医药科技混合A,混合型-偏股,3.81,0.5y,定期定额(周),-11.65,5.17,-0.858,28.0,-6.01,5.97,-3.28
007466,华泰柏瑞中证红利低波ETF联接A,指数型-股票,64.12,0.5y,定期定额(周),-5.43,1.97,-1.792,32.0,-2.75,4.27,-3.31
022287,长城医药产业精选混合发起式C,混合型-偏股,18.14,0.5y,价值平均法,-14.2,10.52,-0.828,33.3,-7.37,6.32,-3.35
012737,广发创新药ETF联接A,指数型-股票,4.24,0.5y,定期定额(周),-12.18,5.19,-1.054,36.0,-6.29,4.12,-3.36
012782,银华中证创新药产业ETF发起式联接C,指数型-股票,3.54,0.5y,定期定额(周),-12.02,5.09,-1.088,36.0,-6.2,4.3,-3.37
015053,东方红医疗升级股票发起C,股票型,13.46,0.5y,价值平均法,-12.99,11.24,-1.063,33.3,-6.72,7.23,-3.38
008114,天弘中证红利低波动100联接A,指数型-股票,21.88,0.5y,定期定额(周),-6.8,2.18,-1.548,32.0,-3.46,2.72,-3.4
012738,广发创新药ETF联接C,指数型-股票,11.48,0.5y,定期定额(周),-12.27,5.19,-1.064,36.0,-6.33,4.17,-3.41
001186,富国文体健康股票A,股票型,12.06,0.5y,定期定额(周),-14.54,3.83,-1.291,56.0,-7.55,0.32,-3.44
512980,传媒ETF广发,指数型-股票,52.1,0.5y,定期定额(周),-18.73,7.8,0.002,44.0,-9.85,-8.12,-3.44
007467,华泰柏瑞中证红利低波ETF联接C,指数型-股票,59.71,0.5y,定期定额(周),-5.58,1.96,-1.824,32.0,-2.83,4.34,-3.45
007523,汇添富内需增长股票A,股票型,2.47,0.5y,定期定额(周),-12.34,3.01,-1.301,48.0,-6.37,1.15,-3.48
159805,传媒ETF鹏华,指数型-股票,4.82,0.5y,定期定额(周),-18.71,7.51,-0.026,44.0,-9.84,-7.67,-3.48
502056,广发中证医疗ETF联接(LOF)A,指数型-股票,7.27,0.5y,定期定额(周),-11.75,3.88,-0.854,32.0,-6.06,1.57,-3.5
159835,创新药ETF建信,指数型-股票,3.14,0.5y,定期定额(周),-12.78,5.43,-1.035,36.0,-6.61,4.21,-3.51
004643,南方中证房地产ETF发起联接C,指数型-股票,4.98,0.5y,定期定额(周),-11.96,5.31,-1.269,36.0,-6.17,6.93,-3.52
011040,天弘国证生物医药ETF发起式联接A,指数型-股票,2.6,0.5y,定期定额(周),-13.49,6.16,-1.087,40.0,-6.99,3.35,-3.54
009881,广发中证医疗ETF联接C,指数型-股票,8.22,0.5y,定期定额(周),-11.83,3.88,-0.864,32.0,-6.1,1.62,-3.55
159828,医疗ETF国泰,指数型-股票,22.94,0.5y,定期定额(周),-12.21,4.06,-0.808,32.0,-6.3,1.45,-3.55
159797,医疗器械ETF汇添富,指数型-股票,3.05,0.5y,定期定额(周),-11.15,4.22,-0.86,28.0,-5.74,2.25,-3.56
017937,易方达中证医疗ETF联接发起式A,指数型-股票,3.79,0.5y,定期定额(周),-11.22,3.87,-0.806,28.0,-5.78,1.41,-3.58
159992,创新药ETF银华,指数型-股票,151.77,0.5y,定期定额(周),-12.86,5.45,-1.057,36.0,-6.65,4.36,-3.58
003032,平安医疗健康混合A,混合型-偏股,17.03,0.5y,价值平均法,-14.66,11.92,-0.949,33.3,-7.62,8.19,-3.6
159883,医疗器械ETF永赢,指数型-股票,55.46,0.5y,定期定额(周),-11.34,4.24,-0.862,28.0,-5.84,2.21,-3.64
470888,汇添富香港优势精选混合(QDII)A,QDII-混合偏股,3.84,0.5y,价值平均法,-15.04,10.41,-0.718,33.3,-7.83,3.75,-3.64
560260,医疗ETF广发,指数型-股票,15.36,0.5y,定期定额(周),-12.31,4.09,-0.842,32.0,-6.35,1.7,-3.64
001717,工银前沿医疗股票A,股票型,73.42,0.5y,定期定额(周),-12.46,4.95,-0.801,28.0,-6.44,4.04,-3.66
010298,汇添富品牌驱动六个月持有混合,混合型-偏股,12.51,0.5y,定期定额(周),-13.4,3.07,-1.359,52.0,-6.94,0.99,-3.66
159399,现金流ETF国泰,指数型-股票,53.61,0.5y,定期定额(周),-14.56,4.64,-1.1,48.0,-7.57,0.04,-3.67
020137,平安医疗健康混合C,混合型-偏股,18.77,0.5y,价值平均法,-14.84,11.94,-0.962,33.3,-7.72,8.26,-3.69
159847,医疗ETF易方达,指数型-股票,14.2,0.5y,定期定额(周),-11.84,4.08,-0.784,28.0,-6.11,1.39,-3.75
013415,永赢中证全指医疗器械ETF发起联接A,指数型-股票,2.78,0.5y,定期定额(周),-11.24,4.11,-0.926,28.0,-5.79,2.39,-3.76
162412,华宝医疗ETF联接A,指数型-股票,43.04,0.5y,定期定额(周),-12.19,3.84,-0.898,32.0,-6.29,1.62,-3.78
010685,工银前沿医疗股票C,股票型,10.48,0.5y,定期定额(周),-12.73,4.98,-0.825,28.0,-6.58,4.18,-3.81
013416,永赢中证全指医疗器械ETF发起联接C,指数型-股票,7.58,0.5y,定期定额(周),-11.33,4.1,-0.936,28.0,-5.83,2.44,-3.81
001127,中银宏观策略混合A,混合型-灵活,2.33,0.5y,定期定额(周),-16.56,6.06,-0.915,48.0,-8.66,0.08,-3.82
012323,华宝医疗ETF联接C,指数型-股票,26.21,0.5y,定期定额(周),-12.27,3.84,-0.909,32.0,-6.34,1.67,-3.84
160629,鹏华中证传媒指数(LOF)A,指数型-股票,3.22,0.5y,定期定额(周),-18.39,7.18,-0.074,40.0,-9.66,-7.03,-3.84
008164,南方标普红利低波50ETF联接C,指数型-股票,30.25,0.5y,定期定额(周),-5.17,2.51,-1.602,20.0,-2.62,3.79,-3.85
159859,生物医药ETF天弘,指数型-股票,39.83,0.5y,定期定额(周),-14.4,6.54,-1.096,40.0,-7.48,3.63,-3.86
001027,前海开源中证大农业指数增强A,指数型-股票,3.35,0.5y,定期定额(周),-15.6,4.31,-1.342,56.0,-8.13,0.74,-3.87
015675,鹏华中证传媒指数(LOF)C,指数型-股票,2.96,0.5y,定期定额(周),-18.52,7.19,-0.083,40.0,-9.74,-6.95,-3.9
012620,嘉实中证软件服务ETF联接C,指数型-股票,21.9,0.5y,价值平均法,-15.78,13.76,-0.691,33.3,-8.23,2.33,-3.92
070012,嘉实海外中国股票混合,QDII-混合偏股,17.97,0.5y,定期定额(周),-16.45,4.49,-1.046,52.0,-8.59,-0.19,-3.92
000220,富国医疗保健行业混合A,混合型-偏股,6.8,0.5y,定期定额(周),-8.83,4.62,-1.196,16.0,-4.52,9.31,-3.93
011503,建信智能生活混合,混合型-偏股,3.26,0.5y,定期定额(周),-11.03,4.75,-1.461,36.0,-5.68,4.49,-3.93
017998,中欧融恒平衡混合A,混合型-灵活,7.22,0.5y,定期定额(周),-13.07,2.89,-1.316,48.0,-6.77,0.09,-3.96
008891,安信价值成长混合A,混合型-偏股,3.06,0.5y,定期定额(周),-11.05,4.08,-1.022,28.0,-5.68,1.83,-3.98
011041,天弘国证生物医药ETF发起式联接C,指数型-股票,9.38,0.5y,定期定额(周),-13.6,6.16,-1.097,36.0,-7.05,3.39,-4.01
515120,创新药ETF广发,指数型-股票,88.26,0.5y,定期定额(周),-12.96,5.47,-1.055,32.0,-6.7,4.36,-4.01
512200,房地产ETF南方,指数型-股票,59.12,0.5y,定期定额(周),-12.48,5.72,-1.255,32.0,-6.45,7.25,-4.02
017477,安信睿见优选混合A,混合型-偏股,49.35,0.5y,定期定额(周),-12.91,4.35,-1.067,36.0,-6.68,1.38,-4.04
004752,广发中证传媒ETF联接A,指数型-股票,3.36,0.5y,定期定额(周),-18.74,6.95,-0.119,40.0,-9.86,-6.54,-4.05
519180,万家180指数A,指数型-股票,6.04,0.5y,定期定额(周),-18.61,13.52,-1.051,52.0,-9.78,1.68,-4.05
011125,富国文体健康股票C,股票型,2.64,0.5y,定期定额(周),-14.82,3.85,-1.341,52.0,-7.71,0.46,-4.06
513160,港股科技ETF银华,指数型-股票,49.39,0.5y,价值平均法,-14.2,11.54,-1.222,33.3,-7.37,8.85,-4.06
004753,广发中证传媒ETF联接C,指数型-股票,10.01,0.5y,定期定额(周),-18.81,6.96,-0.124,40.0,-9.89,-6.49,-4.08
008892,安信价值成长混合C,混合型-偏股,2.11,0.5y,定期定额(周),-11.2,4.08,-1.043,28.0,-5.77,1.91,-4.08
019789,鹏华优质治理混合(LOF)C,混合型-偏股,2.69,0.5y,定期定额(周),-21.07,6.51,-0.92,64.0,-11.16,-1.81,-4.1
012284,光大健康优加混合A,混合型-偏股,7.38,0.5y,定期定额(周),-12.26,5.29,-0.97,24.0,-6.33,6.72,-4.11
010341,招商产业精选股票A,股票型,10.43,0.5y,定期定额(周),-19.7,6.05,-0.947,60.0,-10.39,-2.35,-4.15
006274,圆信永丰医药健康A,混合型-偏股,2.66,0.5y,定期定额(周),-9.44,4.84,-1.165,12.0,-4.84,12.35,-4.17
010429,中欧睿见混合A,混合型-偏股,6.66,0.5y,定期定额(周),-14.7,4.16,-1.085,44.0,-7.64,-0.14,-4.18
017999,中欧融恒平衡混合C,混合型-灵活,6.05,0.5y,定期定额(周),-13.33,2.89,-1.366,48.0,-6.91,0.24,-4.18
006757,国泰中证生物医药ETF联接C,指数型-股票,3.98,0.5y,定期定额(周),-11.86,4.61,-1.126,28.0,-6.12,4.29,-4.25
010654,天弘医药创新A,混合型-偏股,5.71,0.5y,定期定额(周),-17.17,5.11,-0.867,44.0,-8.99,1.88,-4.26
512290,生物医药ETF国泰,指数型-股票,36.85,0.5y,定期定额(周),-12.34,4.9,-1.077,28.0,-6.38,4.32,-4.28
161726,招商国证生物医药指数(LOF)A,指数型-股票,65.12,0.5y,定期定额(周),-14.08,6.23,-1.152,36.0,-7.3,3.69,-4.29
006124,国联高股息混合C,混合型-偏股,2.33,0.5y,定期定额(周),-9.58,2.93,-1.497,32.0,-4.91,2.22,-4.33
512170,医疗ETF华宝,指数型-股票,279.96,0.5y,定期定额(周),-12.78,4.07,-0.881,28.0,-6.61,1.74,-4.33
012067,嘉实蓝筹优势混合A,混合型-偏股,6.2,0.5y,定期定额(周),-15.1,3.88,-1.073,44.0,-7.86,0.09,-4.34
012225,嘉实优势精选混合A,混合型-偏股,4.91,0.5y,定期定额(周),-15.04,3.85,-1.077,44.0,-7.83,0.03,-4.34
090007,大成策略回报混合A,混合型-偏股,29.15,0.5y,定期定额(周),-10.11,12.46,-1.292,20.0,-5.19,5.85,-4.35
010655,天弘医药创新C,混合型-偏股,6.0,0.5y,定期定额(周),-17.35,5.12,-0.884,44.0,-9.09,1.99,-4.36
005143,国联沪港深大消费主题C,混合型-灵活,2.31,0.5y,定期定额(周),-12.67,5.42,-1.308,32.0,-6.55,6.01,-4.37
009664,汇添富医疗积极成长一年持有混合A,混合型-偏股,16.87,0.5y,价值平均法,-15.63,11.34,-1.087,33.3,-8.14,7.65,-4.37
011673,长城医药科技六个月持有混合A,混合型-偏股,3.26,0.5y,定期定额(周),-14.36,6.05,-0.885,28.0,-7.46,5.36,-4.38
001837,前海开源沪港深蓝筹精选混合A,混合型-灵活,4.57,0.5y,定期定额(周),-13.7,6.38,-0.891,28.0,-7.1,2.4,-4.41
002685,中欧丰泓沪港深混合A,混合型-灵活,9.25,0.5y,定期定额(周),-16.65,4.61,-1.081,48.0,-8.71,0.46,-4.41
006228,中欧医疗创新股票A,股票型,40.47,0.5y,定期定额(周),-13.96,5.46,-0.991,28.0,-7.24,6.43,-4.43
015481,中欧睿见混合C,混合型-偏股,3.37,0.5y,定期定额(周),-15.06,4.17,-1.138,44.0,-7.84,0.05,-4.43
160613,鹏华盛世创新混合(LOF)A,混合型-偏股,10.6,0.5y,定期定额(周),-13.86,14.13,-1.273,32.0,-7.19,5.93,-4.44
013270,前海开源聚利一年持有混合A,混合型-偏股,2.93,0.5y,定期定额(周),-13.76,6.24,-0.887,28.0,-7.13,2.26,-4.45
180013,银华领先策略混合,混合型-偏股,2.64,0.5y,定期定额(周),-12.51,3.99,-1.621,44.0,-6.47,1.84,-4.47
008480,永赢股息优选A,混合型-偏股,3.54,0.5y,价值平均法,-11.43,5.85,-1.431,33.3,-5.89,1.47,-4.49
516100,金融科技ETF华夏,指数型-股票,11.51,0.5y,价值平均法,-16.92,14.35,-0.829,33.3,-8.85,3.66,-4.53
009665,汇添富医疗积极成长一年持有混合C,混合型-偏股,2.07,0.5y,价值平均法,-15.98,11.4,-1.114,33.3,-8.34,7.81,-4.55
008481,永赢股息优选C,混合型-偏股,2.04,0.5y,价值平均法,-11.51,5.85,-1.45,33.3,-5.93,1.53,-4.56
009958,长安鑫悦消费混合A,混合型-偏股,2.68,0.5y,定期定额(周),-14.08,3.54,-1.173,40.0,-7.31,0.68,-4.59
520580,新兴亚洲ETF招商,指数型-海外股票,2.53,0.5y,定期定额(周),-9.88,5.74,-1.479,24.0,-5.07,4.89,-4.61
006229,中欧医疗创新股票C,股票型,28.81,0.5y,定期定额(周),-14.3,5.46,-1.019,28.0,-7.42,6.59,-4.62
009564,汇安消费龙头混合A,混合型-偏股,2.5,0.5y,定期定额(周),-14.15,5.03,-1.151,36.0,-7.34,1.72,-4.62
013477,华宝中证金融科技主题ETF发起式联接A,指数型-股票,3.03,0.5y,价值平均法,-16.79,13.82,-0.878,33.3,-8.78,3.64,-4.62
005269,华泰柏瑞港股通量化混合A,混合型-灵活,2.08,0.5y,定期定额(周),-13.88,3.86,-1.355,40.0,-7.2,3.36,-4.63
516620,影视ETF国泰,指数型-股票,2.61,0.5y,定期定额(周),-19.68,9.68,-0.513,40.0,-10.38,-0.55,-4.63
010717,前海开源优质企业6个月持有混合A,混合型-偏股,21.56,0.5y,定期定额(周),-14.14,6.25,-0.918,28.0,-7.34,2.36,-4.66
516860,金融科技ETF博时,指数型-股票,14.31,0.5y,价值平均法,-17.12,14.32,-0.859,33.3,-8.96,3.86,-4.66
013478,华宝中证金融科技主题ETF发起式联接C,指数型-股票,16.74,0.5y,价值平均法,-16.92,13.85,-0.889,33.3,-8.85,3.71,-4.69
021760,中欧中证港股通创新药指数发起C,指数型-股票,7.49,0.5y,定期定额(周),-16.59,5.81,-1.005,36.0,-8.67,6.01,-4.69
540007,汇丰晋信中小盘股票,股票型,21.31,0.5y,定期定额(周),-21.04,5.35,-0.718,56.0,-11.14,-3.45,-4.69
003095,中欧医疗健康混合A,混合型-偏股,129.74,0.5y,定期定额(周),-14.42,5.05,-1.066,32.0,-7.49,3.6,-4.72
012417,招商国证生物医药指数(LOF)C,指数型-股票,15.1,0.5y,定期定额(周),-14.13,6.21,-1.159,32.0,-7.33,3.71,-4.73
010410,长城品质成长混合A,混合型-偏股,12.12,0.5y,定期定额(周),-15.54,4.49,-1.23,44.0,-8.1,0.68,-4.74
011853,招商中证消费龙头指数增强A,指数型-股票,4.03,0.5y,定期定额(周),-10.32,2.75,-1.528,32.0,-5.3,2.38,-4.74
014414,招商中证畜牧养殖ETF联接A,指数型-股票,2.29,0.5y,价值平均法,-17.56,10.25,-1.438,50.0,-9.2,2.71,-4.81
018225,大成策略回报混合C,混合型-偏股,3.83,0.5y,定期定额(周),-10.07,11.96,-1.314,16.0,-5.17,5.64,-4.81
240010,华宝行业精选混合,混合型-偏股,10.79,0.5y,定期定额(周),-15.47,3.74,-1.389,48.0,-8.06,1.06,-4.81
513090,香港证券ETF易方达,指数型-股票,216.22,0.5y,价值平均法,-14.87,11.05,-1.368,33.3,-7.74,7.45,-4.82
010718,前海开源优质企业6个月持有混合C,混合型-偏股,2.82,0.5y,定期定额(周),-14.45,6.26,-0.954,28.0,-7.51,2.54,-4.85
001874,前海开源沪港深价值精选混合,混合型-灵活,3.7,0.5y,定期定额(周),-14.51,6.52,-0.962,28.0,-7.54,2.66,-4.86
014423,汇丰晋信研究精选混合,混合型-偏股,16.33,0.5y,价值平均法,-20.4,13.65,-1.25,50.0,-10.78,7.05,-4.86
513780,港股创新药ETF景顺,指数型-股票,27.52,0.5y,定期定额(周),-17.22,6.07,-1.004,36.0,-9.01,6.42,-4.86
159851,金融科技ETF华宝,指数型-股票,73.31,0.5y,价值平均法,-17.63,14.52,-0.868,33.3,-9.24,3.87,-4.87
011854,招商中证消费龙头指数增强C,指数型-股票,9.68,0.5y,定期定额(周),-10.49,2.74,-1.563,32.0,-5.39,2.48,-4.9
001550,天弘中证医药100A,指数型-股票,6.93,0.5y,定期定额(周),-11.65,3.91,-1.167,24.0,-6.0,2.68,-4.92
014415,招商中证畜牧养殖ETF联接C,指数型-股票,6.85,0.5y,价值平均法,-17.72,10.26,-1.46,50.0,-9.29,2.79,-4.92
520700,港股通创新药ETF万家,指数型-股票,8.42,0.5y,定期定额(周),-17.37,6.09,-1.012,36.0,-9.1,6.51,-4.93
515020,银行ETF华夏,指数型-股票,8.3,0.5y,定期定额(周),-6.44,3.48,-1.797,16.0,-3.28,5.79,-4.94
020989,南方恒生科技ETF发起联接(QDII)C,指数型-海外股票,17.28,0.5y,价值平均法,-14.77,8.33,-1.41,33.3,-7.68,7.72,-4.95
012208,华夏港股前沿经济混合(QDII)A,QDII-混合偏股,6.42,0.5y,价值平均法,-15.28,13.19,-1.332,33.3,-7.96,6.18,-4.96
166025,中欧远见两年定开混合A,混合型-偏股,9.73,0.5y,定期定额(周),-8.68,2.38,-1.58,24.0,-4.44,3.47,-4.97
013308,易方达恒生科技ETF联接(QDII)A,指数型-海外股票,56.22,0.5y,价值平均法,-14.9,8.49,-1.4,33.3,-7.75,7.56,-4.98
019670,广发港股创新药ETF联接(QDII)A,指数型-海外股票,10.4,0.5y,定期定额(周),-16.24,5.71,-1.018,32.0,-8.48,6.23,-4.98
001875,前海开源沪港深优势精选混合A,混合型-灵活,33.78,0.5y,定期定额(周),-14.76,6.38,-0.97,28.0,-7.67,2.64,-4.99
020397,中银港股通医药混合发起A,混合型-偏股,6.5,0.5y,价值平均法,-18.13,12.75,-0.933,33.3,-9.52,6.42,-4.99
008298,华夏中证银行ETF联接A,指数型-股票,2.08,0.5y,定期定额(周),-6.21,3.31,-1.855,16.0,-3.15,5.72,-5.01
515100,红利低波100ETF景顺,指数型-股票,61.88,0.5y,定期定额(周),-7.3,6.88,-1.841,16.0,-3.72,7.52,-5.02
007082,平安高端制造混合A,混合型-偏股,2.63,0.5y,价值平均法,-17.05,13.19,-1.129,33.3,-8.92,6.79,-5.04
013127,汇添富恒生科技ETF联接发起式(QDII)A,指数型-海外股票,12.68,0.5y,价值平均法,-14.98,8.45,-1.41,33.3,-7.79,7.53,-5.04
018578,摩根恒生科技ETF发起式联接(QDII)C,指数型-海外股票,2.66,0.5y,价值平均法,-14.69,8.32,-1.462,33.3,-7.64,7.76,-5.04
159855,影视ETF银华,指数型-股票,2.49,0.5y,定期定额(周),-19.67,9.57,-0.519,36.0,-10.37,-0.5,-5.04
516670,畜牧养殖ETF招商,指数型-股票,13.35,0.5y,价值平均法,-18.45,10.85,-1.409,50.0,-9.7,2.79,-5.04
486001,工银全球股票(QDII)人民币,QDII-普通股票,3.65,0.5y,定期定额(周),-13.13,17.1,-1.583,24.0,-6.8,12.58,-5.05
513890,恒生科技ETF摩根,指数型-海外股票,8.78,0.5y,价值平均法,-15.18,8.82,-1.41,33.3,-7.9,8.05,-5.05
012690,广发消费领先混合A,混合型-偏股,3.25,0.5y,定期定额(周),-15.8,3.25,-1.156,44.0,-8.24,-0.64,-5.06
013309,易方达恒生科技ETF联接(QDII)C,指数型-海外股票,112.82,0.5y,价值平均法,-15.03,8.5,-1.415,33.3,-7.82,7.63,-5.06
161029,富国中证银行指数(LOF)A,指数型-股票,4.97,0.5y,定期定额(周),-6.29,3.31,-1.862,16.0,-3.2,5.66,-5.07
014438,博时恒生科技ETF发起式联接(QDII)A,指数型-海外股票,8.49,0.5y,价值平均法,-15.1,8.47,-1.428,33.3,-7.86,7.65,-5.12
015860,宝盈国证证券龙头指数发起C,指数型-股票,2.55,0.5y,价值平均法,-14.31,10.45,-1.477,33.3,-7.43,5.26,-5.12
008299,华夏中证银行ETF联接C,指数型-股票,2.03,0.5y,定期定额(周),-6.35,3.31,-1.883,16.0,-3.22,5.79,-5.14
023035,中欧恒生科技指数发起(QDII)C,指数型-海外股票,2.84,0.5y,价值平均法,-15.06,8.32,-1.435,33.3,-7.84,7.51,-5.14
012979,大成恒生科技ETF发起式联接A,指数型-海外股票,26.85,0.5y,价值平均法,-15.25,8.56,-1.421,33.3,-7.94,7.64,-5.15
014439,博时恒生科技ETF发起式联接(QDII)C,指数型-海外股票,13.52,0.5y,价值平均法,-15.16,8.48,-1.435,33.3,-7.89,7.69,-5.15
013330,富国中证银行指数(LOF)C,指数型-股票,2.21,0.5y,定期定额(周),-6.42,3.34,-1.879,16.0,-3.26,5.73,-5.16
160218,国泰国证房地产行业指数A,指数型-股票,2.76,0.5y,定期定额(周),-14.61,6.48,-1.383,32.0,-7.59,6.32,-5.19
015282,华安恒生科技ETF发起式联接(QDII)A,指数型-海外股票,4.7,0.5y,价值平均法,-15.48,8.76,-1.418,33.3,-8.07,7.83,-5.2
159741,恒生科技ETF嘉实,指数型-海外股票,11.27,0.5y,价值平均法,-15.7,8.96,-1.396,33.3,-8.19,7.92,-5.21
161723,招商中证银行指数A,指数型-股票,8.4,0.5y,定期定额(周),-6.54,3.31,-1.875,16.0,-3.33,5.63,-5.21
007083,平安高端制造混合C,混合型-偏股,3.89,0.5y,价值平均法,-17.4,13.23,-1.159,33.3,-9.11,6.97,-5.22
012804,广发恒生科技ETF联接(QDII)A,指数型-海外股票,17.7,0.5y,价值平均法,-15.42,8.64,-1.429,33.3,-8.03,7.74,-5.22
022005,广发恒生科技ETF联接(QDII)F,指数型-海外股票,2.83,0.5y,价值平均法,-15.42,8.64,-1.429,33.3,-8.03,7.74,-5.22
516310,银行ETF易方达,指数型-股票,21.63,0.5y,定期定额(周),-6.88,3.51,-1.845,16.0,-3.5,5.84,-5.23
012980,大成恒生科技ETF发起式联接C,指数型-海外股票,21.39,0.5y,价值平均法,-15.41,8.58,-1.438,33.3,-8.03,7.73,-5.24
015283,华安恒生科技ETF发起式联接(QDII)C,指数型-海外股票,24.6,0.5y,价值平均法,-15.56,8.77,-1.426,33.3,-8.11,7.87,-5.25
513010,恒生科技ETF易方达,指数型-海外股票,295.53,0.5y,价值平均法,-15.79,8.97,-1.399,33.3,-8.23,7.98,-5.25
513260,恒生科技ETF汇添富,指数型-海外股票,68.39,0.5y,价值平均法,-15.77,8.96,-1.4,33.3,-8.22,7.96,-5.25
009860,易方达中证银行ETF联接(LOF)C,指数型-股票,6.93,0.5y,定期定额(周),-6.62,3.32,-1.882,16.0,-3.37,5.61,-5.26
012805,广发恒生科技ETF联接(QDII)C,指数型-海外股票,65.84,0.5y,价值平均法,-15.49,8.64,-1.436,33.3,-8.07,7.78,-5.26
162605,景顺长城鼎益混合(LOF)A,混合型-偏股,63.21,0.5y,定期定额(周),-7.78,2.9,-1.565,12.0,-3.97,7.07,-5.26
159740,恒生科技ETF大成,指数型-海外股票,184.16,0.5y,价值平均法,-15.8,8.94,-1.404,33.3,-8.24,7.94,-5.27
007751,景顺长城沪港深红利成长低波指数A,指数型-股票,25.08,0.5y,定期定额(周),-9.35,2.65,-1.75,28.0,-4.79,2.74,-5.28
159699,恒生消费ETF广发,指数型-海外股票,9.68,0.5y,价值平均法,-17.84,12.0,-1.625,50.0,-9.36,3.24,-5.28
159887,银行ETF富国,指数型-股票,12.45,0.5y,定期定额(周),-6.88,3.52,-1.87,16.0,-3.5,5.95,-5.28
161729,招商瑞利灵活配置混合(LOF)A,混合型-灵活,5.17,0.5y,定期定额(周),-20.0,6.65,-1.086,52.0,-10.56,-1.81,-5.3
515950,医药50ETF富国,指数型-股票,5.24,0.5y,定期定额(周),-12.62,3.63,-1.141,24.0,-6.52,2.63,-5.3
007760,景顺长城沪港深红利成长低波指数C,指数型-股票,11.41,0.5y,定期定额(周),-9.36,2.59,-1.754,28.0,-4.79,2.75,-5.31
021735,景顺长城沪港深红利成长低波指数E,指数型-股票,2.87,0.5y,定期定额(周),-9.36,2.61,-1.758,28.0,-4.8,2.76,-5.31
001594,天弘中证银行ETF联接A,指数型-股票,9.45,0.5y,定期定额(周),-6.77,3.33,-1.882,16.0,-3.44,5.61,-5.32
012571,建信恒生科技指数发起(QDII)C,指数型-海外股票,9.0,0.5y,价值平均法,-15.42,8.54,-1.463,33.3,-8.03,7.65,-5.32
160219,国泰国证医药卫生行业指数A,指数型-股票,6.22,0.5y,定期定额(周),-12.32,3.66,-1.23,24.0,-6.36,3.43,-5.32
513580,恒生科技ETF华安,指数型-海外股票,45.16,0.5y,价值平均法,-15.89,8.95,-1.414,33.3,-8.29,8.02,-5.32
003096,中欧医疗健康混合C,混合型-偏股,122.95,0.5y,定期定额(周),-14.76,5.06,-1.102,28.0,-7.68,3.77,-5.33
004814,中欧红利优享混合A,混合型-灵活,104.07,0.5y,定期定额(周),-18.63,4.37,-1.237,52.0,-9.79,-0.72,-5.34
012348,天弘恒生科技ETF联接A,指数型-海外股票,48.14,0.5y,价值平均法,-15.48,8.57,-1.475,33.3,-8.06,8.01,-5.34
159742,恒生科技ETF博时,指数型-海外股票,47.58,0.5y,价值平均法,-15.92,8.95,-1.416,33.3,-8.3,8.01,-5.34
004505,博时新兴消费主题混合A,混合型-偏股,2.32,0.5y,定期定额(周),-10.82,2.86,-1.566,28.0,-5.56,3.11,-5.35
015310,华泰柏瑞恒生科技ETF联接(QDII)A,指数型-海外股票,4.84,0.5y,价值平均法,-15.7,8.44,-1.435,33.3,-8.19,7.64,-5.36
021633,招商中证香港科技ETF发起式联接(QDII)A,指数型-海外股票,3.14,0.5y,价值平均法,-12.44,7.14,-1.19,16.7,-6.43,6.43,-5.36
513970,恒生消费ETF景顺,指数型-海外股票,25.84,0.5y,价值平均法,-17.91,11.97,-1.651,50.0,-9.4,3.38,-5.36
012349,天弘恒生科技ETF联接C,指数型-海外股票,97.71,0.5y,价值平均法,-15.54,8.57,-1.483,33.3,-8.1,8.05,-5.37
160517,博时中证银行ETF联接A,指数型-股票,5.67,0.5y,定期定额(周),-6.88,3.31,-1.876,16.0,-3.5,5.49,-5.37
001551,天弘中证医药100C,指数型-股票,6.55,0.5y,定期定额(周),-11.75,3.91,-1.18,20.0,-6.06,2.72,-5.39
008163,南方标普红利低波50ETF联接A,指数型-股票,105.25,0.5y,定期定额(周),-6.67,2.75,-1.838,16.0,-3.39,4.28,-5.39
013402,华夏恒生科技ETF发起式联接(QDII)A,指数型-海外股票,45.63,0.5y,价值平均法,-15.75,8.66,-1.445,33.3,-8.21,7.64,-5.39
240004,华宝动力组合混合A,混合型-偏股,9.47,0.5y,定期定额(周),-15.75,3.92,-1.443,44.0,-8.21,1.3,-5.39
513120,港股创新药ETF广发,指数型-海外股票,248.48,0.5y,定期定额(周),-17.43,5.99,-1.027,32.0,-9.13,6.62,-5.39
159850,恒生国企ETF华夏,指数型-海外股票,5.83,0.5y,定期定额(周),-10.31,3.11,-1.284,16.0,-5.3,4.81,-5.4
217021,招商优势企业混合A,混合型-偏股,11.45,0.5y,定期定额(周),-20.66,6.64,-1.011,52.0,-10.93,-2.16,-5.4
512820,银行ETF汇添富,指数型-股票,7.5,0.5y,定期定额(周),-7.12,3.51,-1.887,16.0,-3.63,5.96,-5.42
017881,工银精选回报混合A,混合型-偏股,5.51,0.5y,定期定额(周),-17.79,6.15,-1.422,48.0,-9.33,1.32,-5.43
513380,恒生科技ETF广发,指数型-海外股票,119.43,0.5y,价值平均法,-16.13,9.07,-1.426,33.3,-8.42,8.09,-5.43
019671,广发港股创新药ETF联接(QDII)C,指数型-海外股票,25.01,0.5y,定期定额(周),-16.36,5.71,-1.028,28.0,-8.55,6.3,-5.44
021634,招商中证香港科技ETF发起式联接(QDII)C,指数型-海外股票,7.36,0.5y,价值平均法,-12.57,7.16,-1.204,16.7,-6.49,6.5,-5.44
013403,华夏恒生科技ETF发起式联接(QDII)C,指数型-海外股票,57.3,0.5y,价值平均法,-15.85,8.67,-1.455,33.3,-8.27,7.7,-5.45
011136,广发盛兴混合A,混合型-偏股,11.78,0.5y,定期定额(周),-13.77,3.81,-1.477,36.0,-7.14,1.73,-5.46
512800,银行ETF华宝,指数型-股票,119.71,0.5y,定期定额(周),-7.17,3.47,-1.892,16.0,-3.65,5.92,-5.46
006113,汇添富创新医药混合A,混合型-偏股,74.25,0.5y,价值平均法,-18.58,10.6,-1.055,33.3,-9.76,6.6,-5.5
009225,天弘中证中美互联网(QDII)A,指数型-海外股票,2.55,0.5y,定期定额(周),-10.24,6.07,-1.507,16.0,-5.26,5.78,-5.51
019102,景顺长城恒生消费ETF联接(QDII)A,指数型-海外股票,2.07,0.5y,价值平均法,-17.69,11.42,-1.74,50.0,-9.27,3.41,-5.51
160631,鹏华中证银行指数(LOF)A,指数型-股票,3.7,0.5y,定期定额(周),-6.95,3.31,-1.938,16.0,-3.54,5.76,-5.52
017821,招商优势企业混合C,混合型-偏股,3.45,0.5y,定期定额(周),-20.9,6.65,-1.042,52.0,-11.06,-2.02,-5.55
005675,易方达恒生国企ETF联接C,指数型-海外股票,3.47,0.5y,定期定额(周),-10.21,3.01,-1.357,16.0,-5.24,4.81,-5.56
011826,汇添富健康生活一年持有混合A,混合型-偏股,5.2,0.5y,价值平均法,-18.9,11.15,-1.055,33.3,-9.94,6.98,-5.56
159750,港股科技50ETF招商,指数型-海外股票,16.68,0.5y,价值平均法,-13.11,7.63,-1.198,16.7,-6.79,7.0,-5.56
004815,中欧红利优享混合C,混合型-灵活,74.18,0.5y,定期定额(周),-18.96,4.38,-1.288,52.0,-9.98,-0.53,-5.57
019103,景顺长城恒生消费ETF联接(QDII)C,指数型-海外股票,2.67,0.5y,价值平均法,-17.79,11.44,-1.755,50.0,-9.33,3.47,-5.58
005453,前海开源医疗健康A,混合型-灵活,4.89,0.5y,定期定额(周),-14.62,5.82,-0.981,20.0,-7.6,4.85,-5.59
513130,恒生科技ETF华泰柏瑞,指数型-海外股票,476.24,0.5y,价值平均法,-16.46,8.82,-1.442,33.3,-8.6,8.19,-5.59
005454,前海开源医疗健康C,混合型-灵活,4.44,0.5y,定期定额(周),-14.64,5.82,-0.984,20.0,-7.61,4.87,-5.6
014028,招商中证银行指数C,指数型-股票,2.25,0.5y,定期定额(周),-6.58,3.32,-1.882,12.0,-3.35,5.65,-5.64
159747,香港科技ETF南方,指数型-海外股票,4.92,0.5y,价值平均法,-13.29,7.7,-1.211,16.7,-6.88,7.13,-5.64
450002,国富弹性市值混合A,混合型-偏股,17.91,0.5y,定期定额(周),-10.53,5.14,-1.634,20.0,-5.41,5.36,-5.64
513180,恒生科技ETF华夏,指数型-海外股票,497.97,0.5y,价值平均法,-16.61,9.13,-1.444,33.3,-8.68,8.06,-5.65
159993,证券ETF鹏华,指数型-股票,37.65,0.5y,价值平均法,-15.56,10.96,-1.534,33.3,-8.11,5.63,-5.67
512120,医药ETF华安,指数型-股票,3.68,0.5y,定期定额(周),-13.64,4.54,-1.215,24.0,-7.07,3.22,-5.69
004855,广发中证全指汽车指数C,指数型-股票,5.72,0.5y,定期定额(周),-14.56,4.12,-1.476,36.0,-7.57,1.52,-5.74
159954,恒生中国企业ETF南方,指数型-股票,2.46,0.5y,定期定额(周),-11.65,3.38,-1.408,20.0,-6.01,4.99,-5.79
001595,天弘中证银行ETF联接C,指数型-股票,36.85,0.5y,定期定额(周),-6.86,3.33,-1.9,12.0,-3.49,5.65,-5.8
001180,广发医药卫生联接A,指数型-股票,19.66,0.5y,定期定额(周),-13.03,3.66,-1.324,24.0,-6.74,3.37,-5.84
014917,汇丰晋信时代先锋混合A,混合型-偏股,4.12,0.5y,价值平均法,-19.18,13.93,-1.157,33.3,-10.1,7.15,-5.84
001927,华夏消费升级灵活配置混合A,混合型-灵活,3.5,0.5y,定期定额(周),-9.81,2.37,-1.596,20.0,-5.03,3.47,-5.9
002978,广发医药卫生联接C,指数型-股票,2.82,0.5y,定期定额(周),-13.13,3.66,-1.337,24.0,-6.8,3.41,-5.91
159938,医药ETF广发,指数型-股票,52.07,0.5y,定期定额(周),-13.66,3.85,-1.308,24.0,-7.08,3.54,-6.01
004854,广发中证全指汽车指数A,指数型-股票,5.16,0.5y,定期定额(周),-14.47,4.11,-1.461,32.0,-7.52,1.47,-6.07
007548,易方达ESG责任投资股票,股票型,2.3,0.5y,定期定额(周),-13.73,3.62,-1.754,36.0,-7.12,2.63,-6.08
021031,汇添富国证港股通创新药ETF发起式联接C,指数型-股票,34.32,0.5y,价值平均法,-19.32,11.4,-1.241,33.3,-10.18,7.65,-6.11
515850,证券ETF富国,指数型-股票,3.33,0.5y,价值平均法,-16.22,10.67,-1.609,33.3,-8.47,5.52,-6.12
513560,香港科技ETF兴银,指数型-股票,8.68,0.5y,价值平均法,-14.01,7.26,-1.314,16.7,-7.27,7.55,-6.15
022522,中欧农业产业混合发起C,混合型-偏股,9.62,0.5y,价值平均法,-26.62,12.29,-1.135,66.7,-14.34,-2.69,-6.19
159751,港股通科技ETF鹏华,指数型-股票,11.29,0.5y,价值平均法,-14.07,7.22,-1.315,16.7,-7.3,7.43,-6.19
159929,医药ETF汇添富,指数型-股票,23.93,0.5y,定期定额(周),-13.96,3.98,-1.334,24.0,-7.24,3.33,-6.19
011278,华夏内需驱动混合A,混合型-偏股,9.37,0.5y,定期定额(周),-16.49,3.32,-1.622,44.0,-8.62,2.22,-6.2
000991,工银战略转型股票A,股票型,12.43,0.5y,定期定额(周),-17.17,4.58,-1.357,36.0,-8.99,3.37,-6.21
016495,景顺长城中证港股通科技ETF发起联接A,指数型-股票,4.11,0.5y,价值平均法,-13.88,7.08,-1.348,16.7,-7.2,7.27,-6.22
019916,富国医药创新股票A,股票型,11.12,0.5y,定期定额(周),-17.15,6.0,-1.104,24.0,-8.98,6.93,-6.24
015740,国泰中证港股通科技ETF发起联接C,指数型-股票,9.1,0.5y,价值平均法,-14.0,7.13,-1.355,16.7,-7.26,7.27,-6.28
513020,港股科技ETF国泰,指数型-股票,43.26,0.5y,价值平均法,-14.38,7.38,-1.322,16.7,-7.47,7.64,-6.29
513280,恒生生物科技ETF汇添富,指数型-海外股票,4.72,0.5y,定期定额(周),-19.98,6.06,-1.16,36.0,-10.54,6.6,-6.29
016496,景顺长城中证港股通科技ETF发起联接C,指数型-股票,11.81,0.5y,价值平均法,-14.05,7.1,-1.365,16.7,-7.29,7.36,-6.32
513860,港股通科技ETF海富通,指数型-股票,35.64,0.5y,价值平均法,-14.48,7.42,-1.321,16.7,-7.52,7.67,-6.32
009661,平安研究睿选混合A,混合型-偏股,7.69,0.5y,价值平均法,-19.23,12.98,-1.376,33.3,-10.13,8.1,-6.33
513980,港股科技ETF景顺,指数型-股票,187.47,0.5y,价值平均法,-14.42,7.35,-1.333,16.7,-7.49,7.73,-6.33
005801,工银印度基金美元,QDII-混合偏股,22.09,0.5y,定期定额(周),-10.79,3.55,-1.833,20.0,-5.55,6.3,-6.34
002408,中信建投医改混合A,混合型-灵活,4.51,0.5y,价值平均法,-19.64,10.91,-1.263,33.3,-10.35,6.99,-6.36
159892,恒生医药ETF华夏,指数型-海外股票,59.99,0.5y,定期定额(周),-20.16,6.08,-1.169,36.0,-10.65,6.67,-6.37
400032,东方主题精选混合,混合型-灵活,5.03,0.5y,价值平均法,-18.42,11.94,-1.317,33.3,-9.68,3.33,-6.38
016502,永赢新兴消费智选混合发起A,混合型-偏股,2.37,0.5y,定期定额(周),-19.4,4.58,-1.245,44.0,-10.22,-0.38,-6.39
515010,证券ETF华夏,指数型-股票,16.72,0.5y,价值平均法,-16.69,10.72,-1.654,33.3,-8.73,5.64,-6.39
515210,钢铁ETF国泰,指数型-股票,31.98,0.5y,价值平均法,-20.01,18.09,-1.092,33.3,-10.56,2.28,-6.4
007553,中信建投医改混合C,混合型-灵活,4.25,0.5y,价值平均法,-19.79,10.93,-1.277,33.3,-10.44,7.07,-6.44
159615,恒生生物科技ETF南方,指数型-海外股票,6.16,0.5y,定期定额(周),-20.25,6.07,-1.182,36.0,-10.69,6.73,-6.44
020111,富国恒生港股通创新药及医疗保健ETF发起式联接C,指数型-股票,5.96,0.5y,定期定额(周),-19.69,6.33,-1.122,32.0,-10.38,6.45,-6.47
159570,港股通创新药ETF汇添富,指数型-股票,242.13,0.5y,价值平均法,-20.5,12.09,-1.24,33.3,-10.84,8.16,-6.47
016503,永赢新兴消费智选混合发起C,混合型-偏股,8.46,0.5y,定期定额(周),-19.55,4.59,-1.268,44.0,-10.31,-0.3,-6.5
520500,恒生创新药ETF华泰柏瑞,指数型-海外股票,21.4,0.5y,价值平均法,-20.88,12.22,-1.216,33.3,-11.05,8.56,-6.5
159567,港股创新药ETF银华,指数型-股票,76.01,0.5y,价值平均法,-20.59,12.06,-1.249,33.3,-10.89,8.19,-6.52
018410,中欧价值回报混合C,混合型-偏股,21.45,0.5y,定期定额(周),-20.02,3.82,-1.469,52.0,-10.57,-0.21,-6.55
001552,天弘中证证券保险A,指数型-股票,7.57,0.5y,定期定额(周),-18.93,4.97,-1.558,44.0,-9.96,3.24,-6.56
020988,南方恒生科技ETF发起联接(QDII)A,指数型-海外股票,6.48,0.5y,价值平均法,-14.71,8.33,-1.402,16.7,-7.65,7.68,-6.57
560090,证券ETF汇添富,指数型-股票,30.73,0.5y,价值平均法,-16.95,10.73,-1.689,33.3,-8.87,5.72,-6.57
001553,天弘中证证券保险C,指数型-股票,17.19,0.5y,定期定额(周),-19.0,4.97,-1.567,44.0,-10.0,3.28,-6.6
512900,证券ETF南方,指数型-股票,64.04,0.5y,价值平均法,-17.07,10.85,-1.69,33.3,-8.94,5.76,-6.61
012724,国泰中证畜牧养殖ETF联接A,指数型-股票,3.75,0.5y,价值平均法,-17.58,10.24,-1.504,33.3,-9.21,3.11,-6.62
019778,鹏扬消费量化选股混合C,混合型-偏股,4.3,0.5y,定期定额(周),-16.15,3.76,-1.734,40.0,-8.43,2.26,-6.62
016843,嘉实中证全指证券公司ETF发起联接C,指数型-股票,2.23,0.5y,定期定额(周),-15.76,4.43,-1.67,32.0,-8.22,5.44,-6.66
001469,广发中证全指金融地产联接A,指数型-股票,3.55,0.5y,定期定额(周),-12.62,3.0,-2.016,32.0,-6.52,4.25,-6.67
160716,嘉实基本面50指数(LOF)A,指数型-股票,7.94,0.5y,定期定额(周),-10.37,2.38,-2.15,28.0,-5.33,3.96,-6.68
012725,国泰中证畜牧养殖ETF联接C,指数型-股票,7.66,0.5y,价值平均法,-17.71,10.25,-1.52,33.3,-9.28,3.17,-6.7
016970,华夏恒生生物科技ETF发起式联接(QDII)A,指数型-海外股票,4.75,0.5y,定期定额(周),-19.56,5.85,-1.222,32.0,-10.31,6.7,-6.7
160625,鹏华中证800证券保险指数(LOF)A,指数型-股票,14.93,0.5y,定期定额(周),-19.11,4.96,-1.597,44.0,-10.06,3.38,-6.71
007992,华夏中证全指证券公司ETF联接A,指数型-股票,3.36,0.5y,定期定额(周),-15.9,4.44,-1.671,32.0,-8.29,5.39,-6.72
018409,中欧价值回报混合A,混合型-偏股,25.75,0.5y,定期定额(周),-19.71,3.82,-1.418,48.0,-10.39,-0.39,-6.72
012729,国泰中证动漫游戏ETF联接C,指数型-股票,6.67,0.5y,定期定额(周),-23.99,5.36,-0.611,44.0,-12.81,-3.27,-6.75
013128,汇添富恒生科技ETF联接发起式(QDII)C,指数型-海外股票,21.66,0.5y,价值平均法,-15.06,8.46,-1.419,16.7,-7.84,7.56,-6.75
020398,中银港股通医药混合发起C,混合型-偏股,12.31,0.5y,价值平均法,-18.33,12.77,-0.946,16.7,-9.63,6.51,-6.75
159940,金融地产ETF广发,指数型-股票,5.59,0.5y,定期定额(周),-13.18,3.16,-1.978,32.0,-6.82,4.37,-6.76
016971,华夏恒生生物科技ETF发起式联接(QDII)C,指数型-海外股票,14.17,0.5y,定期定额(周),-19.68,5.85,-1.232,32.0,-10.38,6.75,-6.77
019917,富国医药创新股票C,股票型,37.36,0.5y,定期定额(周),-17.39,6.0,-1.124,20.0,-9.11,7.05,-6.77
159506,港股通医疗ETF富国,指数型-股票,30.04,0.5y,定期定额(周),-20.6,6.55,-1.119,32.0,-10.89,6.61,-6.78
015693,鹏华中证800证券保险指数(LOF)C,指数型-股票,2.8,0.5y,定期定额(周),-19.23,4.97,-1.611,44.0,-10.13,3.45,-6.79
501016,国泰中证申万证券行业指数(LOF)A,指数型-股票,10.74,0.5y,定期定额(周),-16.02,4.43,-1.676,32.0,-8.36,5.33,-6.79
007993,华夏中证全指证券公司ETF联接C,指数型-股票,3.19,0.5y,定期定额(周),-16.02,4.44,-1.686,32.0,-8.36,5.45,-6.8
010815,农银新兴消费股票,股票型,11.65,0.5y,定期定额(周),-11.03,4.1,-1.734,16.0,-5.67,3.29,-6.8
012768,华夏中证动漫游戏ETF发起式联接A,指数型-股票,9.32,0.5y,定期定额(周),-24.16,5.39,-0.61,44.0,-12.91,-3.31,-6.81
160419,华安中证全指证券公司ETF联接A,指数型-股票,2.17,0.5y,定期定额(周),-15.96,4.36,-1.7,32.0,-8.33,5.34,-6.83
160516,博时证券公司ETF联接A,指数型-股票,4.54,0.5y,定期定额(周),-15.86,4.38,-1.743,32.0,-8.27,5.74,-6.86
012590,易方达中证全指证券公司ETF联接A,指数型-股票,2.88,0.5y,定期定额(周),-16.16,4.45,-1.692,32.0,-8.44,5.39,-6.87
012769,华夏中证动漫游戏ETF发起式联接C,指数型-股票,17.59,0.5y,定期定额(周),-24.27,5.39,-0.62,44.0,-12.98,-3.23,-6.87
012570,建信恒生科技指数发起(QDII)A,指数型-海外股票,12.51,0.5y,价值平均法,-15.29,8.52,-1.444,16.7,-7.96,7.55,-6.9
010387,易方达医药生物股票A,股票型,19.96,0.5y,价值平均法,-21.25,11.53,-1.261,33.3,-11.26,7.2,-6.91
012874,易方达中证全指证券公司指数(LOF)C,指数型-股票,4.06,0.5y,定期定额(周),-16.25,4.47,-1.698,32.0,-8.48,5.48,-6.91
516770,游戏ETF华泰柏瑞,指数型-股票,3.11,0.5y,定期定额(周),-24.72,5.66,-0.569,44.0,-13.23,-3.6,-6.91
004069,南方中证全指证券公司ETF联接A,指数型-股票,11.24,0.5y,定期定额(周),-16.27,4.47,-1.701,32.0,-8.5,5.51,-6.92
161027,富国中证全指证券公司指数(LOF)A,指数型-股票,11.57,0.5y,定期定额(周),-16.2,4.49,-1.716,32.0,-8.46,5.54,-6.93
012363,国泰中证全指证券公司ETF联接C,指数型-股票,6.56,0.5y,定期定额(周),-16.2,4.39,-1.712,32.0,-8.46,5.48,-6.94
163113,申万菱信中证申万证券行业指数(LOF)A,指数型-股票,12.56,0.5y,定期定额(周),-16.16,4.39,-1.719,32.0,-8.44,5.51,-6.94
501047,汇添富中证全指证券公司ETF联接(LOF)A,指数型-股票,3.66,0.5y,定期定额(周),-16.2,4.43,-1.714,32.0,-8.46,5.46,-6.94
161720,招商中证全指证券公司指数(LOF)A,指数型-股票,13.67,0.5y,定期定额(周),-16.22,4.44,-1.716,32.0,-8.47,5.52,-6.95
515630,证券保险ETF鹏华,指数型-股票,8.26,0.5y,定期定额(周),-19.91,5.19,-1.587,44.0,-10.5,3.51,-6.95
160633,鹏华中证全指证券公司指数(LOF)A,指数型-股票,12.34,0.5y,定期定额(周),-16.27,4.44,-1.72,32.0,-8.5,5.57,-6.97
006098,华宝券商ETF联接A,指数型-股票,10.17,0.5y,定期定额(周),-16.34,4.44,-1.718,32.0,-8.53,5.52,-7.0
008590,天弘中证全指证券公司ETF联接A,指数型-股票,3.45,0.5y,定期定额(周),-16.32,4.45,-1.725,32.0,-8.52,5.62,-7.0
012044,鹏华中证全指证券公司指数(LOF)C,指数型-股票,4.26,0.5y,定期定额(周),-16.31,4.44,-1.725,32.0,-8.52,5.59,-7.0
070011,嘉实策略混合,混合型-灵活,18.44,0.5y,定期定额(周),-14.35,4.33,-1.631,24.0,-7.45,3.64,-7.0
501048,汇添富中证全指证券公司ETF联接(LOF)C,指数型-股票,5.6,0.5y,定期定额(周),-16.29,4.44,-1.728,32.0,-8.51,5.52,-7.0
512570,证券ETF易方达,指数型-股票,23.55,0.5y,定期定额(周),-16.83,4.69,-1.661,32.0,-8.8,5.61,-7.0
004070,南方中证全指证券公司ETF联接C,指数型-股票,48.02,0.5y,定期定额(周),-16.44,4.47,-1.723,32.0,-8.59,5.59,-7.04
159842,券商ETF银华,指数型-股票,99.73,0.5y,定期定额(周),-16.83,4.66,-1.678,32.0,-8.8,5.64,-7.04
006105,宏利印度股票(QDII)A,QDII-普通股票,15.87,0.5y,价值平均法,-10.57,10.33,-2.262,16.7,-5.43,8.37,-7.05
010041,嘉实港股优势混合A,混合型-偏股,21.92,0.5y,定期定额(周),-19.32,4.71,-1.484,40.0,-10.18,2.4,-7.05
022680,华泰柏瑞恒生科技ETF联接(QDII)I,指数型-海外股票,3.34,0.5y,价值平均法,-15.75,8.44,-1.44,16.7,-8.21,7.66,-7.05
013276,富国中证全指证券公司指数(LOF)C,指数型-股票,2.85,0.5y,定期定额(周),-16.37,4.44,-1.743,32.0,-8.55,5.57,-7.07
015311,华泰柏瑞恒生科技ETF联接(QDII)C,指数型-海外股票,37.79,0.5y,价值平均法,-15.83,8.45,-1.448,16.7,-8.26,7.7,-7.1
159865,养殖ETF国泰,指数型-股票,47.41,0.5y,价值平均法,-18.97,10.86,-1.512,33.3,-9.98,3.39,-7.1
006252,永赢消费主题A,混合型-灵活,3.14,0.5y,定期定额(周),-21.09,4.44,-1.578,52.0,-11.17,-0.33,-7.11
007531,华宝券商ETF联接C,指数型-股票,29.39,0.5y,定期定额(周),-16.5,4.45,-1.74,32.0,-8.62,5.61,-7.11
159867,养殖ETF鹏华,指数型-股票,8.34,0.5y,价值平均法,-18.77,10.74,-1.567,33.3,-9.87,3.8,-7.13
022481,国泰中证动漫游戏ETF联接E,指数型-股票,2.19,0.5y,定期定额(周),-23.99,5.36,-0.61,40.0,-12.82,-3.28,-7.14
516200,证券ETF华安,指数型-股票,3.49,0.5y,定期定额(周),-16.97,4.67,-1.696,32.0,-8.88,5.69,-7.14
512880,证券ETF国泰,指数型-股票,516.27,0.5y,定期定额(周),-17.09,4.71,-1.69,32.0,-8.94,5.71,-7.16
516010,游戏ETF国泰,指数型-股票,22.83,0.5y,定期定额(周),-25.26,5.7,-0.598,44.0,-13.55,-3.42,-7.16
006253,永赢消费主题C,混合型-灵活,4.17,0.5y,定期定额(周),-21.17,4.44,-1.591,52.0,-11.21,-0.29,-7.17
512000,券商ETF华宝,指数型-股票,350.1,0.5y,定期定额(周),-17.09,4.69,-1.695,32.0,-8.95,5.72,-7.18
159869,游戏ETF华夏,指数型-股票,85.78,0.5y,定期定额(周),-25.39,5.71,-0.604,44.0,-13.62,-3.38,-7.22
513700,港股通医药ETF鹏华,指数型-股票,7.17,0.5y,定期定额(周),-20.29,5.78,-1.346,32.0,-10.72,7.27,-7.24
501071,泓德丰泽混合(LOF)A,混合型-偏股,2.31,0.5y,定期定额(周),-15.8,4.14,-2.058,40.0,-8.24,1.75,-7.26
010042,嘉实港股优势混合C,混合型-偏股,3.08,0.5y,定期定额(周),-19.64,4.71,-1.527,40.0,-10.36,2.57,-7.27
513200,港股通医药ETF易方达,指数型-股票,15.33,0.5y,定期定额(周),-20.54,5.85,-1.322,32.0,-10.86,7.27,-7.27
012700,易方达中证全指证券公司ETF联接C,指数型-股票,11.59,0.5y,定期定额(周),-16.2,4.44,-1.697,28.0,-8.46,5.41,-7.3
013293,长城健康消费混合A,混合型-偏股,2.07,0.5y,定期定额(周),-16.4,3.91,-1.737,32.0,-8.57,4.17,-7.31
159856,互联网龙头ETF工银,指数型-股票,2.26,0.5y,价值平均法,-24.68,11.01,-1.514,50.0,-13.21,5.43,-7.33
009983,永赢港股通品质生活慧选混合A,混合型-偏股,5.73,0.5y,定期定额(周),-18.42,5.63,-1.471,32.0,-9.68,2.29,-7.35
013597,招商中证全指证券公司指数(LOF)C,指数型-股票,3.7,0.5y,定期定额(周),-16.26,4.43,-1.722,28.0,-8.49,5.55,-7.37
159718,港股医药ETF平安,指数型-股票,2.05,0.5y,定期定额(周),-20.63,5.93,-1.36,32.0,-10.91,7.49,-7.37
008591,天弘中证全指证券公司ETF联接C,指数型-股票,25.77,0.5y,定期定额(周),-16.41,4.45,-1.737,28.0,-8.57,5.66,-7.46
022590,中信保诚幸福消费混合C,混合型-偏股,2.36,0.5y,定期定额(周),-19.34,4.6,-1.48,36.0,-10.19,2.35,-7.47
020021,国泰金融ETF联接A,指数型-股票,2.47,0.5y,定期定额(周),-13.83,3.34,-2.181,32.0,-7.17,4.29,-7.49
021918,永赢港股通品质生活慧选混合C,混合型-偏股,2.4,0.5y,定期定额(周),-18.67,5.65,-1.504,32.0,-9.82,2.43,-7.51
513360,教育ETF博时,指数型-海外股票,2.98,0.5y,定期定额(周),-22.05,4.65,-1.199,40.0,-11.71,1.41,-7.52
513070,港股通消费ETF易方达,指数型-股票,19.84,0.5y,价值平均法,-21.42,11.67,-2.061,50.0,-11.35,4.83,-7.53
513230,港股通消费ETF华夏,指数型-股票,4.65,0.5y,价值平均法,-21.5,11.7,-2.035,50.0,-11.4,4.49,-7.53
018558,易方达港股通医药ETF联接C,指数型-股票,2.11,0.5y,定期定额(周),-19.83,5.57,-1.356,28.0,-10.46,7.06,-7.54
005888,华夏新兴消费混合A,混合型-偏股,3.26,0.5y,定期定额(周),-16.55,3.68,-1.956,36.0,-8.65,4.35,-7.55
000950,易方达证券保险ETF联接A,指数型-股票,12.79,0.5y,定期定额(周),-20.68,5.35,-1.526,40.0,-10.94,2.37,-7.59
013133,创金合信文娱媒体股票发起C,股票型,3.06,0.5y,价值平均法,-17.18,7.17,-1.93,33.3,-8.99,3.96,-7.59
011583,大成港股精选混合(QDII)A,QDII-混合偏股,6.1,0.5y,定期定额(周),-24.89,6.46,-1.18,48.0,-13.34,0.3,-7.6
007882,易方达证券保险ETF联接C,指数型-股票,12.45,0.5y,定期定额(周),-20.71,5.34,-1.531,40.0,-10.96,2.4,-7.61
159692,证券ETF东财,指数型-股票,10.83,0.5y,价值平均法,-16.05,10.97,-1.567,16.7,-8.37,5.4,-7.62
011282,华夏消费龙头混合A,混合型-偏股,7.3,0.5y,定期定额(周),-11.3,2.71,-1.757,12.0,-5.82,3.49,-7.63
000124,华宝服务优选混合,混合型-偏股,4.33,0.5y,定期定额(周),-21.69,5.18,-1.581,44.0,-11.5,3.39,-7.64
159735,港股消费ETF银华,指数型-股票,7.7,0.5y,价值平均法,-21.39,11.56,-2.123,50.0,-11.34,5.07,-7.66
005241,中欧时代智慧混合A,混合型-偏股,2.37,0.5y,定期定额(周),-13.61,3.73,-1.699,16.0,-7.06,4.71,-7.67
011275,交银成长动力一年持有混合A,混合型-偏股,9.87,0.5y,定期定额(周),-16.29,4.33,-1.929,28.0,-8.51,7.73,-7.7
021030,汇添富国证港股通创新药ETF发起式联接A,指数型-股票,11.18,0.5y,价值平均法,-19.24,11.39,-1.234,16.7,-10.14,7.62,-7.72
001344,易方达医药ETF联接A,指数型-股票,5.08,0.5y,定期定额(周),-15.66,3.94,-1.537,20.0,-8.16,3.93,-7.73
011584,大成港股精选混合(QDII)C,QDII-混合偏股,7.64,0.5y,定期定额(周),-25.09,6.46,-1.204,48.0,-13.45,0.43,-7.73
012228,景顺长城港股通全球竞争力C,混合型-偏股,6.84,0.5y,定期定额(周),-18.89,3.5,-1.829,44.0,-9.94,1.31,-7.73
510230,金融ETF国泰,指数型-股票,42.28,0.5y,定期定额(周),-14.29,3.54,-2.061,28.0,-7.42,4.23,-7.74
006408,汇添富消费升级混合A,混合型-偏股,18.67,0.5y,定期定额(周),-17.54,3.93,-1.881,36.0,-9.19,3.82,-7.75
167301,方正富邦中证保险A,指数型-股票,16.69,0.5y,定期定额(周),-24.37,5.69,-1.24,48.0,-13.03,-0.79,-7.76
002387,工银沪港深股票A,股票型,6.07,0.5y,定期定额(周),-18.21,4.68,-1.648,28.0,-9.56,6.42,-7.83
011333,鹏华品质优选混合A,混合型-偏股,23.15,0.5y,定期定额(周),-13.29,2.28,-1.875,24.0,-6.88,2.75,-7.83
512070,证券保险ETF易方达,指数型-股票,150.8,0.5y,定期定额(周),-21.76,5.66,-1.503,40.0,-11.54,2.41,-7.9
012227,景顺长城港股通全球竞争力A,混合型-偏股,5.55,0.5y,定期定额(周),-18.74,3.49,-1.802,40.0,-9.85,1.22,-8.01
010536,泰康优势企业混合A,混合型-偏股,4.25,0.5y,定期定额(周),-15.77,4.14,-2.149,32.0,-8.22,3.82,-8.07
010196,易方达核心优势股票A,股票型,25.22,0.5y,定期定额(周),-15.63,3.27,-2.1,32.0,-8.15,3.71,-8.1
007883,易方达医药ETF联接C,指数型-股票,7.87,0.5y,定期定额(周),-15.71,3.93,-1.542,16.0,-8.19,3.95,-8.16
001714,工银文体产业股票A,股票型,29.64,0.5y,定期定额(周),-15.59,3.05,-1.803,24.0,-8.12,4.19,-8.17
011893,易方达长期价值混合A,混合型-偏股,4.69,0.5y,定期定额(周),-14.2,3.5,-2.114,24.0,-7.37,4.41,-8.22
513730,东南亚科技ETF华泰柏瑞,指数型-海外股票,10.34,0.5y,定期定额(周),-15.98,5.37,-1.906,20.0,-8.34,7.21,-8.23
010197,易方达核心优势股票C,股票型,5.29,0.5y,定期定额(周),-15.81,3.27,-2.129,32.0,-8.24,3.8,-8.24
018099,方正富邦中证保险C,指数型-股票,13.63,0.5y,定期定额(周),-24.56,5.67,-1.266,44.0,-13.15,-0.7,-8.3
020516,华泰柏瑞东南亚科技ETF发起式联接(QDII)C,指数型-海外股票,2.04,0.5y,定期定额(周),-15.43,4.99,-1.995,20.0,-8.04,7.03,-8.3
510150,消费ETF招商,指数型-股票,16.83,0.5y,定期定额(周),-15.46,3.12,-1.874,24.0,-8.05,3.91,-8.3
015187,汇添富消费升级混合C,混合型-偏股,2.14,0.5y,定期定额(周),-17.79,3.94,-1.92,32.0,-9.33,3.95,-8.34
019937,华安恒生互联网科技业ETF发起式联接(QDII)C,指数型-海外股票,2.34,0.5y,价值平均法,-22.21,10.5,-1.734,33.3,-11.8,8.2,-8.38
512010,医药ETF易方达,指数型-股票,172.15,0.5y,定期定额(周),-16.54,4.14,-1.532,16.0,-8.65,4.14,-8.4
510630,消费ETF华夏,指数型-股票,4.31,0.5y,定期定额(周),-16.35,3.6,-1.913,24.0,-8.54,4.61,-8.55
014424,博时恒生医疗保健ETF发起式联接(QDII)A,指数型-海外股票,5.93,0.5y,定期定额(周),-21.59,5.44,-1.494,28.0,-11.45,7.24,-8.56
516820,医疗创新ETF平安,指数型-股票,17.7,0.5y,定期定额(周),-17.68,3.63,-1.649,24.0,-9.27,2.81,-8.6
009162,富国医药成长30股票A,股票型,3.94,0.5y,定期定额(周),-18.53,5.91,-1.518,12.0,-9.74,10.44,-8.66
260104,景顺长城内需增长混合A,混合型-偏股,14.3,0.5y,定期定额(周),-13.89,2.96,-1.974,16.0,-7.21,4.78,-8.66
013171,华夏恒生互联网科技业ETF联接(QDII)A,指数型-海外股票,14.06,0.5y,价值平均法,-23.0,10.68,-1.734,33.3,-12.25,8.12,-8.67
159688,恒生互联网ETF华安,指数型-海外股票,13.48,0.5y,价值平均法,-23.42,11.16,-1.711,33.3,-12.49,8.59,-8.71
159636,港股通科技30ETF工银,指数型-股票,296.63,0.5y,定期定额(周),-25.96,49.84,-1.957,8.0,-13.96,45.59,-8.72
004317,前海开源沪港深裕鑫C,混合型-灵活,3.48,0.5y,定期定额(周),-21.32,6.45,-1.695,32.0,-11.3,4.32,-8.73
011924,嘉实港股互联网产业核心资产A,混合型-偏股,11.05,0.5y,定期定额(周),-22.24,5.76,-1.614,32.0,-11.82,6.6,-8.73
501090,华宝中证消费龙头ETF联接A,指数型-股票,7.41,0.5y,定期定额(周),-14.52,2.68,-2.121,24.0,-7.54,3.31,-8.74
013172,华夏恒生互联网科技业ETF联接(QDII)C,指数型-海外股票,24.38,0.5y,价值平均法,-23.12,10.69,-1.748,33.3,-12.32,8.17,-8.75
010143,交银施罗德启欣混合,混合型-偏股,11.47,0.5y,定期定额(周),-17.22,4.43,-2.081,24.0,-9.01,8.45,-8.76
019933,工银国证港股通科技ETF发起式联接A,指数型-股票,11.96,0.5y,价值平均法,-19.04,7.99,-1.639,16.7,-10.02,8.09,-8.76
019934,工银国证港股通科技ETF发起式联接C,指数型-股票,5.13,0.5y,价值平均法,-19.08,7.98,-1.644,16.7,-10.04,8.11,-8.78
007291,汇丰晋信港股通双核策略混合,混合型-偏股,20.11,0.5y,价值平均法,-26.68,15.31,-1.822,50.0,-14.37,4.11,-8.83
513060,恒生医疗ETF博时,指数型-海外股票,62.84,0.5y,定期定额(周),-22.59,5.71,-1.479,28.0,-12.02,7.52,-8.84
159822,新经济ETF银华,指数型-海外股票,2.35,0.5y,定期定额(周),-17.96,3.66,-1.82,24.0,-9.42,5.36,-8.88
010715,财通资管消费升级一年持有A,混合型-偏股,3.36,0.5y,定期定额(周),-19.08,4.3,-2.034,32.0,-10.04,5.28,-8.92
018524,华泰紫金恒生互联网科技业指数型发起基金(QDII)C,指数型-海外股票,2.29,0.5y,价值平均法,-23.37,10.59,-1.795,33.3,-12.46,8.52,-8.93
519915,富国消费主题混合A,混合型-偏股,24.64,0.5y,定期定额(周),-14.44,3.56,-2.457,24.0,-7.5,6.82,-8.93
009542,银华富利精选混合A,混合型-偏股,11.98,0.5y,定期定额(周),-17.65,4.7,-1.808,20.0,-9.25,4.75,-8.97
022691,华安医药生物股票发起式C,股票型,2.53,0.5y,定期定额(周),-21.51,5.8,-1.46,20.0,-11.41,9.4,-8.98
014425,博时恒生医疗保健ETF发起式联接(QDII)C,指数型-海外股票,6.96,0.5y,定期定额(周),-21.66,5.44,-1.501,24.0,-11.49,7.28,-9.0
013132,创金合信文娱媒体股票发起A,股票型,3.05,0.5y,价值平均法,-16.94,7.15,-1.873,16.7,-8.86,3.75,-9.04
011418,汇添富消费精选两年持有股票A,股票型,21.64,0.5y,定期定额(周),-15.86,3.74,-2.049,20.0,-8.27,4.48,-9.07
164824,工银印度基金人民币,QDII-混合偏股,22.09,0.5y,定期定额(周),-13.74,3.6,-2.364,16.0,-7.13,7.88,-9.09
160627,鹏华策略优选灵活配置混合,混合型-灵活,2.78,0.5y,定期定额(周),-15.02,2.55,-2.01,20.0,-7.82,3.21,-9.14
011309,富国消费主题混合C,混合型-偏股,8.18,0.5y,定期定额(周),-14.74,3.52,-2.498,24.0,-7.67,6.94,-9.15
015288,永赢优质生活混合C,混合型-偏股,3.06,0.5y,定期定额(周),-16.74,3.54,-1.957,20.0,-8.75,4.98,-9.2
008928,宏利消费红利指数A,指数型-股票,6.54,0.5y,定期定额(周),-16.63,4.06,-2.183,24.0,-8.69,4.63,-9.23
011925,嘉实港股互联网产业核心资产C,混合型-偏股,8.68,0.5y,定期定额(周),-22.43,5.76,-1.634,28.0,-11.92,6.7,-9.24
011847,易方达商业模式优选混合A,混合型-偏股,6.84,0.5y,定期定额(周),-16.07,3.54,-2.236,24.0,-8.39,4.39,-9.28
022690,华安医药生物股票发起式A,股票型,8.15,0.5y,定期定额(周),-21.34,5.8,-1.445,16.0,-11.31,9.32,-9.29
008929,宏利消费红利指数C,指数型-股票,3.72,0.5y,定期定额(周),-16.73,4.06,-2.202,24.0,-8.75,4.68,-9.32
512700,银行ETF南方,指数型-股票,10.89,0.5y,定期定额(周),-10.64,3.51,-2.573,4.0,-5.47,9.62,-9.4
012449,广发睿毅领先混合C,混合型-偏股,4.08,0.5y,定期定额(周),-25.95,5.68,-1.792,44.0,-13.94,5.68,-9.51
012057,鹏华品质成长混合A,混合型-偏股,3.3,0.5y,定期定额(周),-15.49,2.47,-2.126,20.0,-8.07,4.25,-9.57
516130,消费龙头ETF华宝,指数型-股票,10.32,0.5y,定期定额(周),-16.14,2.81,-2.277,24.0,-8.43,3.92,-9.7
510081,长盛动态精选混合,混合型-灵活,2.11,0.5y,定期定额(周),-21.34,3.61,-2.166,40.0,-11.31,2.87,-9.78
513220,中概互联ETF招商,指数型-海外股票,6.93,0.5y,价值平均法,-23.59,9.94,-2.147,33.3,-12.59,9.82,-9.79
004868,交银股息优化混合,混合型-偏股,2.0,0.5y,定期定额(周),-16.11,3.01,-2.065,16.0,-8.41,4.59,-9.81
005233,广发睿毅领先混合A,混合型-偏股,9.44,0.5y,定期定额(周),-25.81,5.68,-1.775,40.0,-13.86,5.6,-9.82
012255,富国高质量混合,混合型-偏股,8.17,0.5y,定期定额(周),-16.62,3.52,-2.479,24.0,-8.69,7.05,-9.85
005004,交银品质升级混合A,混合型-偏股,2.48,0.5y,定期定额(周),-16.92,3.55,-2.065,16.0,-8.85,5.8,-9.86
001887,中欧价值智选混合E,混合型-灵活,5.67,0.5y,价值平均法,-20.09,8.14,-2.354,33.3,-10.61,2.02,-9.88
010483,交银启道混合,混合型-偏股,14.84,0.5y,定期定额(周),-19.19,4.41,-2.213,24.0,-10.11,8.37,-9.88
016892,鹏华中证中药ETF联接C,指数型-股票,3.34,0.5y,定期定额(周),-16.11,3.19,-2.268,20.0,-8.41,4.39,-9.88
166019,中欧价值智选混合A,混合型-灵活,18.77,0.5y,价值平均法,-20.09,8.15,-2.355,33.3,-10.61,2.02,-9.88
501011,汇添富中证中药ETF联接(LOF)A,指数型-股票,5.8,0.5y,定期定额(周),-16.16,3.21,-2.281,20.0,-8.44,4.41,-9.92
008901,富国内需增长混合A,混合型-偏股,8.17,0.5y,定期定额(周),-16.82,3.62,-2.492,24.0,-8.8,7.08,-9.94
519714,交银消费新驱动股票,股票型,4.75,0.5y,定期定额(周),-17.03,3.58,-2.091,16.0,-8.91,5.89,-9.95
159607,中概互联网ETF嘉实,指数型-海外股票,10.6,0.5y,价值平均法,-24.2,10.87,-2.171,33.3,-12.93,10.17,-10.0
501012,汇添富中证中药ETF联接(LOF)C,指数型-股票,4.15,0.5y,定期定额(周),-16.32,3.22,-2.309,20.0,-8.52,4.49,-10.05
159647,中药ETF鹏华,指数型-股票,14.46,0.5y,定期定额(周),-16.87,3.37,-2.247,20.0,-8.82,4.6,-10.06
560080,中药ETF汇添富,指数型-股票,25.1,0.5y,定期定额(周),-16.94,3.37,-2.259,20.0,-8.86,4.63,-10.12
004235,中欧价值智选混合C,混合型-灵活,10.27,0.5y,价值平均法,-20.41,8.18,-2.421,33.3,-10.78,2.2,-10.14
159605,中概互联ETF广发,指数型-海外股票,41.7,0.5y,价值平均法,-24.68,10.87,-2.215,33.3,-13.21,10.29,-10.27
159871,有色ETF银华,指数型-股票,10.87,0.5y,价值平均法,-42.35,52.3,-0.851,50.0,-24.07,18.45,-10.27
000083,汇添富消费行业混合,混合型-偏股,72.83,0.5y,定期定额(周),-17.41,2.85,-2.348,24.0,-9.12,4.18,-10.37
001631,天弘中证食品饮料ETF联接A,指数型-股票,11.3,0.5y,定期定额(周),-17.48,3.16,-2.304,20.0,-9.16,6.15,-10.37
000968,广发养老指数A,指数型-股票,12.77,0.5y,定期定额(周),-21.05,3.53,-2.12,32.0,-11.15,2.78,-10.38
006179,富国品质生活混合A,混合型-偏股,7.49,0.5y,定期定额(周),-16.88,3.42,-2.484,20.0,-8.83,6.89,-10.42
011099,富国价值创造混合A,混合型-偏股,24.27,0.5y,定期定额(周),-17.26,3.49,-2.598,24.0,-9.04,7.03,-10.42
001632,天弘中证食品饮料ETF联接C,指数型-股票,39.85,0.5y,定期定额(周),-17.55,3.16,-2.317,20.0,-9.2,6.19,-10.43
008174,国泰蓝筹精选混合A,混合型-偏股,3.84,0.5y,价值平均法,-17.42,9.45,-2.48,16.7,-9.12,5.6,-10.44
008099,广发价值领先混合A,混合型-偏股,23.56,0.5y,定期定额(周),-29.37,6.48,-1.849,48.0,-15.96,5.62,-10.45
011188,信澳星奕混合A,混合型-偏股,10.26,0.5y,价值平均法,-21.14,11.48,-1.973,16.7,-11.2,5.07,-10.52
240001,华宝宝康消费品,混合型-平衡,6.64,0.5y,定期定额(周),-13.71,2.2,-2.778,20.0,-7.11,4.54,-10.54
012420,广发价值领先混合C,混合型-偏股,8.65,0.5y,定期定额(周),-29.57,6.48,-1.872,48.0,-16.08,5.73,-10.57
159736,食品饮料ETF天弘,指数型-股票,50.57,0.5y,定期定额(周),-18.37,3.34,-2.305,20.0,-9.65,6.5,-10.64
011223,信澳星奕混合C,混合型-偏股,3.02,0.5y,价值平均法,-21.43,11.53,-2.017,16.7,-11.36,5.24,-10.72
159707,地产ETF华宝,指数型-股票,5.7,0.5y,定期定额(周),-25.16,11.88,-1.917,24.0,-13.49,8.51,-10.77
008975,富国中证消费50ETF联接A,指数型-股票,6.92,0.5y,定期定额(周),-17.29,2.64,-2.329,20.0,-9.05,3.78,-10.8
159768,房地产ETF银华,指数型-股票,3.51,0.5y,定期定额(周),-25.29,11.87,-1.931,24.0,-13.57,8.67,-10.84
260109,景顺长城内需增长贰号混合A,混合型-偏股,22.8,0.5y,定期定额(周),-16.86,3.0,-2.414,16.0,-8.82,6.02,-10.86
515650,消费50ETF富国,指数型-股票,35.06,0.5y,定期定额(周),-17.81,2.75,-2.3,20.0,-9.34,3.94,-10.89
008976,富国中证消费50ETF联接C,指数型-股票,3.81,0.5y,定期定额(周),-17.45,2.64,-2.36,20.0,-9.15,3.86,-10.94
501209,银华富久食品饮料精选混合(LOF)A,混合型-偏股,2.52,0.5y,定期定额(周),-19.05,4.38,-2.397,20.0,-10.03,4.64,-11.07
004424,汇添富文体娱乐混合A,混合型-偏股,10.61,0.5y,定期定额(周),-23.83,3.29,-2.218,40.0,-12.72,2.41,-11.09
005236,银华食品饮料量化股票发起式C,股票型,4.78,0.5y,定期定额(周),-18.09,3.26,-2.422,16.0,-9.49,6.72,-11.22
562510,旅游ETF华夏,指数型-股票,5.02,0.5y,价值平均法,-31.63,12.43,-2.062,50.0,-17.31,3.99,-11.34
005970,国泰消费优选股票,股票型,4.59,0.5y,定期定额(周),-20.09,3.31,-2.454,24.0,-10.61,4.84,-11.5
159843,食品饮料ETF招商,指数型-股票,4.06,0.5y,定期定额(周),-19.23,3.17,-2.386,16.0,-10.13,6.9,-11.62
003634,嘉实农业产业股票A,股票型,8.3,0.5y,定期定额(周),-22.11,4.68,-2.185,20.0,-11.74,4.78,-11.67
011174,中庚价值品质一年持有期混合,混合型-偏股,8.68,0.5y,定期定额(周),-20.21,3.85,-2.26,16.0,-10.67,4.54,-11.72
009852,银华品质消费股票A,股票型,3.84,0.5y,定期定额(周),-23.18,4.2,-2.384,28.0,-12.35,5.64,-11.81
010010,国投瑞银港股通6个月定开股票,股票型,4.94,0.5y,定期定额(周),-17.44,3.65,-2.504,8.0,-9.14,7.06,-11.81
015468,嘉实农业产业股票C,股票型,2.24,0.5y,定期定额(周),-22.33,4.68,-2.22,20.0,-11.87,4.9,-11.83
005505,前海开源中药股票A,股票型,2.81,0.5y,定期定额(周),-19.58,3.05,-2.734,28.0,-10.33,3.24,-11.85
010326,博时消费创新混合A,混合型-偏股,5.67,0.5y,定期定额(周),-24.9,3.53,-2.434,40.0,-13.34,3.48,-11.86
160222,国泰国证食品饮料行业(LOF)A,指数型-股票,27.12,0.5y,定期定额(周),-19.13,3.06,-2.492,16.0,-10.07,6.81,-11.9
005506,前海开源中药股票C,股票型,2.9,0.5y,定期定额(周),-19.69,3.05,-2.757,28.0,-10.38,3.3,-11.94
260108,景顺长城新兴成长混合A,混合型-偏股,132.23,0.5y,定期定额(周),-18.91,2.99,-2.613,16.0,-9.95,6.48,-12.17
015040,国泰国证食品饮料行业(LOF)C,指数型-股票,2.24,0.5y,定期定额(周),-19.25,3.05,-2.511,12.0,-10.14,6.86,-12.39
017435,华宝中证沪港深新消费指数C,指数型-股票,4.1,0.5y,价值平均法,-26.27,9.31,-2.017,16.7,-14.13,6.9,-12.44
013125,华夏食品饮料ETF联接A,指数型-股票,3.46,0.5y,定期定额(周),-19.66,3.19,-2.487,12.0,-10.37,6.82,-12.45
018439,财通资管品质消费混合发起式C,混合型-偏股,2.93,0.5y,定期定额(周),-27.54,4.93,-2.522,40.0,-14.88,5.99,-12.46
007110,国投瑞银港股通混合A,混合型-偏股,4.71,0.5y,定期定额(周),-18.64,3.77,-2.603,8.0,-9.8,7.01,-12.52
013126,华夏食品饮料ETF联接C,指数型-股票,3.24,0.5y,定期定额(周),-19.8,3.2,-2.503,12.0,-10.44,6.88,-12.54
515710,食品饮料ETF华宝,指数型-股票,13.82,0.5y,定期定额(周),-20.27,3.33,-2.45,12.0,-10.71,7.03,-12.54
006345,景顺长城集英两年定开混合,混合型-偏股,10.74,0.5y,定期定额(周),-17.93,2.65,-2.87,16.0,-9.41,5.83,-12.62
004598,南方中证银行ETF发起联接C,指数型-股票,2.84,0.5y,定期定额(周),-14.65,3.36,-3.405,8.0,-7.61,10.48,-12.66
159862,食品饮料ETF银华,指数型-股票,2.04,0.5y,定期定额(周),-20.5,3.34,-2.477,12.0,-10.84,7.12,-12.68
200008,长城品牌优选混合A,混合型-偏股,8.82,0.5y,定期定额(周),-18.67,3.59,-2.629,8.0,-9.82,6.46,-12.7
007412,景顺长城绩优成长混合A,混合型-偏股,21.28,0.5y,定期定额(周),-17.28,2.8,-2.93,12.0,-9.05,5.99,-12.81
161721,招商沪深300地产等权重指数A,指数型-股票,2.67,0.5y,定期定额(周),-26.13,7.45,-2.215,12.0,-14.05,11.63,-13.02
013273,招商沪深300地产等权重指数C,指数型-股票,7.88,0.5y,定期定额(周),-26.18,7.46,-2.221,12.0,-14.08,11.64,-13.05
159766,旅游ETF富国,指数型-股票,56.76,0.5y,价值平均法,-32.08,12.43,-2.11,33.3,-17.58,4.15,-13.27
012582,交银品质增长一年混合A,混合型-偏股,10.39,0.5y,定期定额(周),-23.76,4.33,-2.787,20.0,-12.68,6.88,-13.69
010454,交银内需增长一年持有混合,混合型-偏股,11.75,0.5y,定期定额(周),-23.79,4.34,-2.789,20.0,-12.7,6.87,-13.71
164906,交银中证海外中国互联网指数(LOF)A,指数型-海外股票,57.34,0.5y,价值平均法,-26.72,10.72,-2.628,16.7,-14.4,9.84,-13.77
013945,交银中证海外中国互联网指数(LOF)C,指数型-海外股票,6.01,0.5y,价值平均法,-26.74,10.73,-2.632,16.7,-14.41,9.86,-13.78
009180,嘉实中证主要消费ETF发起联接C,指数型-股票,5.19,0.5y,定期定额(周),-20.82,3.36,-2.699,8.0,-11.01,6.07,-13.87
009342,易方达优质企业三年持有期混合,混合型-偏股,21.66,0.5y,定期定额(周),-21.01,2.78,-2.965,16.0,-11.12,7.44,-13.93
000248,汇添富中证主要消费ETF联接A,指数型-股票,40.45,0.5y,定期定额(周),-20.96,3.38,-2.722,8.0,-11.1,6.04,-13.98
010104,景顺长城消费精选混合A,混合型-偏股,7.44,0.5y,定期定额(周),-22.91,3.5,-2.858,20.0,-12.2,4.72,-14.0
012857,汇添富中证主要消费ETF联接C,指数型-股票,12.34,0.5y,定期定额(周),-21.06,3.38,-2.738,8.0,-11.15,6.09,-14.05
512600,消费ETF嘉实,指数型-股票,9.53,0.5y,定期定额(周),-21.68,3.54,-2.671,8.0,-11.5,6.32,-14.06
021378,兴业中证港股通互联网ETF联接C,指数型-股票,6.34,0.5y,价值平均法,-29.75,10.48,-2.32,16.7,-16.18,10.06,-14.1
019314,易方达中证港股通互联网ETF发起式联接C,指数型-股票,3.26,0.5y,价值平均法,-30.0,10.52,-2.282,16.7,-16.33,10.0,-14.11
560680,消费ETF广发,指数型-股票,2.57,0.5y,定期定额(周),-21.47,3.52,-2.653,4.0,-11.38,6.32,-14.34
017126,华宝中证港股通互联网ETF发起联接C,指数型-股票,4.72,0.5y,价值平均法,-30.45,10.73,-2.347,16.7,-16.6,10.24,-14.4
005827,易方达蓝筹精选混合,混合型-偏股,267.93,0.5y,定期定额(周),-22.81,3.03,-3.118,20.0,-12.14,7.97,-14.49
014673,富国中证港股通互联网ETF发起式联接A,指数型-股票,21.33,0.5y,价值平均法,-31.28,10.98,-2.358,16.7,-17.1,10.47,-14.7
159928,消费ETF汇添富,指数型-股票,199.95,0.5y,定期定额(周),-22.06,3.55,-2.713,4.0,-11.72,6.37,-14.71
014674,富国中证港股通互联网ETF发起式联接C,指数型-股票,57.83,0.5y,价值平均法,-31.34,11.0,-2.364,16.7,-17.14,10.5,-14.73
159792,港股通互联网ETF富国,指数型-股票,620.29,0.5y,价值平均法,-31.83,11.46,-2.339,16.7,-17.44,10.85,-14.79
513770,港股互联网ETF华宝,指数型-股票,105.05,0.5y,价值平均法,-31.84,11.47,-2.336,16.7,-17.44,10.79,-14.79
002621,中欧消费主题股票A,股票型,4.03,0.5y,定期定额(周),-22.46,3.3,-2.926,8.0,-11.94,7.19,-15.02
014404,中欧多元价值三年持有混合A,混合型-偏股,4.67,0.5y,价值平均法,-24.72,9.76,-3.145,16.7,-13.24,3.09,-15.04
011153,华宝新兴消费混合A,混合型-偏股,5.78,0.5y,定期定额(周),-20.69,2.98,-2.993,4.0,-10.95,6.54,-15.06
160632,鹏华酒A,指数型-股票,16.1,0.5y,定期定额(周),-26.03,4.07,-2.876,12.0,-13.99,10.14,-15.36
012043,鹏华酒C,指数型-股票,10.41,0.5y,定期定额(周),-26.09,4.07,-2.882,12.0,-14.03,10.15,-15.4
013220,中欧新兴价值一年持有混合A,混合型-偏股,9.15,0.5y,价值平均法,-24.9,9.56,-3.298,16.7,-13.34,3.62,-15.45
110011,易方达优质精选混合(QDII),QDII-混合偏股,95.44,0.5y,定期定额(周),-23.98,3.84,-3.122,12.0,-12.81,7.86,-15.46
512690,酒ETF鹏华,指数型-股票,175.21,0.5y,定期定额(周),-26.81,4.27,-2.848,12.0,-14.45,10.37,-15.52
110022,易方达消费行业股票,股票型,126.86,0.5y,定期定额(周),-21.83,3.01,-3.173,8.0,-11.58,6.84,-15.54
002697,中欧消费主题股票C,股票型,3.61,0.5y,定期定额(周),-22.75,3.31,-2.98,4.0,-12.11,7.34,-15.65
013221,中欧新兴价值一年持有混合C,混合型-偏股,3.81,0.5y,价值平均法,-25.2,9.59,-3.365,16.7,-13.51,3.79,-15.71
019313,易方达中证港股通互联网ETF发起式联接A,指数型-股票,2.37,0.5y,价值平均法,-29.89,10.51,-2.27,0.0,-16.27,9.95,-15.71
513040,港股通互联网ETF易方达,指数型-股票,82.78,0.5y,价值平均法,-31.76,11.46,-2.302,0.0,-17.39,10.6,-16.37
159568,港股互联网ETF博时,指数型-股票,5.31,0.5y,价值平均法,-31.89,11.45,-2.348,0.0,-17.47,10.86,-16.5
161725,招商中证白酒指数(LOF)A,指数型-股票,258.37,0.5y,定期定额(周),-29.55,4.67,-3.111,8.0,-16.07,11.5,-17.44
513660,恒生ETF华夏,指数型-股票,43.8,0.5y,价值平均法,-53.85,51.37,-1.583,33.3,-32.07,20.2,-17.66
012414,招商中证白酒指数(LOF)C,指数型-股票,143.83,0.5y,定期定额(周),-29.58,4.67,-3.114,4.0,-16.08,11.51,-17.85
515050,通信ETF华夏,指数型-股票,78.02,0.5y,定期定额(周),-74.92,66.37,-0.197,96.0,-49.92,-7.94,-18.13
159305,储能电池ETF广发,指数型-股票,6.01,0.5y,价值平均法,-67.87,51.37,-0.942,83.3,-43.32,-2.16,-18.26
009265,易方达消费精选股票,股票型,28.25,0.5y,定期定额(周),-27.5,3.81,-3.526,8.0,-14.85,7.58,-18.33
017970,摩根海外稳健配置混合(QDII-FOF)人民币A,QDII-FOF,14.31,0.5y,定期定额(周),-2.71,0.37,-6.812,8.0,-1.37,1.18,-18.51
020512,摩根海外稳健配置混合(QDII-FOF)人民币C,QDII-FOF,2.25,0.5y,定期定额(周),-2.9,0.38,-7.181,4.0,-1.46,1.28,-19.95
516780,稀土ETF华泰柏瑞,指数型-股票,28.42,0.5y,价值平均法,-72.24,53.67,-0.951,83.3,-47.31,-4.71,-20.07
512930,AI人工智能ETF平安,指数型-股票,31.01,0.5y,价值平均法,-89.78,76.3,-0.686,80.0,-68.02,-3.02,-25.68
