code,name,fund_type,estab_date,endnav_float,fund_company,规模(亿)
510300,沪深300ETF华泰柏瑞,指数型-股票,2012-05-04,199913855988.24,华泰柏瑞基金,1999.14
510310,沪深300ETF易方达,指数型-股票,2013-03-06,137174116424.38,易方达基金,1371.74
518880,黄金ETF华安,指数型-其他,2013-07-18,113815514176.68,华安基金,1138.16
159919,沪深300ETF嘉实,指数型-股票,2012-05-07,92802609324.22,嘉实基金,928.03
510330,沪深300ETF华夏,指数型-股票,2012-12-25,90217510553.87,华夏基金,902.18
510500,中证500ETF南方,指数型-股票,2013-02-06,72477175278.45,南方基金,724.77
588000,科创50ETF华夏,指数型-股票,2020-09-28,68547724213.77,华夏基金,685.48
510050,上证50ETF华夏,指数型-股票,2004-12-30,66731248686.19,华夏基金,667.31
159792,港股通互联网ETF富国,指数型-股票,2021-09-15,62028732720.74,富国基金,620.29
512880,证券ETF国泰,指数型-股票,2016-07-26,51626506114.33,国泰基金,516.27
159915,创业板ETF易方达,指数型-股票,2011-09-20,51030357977.64,易方达基金,510.3
513180,恒生科技ETF华夏,指数型-海外股票,2021-05-18,49796872044.45,华夏基金,497.97
159937,黄金ETF博时,指数型-其他,2014-08-13,47793561022.39,博时基金,477.94
513130,恒生科技ETF华泰柏瑞,指数型-海外股票,2021-05-24,47624289175.66,华泰柏瑞基金,476.24
159934,黄金ETF易方达,指数型-其他,2013-11-29,41832192491.18,易方达基金,418.32
518800,黄金ETF国泰,指数型-其他,2013-07-18,40386475438.16,国泰基金,403.86
513050,中概互联网ETF易方达,指数型-海外股票,2017-01-04,39732058241.07,易方达基金,397.32
588200,科创芯片ETF嘉实,指数型-股票,2022-09-30,38606545096.15,嘉实基金,386.07
563360,A500ETF华泰柏瑞,指数型-股票,2024-09-25,38189307918.25,华泰柏瑞基金,381.89
588080,科创50ETF易方达,指数型-股票,2020-09-28,37297575516.27,易方达基金,372.98
002611,博时黄金ETF联接C,指数型-其他,2016-05-27,36660013790.9,博时基金,366.6
159352,A500ETF南方,指数型-股票,2024-09-25,36543944135.87,南方基金,365.44
512000,券商ETF华宝,指数型-股票,2016-08-30,35009701474.9,华宝基金,350.1
513330,恒生互联网ETF华夏,指数型-海外股票,2021-01-26,33292089648.86,华夏基金,332.92
000217,华安黄金ETF联接C,指数型-其他,2013-08-22,32761638982.56,华安基金,327.62
512890,红利低波ETF华泰柏瑞,指数型-股票,2018-12-19,31186862517.33,华泰柏瑞基金,311.87
159326,电网设备ETF华夏,指数型-股票,2024-08-29,30087252205.58,华夏基金,300.87
159636,港股通科技30ETF工银,指数型-股票,2022-06-30,29663019999.71,工银瑞信基金,296.63
513010,恒生科技ETF易方达,指数型-海外股票,2021-05-18,29553386170.97,易方达基金,295.53
159338,中证A500ETF国泰,指数型-股票,2024-09-26,29064537745.82,国泰基金,290.65
513750,港股通非银ETF广发,指数型-股票,2023-11-10,28304133055.48,广发基金,283.04
512170,医疗ETF华宝,指数型-股票,2019-05-20,27996042096.74,华宝基金,279.96
159941,纳指ETF广发,指数型-海外股票,2015-06-10,27625000378.15,广发基金,276.25
512400,有色金属ETF南方,指数型-股票,2017-08-03,27566809251.04,南方基金,275.67
159870,化工ETF鹏华,指数型-股票,2021-02-23,26881840523.16,鹏华基金,268.82
005827,易方达蓝筹精选混合,混合型-偏股,2018-09-05,26792992392.44,易方达基金,267.93
512050,A500ETF华夏,指数型-股票,2024-11-08,26084889085.35,华夏基金,260.85
161725,招商中证白酒指数(LOF)A,指数型-股票,2015-05-27,25837313173.42,招商基金,258.37
513120,港股创新药ETF广发,指数型-海外股票,2022-07-01,24847688808.16,广发基金,248.48
159361,A500ETF易方达,指数型-股票,2024-11-12,24771374921.32,易方达基金,247.71
159570,港股通创新药ETF汇添富,指数型-股票,2023-12-28,24212580874.55,汇添富基金,242.13
002963,易方达黄金ETF联接C,指数型-其他,2016-07-01,23785549698.12,易方达基金,237.86
512100,中证1000ETF南方,指数型-股票,2016-09-29,23081761946.01,南方基金,230.82
159995,芯片ETF华夏,指数型-股票,2020-01-20,22902726854.56,华夏基金,229.03
159819,人工智能ETF易方达,指数型-股票,2020-07-27,22140547964.33,易方达基金,221.41
513090,香港证券ETF易方达,指数型-股票,2020-03-13,21622263983.83,易方达基金,216.22
510180,上证180ETF华安,指数型-股票,2006-04-13,21567537537.9,华安基金,215.68
562500,机器人ETF华夏,指数型-股票,2021-12-17,20951844807.35,华夏基金,209.52
513500,标普500ETF博时,指数型-海外股票,2013-12-05,20941057082.68,博时基金,209.41
159949,创业板50ETF华安,指数型-股票,2016-06-30,20692259978.56,华安基金,206.92
159928,消费ETF汇添富,指数型-股票,2013-08-23,19994945060.59,汇添富基金,199.95
512480,半导体ETF国联安,指数型-股票,2019-05-08,19906392416.23,国联安基金,199.06
159516,半导体设备ETF国泰,指数型-股票,2023-07-19,19322430562.64,国泰基金,193.22
163406,兴全合润混合A,混合型-偏股,2010-04-22,19287595127.15,兴证全球基金,192.88
004253,国泰黄金ETF联接C,指数型-其他,2017-05-02,19141713761.26,国泰基金,191.42
513980,港股科技ETF景顺,指数型-股票,2021-06-21,18747465929.89,景顺长城基金,187.47
161005,富国天惠成长混合(LOF)A,混合型-偏股,2005-11-16,18532435545.81,富国基金,185.32
159201,自由现金流ETF华夏,指数型-股票,2025-02-19,18453074981.2,华夏基金,184.53
159740,恒生科技ETF大成,指数型-海外股票,2021-05-18,18416139891.73,大成基金,184.16
159206,卫星ETF永赢,指数型-股票,2025-03-06,17776493270.39,永赢基金,177.76
512690,酒ETF鹏华,指数型-股票,2019-04-04,17520851038.83,鹏华基金,175.21
512010,医药ETF易方达,指数型-股票,2013-09-23,17215366532.9,易方达基金,172.15
510880,红利ETF华泰柏瑞,指数型-股票,2006-11-17,17138687924.73,华泰柏瑞基金,171.39
518850,黄金ETF华夏,指数型-其他,2020-04-13,16804851746.7,华夏基金,168.05
015790,永赢高端装备智选混合发起C,混合型-偏股,2022-07-15,16500898034.57,永赢基金,165.01
007119,睿远成长价值混合A,混合型-偏股,2019-03-26,16500068830.42,睿远基金,165.0
000218,国泰黄金ETF联接A,指数型-其他,2016-04-13,16451811441.99,国泰基金,164.52
515450,红利低波50ETF南方,指数型-股票,2020-01-17,16044639218.25,南方基金,160.45
513630,港股低波红利ETF摩根,指数型-股票,2023-11-23,15667981146.38,摩根基金(中国),156.68
513100,纳指ETF国泰,指数型-海外股票,2013-04-25,15533838727.95,国泰基金,155.34
159992,创新药ETF银华,指数型-股票,2020-03-20,15177486582.41,银华基金,151.77
512070,证券保险ETF易方达,指数型-股票,2014-06-26,15079605803.13,易方达基金,150.8
002943,广发多因子混合,混合型-灵活,2016-12-30,14663669140.15,广发基金,146.64
515880,通信ETF国泰,指数型-股票,2019-08-16,14467717924.5,国泰基金,144.68
012414,招商中证白酒指数(LOF)C,指数型-股票,2021-05-18,14383464525.97,招商基金,143.83
163415,兴全商业模式混合(LOF)A,混合型-偏股,2012-12-18,13992622557.33,兴证全球基金,139.93
159530,机器人ETF易方达,指数型-股票,2024-01-10,13772764499.37,易方达基金,137.73
512500,中证500ETF华夏,指数型-股票,2015-05-05,13726748904.84,华夏基金,137.27
260108,景顺长城新兴成长混合A,混合型-偏股,2006-06-28,13222903792.73,景顺长城基金,132.23
110003,易方达上证50增强A,指数型-股票,2004-03-22,13031940226.1,易方达基金,130.32
003095,中欧医疗健康混合A,混合型-偏股,2016-09-29,12974185884.56,中欧基金,129.74
110020,易方达沪深300ETF联接A,指数型-股票,2009-08-26,12957222421.44,易方达基金,129.57
163402,兴全趋势投资混合(LOF),混合型-灵活,2005-11-03,12935352431.82,兴证全球基金,129.35
516650,有色金属ETF华夏,指数型-股票,2021-06-09,12898010905.24,华夏基金,128.98
517520,黄金股ETF永赢,指数型-股票,2023-10-24,12820885714.79,永赢基金,128.21
159922,中证500ETF嘉实,指数型-股票,2013-02-06,12747788480.63,嘉实基金,127.48
110022,易方达消费行业股票,股票型,2010-08-20,12686398967.24,易方达基金,126.86
018125,永赢先进制造智选混合发起C,混合型-偏股,2023-05-04,12619540529.49,永赢基金,126.2
163417,兴全合宜混合(LOF)A,混合型-灵活,2018-01-23,12588927247.69,兴证全球基金,125.89
515180,红利ETF易方达,指数型-股票,2019-11-26,12459976439.92,易方达基金,124.6
003096,中欧医疗健康混合C,混合型-偏股,2016-09-29,12295362604.18,中欧基金,122.95
512800,银行ETF华宝,指数型-股票,2017-07-18,11971277325.6,华宝基金,119.71
000216,华安黄金ETF联接A,指数型-其他,2013-08-22,11960913531.37,华安基金,119.61
513380,恒生科技ETF广发,指数型-海外股票,2022-04-27,11942635926.92,广发基金,119.43
159755,电池ETF广发,指数型-股票,2021-06-15,11936473241.65,广发基金,119.36
019432,永赢睿信混合C,混合型-偏股,2023-12-22,11779418459.47,永赢基金,117.79
563800,A500ETF广发,指数型-股票,2024-11-11,11651977644.35,广发基金,116.52
000051,华夏沪深300ETF联接A,指数型-股票,2009-07-10,11556556276.5,华夏基金,115.57
011609,易方达上证科创50联接C,指数型-股票,2021-03-01,11286475862.3,易方达基金,112.86
013309,易方达恒生科技ETF联接(QDII)C,指数型-海外股票,2022-04-29,11281718612.88,易方达基金,112.82
000906,广发全球精选股票(QDII)美元A,QDII-普通股票,2015-01-16,11268028708.35,广发基金,112.68
270023,广发全球精选股票(QDII)人民币A,QDII-普通股票,2010-08-18,11268028708.35,广发基金,112.68
159509,纳指科技ETF景顺,指数型-海外股票,2023-07-19,11172351022.43,景顺长城基金,111.72
000628,大成高鑫股票A,股票型,2015-02-03,10988120608.68,大成基金,109.88
159920,恒生ETF华夏,指数型-海外股票,2012-08-09,10871870769.98,华夏基金,108.72
022365,永赢科技智选混合发起C,混合型-偏股,2024-10-30,10851989133.17,永赢基金,108.52
159952,创业板ETF广发,指数型-股票,2017-04-25,10842324012.5,广发基金,108.42
320007,诺安成长混合A,混合型-偏股,2009-03-10,10810600852.13,诺安基金,108.11
004011,华泰柏瑞鼎利灵活配置混合C,混合型-灵活,2016-12-22,10680670363.53,华泰柏瑞基金,106.81
016874,广发远见智选混合C,混合型-偏股,2022-11-22,10655495301.06,广发基金,106.55
515790,光伏ETF华泰柏瑞,指数型-股票,2020-12-07,10651396922.48,华泰柏瑞基金,106.51
513300,纳斯达克ETF华夏,指数型-海外股票,2020-10-22,10525594327.11,华夏基金,105.26
008163,南方标普红利低波50ETF联接A,指数型-股票,2020-01-21,10524737155.84,南方基金,105.25
513770,港股互联网ETF华宝,指数型-股票,2022-02-09,10505065129.55,华宝基金,105.05
159841,证券ETF天弘,指数型-股票,2021-01-28,10419936505.63,天弘基金,104.2
004814,中欧红利优享混合A,混合型-灵活,2018-04-19,10407157397.91,中欧基金,104.07
159781,科创创业ETF易方达,指数型-股票,2021-06-28,10353615610.93,易方达基金,103.54
560860,工业有色ETF万家,指数型-股票,2023-02-22,10170373413.24,万家基金,101.7
515220,煤炭ETF国泰,指数型-股票,2020-01-20,10113416429.44,国泰基金,101.13
159842,券商ETF银华,指数型-股票,2021-03-03,9972897767.19,银华基金,99.73
002010,中欧瑾通灵活配置混合C,混合型-灵活,2015-11-17,9794358562.81,中欧基金,97.94
012349,天弘恒生科技ETF联接C,指数型-海外股票,2021-07-06,9770833000.03,天弘基金,97.71
017811,东方人工智能主题混合C,混合型-偏股,2023-02-22,9759728670.53,东方基金,97.6
515070,人工智能ETF华夏,指数型-股票,2019-12-09,9756180025.61,华夏基金,97.56
519674,银河创新成长混合A,混合型-偏股,2010-12-29,9735296931.4,银河基金,97.35
000055,广发纳斯达克100ETF联接美元(QDII)A,指数型-海外股票,2015-01-16,9715827981.82,广发基金,97.16
270042,广发纳斯达克100ETF联接人民币(QDII)A,指数型-海外股票,2012-08-15,9715827981.82,广发基金,97.16
159351,A500ETF嘉实,指数型-股票,2024-09-20,9612877875.07,嘉实基金,96.13
159501,纳指ETF嘉实,指数型-海外股票,2023-05-31,9611187687.87,嘉实基金,96.11
512710,军工龙头ETF富国,指数型-股票,2019-07-23,9577412188.87,富国基金,95.77
960002,华夏回报混合H,混合型-灵活,2015-07-02,9556276968.73,华夏基金,95.56
110011,易方达优质精选混合(QDII),QDII-混合偏股,2008-06-19,9544326815.92,易方达基金,95.44
019085,工银价值精选混合A,混合型-偏股,2024-04-29,9499139590.72,工银瑞信基金,94.99
018957,中航机遇领航混合发起C,混合型-偏股,2023-08-10,9468234625.52,中航基金,94.68
512660,军工ETF国泰,指数型-股票,2016-07-26,9408469826.34,国泰基金,94.08
563220,A500ETF富国,指数型-股票,2024-09-25,9364126815.24,富国基金,93.64
518660,黄金ETF工银,指数型-其他,2020-04-24,9246481768.11,工银瑞信基金,92.46
159852,软件ETF嘉实,指数型-股票,2021-01-29,8924231157.41,嘉实基金,89.24
008888,华夏国证半导体芯片ETF联接C,指数型-股票,2020-06-02,8918518007.74,华夏基金,89.19
510210,上证指数ETF富国,指数型-股票,2011-01-30,8913597614.08,富国基金,89.14
159632,纳斯达克ETF华安,指数型-海外股票,2022-07-21,8903548753.49,华安基金,89.04
515080,中证红利ETF招商,指数型-股票,2019-11-28,8868353781.46,招商基金,88.68
515980,人工智能ETF华富,指数型-股票,2019-12-24,8827803886.57,华富基金,88.28
515120,创新药ETF广发,指数型-股票,2020-12-03,8825917281.68,广发基金,88.26
002207,前海开源金银珠宝混合C,混合型-灵活,2015-12-02,8723521339.25,前海开源基金,87.24
512760,芯片ETF国泰,指数型-股票,2019-05-16,8712573202.81,国泰基金,87.13
159869,游戏ETF华夏,指数型-股票,2021-02-25,8577832626.3,华夏基金,85.78
515330,沪深300ETF天弘,指数型-股票,2019-12-05,8322168980.6,天弘基金,83.22
588050,科创50ETF工银,指数型-股票,2020-09-28,8319994920.51,工银瑞信基金,83.2
002001,华夏回报混合A,混合型-灵活,2003-09-05,8280462085.25,华夏基金,82.8
513040,港股通互联网ETF易方达,指数型-股票,2023-05-31,8277895148.39,易方达基金,82.78
001511,兴全新视野定开混合,混合型-灵活,2015-07-01,8272642790.13,兴证全球基金,82.73
003567,华夏行业景气混合A,混合型-偏股,2017-02-04,8271021820.57,华夏基金,82.71
270002,广发稳健增长混合A,混合型-平衡,2004-07-26,8214547735.53,广发基金,82.15
516150,稀土ETF嘉实,指数型-股票,2021-03-09,8212466647.48,嘉实基金,82.12
000390,华商优势行业混合A,混合型-灵活,2013-12-11,8205102220.57,华商基金,82.05
588220,科创100ETF鹏华,指数型-股票,2023-09-06,8198771881.56,鹏华基金,81.99
001938,中欧时代先锋股票A,股票型,2015-11-03,8137256083.67,中欧基金,81.37
159770,机器人ETF天弘,指数型-股票,2021-10-26,8121658070.46,天弘基金,81.22
518680,金ETF富国,指数型-其他,2020-07-06,8121199999.85,富国基金,81.21
377240,摩根新兴动力混合A,混合型-偏股,2011-07-13,8113185636.35,摩根基金(中国),81.13
008903,广发科技先锋混合,混合型-偏股,2020-01-22,8085018113.02,广发基金,80.85
588170,科创半导体ETF华夏,指数型-股票,2025-03-24,8079158377.12,华夏基金,80.79
003834,华夏能源革新股票A,股票型,2017-06-07,8014538701.93,华夏基金,80.15
016708,华夏有色金属ETF联接C,指数型-股票,2022-10-18,7847506577.78,华夏基金,78.48
515050,通信ETF华夏,指数型-股票,2019-09-17,7802445867.14,华夏基金,78.02
006533,易方达科融混合,混合型-偏股,2019-03-26,7765722556.48,易方达基金,77.66
110029,易方达科讯混合,混合型-偏股,2007-12-18,7739338475.89,易方达基金,77.39
017470,嘉实上证科创板芯片ETF发起联接C,指数型-股票,2022-12-07,7684011337.51,嘉实基金,76.84
519069,汇添富价值精选混合,混合型-偏股,2009-01-23,7669368906.11,汇添富基金,76.69
180012,银华富裕主题混合A,混合型-偏股,2006-11-16,7668693638.08,银华基金,76.69
516160,新能源ETF南方,指数型-股票,2021-01-22,7664354724.05,南方基金,76.64
011452,华泰柏瑞质量成长C,混合型-偏股,2021-02-19,7648374831.37,华泰柏瑞基金,76.48
518600,金ETF广发,指数型-其他,2020-07-08,7607205907.18,广发基金,76.07
159567,港股创新药ETF银华,指数型-股票,2024-01-03,7600625873.99,银华基金,76.01
516120,化工ETF富国,指数型-股票,2021-03-01,7587856876.7,富国基金,75.88
159659,纳斯达克100ETF招商,指数型-海外股票,2023-04-12,7563275330.48,招商基金,75.63
166002,中欧新蓝筹混合A,混合型-偏股,2008-07-25,7536826871.66,中欧基金,75.37
563020,红利低波ETF易方达,指数型-股票,2023-12-06,7516159534.55,易方达基金,75.16
400015,东方新能源汽车混合,混合型-偏股,2011-12-28,7507032451.87,东方基金,75.07
159796,电池ETF汇添富,指数型-股票,2022-03-03,7466346531.0,汇添富基金,74.66
006113,汇添富创新医药混合A,混合型-偏股,2018-08-08,7425188236.99,汇添富基金,74.25
004815,中欧红利优享混合C,混合型-灵活,2018-04-19,7417858262.24,中欧基金,74.18
000307,易方达黄金ETF联接A,指数型-其他,2016-05-26,7362948677.68,易方达基金,73.63
001717,工银前沿医疗股票A,股票型,2016-02-03,7342383538.66,工银瑞信基金,73.42
159851,金融科技ETF华宝,指数型-股票,2021-03-04,7331030681.94,华宝基金,73.31
159566,储能电池ETF易方达,指数型-股票,2024-01-31,7291763406.9,易方达基金,72.92
000083,汇添富消费行业混合,混合型-偏股,2013-05-03,7283374217.78,汇添富基金,72.83
160706,嘉实沪深300ETF联接A,指数型-股票,2005-08-29,7267772572.92,嘉实基金,72.68
007339,易方达沪深300ETF联接C,指数型-股票,2019-04-25,7214041221.03,易方达基金,72.14
159545,恒生红利低波ETF易方达,指数型-股票,2024-03-27,7188499268.46,易方达基金,71.88
007355,汇添富科技创新混合A,混合型-灵活,2019-05-06,7149899870.41,汇添富基金,71.5
159845,中证1000ETF华夏,指数型-股票,2021-03-18,7149488402.16,华夏基金,71.49
002190,农银新能源主题A,混合型-灵活,2016-03-29,7115062959.13,农银汇理基金,71.15
004433,南方有色金属ETF联接C,指数型-股票,2017-09-08,6941731788.49,南方基金,69.42
159691,港股红利ETF工银,指数型-股票,2023-03-30,6941306407.42,工银瑞信基金,69.41
160119,500ETF联接LOF,指数型-股票,2009-09-25,6901042807.94,南方基金,69.01
006329,易方达中证海外互联网50ETF联接(QDII)(美元现汇)A,指数型-海外股票,2019-01-18,6900931170.22,易方达基金,69.01
006327,易方达中证海外互联网50ETF联接(QDII)A,指数型-海外股票,2019-01-18,6900931170.22,易方达基金,69.01
002112,德邦鑫星价值灵活配置混合C,混合型-灵活,2015-11-16,6860839367.26,德邦基金,68.61
513260,恒生科技ETF汇添富,指数型-海外股票,2022-08-31,6839104771.66,汇添富基金,68.39
562800,稀有金属ETF嘉实,指数型-股票,2021-09-15,6835839071.55,嘉实基金,68.36
017193,天弘中证工业有色金属主题ETF发起联接C,指数型-股票,2023-05-30,6832426214.43,天弘基金,68.32
588060,科创50ETF广发,指数型-股票,2021-07-15,6773851619.32,广发基金,67.74
012734,易方达中证人工智能主题ETF联接C,指数型-股票,2022-03-01,6759788724.44,易方达基金,67.6
159611,电力ETF广发,指数型-股票,2021-12-29,6687904445.88,广发基金,66.88
001048,富国新兴产业股票A,股票型,2015-03-12,6665879411.93,富国基金,66.66
022364,永赢科技智选混合发起A,混合型-偏股,2024-10-30,6637405378.41,永赢基金,66.37
001475,易方达国防军工混合A,混合型-偏股,2015-06-19,6636868273.02,易方达基金,66.37
159980,有色ETF大成,指数型-其他,2019-10-24,6623543342.17,大成基金,66.24
159977,创业板ETF天弘,指数型-股票,2019-09-12,6593212339.13,天弘基金,65.93
012805,广发恒生科技ETF联接(QDII)C,指数型-海外股票,2021-08-11,6584065294.86,广发基金,65.84
008702,华夏黄金ETF联接C,指数型-其他,2020-07-16,6538483005.06,华夏基金,65.38
161726,招商国证生物医药指数(LOF)A,指数型-股票,2015-05-27,6511714525.47,招商基金,65.12
007466,华泰柏瑞中证红利低波ETF联接A,指数型-股票,2019-07-15,6411925152.14,华泰柏瑞基金,64.12
512900,证券ETF南方,指数型-股票,2017-03-10,6404077563.29,南方基金,64.04
011608,易方达上证科创50联接A,指数型-股票,2021-03-01,6342235823.55,易方达基金,63.42
560010,中证1000ETF广发,指数型-股票,2022-07-28,6326862697.05,广发基金,63.27
162605,景顺长城鼎益混合(LOF)A,混合型-偏股,2005-03-16,6321365304.22,景顺长城基金,63.21
000979,景顺长城沪港深精选股票A,股票型,2015-04-15,6313741439.31,景顺长城基金,63.14
159562,黄金股ETF华夏,指数型-股票,2024-01-11,6299446542.44,华夏基金,62.99
513060,恒生医疗ETF博时,指数型-海外股票,2021-03-18,6284040994.2,博时基金,62.84
515100,红利低波100ETF景顺,指数型-股票,2020-05-22,6188163327.47,景顺长城基金,61.88
159901,深证100ETF易方达,指数型-股票,2006-03-24,6168559777.04,易方达基金,61.69
011103,天弘中证光伏产业指数C,指数型-股票,2021-01-28,6166809035.55,天弘基金,61.67
012922,易方达全球成长精选混合(QDII)人民币C,QDII-混合偏股,2022-01-11,6161330301.87,易方达基金,61.61
012923,易方达全球成长精选混合(QDII)美元现汇C,QDII-混合偏股,2022-01-11,6161330301.87,易方达基金,61.61
010198,易方达竞争优势企业混合A,混合型-偏股,2021-01-20,6123433044.64,易方达基金,61.23
588030,科创100ETF博时,指数型-股票,2023-09-06,6093643742.62,博时基金,60.94
005833,工银红利优享混合A,混合型-灵活,2018-12-25,6079751784.41,工银瑞信基金,60.8
516020,化工ETF华宝,指数型-股票,2021-02-26,6052360410.94,华宝基金,60.52
005918,天弘沪深300ETF联接C,指数型-股票,2018-04-24,6008538426.67,天弘基金,60.09
159892,恒生医药ETF华夏,指数型-海外股票,2021-09-29,5998944279.91,华夏基金,59.99
019431,永赢睿信混合A,混合型-偏股,2023-12-22,5993980210.39,永赢基金,59.94
513920,港股通央企红利ETF华安,指数型-股票,2023-12-20,5988087074.94,华安基金,59.88
007467,华泰柏瑞中证红利低波ETF联接C,指数型-股票,2019-07-15,5971441360.92,华泰柏瑞基金,59.71
512950,央企改革ETF华夏,指数型-股票,2018-10-19,5957703492.19,华夏基金,59.58
005669,前海开源公用事业股票,股票型,2018-03-23,5938464632.18,前海开源基金,59.38
013425,博时标普500ETF联接美元汇(QDII)A,指数型-海外股票,2021-09-07,5927410824.13,博时基金,59.27
050025,博时标普500ETF联接A,指数型-海外股票,2012-06-14,5927410824.13,博时基金,59.27
110026,易方达创业板ETF联接A,指数型-股票,2011-09-20,5914265072.41,易方达基金,59.14
512200,房地产ETF南方,指数型-股票,2017-08-25,5911709334.54,南方基金,59.12
016709,泉果旭源三年持有期混合A,混合型-偏股,2022-10-18,5885525420.37,泉果基金,58.86
161903,万家行业优选混合(LOF),混合型-偏股,2005-07-15,5828434274.81,万家基金,58.28
561380,电网设备ETF国泰,指数型-股票,2024-12-11,5815642555.7,国泰基金,58.16
002610,博时黄金ETF联接A,指数型-其他,2016-05-27,5806711168.24,博时基金,58.07
014674,富国中证港股通互联网ETF发起式联接C,指数型-股票,2022-01-11,5782826868.42,富国基金,57.83
166301,华商新趋势优选灵活配置混合,混合型-灵活,2012-09-06,5757131276.23,华商基金,57.57
010340,易方达高质量严选三年持有,混合型-偏股,2020-11-12,5754481392.42,易方达基金,57.54
164906,交银中证海外中国互联网指数(LOF)A,指数型-海外股票,2015-05-27,5733600741.34,交银施罗德基金,57.34
013403,华夏恒生科技ETF发起式联接(QDII)C,指数型-海外股票,2021-09-28,5729660476.37,华夏基金,57.3
159813,半导体ETF鹏华,指数型-股票,2020-04-17,5700219381.31,鹏华基金,57.0
159766,旅游ETF富国,指数型-股票,2021-07-15,5675852519.64,富国基金,56.76
512960,央企结构调整ETF博时,指数型-股票,2018-10-19,5672875595.23,博时基金,56.73
013308,易方达恒生科技ETF联接(QDII)A,指数型-海外股票,2022-04-29,5621695374.48,易方达基金,56.22
159513,纳斯达克100ETF大成,指数型-海外股票,2023-07-12,5571603627.04,大成基金,55.72
515300,300红利低波ETF嘉实,指数型-股票,2019-08-08,5569874515.98,嘉实基金,55.7
159363,创业板人工智能ETF华宝,指数型-股票,2024-12-06,5564005654.4,华宝基金,55.64
159883,医疗器械ETF永赢,指数型-股票,2021-04-22,5545634746.94,永赢基金,55.46
159217,港股通创新药ETF工银,指数型-股票,2025-03-26,5518097183.72,工银瑞信基金,55.18
001316,安信稳健增值混合A,混合型-灵活,2015-05-25,5514510052.64,安信基金,55.15
009548,汇添富中盘价值精选混合A,混合型-偏股,2020-07-08,5511864104.19,汇添富基金,55.12
501049,东方红睿玺三年持有混合A,混合型-偏股,2017-11-15,5475543925.95,东方红资产管理,54.76
006480,广发纳斯达克100ETF联接美元(QDII)C,指数型-海外股票,2018-10-25,5393264162.82,广发基金,53.93
006479,广发纳斯达克100ETF联接人民币(QDII)C,指数型-海外股票,2018-10-25,5393264162.82,广发基金,53.93
011613,华夏科创50ETF联接C,指数型-股票,2021-03-04,5381545198.52,华夏基金,53.82
159399,现金流ETF国泰,指数型-股票,2025-02-19,5360976448.76,国泰基金,53.61
002910,易方达供给改革混合,混合型-灵活,2017-01-25,5351687498.36,易方达基金,53.52
003598,华商润丰灵活配置混合A,混合型-灵活,2017-01-25,5317689485.26,华商基金,53.18
001410,信澳新能源产业股票A,股票型,2015-07-31,5316476545.33,信达澳亚基金,53.16
159549,红利低波ETF天弘,指数型-股票,2023-11-23,5315481029.45,天弘基金,53.15
013841,银华集成电路混合C,混合型-偏股,2021-12-08,5292438621.03,银华基金,52.92
512680,军工ETF广发,指数型-股票,2016-08-30,5287898524.69,广发基金,52.88
011724,东方红启恒三年持有混合B,混合型-偏股,2021-04-21,5270142866.27,东方红资产管理,52.7
009049,易方达高端制造混合发起式A,混合型-偏股,2020-03-16,5228550964.71,易方达基金,52.29
513310,中韩半导体ETF华泰柏瑞,指数型-海外股票,2022-11-02,5214812933.64,华泰柏瑞基金,52.15
512980,传媒ETF广发,指数型-股票,2017-12-27,5210275883.77,广发基金,52.1
001513,易方达信息产业混合A,混合型-偏股,2016-09-27,5210065474.86,易方达基金,52.1
159938,医药ETF广发,指数型-股票,2014-12-01,5207323578.78,广发基金,52.07
015916,永赢医药创新智选混合发起C,混合型-偏股,2022-11-22,5182132924.21,永赢基金,51.82
017437,华宝纳斯达克精选股票发起式(QDII)C,QDII-普通股票,2023-03-02,5174740416.83,华宝基金,51.75
000021,华夏优势增长混合,混合型-偏股,2006-11-24,5171319602.98,华夏基金,51.71
002170,东吴移动互联混合C,混合型-灵活,2015-11-26,5169571218.9,东吴基金,51.7
161028,富国中证新能源汽车指数(LOF)A,指数型-股票,2015-03-30,5151831911.91,富国基金,51.52
510810,上海国企ETF汇添富,指数型-股票,2016-07-28,5136401490.34,汇添富基金,51.36
005225,广发量化多因子混合A,混合型-灵活,2018-03-21,5127583569.16,广发基金,51.28
515800,中证800ETF汇添富,指数型-股票,2019-10-08,5119432308.13,汇添富基金,51.19
023452,中欧信息科技混合发起C,混合型-偏股,2025-02-26,5117055711.14,中欧基金,51.17
560610,A500ETF招商,指数型-股票,2024-09-26,5108019687.82,招商基金,51.08
513690,港股红利ETF博时,指数型-股票,2021-05-11,5085691824.4,博时基金,50.86
010624,富国稳健增长混合A,混合型-偏股,2021-04-28,5083371281.42,富国基金,50.83
159608,稀有金属ETF广发,指数型-股票,2021-12-15,5080558133.94,广发基金,50.81
159736,食品饮料ETF天弘,指数型-股票,2021-09-09,5057245135.77,天弘基金,50.57
020274,富国中证细分化工产业主题ETF发起式联接C,指数型-股票,2023-12-26,5040628899.8,富国基金,50.41
006551,中庚价值领航混合,混合型-偏股,2018-12-19,5020465338.4,中庚基金,50.2
100032,富国中证红利指数增强A,指数型-股票,2008-11-20,5012151017.51,富国基金,50.12
162703,广发小盘成长混合(LOF)A,混合型-偏股,2005-02-02,4991511738.52,广发基金,49.92
014806,国金量化精选混合C,混合型-偏股,2022-03-18,4989500773.31,国金基金,49.9
513160,港股科技ETF银华,指数型-股票,2022-01-17,4938753160.81,银华基金,49.39
017477,安信睿见优选混合A,混合型-偏股,2023-04-25,4935423295.19,安信基金,49.35
008987,广发上海金ETF联接C,指数型-其他,2020-08-05,4930152058.71,广发基金,49.3
520990,港股央企红利ETF景顺,指数型-股票,2024-06-26,4928876910.15,景顺长城基金,49.29
501054,东方红睿泽三年持有混合A,混合型-偏股,2018-01-31,4884032160.29,东方红资产管理,48.84
017967,华富新能源股票型发起式C,股票型,2023-02-23,4860835436.24,华富基金,48.61
014287,泰康新锐成长混合A,混合型-偏股,2022-12-09,4852399381.44,泰康基金,48.52
518860,上海金ETF建信,指数型-其他,2020-08-05,4848958256.44,建信基金,48.49
515170,食品饮料ETF华夏,指数型-股票,2020-12-30,4839678952.25,华夏基金,48.4
002251,华夏军工安全混合A,混合型-灵活,2016-03-22,4839015367.19,华夏基金,48.39
159307,红利低波100ETF博时,指数型-股票,2024-04-16,4837000700.35,博时基金,48.37
515290,银行ETF天弘,指数型-股票,2020-12-11,4831971687.82,天弘基金,48.32
160505,博时主题行业混合(LOF),混合型-偏股,2005-01-06,4827037720.64,博时基金,48.27
016531,鹏华碳中和主题混合C,混合型-偏股,2023-05-05,4822086755.59,鹏华基金,48.22
012348,天弘恒生科技ETF联接A,指数型-海外股票,2021-07-06,4814404427.72,天弘基金,48.14
000480,东方红新动力混合A,混合型-灵活,2014-01-28,4809050051.78,东方红资产管理,48.09
004070,南方中证全指证券公司ETF联接C,指数型-股票,2017-03-08,4801524553.69,南方基金,48.02
001856,易方达环保主题混合A,混合型-灵活,2017-06-02,4796157407.43,易方达基金,47.96
110009,易方达价值精选混合,混合型-偏股,2006-06-13,4789194303.52,易方达基金,47.89
018463,德邦稳盈增长灵活配置混合C,混合型-灵活,2023-05-11,4775023178.88,德邦基金,47.75
159742,恒生科技ETF博时,指数型-海外股票,2021-05-17,4758104301.12,博时基金,47.58
004010,华泰柏瑞鼎利灵活配置混合A,混合型-灵活,2016-12-22,4755105006.46,华泰柏瑞基金,47.55
011399,汇添富数字未来混合A,混合型-偏股,2021-02-24,4751247560.43,汇添富基金,47.51
159865,养殖ETF国泰,指数型-股票,2021-03-01,4740547186.01,国泰基金,47.41
040048,华安纳斯达克100ETF联接(QDII)A美元现汇,指数型-海外股票,2013-08-02,4702760021.66,华安基金,47.03
040046,华安纳斯达克100ETF联接(QDII)A,指数型-海外股票,2013-08-02,4702760021.66,华安基金,47.03
040047,华安纳斯达克100ETF联接(QDII)A美元现钞,指数型-海外股票,2013-08-02,4702760021.66,华安基金,47.03
513910,港股通央企红利ETF华夏,指数型-股票,2024-02-07,4701567968.01,华夏基金,47.02
011036,嘉实中证稀土产业ETF联接C,指数型-股票,2021-08-03,4672519247.12,嘉实基金,46.73
012967,广发行业严选三年持有期混合A,混合型-偏股,2021-08-26,4660996254.18,广发基金,46.61
005911,广发双擎升级混合A,混合型-偏股,2018-11-02,4653156264.36,广发基金,46.53
159558,半导体设备ETF易方达,指数型-股票,2024-06-06,4640114879.64,易方达基金,46.4
007509,华商润丰灵活配置混合C,混合型-灵活,2019-06-19,4627357326.06,华商基金,46.27
100038,富国沪深300指数增强A,指数型-股票,2009-12-16,4617123087.32,富国基金,46.17
017102,大摩数字经济混合A,混合型-偏股,2023-03-02,4607906074.2,摩根士丹利基金,46.08
014855,嘉实中证半导体指数增强发起式C,指数型-股票,2022-04-22,4601895863.41,嘉实基金,46.02
561360,石油ETF国泰,指数型-股票,2023-10-23,4584133767.36,国泰基金,45.84
002011,华夏红利混合,混合型-灵活,2005-06-30,4579495586.57,华夏基金,45.79
002692,富国创新科技混合A,混合型-偏股,2016-06-16,4577834565.71,富国基金,45.78
513650,标普500ETF南方,指数型-海外股票,2023-03-23,4574967772.26,南方基金,45.75
588750,科创芯片ETF汇添富,指数型-股票,2024-12-18,4570495238.0,汇添富基金,45.7
013402,华夏恒生科技ETF发起式联接(QDII)A,指数型-海外股票,2021-09-28,4562870739.43,华夏基金,45.63
018505,景顺长城周期优选混合C,混合型-偏股,2023-08-29,4560705604.76,景顺长城基金,45.61
005379,汇添富价值创造定开混合,混合型-偏股,2018-01-19,4555484928.69,汇添富基金,45.55
159783,科创创业50ETF华夏,指数型-股票,2021-06-24,4552464649.99,华夏基金,45.52
013641,博道成长智航股票A,股票型,2021-10-26,4550459660.98,博道基金,45.5
010730,银华心佳两年持有期混合,混合型-偏股,2021-01-08,4539446020.84,银华基金,45.39
159593,中证A50ETF平安,指数型-股票,2024-03-04,4536457628.76,平安基金,45.36
515030,新能源车ETF华夏,指数型-股票,2020-02-20,4522487668.24,华夏基金,45.22
005875,易方达中盘成长混合,混合型-偏股,2018-07-04,4521214731.25,易方达基金,45.21
513580,恒生科技ETF华安,指数型-海外股票,2021-05-20,4515967214.66,华安基金,45.16
017484,财通资管数字经济混合发起式C,混合型-偏股,2022-12-26,4511346991.0,财通资管,45.11
009570,鹏华匠心精选混合A,混合型-偏股,2020-07-10,4505736238.19,鹏华基金,45.06
159948,创业板ETF南方,指数型-股票,2016-05-13,4499342881.91,南方基金,44.99
588790,科创AIETF博时,指数型-股票,2024-12-31,4495416683.33,博时基金,44.95
006111,泰康弘实3月定开混合,混合型-偏股,2018-08-23,4484946917.72,泰康基金,44.85
022431,华夏中证A500ETF联接C,指数型-股票,2024-10-31,4477170967.86,华夏基金,44.77
515230,软件ETF国泰,指数型-股票,2021-02-03,4462221624.85,国泰基金,44.62
562060,标普A股红利ETF华宝,指数型-股票,2023-12-08,4454255227.65,华宝基金,44.54
008269,大成睿享混合A,混合型-偏股,2019-12-30,4422503685.23,大成基金,44.23
159652,有色ETF汇添富,指数型-股票,2023-01-16,4412165960.1,汇添富基金,44.12
090018,大成新锐产业混合A,混合型-偏股,2012-03-20,4404434151.43,大成基金,44.04
510900,恒生中国企业ETF易方达,指数型-海外股票,2012-08-09,4398302523.46,易方达基金,43.98
018993,中欧数字经济混合发起A,混合型-偏股,2023-09-12,4395641825.71,中欧基金,43.96
513660,恒生ETF华夏,指数型-股票,2014-12-23,4379796626.39,华夏基金,43.8
202003,南方绩优成长混合A,混合型-偏股,2006-11-16,4372991901.1,南方基金,43.73
010391,易方达战略新兴产业股票A,股票型,2021-01-13,4360870273.76,易方达基金,43.61
000043,嘉实美国成长股票人民币,QDII-普通股票,2013-06-14,4343848077.91,嘉实基金,43.44
481001,工银核心价值混合A,混合型-偏股,2005-08-31,4342681716.6,工银瑞信基金,43.43
050002,博时沪深300指数A,指数型-股票,2003-08-26,4341039648.01,博时基金,43.41
161604,融通深证100指数A,指数型-股票,2003-09-30,4329398577.05,融通基金,43.29
513020,港股科技ETF国泰,指数型-股票,2022-01-19,4326027154.91,国泰基金,43.26
000751,嘉实新兴产业股票,股票型,2014-09-17,4305111111.34,嘉实基金,43.05
011370,华商均衡成长混合C,混合型-偏股,2021-04-08,4304291631.24,华商基金,43.04
162412,华宝医疗ETF联接A,指数型-股票,2015-05-21,4303979492.69,华宝基金,43.04
007356,汇添富科技创新混合C,混合型-灵活,2019-05-06,4300072038.36,汇添富基金,43.0
561910,电池ETF招商,指数型-股票,2021-08-04,4299764408.9,招商基金,43.0
003693,大成景尚灵活配置混合C,混合型-灵活,2016-11-11,4298427643.93,大成基金,42.98
018836,广发成长启航混合C,混合型-偏股,2024-03-19,4274478888.94,广发基金,42.74
001593,天弘创业板ETF联接C,指数型-股票,2015-07-08,4250624323.76,天弘基金,42.51
510230,金融ETF国泰,指数型-股票,2011-03-31,4228150772.74,国泰基金,42.28
159316,港股通创新药ETF易方达,指数型-股票,2025-03-18,4206272708.74,易方达基金,42.06
007449,兴全多维价值混合A,混合型-偏股,2019-06-12,4197517562.59,兴证全球基金,41.98
010350,景顺长城品质长青混合A,混合型-偏股,2021-02-09,4184925329.32,景顺长城基金,41.85
022434,南方中证A500ETF联接A,指数型-股票,2024-11-12,4174689885.13,南方基金,41.75
159605,中概互联ETF广发,指数型-海外股票,2021-11-24,4169734241.49,广发基金,41.7
011066,大成高鑫股票C,股票型,2020-12-25,4167144379.83,大成基金,41.67
519688,交银精选混合,混合型-偏股,2005-09-29,4162598973.03,交银施罗德基金,41.63
270005,广发聚丰混合A,混合型-偏股,2005-12-23,4151965710.85,广发基金,41.52
159682,创业板50ETF景顺,指数型-股票,2022-12-23,4147744210.67,景顺长城基金,41.48
006567,中泰星元灵活配置混合A,混合型-灵活,2018-12-05,4111904125.91,中泰证券(上海)资管,41.12
588090,科创50ETF华泰柏瑞,指数型-股票,2020-09-28,4100890919.98,华泰柏瑞基金,41.01
021286,广发安盈混合E,混合型-灵活,2024-04-18,4083525907.5,广发基金,40.84
010625,富国稳健增长混合C,混合型-偏股,2021-04-28,4068843652.98,富国基金,40.69
110013,易方达科翔混合,混合型-偏股,2008-11-13,4052999154.36,易方达基金,40.53
159232,自由现金流ETF南方,指数型-股票,2025-04-23,4049500551.14,南方基金,40.5
006228,中欧医疗创新股票A,股票型,2019-02-28,4046577702.23,中欧基金,40.47
000248,汇添富中证主要消费ETF联接A,指数型-股票,2015-03-24,4044633048.9,汇添富基金,40.45
518890,上海金ETF中银,指数型-其他,2020-08-28,4022945912.78,中银基金,40.23
006195,国金量化多因子股票A,股票型,2018-10-31,4016545602.33,国金基金,40.17
159353,中证A500ETF景顺,指数型-股票,2024-09-24,3997081826.01,景顺长城基金,39.97
001632,天弘中证食品饮料ETF联接C,指数型-股票,2015-07-29,3985416161.13,天弘基金,39.85
159859,生物医药ETF天弘,指数型-股票,2021-06-24,3983327371.04,天弘基金,39.83
513110,纳指ETF华泰柏瑞,指数型-海外股票,2023-03-01,3962279241.13,华泰柏瑞基金,39.62
008286,易方达研究精选股票,股票型,2020-02-21,3961429203.96,易方达基金,39.61
013566,华夏军工安全混合C,混合型-灵活,2021-12-06,3959891172.4,华夏基金,39.6
011363,南方兴润价值一年持有混合A,混合型-灵活,2021-02-03,3956596340.35,南方基金,39.57
023451,中欧信息科技混合发起A,混合型-偏股,2025-02-26,3955440349.47,中欧基金,39.55
017436,华宝纳斯达克精选股票发起式(QDII)A,QDII-普通股票,2023-03-02,3950539975.88,华宝基金,39.51
008985,东方红启东三年持有混合,混合型-灵活,2020-03-16,3950385351.92,东方红资产管理,39.5
161017,富国中证500指数增强(LOF)A,指数型-股票,2011-10-12,3947184759.13,富国基金,39.47
163407,兴全沪深300指数(LOF)A,指数型-股票,2010-11-02,3943113066.17,兴证全球基金,39.43
320003,诺安先锋混合A,混合型-偏股,2005-12-19,3918401317.94,诺安基金,39.18
000075,华夏恒生ETF联接现汇,指数型-海外股票,2012-08-21,3912550689.35,华夏基金,39.13
000071,华夏恒生ETF联接A,指数型-海外股票,2012-08-21,3912550689.35,华夏基金,39.13
000076,华夏恒生ETF联接现钞,指数型-海外股票,2012-08-21,3912550689.35,华夏基金,39.13
004851,广发医疗保健股票A,股票型,2017-08-10,3907124072.03,广发基金,39.07
016858,国金量化多因子股票C,股票型,2022-10-14,3895660175.28,国金基金,38.96
519736,交银新成长混合,混合型-偏股,2014-05-09,3888207335.8,交银施罗德基金,38.88
018994,中欧数字经济混合发起C,混合型-偏股,2023-09-12,3886415907.1,中欧基金,38.86
009478,中银上海金ETF联接C,指数型-其他,2020-09-29,3879984884.26,中银基金,38.8
159981,能源化工ETF建信,指数型-其他,2019-12-13,3870409286.98,建信基金,38.7
161024,富国中证军工指数(LOF)A,指数型-股票,2014-04-04,3867534990.47,富国基金,38.68
010186,嘉实核心成长混合A,混合型-偏股,2020-10-28,3864552288.88,嘉实基金,38.65
501057,汇添富中证新能源汽车产业指数(LOF)A,指数型-股票,2018-05-23,3863335769.36,汇添富基金,38.63
017874,国金量化多策略C,混合型-灵活,2023-02-22,3863272342.84,国金基金,38.63
159801,芯片ETF广发,指数型-股票,2020-01-20,3857495846.79,广发基金,38.57
009505,富国上海金ETF联接C,指数型-其他,2020-07-24,3842047417.57,富国基金,38.42
519066,汇添富蓝筹稳健混合A,混合型-灵活,2008-07-08,3839302103.86,汇添富基金,38.39
510580,中证500ETF易方达,指数型-股票,2015-08-27,3827239912.24,易方达基金,38.27
007994,华夏中证500指数增强A,指数型-股票,2020-03-25,3806367510.33,华夏基金,38.06
007343,嘉实科技创新混合,混合型-偏股,2019-05-07,3791883265.06,嘉实基金,37.92
001811,中欧明睿新常态混合A,混合型-偏股,2016-03-03,3790137490.9,中欧基金,37.9
159227,航空航天ETF华夏,指数型-股票,2025-04-30,3789756209.45,华夏基金,37.9
515900,央企创新ETF博时,指数型-股票,2019-09-20,3788715767.15,博时基金,37.89
110005,易方达积极成长混合,混合型-偏股,2004-09-09,3779639293.36,易方达基金,37.8
015311,华泰柏瑞恒生科技ETF联接(QDII)C,指数型-海外股票,2022-08-23,3779498734.65,华泰柏瑞基金,37.79
018326,国泰海通创新成长混合发起C,混合型-偏股,2023-05-16,3774605602.2,国泰海通资管,37.75
159993,证券ETF鹏华,指数型-股票,2019-12-26,3765431709.82,鹏华基金,37.65
159696,纳指ETF易方达,指数型-海外股票,2023-08-17,3759783694.75,易方达基金,37.6
015968,永赢半导体产业智选混合发起C,混合型-偏股,2022-09-22,3751349847.39,永赢基金,37.51
012708,东方红中证红利低波动指数A,指数型-股票,2021-12-30,3748700890.49,东方红资产管理,37.49
519704,交银先进制造混合A,混合型-偏股,2011-06-22,3744962213.62,交银施罗德基金,37.45
159830,金ETF天弘,指数型-其他,2021-07-06,3742350966.63,天弘基金,37.42
001071,华安媒体互联网混合A,混合型-灵活,2015-05-15,3738429073.94,华安基金,37.38
019917,富国医药创新股票C,股票型,2024-03-12,3735866527.18,富国基金,37.36
022430,华夏中证A500ETF联接A,指数型-股票,2024-10-31,3733189340.75,华夏基金,37.33
004475,华泰柏瑞富利混合A,混合型-灵活,2017-09-12,3722017036.68,华泰柏瑞基金,37.22
000011,华夏大盘精选混合A,混合型-灵活,2004-08-11,3716283611.81,华夏基金,37.16
005583,易方达港股通红利混合A,混合型-灵活,2018-03-07,3714199725.47,易方达基金,37.14
012921,易方达全球成长精选混合(QDII)美元现汇A,QDII-混合偏股,2022-01-11,3704526938.71,易方达基金,37.05
012920,易方达全球成长精选混合(QDII)人民币A,QDII-混合偏股,2022-01-11,3704526938.71,易方达基金,37.05
004997,广发高端制造股票A,股票型,2017-09-01,3686694931.53,广发基金,36.87
512290,生物医药ETF国泰,指数型-股票,2019-04-18,3685487913.47,国泰基金,36.85
001595,天弘中证银行ETF联接C,指数型-股票,2015-07-08,3685380536.14,天弘基金,36.85
159218,卫星ETF招商,指数型-股票,2025-05-14,3684492608.97,招商基金,36.84
009341,易方达均衡成长股票,股票型,2020-05-22,3682091936.64,易方达基金,36.82
020877,中欧景气精选混合C,混合型-偏股,2024-04-23,3669170068.87,中欧基金,36.69
563390,全指现金流ETF华泰柏瑞,指数型-股票,2025-04-23,3667559429.15,华泰柏瑞基金,36.68
519702,交银趋势混合A,混合型-偏股,2010-12-22,3666942215.46,交银施罗德基金,36.67
017642,摩根标普500指数(QDII)美钞,指数型-海外股票,2023-04-06,3661555344.2,摩根基金(中国),36.62
017643,摩根标普500指数(QDII)美汇,指数型-海外股票,2023-04-06,3661555344.2,摩根基金(中国),36.62
017641,摩根标普500指数(QDII)人民币A,指数型-海外股票,2023-04-06,3661555344.2,摩根基金(中国),36.62
002168,嘉实智能汽车股票,股票型,2016-02-04,3660351882.53,嘉实基金,36.6
160605,鹏华中国50混合,混合型-灵活,2004-05-12,3655622990.1,鹏华基金,36.56
001481,华宝标普油气上游股票美元A,指数型-海外股票,2015-06-18,3649419690.95,华宝基金,36.49
162411,华宝标普油气上游股票人民币A,指数型-海外股票,2011-09-29,3649419690.95,华宝基金,36.49
001917,招商量化精选股票A,股票型,2016-03-15,3647210786.26,招商基金,36.47
100022,富国天瑞强势混合A,混合型-灵活,2005-04-05,3636012444.25,富国基金,36.36
009034,建信上海金ETF联接C,指数型-其他,2020-08-05,3621448217.14,建信基金,36.21
009863,富国创新趋势股票A,股票型,2020-07-27,3619213595.43,富国基金,36.19
009707,工银新兴制造混合A,混合型-偏股,2020-08-20,3617492605.29,工银瑞信基金,36.17
018824,国金智享量化选股混合C,混合型-偏股,2023-08-22,3610068810.86,国金基金,36.1
110001,易方达平稳增长混合,混合型-平衡,2002-08-23,3603877599.98,易方达基金,36.04
588290,科创芯片ETF华安,指数型-股票,2022-09-30,3603737220.49,华安基金,36.04
010826,大成产业趋势混合A,混合型-偏股,2021-02-09,3601482434.63,大成基金,36.01
002119,广发安盈混合C,混合型-灵活,2016-12-09,3598736048.95,广发基金,35.99
009014,泓德睿泽混合,混合型-偏股,2020-03-04,3597266078.66,泓德基金,35.97
159660,纳指ETF汇添富,指数型-海外股票,2023-03-30,3595271075.35,汇添富基金,35.95
009318,南方成长先锋混合A,混合型-偏股,2020-06-12,3575096230.24,南方基金,35.75
513860,港股通科技ETF海富通,指数型-股票,2021-06-17,3564452902.87,海富通基金,35.64
519995,长信金利趋势混合A,混合型-偏股,2006-04-30,3560892791.27,长信基金,35.61
563300,中证2000ETF华泰柏瑞,指数型-股票,2023-09-06,3560007179.96,华泰柏瑞基金,35.6
009051,易方达中证红利ETF联接发起式A,指数型-股票,2020-07-08,3536033050.88,易方达基金,35.36
002021,华夏回报二号混合,混合型-平衡,2006-08-14,3517221542.96,华夏基金,35.17
000404,易方达新兴成长灵活配置,混合型-灵活,2013-11-28,3510434487.31,易方达基金,35.1
515650,消费50ETF富国,指数型-股票,2019-10-14,3506292680.92,富国基金,35.06
159967,创业板成长ETF华夏,指数型-股票,2019-06-21,3486164416.1,华夏基金,34.86
002939,广发创新升级混合,混合型-灵活,2016-08-24,3463688172.01,广发基金,34.64
008887,华夏国证半导体芯片ETF联接A,指数型-股票,2020-06-02,3455930270.89,华夏基金,34.56
000834,大成纳斯达克100ETF联接(QDII)A,指数型-海外股票,2014-11-13,3453141201.53,大成基金,34.53
018147,建信新兴市场混合(QDII)C,QDII-混合偏股,2023-03-17,3448642237.33,建信基金,34.49
007802,兴全合泰混合A,混合型-偏股,2019-10-17,3445449111.83,兴证全球基金,34.45
009556,兴全合丰三年持有混合,混合型-偏股,2020-08-28,3442859769.64,兴证全球基金,34.43
515380,沪深300ETF泰康,指数型-股票,2019-12-27,3437091093.09,泰康基金,34.37
009714,华安聚优精选混合,混合型-偏股,2020-07-16,3434073168.49,华安基金,34.34
021031,汇添富国证港股通创新药ETF发起式联接C,指数型-股票,2024-04-19,3431868183.45,汇添富基金,34.32
630002,华商盛世成长混合,混合型-偏股,2008-09-23,3427323591.17,华商基金,34.27
001018,易方达新经济混合,混合型-灵活,2015-02-12,3419398693.59,易方达基金,34.19
090013,大成竞争优势混合A,混合型-偏股,2011-04-20,3413936424.07,大成基金,34.14
000746,招商行业精选股票基金,股票型,2014-09-03,3411920095.7,招商基金,34.12
014320,德邦半导体产业混合发起式C,混合型-偏股,2021-12-28,3399407067.08,德邦基金,33.99
180031,银华中小盘混合,混合型-偏股,2012-06-20,3392513363.45,银华基金,33.93
159655,标普500ETF华夏,指数型-海外股票,2022-10-12,3385531398.34,华夏基金,33.86
100061,富国中国中小盘混合(QDII)人民币A,QDII-混合偏股,2012-09-04,3380717975.43,富国基金,33.81
010591,富国中国中小盘混合(QDII)美元,QDII-混合偏股,2020-11-09,3380717975.43,富国基金,33.81
020341,工银黄金ETF联接E,指数型-其他,2024-01-06,3377960149.82,工银瑞信基金,33.78
001875,前海开源沪港深优势精选混合A,混合型-灵活,2016-04-19,3377512532.03,前海开源基金,33.78
159235,中证现金流ETF大成,指数型-股票,2025-04-23,3372833111.05,大成基金,33.73
018123,永赢数字经济智选混合发起C,混合型-偏股,2023-04-10,3371291181.54,永赢基金,33.71
519133,海富通改革驱动混合,混合型-灵活,2016-04-28,3367265051.9,海富通基金,33.67
560780,半导体设备ETF广发,指数型-股票,2023-12-01,3361066273.81,广发基金,33.61
470009,汇添富民营活力混合,混合型-偏股,2010-05-05,3354271029.44,汇添富基金,33.54
011612,华夏科创50ETF联接A,指数型-股票,2021-03-04,3351880877.93,华夏基金,33.52
018835,广发成长启航混合A,混合型-偏股,2024-03-19,3351625623.41,广发基金,33.52
014562,易方达品质动能三年持有混合A,混合型-偏股,2022-07-07,3346561208.87,易方达基金,33.47
009708,工银新兴制造混合C,混合型-偏股,2020-08-20,3341451655.87,工银瑞信基金,33.41
000478,建信中证500指数增强A,指数型-股票,2014-01-27,3331718965.76,建信基金,33.32
008115,天弘中证红利低波动100联接C,指数型-股票,2019-12-10,3330688017.78,天弘基金,33.31
161128,易方达标普信息科技指数(QDII-LOF)A(人民币),指数型-海外股票,2016-12-13,3328617144.29,易方达基金,33.29
003721,易方达标普信息科技指数(QDII-LOF)A(美元现汇),指数型-海外股票,2016-12-13,3328617144.29,易方达基金,33.29
588190,科创100ETF银华,指数型-股票,2023-09-06,3323130865.07,银华基金,33.23
513530,港股通红利ETF华泰柏瑞,指数型-海外股票,2022-04-08,3316245075.4,华泰柏瑞基金,33.16
011006,工银圆丰三年持有期混合,混合型-偏股,2021-01-13,3315180101.05,工银瑞信基金,33.15
004744,易方达创业板ETF联接C,指数型-股票,2017-06-02,3311734809.14,易方达基金,33.12
005598,广发中小盘精选混合A,混合型-偏股,2018-05-04,3307494370.33,广发基金,33.07
021277,广发全球精选股票(QDII)人民币C,QDII-普通股票,2024-04-18,3306518640.01,广发基金,33.07
560530,中证A500ETF摩根,指数型-股票,2024-09-24,3305739578.27,摩根基金(中国),33.06
001338,安信稳健增值混合C,混合型-灵活,2015-05-25,3301869047.02,安信基金,33.02
019448,华夏全球科技先锋混合(QDII)A(美元现钞),QDII-混合偏股,2023-09-19,3299881689.67,华夏基金,33.0
019447,华夏全球科技先锋混合(QDII)A(美元现汇),QDII-混合偏股,2023-09-19,3299881689.67,华夏基金,33.0
005698,华夏全球科技先锋混合(QDII)A(人民币),QDII-混合偏股,2018-04-17,3299881689.67,华夏基金,33.0
015039,长信金利趋势混合C,混合型-偏股,2022-02-15,3296237613.23,长信基金,32.96
513390,纳指100ETF博时,指数型-海外股票,2023-04-19,3293633656.26,博时基金,32.94
011173,银华心享一年持有期混合,混合型-偏股,2021-03-04,3290397014.93,银华基金,32.9
011120,富国创新科技混合C,混合型-偏股,2020-12-28,3283099349.86,富国基金,32.83
561980,半导体设备ETF招商,指数型-股票,2023-08-21,3273149737.63,招商基金,32.73
022700,睿远港股通核心价值混合A,混合型-偏股,2024-12-24,3270839754.84,睿远基金,32.71
110025,易方达资源行业混合,混合型-偏股,2011-08-16,3263943381.22,易方达基金,32.64
010827,大成产业趋势混合C,混合型-偏股,2021-02-09,3263664946.4,大成基金,32.64
012709,东方红中证红利低波动指数C,指数型-股票,2021-12-30,3263284216.61,东方红资产管理,32.63
012733,易方达中证人工智能主题ETF联接A,指数型-股票,2022-03-01,3260057546.47,易方达基金,32.6
110023,易方达医疗保健行业混合A,混合型-偏股,2011-01-28,3251407747.36,易方达基金,32.51
016453,南方纳斯达克100指数发起(QDII)C,指数型-海外股票,2022-11-29,3250138882.23,南方基金,32.5
010213,中欧互联网先锋混合A,混合型-偏股,2020-10-12,3246335826.56,中欧基金,32.46
510350,沪深300ETF工银,指数型-股票,2019-05-20,3240241505.3,工银瑞信基金,32.4
560050,中国A50ETF汇添富,指数型-股票,2021-10-29,3239420802.74,汇添富基金,32.39
010894,鹏华汇智优选混合A,混合型-偏股,2021-01-08,3209000690.52,鹏华基金,32.09
011840,天弘中证人工智能C,指数型-股票,2021-08-17,3207388052.15,天弘基金,32.07
016530,鹏华碳中和主题混合A,混合型-偏股,2023-05-05,3206312521.07,鹏华基金,32.06
159825,农业ETF富国,指数型-股票,2020-12-10,3201601626.47,富国基金,32.02
001437,易方达瑞享混合I,混合型-灵活,2015-06-26,3198733975.13,易方达基金,31.99
515210,钢铁ETF国泰,指数型-股票,2020-01-22,3198167908.21,国泰基金,31.98
005176,富国精准医疗混合A,混合型-灵活,2017-11-16,3185690401.79,富国基金,31.86
159603,科创创业ETF天弘,指数型-股票,2022-05-26,3183228189.44,天弘基金,31.83
513820,港股通红利ETF汇添富,指数型-股票,2024-04-24,3177104262.49,汇添富基金,31.77
118001,易方达亚洲精选股票,QDII-普通股票,2010-01-21,3168693820.06,易方达基金,31.69
001816,汇添富新睿精选混合A,混合型-灵活,2016-12-21,3158290368.75,汇添富基金,31.58
519068,汇添富成长焦点混合,混合型-偏股,2007-03-12,3157127367.58,汇添富基金,31.57
003984,嘉实新能源新材料股票A,股票型,2017-03-16,3151005238.27,嘉实基金,31.51
007490,南方信息创新混合A,混合型-偏股,2019-06-19,3148788838.98,南方基金,31.49
100020,富国天益价值混合A,混合型-灵活,2004-06-15,3140432087.07,富国基金,31.4
008319,博道久航混合C,混合型-偏股,2019-12-24,3136126347.05,博道基金,31.36
560280,工程机械ETF广发,指数型-股票,2023-10-18,3132782313.98,广发基金,31.33
512040,价值100ETF富国,指数型-股票,2018-11-07,3130455661.55,富国基金,31.3
560510,中证A500ETF泰康,指数型-股票,2024-09-27,3126784814.89,泰康基金,31.27
159697,石油ETF鹏华,指数型-股票,2023-04-17,3123874063.25,鹏华基金,31.24
159623,成渝经济圈ETF博时,指数型-股票,2022-08-15,3121883970.6,博时基金,31.22
510100,上证50ETF易方达,指数型-股票,2019-09-06,3116849808.63,易方达基金,31.17
016452,南方纳斯达克100指数发起(QDII)A,指数型-海外股票,2022-11-29,3110624090.49,南方基金,31.11
512930,AI人工智能ETF平安,指数型-股票,2019-07-12,3101423324.97,平安基金,31.01
017103,大摩数字经济混合C,混合型-偏股,2023-03-02,3093910819.68,摩根士丹利基金,30.94
159625,绿色电力ETF嘉实,指数型-股票,2022-04-21,3093523189.02,嘉实基金,30.94
014662,天弘黄金ETF联接C,指数型-其他,2022-03-02,3089168777.88,天弘基金,30.89
018124,永赢先进制造智选混合发起A,混合型-偏股,2023-05-04,3082427247.13,永赢基金,30.82
009776,中欧阿尔法混合A,混合型-偏股,2020-08-20,3080159195.26,中欧基金,30.8
560090,证券ETF汇添富,指数型-股票,2023-02-27,3073355842.65,汇添富基金,30.73
011665,汇添富数字经济引领发展三年持有混合A,混合型-偏股,2021-07-20,3071954581.61,汇添富基金,30.72
006131,华泰柏瑞沪深300ETF联接C,指数型-股票,2018-07-02,3070846694.86,华泰柏瑞基金,30.71
006751,富国互联科技股票A,股票型,2019-03-26,3070275608.06,富国基金,30.7
375010,摩根中国优势混合A,混合型-灵活,2004-09-15,3067754676.23,摩根基金(中国),30.68
206009,鹏华新兴产业混合A,混合型-偏股,2011-06-15,3063840697.56,鹏华基金,30.64
513950,恒生红利ETF富国,指数型-海外股票,2023-04-19,3058700154.38,富国基金,30.59
019875,广发稀有金属ETF联接C,指数型-股票,2023-12-26,3048656240.66,广发基金,30.49
040008,华安策略优选混合A,混合型-偏股,2007-08-02,3042607166.03,华安基金,30.43
010854,汇添富沪深300基本面增强指数A,指数型-股票,2021-01-20,3042029413.62,汇添富基金,30.42
009951,广发稳健回报混合A,混合型-平衡,2020-08-17,3035260870.05,广发基金,30.35
515000,科技ETF华宝,指数型-股票,2019-07-22,3029219496.56,华宝基金,30.29
008164,南方标普红利低波50ETF联接C,指数型-股票,2020-01-21,3025395719.49,南方基金,30.25
018504,景顺长城周期优选混合A,混合型-偏股,2023-08-29,3023687417.28,景顺长城基金,30.24
163418,兴全合兴混合A,混合型-偏股,2021-01-12,3014977249.67,兴证全球基金,30.15
000940,富国中小盘精选混合A,混合型-偏股,2015-01-23,3007034028.78,富国基金,30.07
014143,银河创新成长混合C,混合型-偏股,2021-11-22,3005694900.02,银河基金,30.06
159506,港股通医疗ETF富国,指数型-股票,2023-06-14,3003839119.69,富国基金,30.04
008701,华夏黄金ETF联接A,指数型-其他,2020-07-16,3001051204.4,华夏基金,30.01
013642,博道成长智航股票C,股票型,2021-10-26,2997662201.04,博道基金,29.98
270006,广发策略优选混合,混合型-灵活,2006-05-17,2991299213.44,广发基金,29.91
006373,国富全球科技互联混合(QDII)人民币A,QDII-混合偏股,2018-11-20,2988757116.46,国海富兰克林基金,29.89
022701,睿远港股通核心价值混合C,混合型-偏股,2024-12-24,2988369312.96,睿远基金,29.88
000689,前海开源新经济混合A,混合型-灵活,2014-08-20,2985676291.61,前海开源基金,29.86
008989,大成科技创新混合C,混合型-偏股,2020-04-29,2981686319.15,大成基金,29.82
010289,景顺长城产业趋势混合A,混合型-偏股,2021-01-15,2973523855.3,景顺长城基金,29.74
023754,永赢信息产业智选混合发起C,混合型-偏股,2025-03-26,2963745094.35,永赢基金,29.64
001714,工银文体产业股票A,股票型,2015-12-30,2963548528.18,工银瑞信基金,29.64
260101,景顺长城优选混合,混合型-偏股,2003-10-24,2961864929.64,景顺长城基金,29.62
022653,华安黄金ETF联接I,指数型-其他,2024-11-19,2953951005.02,华安基金,29.54
000925,汇添富外延增长股票A,股票型,2014-12-08,2950042503.9,汇添富基金,29.5
007531,华宝券商ETF联接C,指数型-股票,2019-06-13,2939230540.51,华宝基金,29.39
159780,科创创业50ETF南方,指数型-股票,2021-06-24,2938249104.93,南方基金,29.38
260112,景顺长城能源基建混合A,混合型-偏股,2009-10-20,2933092949.65,景顺长城基金,29.33
010115,易方达远见成长混合A,混合型-偏股,2021-03-05,2932816829.78,易方达基金,29.33
014805,国金量化精选混合A,混合型-偏股,2022-03-18,2924431442.62,国金基金,29.24
013853,大成匠心卓越三年持有混合A,混合型-偏股,2022-06-07,2923786305.81,大成基金,29.24
022459,易方达中证A500ETF联接A,指数型-股票,2024-11-11,2920918153.96,易方达基金,29.21
004224,南方军工改革灵活配置混合A,混合型-灵活,2017-03-08,2918312096.3,南方基金,29.18
090007,大成策略回报混合A,混合型-偏股,2008-11-26,2915454288.01,大成基金,29.15
510360,沪深300ETF广发,指数型-股票,2015-08-20,2913488253.56,广发基金,29.13
001564,东方红京东大数据混合A,混合型-灵活,2015-07-31,2909208508.46,东方红资产管理,29.09
110010,易方达价值成长混合,混合型-灵活,2007-04-02,2908637816.48,易方达基金,29.09
001194,景顺长城稳健回报混合A,混合型-灵活,2015-04-10,2900432573.76,景顺长城基金,29.0
001323,东吴移动互联混合A,混合型-灵活,2015-05-27,2898560549.98,东吴基金,28.99
005267,嘉实价值精选股票A,股票型,2017-11-06,2898512870.24,嘉实基金,28.99
159959,央企ETF银华,指数型-股票,2018-10-22,2897313994.22,银华基金,28.97
159985,豆粕ETF华夏,指数型-其他,2019-09-24,2895460384.21,华夏基金,28.95
000311,景顺长城沪深300指数增强A,指数型-股票,2013-10-29,2894296731.6,景顺长城基金,28.94
166001,中欧新趋势混合A,混合型-偏股,2007-01-29,2892899622.08,中欧基金,28.93
010013,易方达信息行业精选股票A,股票型,2020-08-24,2886650389.37,易方达基金,28.87
010595,广发成长精选混合A,混合型-偏股,2021-01-20,2886081949.08,广发基金,28.86
011056,博时汇兴回报一年持有期混合,混合型-灵活,2021-01-14,2885181241.9,博时基金,28.85
001184,易方达新常态灵活配置混合,混合型-灵活,2015-04-30,2883812588.83,易方达基金,28.84
006229,中欧医疗创新股票C,股票型,2019-02-28,2881026023.97,中欧基金,28.81
561560,电力ETF华泰柏瑞,指数型-股票,2022-04-26,2866463318.41,华泰柏瑞基金,28.66
005051,摩根标普港股通低波红利指数A,指数型-股票,2017-12-04,2860479353.99,摩根基金(中国),28.6
010377,广发价值核心混合A,混合型-偏股,2021-01-22,2859958523.3,广发基金,28.6
016371,信澳业绩驱动混合C,混合型-偏股,2022-08-25,2850026689.92,信达澳亚基金,28.5
021075,华夏中证沪深港黄金产业股票ETF发起式联接C,指数型-股票,2024-05-08,2846839732.69,华夏基金,28.47
516780,稀土ETF华泰柏瑞,指数型-股票,2021-02-26,2841565732.38,华泰柏瑞基金,28.42
003745,广发多元新兴股票,股票型,2017-04-25,2833488257.63,广发基金,28.33
540008,汇丰晋信低碳先锋股票A,股票型,2010-06-08,2827777688.59,汇丰晋信基金,28.28
009265,易方达消费精选股票,股票型,2020-04-13,2824613195.41,易方达基金,28.25
512670,国防ETF鹏华,指数型-股票,2019-07-05,2823197719.97,鹏华基金,28.23
000619,东方红产业升级混合,混合型-灵活,2014-06-06,2814140447.52,东方红资产管理,28.14
010108,景顺长城核心招景混合A,混合型-偏股,2021-01-06,2805252237.64,景顺长城基金,28.05
011783,泓德睿源三年持有期混合,混合型-灵活,2021-04-21,2789321964.66,泓德基金,27.89
023037,中欧资源精选混合发起C,混合型-偏股,2025-01-21,2780694920.73,中欧基金,27.81
513550,港股通50ETF华泰柏瑞,指数型-股票,2020-12-30,2779822044.41,华泰柏瑞基金,27.8
023639,国泰A股电网设备ETF联接C,指数型-股票,2025-03-24,2778614057.42,国泰基金,27.79
009929,南方创新驱动混合A,混合型-偏股,2020-08-28,2776611449.3,南方基金,27.77
519772,交银新生活力灵活配置混合A,混合型-灵活,2016-11-11,2769128942.68,交银施罗德基金,27.69
501058,汇添富中证新能源汽车产业指数(LOF)C,指数型-股票,2018-05-23,2764994172.24,汇添富基金,27.65
007491,南方信息创新混合C,混合型-偏股,2019-06-19,2756172197.34,南方基金,27.56
001117,中欧精选定期开放混合A,混合型-灵活,2015-03-18,2755368478.69,中欧基金,27.55
011037,富国长期成长混合A,混合型-偏股,2021-07-06,2753466138.6,富国基金,27.53
513780,港股创新药ETF景顺,指数型-股票,2024-10-16,2751898277.45,景顺长城基金,27.52
008390,国联安沪深300ETF联接A,指数型-股票,2019-12-25,2747794069.33,国联安基金,27.48
010347,农银策略收益一年持有混合,混合型-偏股,2021-01-27,2746683891.95,农银汇理基金,27.47
001672,国寿安保智慧生活股票A,股票型,2015-09-01,2746347599.34,国寿安保基金,27.46
015947,兴业研究精选混合C,混合型-偏股,2022-06-17,2743731166.76,兴业基金,27.44
510760,上证指数ETF国泰,指数型-股票,2020-08-21,2742162183.29,国泰基金,27.42
000527,南方新优享灵活配置混合A,混合型-灵活,2014-02-26,2733849110.84,南方基金,27.34
519018,汇添富均衡增长混合,混合型-偏股,2006-08-07,2724735649.18,汇添富基金,27.25
720001,财通价值动量混合A,混合型-灵活,2011-12-01,2722427619.5,财通基金,27.22
010557,汇添富数字生活六个月持有混合,混合型-偏股,2020-11-18,2721087964.9,汇添富基金,27.21
022424,广发中证A500ETF联接A,指数型-股票,2024-11-05,2714746425.05,广发基金,27.15
160222,国泰国证食品饮料行业(LOF)A,指数型-股票,2014-10-23,2711993358.41,国泰基金,27.12
004432,南方有色金属ETF联接A,指数型-股票,2017-09-08,2709089197.57,南方基金,27.09
010902,博时成长领航混合A,混合型-灵活,2021-01-21,2704336173.63,博时基金,27.04
010680,华夏新兴成长股票A,股票型,2021-01-15,2701852510.72,华夏基金,27.02
020973,易方达机器人ETF联接C,指数型-股票,2024-05-21,2700612636.7,易方达基金,27.01
010761,华商甄选回报混合A,混合型-偏股,2021-01-19,2699772379.23,华商基金,27.0
008763,天弘越南市场股票发起(QDII)A,QDII-普通股票,2020-01-20,2699615482.44,天弘基金,27.0
018956,中航机遇领航混合发起A,混合型-偏股,2023-08-10,2698985340.26,中航基金,26.99
014038,交银启诚混合A,混合型-偏股,2021-12-08,2698210659.89,交银施罗德基金,26.98
001975,景顺长城环保优势股票,股票型,2016-03-15,2696662375.9,景顺长城基金,26.97
005802,汇添富智能制造股票A,股票型,2018-04-23,2695349342.11,汇添富基金,26.95
008919,永赢科技驱动A,混合型-偏股,2020-02-18,2693291990.33,永赢基金,26.93
008134,鹏华优选价值股票A,股票型,2019-12-17,2685995329.12,鹏华基金,26.86
012979,大成恒生科技ETF发起式联接A,指数型-海外股票,2021-09-09,2684503486.78,大成基金,26.85
519732,交银定期支付双息平衡混合,混合型-平衡,2013-09-04,2682219028.6,交银施罗德基金,26.82
002164,汇添富新睿精选混合C,混合型-灵活,2016-12-21,2679718265.19,汇添富基金,26.8
022502,国泰黄金ETF联接E,指数型-其他,2024-11-21,2667868970.06,国泰基金,26.68
520660,港股通央企红利ETF南方,指数型-股票,2024-06-26,2667709379.88,南方基金,26.68
019636,富国研究精选灵活配置混合D,混合型-灵活,2023-10-20,2667146020.94,富国基金,26.67
000001,华夏成长混合,混合型-灵活,2001-12-18,2644299859.12,华夏基金,26.44
159559,机器人ETF景顺,指数型-股票,2023-11-30,2639715497.43,景顺长城基金,26.4
011369,华商均衡成长混合A,混合型-偏股,2021-04-08,2638951401.36,华商基金,26.39
013840,银华集成电路混合A,混合型-偏股,2021-12-08,2624889548.63,银华基金,26.25
000697,汇添富移动互联股票A,股票型,2014-08-26,2623688793.72,汇添富基金,26.24
012323,华宝医疗ETF联接C,指数型-股票,2021-05-13,2620596534.87,华宝基金,26.21
501208,中欧创新未来混合(LOF),混合型-偏股,2020-10-09,2617510491.63,中欧基金,26.18
561330,矿业ETF国泰,指数型-股票,2022-10-19,2614631359.77,国泰基金,26.15
001616,嘉实环保低碳股票,股票型,2015-12-30,2611510584.06,嘉实基金,26.12
588800,科创100ETF华夏,指数型-股票,2023-11-08,2611384854.9,华夏基金,26.11
340007,兴全社会责任混合,混合型-偏股,2008-04-30,2608003757.75,兴证全球基金,26.08
519712,交银阿尔法核心混合A,混合型-偏股,2012-08-03,2604853060.14,交银施罗德基金,26.05
001373,易方达新丝路灵活配置混合,混合型-灵活,2015-05-27,2603576983.13,易方达基金,26.04
515660,沪深300ETF国联安,指数型-股票,2019-11-25,2592438223.6,国联安基金,25.92
002121,广发沪港深新起点股票A,股票型,2016-11-02,2591477204.77,广发基金,25.91
000965,汇丰晋信新动力混合A,混合型-偏股,2015-02-11,2585623462.48,汇丰晋信基金,25.86
513970,恒生消费ETF景顺,指数型-海外股票,2023-04-12,2583732933.72,景顺长城基金,25.84
014329,国联优势产业混合A,混合型-偏股,2022-01-25,2582316214.59,国联基金,25.82
003985,嘉实新能源新材料股票C,股票型,2017-03-16,2580808873.35,嘉实基金,25.81
007639,汇添富竞争优势灵活配置混合,混合型-灵活,2019-09-04,2579510395.04,汇添富基金,25.8
008271,大成优势企业混合A,混合型-偏股,2019-12-24,2577801984.16,大成基金,25.78
008591,天弘中证全指证券公司ETF联接C,指数型-股票,2019-12-20,2577409117.19,天弘基金,25.77
018409,中欧价值回报混合A,混合型-偏股,2023-06-09,2574549227.83,中欧基金,25.75
003027,安信新价值混合C,混合型-灵活,2016-08-19,2570197500.14,安信基金,25.7
000041,华夏全球股票(QDII)(人民币),QDII-普通股票,2007-10-09,2568970101.43,华夏基金,25.69
019549,华夏全球股票美元现汇(QDII),QDII-普通股票,2023-09-27,2568970101.43,华夏基金,25.69
019550,华夏全球股票美元现钞(QDII),QDII-普通股票,2023-09-27,2568970101.43,华夏基金,25.69
501203,易方达创新未来混合(LOF),混合型-偏股,2020-09-29,2568628215.74,易方达基金,25.69
160221,国泰国证有色金属行业指数(LOF)A,指数型-股票,2015-03-30,2565045295.29,国泰基金,25.65
159339,A500ETF银华,指数型-股票,2024-09-26,2558128795.55,银华基金,25.58
011822,易方达产业升级混合A,混合型-偏股,2021-07-23,2557872575.51,易方达基金,25.58
001790,国泰智能汽车股票A,股票型,2017-08-01,2557088169.51,国泰基金,25.57
588380,科创创业ETF富国,指数型-股票,2021-06-29,2550801802.37,富国基金,25.51
012863,汇添富中证电池主题ETF发起式联接C,指数型-股票,2021-08-11,2548080518.09,汇添富基金,25.48
011531,朱雀恒心一年持有混合,混合型-偏股,2021-03-01,2547564067.29,朱雀基金,25.48
519697,交银优势行业混合,混合型-灵活,2009-01-21,2545115286.94,交银施罗德基金,25.45
159925,沪深300ETF南方,指数型-股票,2013-02-18,2543993148.34,南方基金,25.44
022435,南方中证A500ETF联接C,指数型-股票,2024-11-12,2543805504.18,南方基金,25.44
010027,景顺长城核心中景一年持有混合,混合型-偏股,2020-12-16,2541967615.26,景顺长城基金,25.42
320016,诺安多策略混合A,混合型-偏股,2011-08-09,2540853835.26,诺安基金,25.41
012895,天弘中证科创创业50ETF联接C,指数型-股票,2021-07-16,2536318326.39,天弘基金,25.36
050009,博时新兴成长混合,混合型-偏股,2007-07-06,2534427417.74,博时基金,25.34
009808,易方达创新成长混合,混合型-偏股,2020-07-24,2530612231.6,易方达基金,25.31
014111,嘉实中证稀有金属主题ETF发起联接C,指数型-股票,2021-12-01,2529992067.09,嘉实基金,25.3
519196,万家新兴蓝筹A,混合型-灵活,2016-01-26,2522173140.46,万家基金,25.22
010196,易方达核心优势股票A,股票型,2021-01-28,2521864226.0,易方达基金,25.22
023350,诺安多策略混合C,混合型-偏股,2025-02-11,2521522815.05,诺安基金,25.22
022486,国金中证A500指数增强C,指数型-股票,2024-11-18,2517784567.94,国金基金,25.18
160630,鹏华中证国防指数(LOF)A,指数型-股票,2014-11-13,2515646207.16,鹏华基金,25.16
011401,汇添富成长精选混合A,混合型-偏股,2021-02-09,2513720033.05,汇添富基金,25.14
560080,中药ETF汇添富,指数型-股票,2022-09-26,2509924993.26,汇添富基金,25.1
007751,景顺长城沪港深红利成长低波指数A,指数型-股票,2019-09-06,2508067526.44,景顺长城基金,25.08
011425,广发优势成长股票A,股票型,2021-02-09,2504449256.71,广发基金,25.04
005609,富国军工主题混合A,混合型-偏股,2018-03-29,2503996440.1,富国基金,25.04
018329,泉果思源三年持有期混合A,混合型-偏股,2023-06-02,2503578173.22,泉果基金,25.04
008638,广发科技创新混合A,混合型-偏股,2019-12-25,2502587704.08,广发基金,25.03
000595,嘉实泰和混合,混合型-灵活,2014-04-04,2502081335.02,嘉实基金,25.02
019671,广发港股创新药ETF联接(QDII)C,指数型-海外股票,2023-10-31,2501341917.87,广发基金,25.01
007126,博道远航混合A,混合型-偏股,2019-04-30,2500910708.17,博道基金,25.01
004450,嘉实前沿科技沪港深股票A,股票型,2017-05-19,2497552383.82,嘉实基金,24.98
001438,易方达瑞享混合E,混合型-灵活,2015-06-26,2493172890.64,易方达基金,24.93
001409,工银互联网加股票,股票型,2015-06-05,2489905554.65,工银瑞信基金,24.9
163412,兴全轻资产混合(LOF),混合型-偏股,2012-04-05,2488853009.44,兴证全球基金,24.89
003412,鹏华弘康灵活配置混合C,混合型-灵活,2016-09-29,2484490641.81,鹏华基金,24.84
014155,国泰海通中证500指数增强A,指数型-股票,2021-12-15,2483788795.77,国泰海通资管,24.84
090010,大成中证红利指数A,指数型-股票,2010-02-02,2482742589.98,大成基金,24.83
562590,半导体设备ETF华夏,指数型-股票,2023-10-09,2477165904.93,华夏基金,24.77
160422,华安创业板50ETF联接A,指数型-股票,2017-04-11,2477003050.08,华安基金,24.77
002118,广发安盈混合A,混合型-灵活,2016-12-09,2475513723.07,广发基金,24.76
000961,天弘沪深300ETF联接A,指数型-股票,2015-01-20,2474493175.87,天弘基金,24.74
519195,万家品质生活混合A,混合型-灵活,2015-08-06,2469222847.82,万家基金,24.69
014642,摩根新兴动力混合C,混合型-偏股,2021-12-24,2465333590.48,摩根基金(中国),24.65
005847,富国沪港深业绩驱动混合型A,混合型-偏股,2018-07-27,2464502135.0,富国基金,24.65
519915,富国消费主题混合A,混合型-偏股,2014-12-12,2463649159.5,富国基金,24.64
005794,银华心怡灵活配置混合A,混合型-灵活,2018-07-05,2461782200.24,银华基金,24.62
015283,华安恒生科技ETF发起式联接(QDII)C,指数型-海外股票,2022-04-19,2459847525.93,华安基金,24.6
017973,易方达港股通优质增长混合A,混合型-偏股,2023-03-27,2457501815.99,易方达基金,24.58
013172,华夏恒生互联网科技业ETF联接(QDII)C,指数型-海外股票,2021-09-14,2438219294.41,华夏基金,24.38
001417,汇添富医疗服务灵活配置混合A,混合型-灵活,2015-06-18,2438108667.83,汇添富基金,24.38
008270,大成睿享混合C,混合型-偏股,2019-12-30,2430188133.28,大成基金,24.3
015789,永赢高端装备智选混合发起A,混合型-偏股,2022-07-15,2429827618.14,永赢基金,24.3
008586,华夏人工智能ETF联接C,指数型-股票,2020-06-16,2428454503.06,华夏基金,24.28
011099,富国价值创造混合A,混合型-偏股,2021-01-13,2427338568.92,富国基金,24.27
001407,景顺长城稳健回报混合C,混合型-灵活,2015-06-08,2422285441.85,景顺长城基金,24.22
010052,长城久嘉创新成长混合C,混合型-灵活,2021-07-08,2422168060.28,长城基金,24.22
011300,易方达智造优势混合A,混合型-偏股,2021-01-26,2419389942.91,易方达基金,24.19
015905,广发新能源精选股票C,股票型,2022-11-29,2417570841.35,广发基金,24.18
010365,鹏华中证香港银行指数(LOF)C,指数型-股票,2020-10-27,2413949474.6,鹏华基金,24.14
002656,南方创业板ETF联接A,指数型-股票,2016-05-20,2412808824.69,南方基金,24.13
018044,天弘纳斯达克100指数发起(QDII)C,指数型-海外股票,2023-04-11,2411003445.27,天弘基金,24.11
009076,工银圆兴混合,混合型-偏股,2020-04-23,2407338996.58,工银瑞信基金,24.07
506000,南方科创板3年定开混合,混合型-偏股,2020-07-28,2403732923.99,南方基金,24.04
004666,长城久嘉创新成长混合A,混合型-灵活,2017-07-05,2402180362.51,长城基金,24.02
005658,华夏沪深300ETF联接C,指数型-股票,2018-02-02,2397445895.85,华夏基金,23.97
019889,中欧周期优选混合发起C,混合型-偏股,2023-11-14,2396150886.36,中欧基金,23.96
513400,道琼斯ETF鹏华,指数型-海外股票,2024-01-17,2395075279.59,鹏华基金,23.95
159929,医药ETF汇添富,指数型-股票,2013-08-23,2393472474.32,汇添富基金,23.93
010966,富国成长领航混合,混合型-偏股,2021-01-25,2384860133.75,富国基金,23.85
021986,财通资管先进制造混合发起式C,混合型-偏股,2024-10-15,2384598446.16,财通资管,23.85
005693,广发中证军工ETF联接C,指数型-股票,2018-02-13,2379736643.27,广发基金,23.8
015751,景顺长城品质长青混合C,混合型-偏股,2022-05-13,2379028875.66,景顺长城基金,23.79
015897,天弘中证细分化工产业主题ETF联接C,指数型-股票,2022-06-17,2378851968.07,天弘基金,23.79
019401,交银瑞元三年定期开放混合,混合型-偏股,2023-10-27,2377993006.01,交银施罗德基金,23.78
008585,华夏人工智能ETF联接A,指数型-股票,2020-06-16,2374304063.39,华夏基金,23.74
001167,金鹰科技创新股票A,股票型,2015-04-30,2365390444.95,金鹰基金,23.65
159857,光伏ETF天弘,指数型-股票,2021-02-04,2361943004.86,天弘基金,23.62
161810,银华内需精选混合(LOF),混合型-偏股,2009-07-01,2361319007.14,银华基金,23.61
009795,嘉实远见精选两年持有期混合,混合型-偏股,2020-07-23,2360597455.54,嘉实基金,23.61
014639,兴全合衡三年持有混合A,混合型-偏股,2022-01-13,2358894767.04,兴证全球基金,23.59
008099,广发价值领先混合A,混合型-偏股,2020-05-07,2355902001.86,广发基金,23.56
512570,证券ETF易方达,指数型-股票,2017-07-27,2355414571.42,易方达基金,23.55
001878,嘉实沪港深精选股票,股票型,2016-05-27,2354973775.91,嘉实基金,23.55
003766,广发创业板ETF发起式联接C,指数型-股票,2017-05-25,2354782974.6,广发基金,23.55
021457,易方达恒生红利低波ETF联接A,指数型-股票,2024-07-02,2344016106.84,易方达基金,23.44
000828,宏利转型机遇股票A,股票型,2014-11-18,2342168892.21,宏利基金,23.42
011329,景顺长城新能源产业股票C,股票型,2021-02-22,2332681739.72,景顺长城基金,23.33
516510,云计算ETF易方达,指数型-股票,2021-03-29,2331264016.5,易方达基金,23.31
516570,化工行业ETF易方达,指数型-股票,2021-06-09,2329407448.06,易方达基金,23.29
008087,华夏中证5G通信主题ETF联接C,指数型-股票,2019-12-10,2325069251.04,华夏基金,23.25
377016,摩根亚太优势混合(QDII)A,QDII-混合偏股,2007-10-22,2322660552.73,摩根基金(中国),23.23
011892,易方达先锋成长混合C,混合型-偏股,2021-09-23,2319826245.82,易方达基金,23.2
100026,富国天合稳健优选混合,混合型-偏股,2006-11-15,2318930527.78,富国基金,23.19
011333,鹏华品质优选混合A,混合型-偏股,2021-02-09,2314590902.53,鹏华基金,23.15
017968,华富科技动能混合C,混合型-偏股,2023-03-09,2312390843.41,华富基金,23.12
159209,红利质量ETF招商,指数型-股票,2025-03-12,2312390675.51,招商基金,23.12
169104,东方红睿满沪港深混合(LOF)A,混合型-灵活,2016-06-28,2310979176.94,东方红资产管理,23.11
590002,中邮核心成长混合A,混合型-偏股,2007-08-17,2309627691.2,中邮基金,23.1
016702,银华海外数字经济量化选股混合发起式(QDII)C,QDII-混合偏股,2023-03-15,2308343281.74,银华基金,23.08
006435,景顺长城创新成长混合,混合型-偏股,2019-10-17,2305914798.72,景顺长城基金,23.06
012406,永赢长远价值混合A,混合型-偏股,2021-09-13,2305165266.57,永赢基金,23.05
017091,景顺长城纳斯达克科技ETF联接(QDII)A人民币,指数型-海外股票,2022-12-09,2305114167.56,景顺长城基金,23.05
017092,景顺长城纳斯达克科技ETF联接(QDII)A美元现汇,指数型-海外股票,2022-12-09,2305114167.56,景顺长城基金,23.05
008920,永赢科技驱动C,混合型-偏股,2020-02-18,2303579225.51,永赢基金,23.04
001286,易方达新鑫混合E,混合型-灵活,2015-05-14,2300066991.24,易方达基金,23.0
009891,融通产业趋势臻选股票A,股票型,2020-08-17,2298861955.84,融通基金,22.99
011412,易方达远见成长混合C,混合型-偏股,2021-03-05,2295009193.6,易方达基金,22.95
159828,医疗ETF国泰,指数型-股票,2020-12-24,2294215455.88,国泰基金,22.94
010437,嘉实竞争力优选混合A,混合型-偏股,2021-02-24,2291839364.31,嘉实基金,22.92
000603,易方达创新驱动灵活配置混合,混合型-灵活,2015-02-13,2287662900.95,易方达基金,22.88
516010,游戏ETF国泰,指数型-股票,2021-02-25,2283499220.22,国泰基金,22.83
010273,嘉实价值长青混合A,混合型-偏股,2020-12-24,2281955360.65,嘉实基金,22.82
001015,华夏沪深300指数增强A,指数型-股票,2015-02-10,2281033575.55,华夏基金,22.81
260109,景顺长城内需增长贰号混合A,混合型-偏股,2006-10-11,2280273982.41,景顺长城基金,22.8
002980,华夏创新前沿股票A,股票型,2016-09-07,2280003480.86,华夏基金,22.8
540006,汇丰晋信大盘股票A,股票型,2009-06-24,2269996598.71,汇丰晋信基金,22.7
019018,易方达信息产业混合C,混合型-偏股,2023-10-18,2267442254.38,易方达基金,22.67
018446,工银领航三年持有混合,混合型-偏股,2023-06-13,2261885430.42,工银瑞信基金,22.62
010357,南方阿尔法混合A,混合型-偏股,2021-01-13,2257316276.51,南方基金,22.57
070002,嘉实增长混合,混合型-偏股,2003-07-09,2254802368.39,嘉实基金,22.55
009550,汇添富开放视野中国优势六个月持有股票A,股票型,2020-07-22,2254225455.09,汇添富基金,22.54
009147,建信新能源行业股票A,股票型,2020-06-17,2246487118.24,建信基金,22.46
000831,工银医疗保健股票,股票型,2014-11-18,2243255875.02,工银瑞信基金,22.43
022460,易方达中证A500ETF联接C,指数型-股票,2024-11-11,2239171004.78,易方达基金,22.39
513190,港股通金融ETF华夏,指数型-股票,2023-09-25,2236906799.87,华夏基金,22.37
001123,鹏华弘利混合C,混合型-灵活,2015-03-12,2233355366.0,鹏华基金,22.33
588760,科创人工智能ETF广发,指数型-股票,2025-01-15,2231690709.78,广发基金,22.32
007721,天弘标普500发起(QDII-FOF)A,QDII-FOF,2019-09-24,2228863871.28,天弘基金,22.29
023917,华夏国证自由现金流ETF发起式联接A,指数型-股票,2025-04-29,2228591067.21,华夏基金,22.29
009689,易方达瑞锦混合A,混合型-灵活,2020-07-07,2226905631.36,易方达基金,22.27
009690,易方达瑞锦混合C,混合型-灵活,2020-07-07,2219223967.36,易方达基金,22.19
001302,前海开源金银珠宝混合A,混合型-灵活,2015-07-09,2218184807.01,前海开源基金,22.18
011248,嘉实品质回报混合,混合型-偏股,2021-02-04,2215569610.12,嘉实基金,22.16
013095,安信远见成长混合A,混合型-偏股,2022-03-08,2214386227.18,安信基金,22.14
006328,易方达中证海外互联网50ETF联接(QDII)C,指数型-海外股票,2019-01-18,2212693919.62,易方达基金,22.13
006330,易方达中证海外互联网50ETF联接(QDII)(美元现汇)C,指数型-海外股票,2019-01-18,2212693919.62,易方达基金,22.13
011144,华安汇宏精选混合A,混合型-偏股,2021-03-26,2211856822.49,华安基金,22.12
164824,工银印度基金人民币,QDII-混合偏股,2018-06-15,2209357384.69,工银瑞信基金,22.09
005801,工银印度基金美元,QDII-混合偏股,2018-06-15,2209357384.69,工银瑞信基金,22.09
005777,广发科技动力股票,股票型,2018-05-31,2205653291.37,广发基金,22.06
001102,前海开源国家比较优势混合A,混合型-灵活,2015-05-08,2203312608.13,前海开源基金,22.03
510510,中证500ETF广发,指数型-股票,2013-04-11,2200501735.32,广发基金,22.01
001538,摩根科技前沿混合A,混合型-灵活,2015-07-09,2193172413.78,摩根基金(中国),21.93
010041,嘉实港股优势混合A,混合型-偏股,2021-01-19,2191885673.09,嘉实基金,21.92
012620,嘉实中证软件服务ETF联接C,指数型-股票,2021-10-21,2190375654.14,嘉实基金,21.9
001480,财通成长优选混合A,混合型-灵活,2015-06-29,2188580079.02,财通基金,21.89
008114,天弘中证红利低波动100联接A,指数型-股票,2019-12-10,2187903091.48,天弘基金,21.88
018043,天弘纳斯达克100指数发起(QDII)A,指数型-海外股票,2023-04-11,2186452122.28,天弘基金,21.86
013812,景顺长城景气进取混合A,混合型-偏股,2021-11-23,2184693724.38,景顺长城基金,21.85
011220,南方匠心优选股票A,股票型,2021-02-02,2180711333.17,南方基金,21.81
159629,中证1000ETF富国,指数型-股票,2022-07-27,2180375328.8,富国基金,21.8
001606,农银工业4.0混合,混合型-灵活,2015-08-13,2178062322.42,农银汇理基金,21.78
020602,易方达中证红利低波动ETF联接发起式A,指数型-股票,2024-03-12,2177757689.96,易方达基金,21.78
019172,摩根纳斯达克100指数(QDII)人民币A,指数型-海外股票,2023-09-25,2177654587.36,摩根基金(中国),21.78
519008,汇添富优势精选混合,混合型-灵活,2005-08-25,2173900062.19,汇添富基金,21.74
159633,中证1000ETF易方达,指数型-股票,2022-07-28,2172141125.23,易方达基金,21.72
501206,汇添富创新未来混合(LOF),混合型-偏股,2020-10-13,2170402341.33,汇添富基金,21.7
017535,东方红京东大数据混合C,混合型-灵活,2022-12-05,2166847812.19,东方红资产管理,21.67
013128,汇添富恒生科技ETF联接发起式(QDII)C,指数型-海外股票,2021-10-26,2166454606.45,汇添富基金,21.66
009342,易方达优质企业三年持有期混合,混合型-偏股,2020-06-17,2166166855.51,易方达基金,21.66
011418,汇添富消费精选两年持有股票A,股票型,2021-05-11,2164246709.56,汇添富基金,21.64
516310,银行ETF易方达,指数型-股票,2021-05-20,2163050253.03,易方达基金,21.63
023918,华夏国证自由现金流ETF发起式联接C,指数型-股票,2025-04-29,2156702000.32,华夏基金,21.57
010717,前海开源优质企业6个月持有混合A,混合型-偏股,2021-01-08,2156010999.55,前海开源基金,21.56
506005,博时科创板三年定开混合,混合型-偏股,2020-07-29,2155446071.46,博时基金,21.55
700003,平安策略先锋混合,混合型-灵活,2012-05-29,2152066684.87,平安基金,21.52
159518,标普油气ETF嘉实,指数型-海外股票,2023-11-01,2150928908.0,嘉实基金,21.51
163409,兴全绿色投资混合(LOF),混合型-偏股,2011-05-06,2148803120.13,兴证全球基金,21.49
009872,中欧责任投资混合A,混合型-偏股,2020-09-10,2147908070.99,中欧基金,21.48
589010,科创人工智能ETF华夏,指数型-股票,2025-03-26,2147644942.25,华夏基金,21.48
002009,中欧瑾通灵活配置混合A,混合型-灵活,2015-11-17,2147407347.86,中欧基金,21.47
040035,华安逆向策略混合A,混合型-偏股,2012-08-16,2145012803.99,华安基金,21.45
018410,中欧价值回报混合C,混合型-偏股,2023-06-09,2144873633.76,中欧基金,21.45
002052,诺安稳健回报混合C,混合型-灵活,2015-11-18,2143453315.34,诺安基金,21.43
240022,华宝资源优选混合A,混合型-偏股,2012-08-21,2141499463.81,华宝基金,21.41
004206,华商元亨混合A,混合型-灵活,2017-01-25,2139585027.62,华商基金,21.4
520500,恒生创新药ETF华泰柏瑞,指数型-海外股票,2024-12-16,2139504196.99,华泰柏瑞基金,21.4
012980,大成恒生科技ETF发起式联接C,指数型-海外股票,2021-09-09,2138719685.74,大成基金,21.39
020629,汇添富科创芯片ETF联接C,指数型-股票,2024-03-12,2138555561.23,汇添富基金,21.39
011400,汇添富数字未来混合C,混合型-偏股,2021-02-24,2135686054.7,汇添富基金,21.36
014673,富国中证港股通互联网ETF发起式联接A,指数型-股票,2022-01-11,2133258520.84,富国基金,21.33
008960,长信国防军工量化混合C,混合型-灵活,2020-02-21,2132365258.23,长信基金,21.32
017954,汇添富中证1000指数增强C,指数型-股票,2023-05-19,2132019294.08,汇添富基金,21.32
001076,易方达改革红利混合,混合型-偏股,2015-04-23,2131289325.55,易方达基金,21.31
540007,汇丰晋信中小盘股票,股票型,2009-12-11,2131131330.11,汇丰晋信基金,21.31
012930,中庚价值先锋股票,股票型,2021-08-20,2128883020.94,中庚基金,21.29
007412,景顺长城绩优成长混合A,混合型-偏股,2019-07-02,2127901416.26,景顺长城基金,21.28
005094,万家臻选混合A,混合型-偏股,2017-12-20,2121785633.74,万家基金,21.22
009576,东方红智远三年持有混合,混合型-偏股,2020-06-23,2121603855.06,东方红资产管理,21.22
009892,富国成长策略混合A,混合型-偏股,2020-08-11,2121311754.08,富国基金,21.21
008949,平安匠心优选混合A,混合型-偏股,2020-02-21,2121111615.41,平安基金,21.21
470006,汇添富医药保健混合,混合型-偏股,2010-09-21,2119499699.19,汇添富基金,21.19
159831,金ETF嘉实,指数型-其他,2022-03-23,2116126622.99,嘉实基金,21.16
563000,中国A50ETF易方达,指数型-股票,2021-10-29,2115182117.52,易方达基金,21.15
010392,易方达战略新兴产业股票C,股票型,2021-01-13,2111993164.54,易方达基金,21.12
570001,诺德价值优势混合,混合型-偏股,2007-04-19,2109202706.68,诺德基金,21.09
007346,易方达科技创新混合A,混合型-偏股,2019-04-29,2108456890.74,易方达基金,21.08
011304,工银创新成长混合A,混合型-偏股,2021-02-04,2104109329.13,工银瑞信基金,21.04
159998,计算机ETF天弘,指数型-股票,2020-03-20,2101092417.55,天弘基金,21.01
006614,嘉实港股通新经济指数C,指数型-股票,2019-01-14,2099758092.14,嘉实基金,21.0
013955,广发中小盘精选混合C,混合型-偏股,2021-10-27,2097249950.2,广发基金,20.97
008318,博道久航混合A,混合型-偏股,2019-12-24,2097214765.13,博道基金,20.97
014727,易方达成长动力混合A,混合型-偏股,2022-02-08,2091501954.15,易方达基金,20.92
011891,易方达先锋成长混合A,混合型-偏股,2021-09-23,2090221674.71,易方达基金,20.9
005561,创金合信中证红利低波动指数A,指数型-股票,2018-04-26,2086424330.68,创金合信基金,20.86
166005,中欧价值发现混合A,混合型-偏股,2009-07-24,2085244949.88,中欧基金,20.85
010662,富国均衡优选混合,混合型-偏股,2021-01-06,2082901793.6,富国基金,20.83
163411,兴全精选混合,混合型-偏股,2011-08-03,2075837179.89,兴证全球基金,20.76
011692,华安研究智选混合A,混合型-偏股,2021-08-10,2074965616.97,华安基金,20.75
010736,易方达沪深300指数增强A,指数型-股票,2020-12-30,2074485064.36,易方达基金,20.74
202801,南方全球精选配置股票(QDII-FOF)A,QDII-普通股票,2007-09-19,2070343767.88,南方基金,20.7
165520,中信保诚中证800有色指数(LOF)A,指数型-股票,2013-08-30,2069408913.54,中信保诚基金,20.69
513600,恒生指数ETF南方,指数型-股票,2014-12-23,2067906669.18,南方基金,20.68
010610,摩根远见两年持有期混合,混合型-偏股,2021-01-11,2063957525.37,摩根基金(中国),20.64
160424,华安创业板50ETF联接C,指数型-股票,2019-05-21,2062484768.32,华安基金,20.62
159971,创业板ETF富国,指数型-股票,2019-06-11,2058606847.67,富国基金,20.59
007950,招商量化精选股票C,股票型,2019-09-11,2056857063.68,招商基金,20.57
162201,宏利成长混合,混合型-灵活,2003-04-25,2056542462.97,宏利基金,20.57
005562,创金合信中证红利低波动指数C,指数型-股票,2018-04-26,2055185486.48,创金合信基金,20.55
450009,国富中小盘股票A,股票型,2010-11-23,2054037690.59,国海富兰克林基金,20.54
002560,诺安和鑫混合A,混合型-灵活,2016-04-28,2053369009.42,诺安基金,20.53
001156,申万菱信新能源汽车主题灵活配置混合A,混合型-灵活,2015-05-07,2049583864.09,申万菱信基金,20.5
001532,华安文体健康混合A,混合型-灵活,2017-06-08,2049385229.16,华安基金,20.49
015686,富国新兴产业股票C,股票型,2022-06-16,2043009138.25,富国基金,20.43
020640,广发半导体设备ETF联接C,指数型-股票,2024-03-05,2042115419.15,广发基金,20.42
159994,通信ETF银华,指数型-股票,2020-01-22,2036611103.67,银华基金,20.37
002803,东方红沪港深混合,混合型-灵活,2016-07-11,2034815557.91,东方红资产管理,20.35
021534,华夏有色金属ETF联接D,指数型-股票,2024-05-31,2034629550.25,华夏基金,20.35
002117,广发安享混合C,混合型-灵活,2016-02-22,2033049240.02,广发基金,20.33
550008,中信保诚优胜精选混合A,混合型-偏股,2009-08-26,2025621728.77,中信保诚基金,20.26
519005,海富通股票混合,混合型-偏股,2005-07-29,2018399821.64,海富通基金,20.18
008120,万家自主创新混合A,混合型-偏股,2020-02-10,2014907255.34,万家基金,20.15
007301,国联安中证半导体ETF联接C,指数型-股票,2019-06-26,2013214120.85,国联安基金,20.13
519002,华安安信消费混合A,混合型-偏股,2013-05-23,2012833892.3,华安基金,20.13
019888,中欧周期优选混合发起A,混合型-偏股,2023-11-14,2012659174.39,中欧基金,20.13
007291,汇丰晋信港股通双核策略混合,混合型-偏股,2019-08-02,2010788428.51,汇丰晋信基金,20.11
016785,鹏华中证1000指数增强A,指数型-股票,2022-12-26,2007757699.67,鹏华基金,20.08
513880,日经225ETF华安,指数型-海外股票,2019-06-12,2001782686.11,华安基金,20.02
010387,易方达医药生物股票A,股票型,2020-11-04,1996051732.86,易方达基金,19.96
000934,国富大中华精选混合,QDII-混合偏股,2015-02-03,1994691715.14,国海富兰克林基金,19.95
006370,国富大中华精选混合美元,QDII-混合偏股,2019-04-15,1994691715.14,国海富兰克林基金,19.95
169101,东方红睿丰混合,混合型-灵活,2014-09-19,1993381588.77,东方红资产管理,19.93
501207,华夏创新未来混合(LOF),混合型-偏股,2020-10-13,1992601433.05,华夏基金,19.93
012125,博道盛彦混合C,混合型-偏股,2021-06-01,1991692318.93,博道基金,19.92
000688,景顺长城研究精选股票A,股票型,2014-08-12,1990414309.71,景顺长城基金,19.9
011102,天弘中证光伏产业指数A,指数型-股票,2021-01-28,1989491181.14,天弘基金,19.89
018023,华商上游产业股票C,股票型,2023-03-03,1986961862.2,华商基金,19.87
008282,国泰CES半导体芯片行业ETF联接C,指数型-股票,2019-11-22,1986376736.29,国泰基金,19.86
513070,港股通消费ETF易方达,指数型-股票,2022-03-14,1984340512.56,易方达基金,19.84
010379,广发均衡优选混合A,混合型-平衡,2021-01-11,1981705565.07,广发基金,19.82
563880,A500ETF汇添富,指数型-股票,2024-11-18,1980091979.41,汇添富基金,19.8
014881,天弘中证机器人ETF发起联接C,指数型-股票,2023-07-11,1974144585.9,天弘基金,19.74
159382,创业板人工智能ETF南方,指数型-股票,2025-04-23,1969705882.35,南方基金,19.7
001053,南方创新经济,混合型-灵活,2015-03-24,1966361667.76,南方基金,19.66
001180,广发医药卫生联接A,指数型-股票,2015-05-06,1965969353.42,广发基金,19.66
159930,能源ETF汇添富,指数型-股票,2013-08-23,1964630029.66,汇添富基金,19.65
021876,路博迈资源精选股票发起C,股票型,2024-09-19,1964279158.81,路博迈基金(中国),19.64
001216,易方达新收益混合A,混合型-灵活,2015-04-17,1964105302.38,易方达基金,19.64
660010,农银策略精选混合,混合型-偏股,2011-09-06,1963762870.25,农银汇理基金,19.64
010420,民生加银成长优选股票A,股票型,2020-11-27,1961896257.0,民生加银基金,19.62
011882,招商蓝筹精选股票A,股票型,2021-07-27,1958640933.31,招商基金,19.59
008186,淳厚信睿混合A,混合型-偏股,2020-02-12,1958348082.85,淳厚基金,19.58
001838,国投瑞银国家安全混合A,混合型-灵活,2015-12-02,1952749417.36,国投瑞银基金,19.53
000418,景顺长城成长之星股票A,股票型,2013-12-13,1949822855.54,景顺长城基金,19.5
011426,广发优势成长股票C,股票型,2021-02-09,1947340385.71,广发基金,19.47
010488,鹏华优选成长混合A,混合型-偏股,2020-12-16,1945385897.9,鹏华基金,19.45
001300,大成睿景灵活配置混合A,混合型-灵活,2015-05-26,1944188356.53,大成基金,19.44
160311,华夏蓝筹混合(LOF)A,混合型-灵活,2007-04-24,1944140843.05,华夏基金,19.44
008507,交银内核驱动混合,混合型-偏股,2020-01-13,1938660071.5,交银施罗德基金,19.39
007280,摩根日本精选股票(QDII)A,QDII-普通股票,2019-07-31,1937536025.56,摩根基金(中国),19.38
001158,工银新材料新能源股票,股票型,2015-04-28,1937084647.7,工银瑞信基金,19.37
159905,红利ETF工银,指数型-股票,2010-11-05,1936995282.62,工银瑞信基金,19.37
161706,招商优质成长混合(LOF),混合型-偏股,2005-11-17,1935124051.3,招商基金,19.35
014002,浦银安盛全球智能科技(QDII)C,QDII-普通股票,2021-11-03,1933605682.29,浦银安盛基金,19.34
005052,摩根标普港股通低波红利指数C,指数型-股票,2017-12-04,1932657945.35,摩根基金(中国),19.33
161026,富国中证国有企业改革指数(LOF)A,指数型-股票,2014-12-17,1932438003.22,富国基金,19.32
019024,易方达信息行业精选股票C,股票型,2023-11-15,1926284998.07,易方达基金,19.26
001679,前海开源中国稀缺资产混合A,混合型-灵活,2015-09-10,1926037558.81,前海开源基金,19.26
513870,纳指ETF富国,指数型-海外股票,2023-10-25,1925574798.21,富国基金,19.26
016582,嘉实上海金ETF发起联接C,指数型-其他,2023-03-02,1922009814.88,嘉实基金,19.22
040025,华安科技动力混合A,混合型-偏股,2011-12-20,1916000972.76,华安基金,19.16
202023,南方优选成长混合A,混合型-灵活,2011-01-30,1913492155.14,南方基金,19.13
001556,天弘中证500指数增强A,指数型-股票,2015-06-30,1913179794.83,天弘基金,19.13
013180,广发国证新能源车电池ETF联接C,指数型-股票,2021-08-16,1912589775.21,广发基金,19.13
159357,A500ETF博时,指数型-股票,2024-11-21,1910561022.97,博时基金,19.11
019318,汇添富国证2000指数增强A,指数型-股票,2023-11-07,1907191398.91,汇添富基金,19.07
159222,自由现金流ETF易方达,指数型-股票,2025-04-09,1906486334.86,易方达基金,19.06
011932,工银战略远见混合A,混合型-偏股,2021-04-26,1897467075.22,工银瑞信基金,18.97
001694,华安沪港深外延增长灵活配置混合A,混合型-灵活,2016-03-09,1897445369.84,华安基金,18.97
008086,华夏中证5G通信主题ETF联接A,指数型-股票,2019-12-10,1897377363.04,华夏基金,18.97
010864,泓德卓远混合A,混合型-偏股,2020-12-22,1896275391.49,泓德基金,18.96
019571,诺安优化配置混合C,混合型-偏股,2023-09-27,1893314889.67,诺安基金,18.93
159876,有色ETF华宝,指数型-股票,2021-03-12,1890874591.79,华宝基金,18.91
007818,国泰中证全指通信设备ETF联接C,指数型-股票,2019-09-03,1889488856.71,国泰基金,18.89
021953,西部利得新动向混合C,混合型-灵活,2024-08-08,1888698295.56,西部利得基金,18.89
016532,嘉实纳斯达克100ETF发起联接(QDII)A人民币,指数型-海外股票,2022-09-15,1886192469.51,嘉实基金,18.86
016534,嘉实纳斯达克100ETF发起联接(QDII)A美元现汇,指数型-海外股票,2022-09-15,1886192469.51,嘉实基金,18.86
020199,万家双引擎灵活配置混合C,混合型-灵活,2023-12-04,1885550792.42,万家基金,18.86
515680,央企创新ETF嘉实,指数型-股票,2019-09-20,1884437528.58,嘉实基金,18.84
008515,国富基本面优选混合A,混合型-偏股,2020-02-13,1882102466.26,国海富兰克林基金,18.82
159561,德国ETF嘉实,指数型-海外股票,2024-04-03,1879217714.44,嘉实基金,18.79
018231,易方达全球优质企业混合(QDII)A(美元现汇份额),QDII-混合偏股,2023-10-31,1878858112.96,易方达基金,18.79
018229,易方达全球优质企业混合(QDII)A(人民币份额),QDII-混合偏股,2023-10-31,1878858112.96,易方达基金,18.79
001052,华夏中证500ETF联接A,指数型-股票,2015-05-05,1878214537.02,华夏基金,18.78
166019,中欧价值智选混合A,混合型-灵活,2013-05-14,1877154107.51,中欧基金,18.77
020137,平安医疗健康混合C,混合型-偏股,2023-11-28,1876790964.18,平安基金,18.77
159875,新能源ETF嘉实,指数型-股票,2021-08-09,1876137188.53,嘉实基金,18.76
159812,黄金ETF前海开源,指数型-其他,2020-04-29,1870654500.47,前海开源基金,18.71
561160,电池ETF富国,指数型-股票,2022-06-30,1870497577.12,富国基金,18.7
006408,汇添富消费升级混合A,混合型-偏股,2018-12-21,1867315639.45,汇添富基金,18.67
005443,国金量化多策略A,混合型-灵活,2018-02-01,1865852240.58,国金基金,18.66
515700,新能源车ETF平安,指数型-股票,2019-12-31,1862363795.4,平安基金,18.62
017612,宏利复兴混合C,混合型-灵活,2023-02-21,1861487735.46,宏利基金,18.61
015453,中欧中证500指数增强A,指数型-股票,2022-05-06,1860338021.01,中欧基金,18.6
517380,创新药ETF天弘,指数型-股票,2021-07-27,1856868458.07,天弘基金,18.57
004698,博时军工主题股票A,股票型,2017-07-04,1853430048.02,博时基金,18.53
001412,德邦鑫星价值灵活配置混合A,混合型-灵活,2015-06-19,1852842605.71,德邦基金,18.53
050001,博时价值增长混合,混合型-偏股,2002-10-09,1852579892.79,博时基金,18.53
018998,景顺长城研究精选股票C,股票型,2023-08-03,1849329064.37,景顺长城基金,18.49
288001,华夏经典混合,混合型-偏股,2004-03-15,1848641602.19,华夏基金,18.49
070011,嘉实策略混合,混合型-灵活,2006-12-12,1844459539.97,嘉实基金,18.44
010699,东方红创新趋势混合,混合型-偏股,2021-03-15,1842654242.03,东方红资产管理,18.43
159820,中证500ETF天弘,指数型-股票,2020-08-07,1842078908.05,天弘基金,18.42
516970,基建ETF广发,指数型-股票,2021-06-23,1841802878.87,广发基金,18.42
016049,华商甄选回报混合C,混合型-偏股,2022-07-07,1841514785.78,华商基金,18.42
008131,景顺长城竞争优势混合,混合型-偏股,2020-08-06,1837619826.94,景顺长城基金,18.38
000970,东方红睿元混合,混合型-灵活,2015-01-21,1837396432.44,东方红资产管理,18.37
506002,易方达科创板两年定开混合,混合型-偏股,2020-07-28,1831438340.27,易方达基金,18.31
001515,平安新鑫先锋C,混合型-灵活,2015-06-16,1828321356.39,平安基金,18.28
001990,中欧数据挖掘多因子混合A,混合型-灵活,2016-01-13,1824190041.25,中欧基金,18.24
070010,嘉实主题混合,混合型-灵活,2006-07-21,1822893535.97,嘉实基金,18.23
007549,中泰开阳价值优选混合A,混合型-灵活,2019-09-06,1817004530.71,中泰证券(上海)资管,18.17
009264,泓德瑞兴三年持有期混合,混合型-偏股,2020-07-14,1815509649.22,泓德基金,18.16
022287,长城医药产业精选混合发起式C,混合型-偏股,2024-10-22,1814466271.87,长城基金,18.14
515600,央企创新ETF广发,指数型-股票,2019-09-20,1811736023.95,广发基金,18.12
340006,兴全全球视野股票,股票型,2006-09-20,1809462333.04,兴证全球基金,18.09
000031,华夏复兴混合A,混合型-偏股,2007-09-10,1804879405.62,华夏基金,18.05
510720,红利国企ETF国泰,指数型-股票,2024-04-30,1804078574.13,国泰基金,18.04
016491,华安事件驱动量化混合C,混合型-灵活,2023-03-20,1803915127.94,华安基金,18.04
022467,国泰海通中证A500指数增强A,指数型-股票,2024-12-17,1803518370.2,国泰海通资管,18.04
008142,工银黄金ETF联接A,指数型-其他,2020-05-21,1802888667.62,工银瑞信基金,18.03
460300,华泰柏瑞沪深300ETF联接A,指数型-股票,2012-05-29,1802875594.6,华泰柏瑞基金,18.03
159834,金ETF南方,指数型-其他,2022-03-03,1801823340.44,南方基金,18.02
007689,国投瑞银新能源混合A,混合型-偏股,2019-11-18,1801727042.46,国投瑞银基金,18.02
202001,南方稳健成长混合,混合型-偏股,2001-09-28,1801193714.94,南方基金,18.01
070012,嘉实海外中国股票混合,QDII-混合偏股,2007-10-12,1797315185.3,嘉实基金,17.97
159595,中证A50ETF大成,指数型-股票,2024-03-06,1794320328.98,大成基金,17.94
159673,沪深300ETF鹏华,指数型-股票,2023-06-21,1792106676.32,鹏华基金,17.92
450002,国富弹性市值混合A,混合型-偏股,2006-06-14,1791101963.46,国海富兰克林基金,17.91
159687,亚太精选ETF南方,指数型-海外股票,2022-12-16,1789788394.37,南方基金,17.9
003625,创金合信资源股票发起式C,股票型,2016-11-02,1785900001.53,创金合信基金,17.86
159362,A500ETF工银,指数型-股票,2024-11-19,1781259600.14,工银瑞信基金,17.81
513520,日经ETF华夏,指数型-海外股票,2019-06-12,1778240125.23,华夏基金,17.78
516820,医疗创新ETF平安,指数型-股票,2021-06-09,1769789376.12,平安基金,17.7
012804,广发恒生科技ETF联接(QDII)A,指数型-海外股票,2021-08-11,1769629070.1,广发基金,17.7
016186,广发电力ETF联接C,指数型-股票,2022-07-19,1767727311.56,广发基金,17.68
011058,景顺长城成长龙头一年持有混合A,混合型-偏股,2021-02-05,1767147947.93,景顺长城基金,17.67
519183,万家双引擎灵活配置混合A,混合型-灵活,2008-06-27,1766692744.13,万家基金,17.67
000452,南方医药保健灵活配置混合A,混合型-灵活,2014-01-23,1766562963.35,南方基金,17.67
014225,大成聚优成长混合C,混合型-偏股,2022-01-19,1765426964.82,大成基金,17.65
001508,富国新动力灵活配置混合A,混合型-灵活,2015-08-04,1764675128.57,富国基金,17.65
160212,国泰估值优势混合(LOF)A,混合型-偏股,2010-02-10,1763074130.87,国泰基金,17.63
501205,鹏华创新未来混合(LOF)C,混合型-偏股,2020-09-30,1761934642.64,鹏华基金,17.62
011328,景顺长城新能源产业股票A,股票型,2021-02-22,1761665250.69,景顺长城基金,17.62
290008,泰信发展主题混合,混合型-偏股,2010-12-15,1761397043.47,泰信基金,17.61
012769,华夏中证动漫游戏ETF发起式联接C,指数型-股票,2021-08-31,1759062946.12,华夏基金,17.59
012301,易方达核心智造混合,混合型-偏股,2021-09-28,1758450811.3,易方达基金,17.58
012820,汇添富价值领先混合,混合型-偏股,2021-08-17,1758107337.89,汇添富基金,17.58
501029,华宝标普中国A股红利机会ETF联接A(LOF),指数型-股票,2017-01-18,1757474385.2,华宝基金,17.57
020256,中欧中证机器人指数发起C,指数型-股票,2024-01-17,1756074485.97,中欧基金,17.56
000850,汇丰晋信双核策略混合C,混合型-灵活,2014-11-26,1755057314.09,汇丰晋信基金,17.55
014198,华夏智胜先锋股票C,股票型,2021-12-15,1753154802.81,华夏基金,17.53
009861,鹏华新兴成长混合A,混合型-偏股,2020-07-17,1752608910.12,鹏华基金,17.53
022368,永赢睿恒混合C,混合型-偏股,2024-12-10,1751232094.69,永赢基金,17.51
018133,博时中证有色金属矿业主题指数C,指数型-股票,2023-05-16,1750857387.31,博时基金,17.51
159309,油气ETF汇添富,指数型-股票,2024-05-31,1748440403.16,汇添富基金,17.48
008657,景顺长城科技创新混合A,混合型-偏股,2020-03-18,1747717088.62,景顺长城基金,17.48
011122,汇添富ESG可持续成长股票A,股票型,2021-06-10,1747311537.05,汇添富基金,17.47
022485,国金中证A500指数增强A,指数型-股票,2024-11-18,1746920858.2,国金基金,17.47
007028,易方达中证500ETF联接发起式A,指数型-股票,2019-03-20,1742863443.68,易方达基金,17.43
024020,华商创新成长混合发起式C,混合型-灵活,2025-04-18,1740764693.18,华商基金,17.41
377020,摩根内需动力混合A,混合型-偏股,2007-04-13,1740745529.8,摩根基金(中国),17.41
159502,标普生物科技ETF嘉实,指数型-海外股票,2023-12-26,1736807535.75,嘉实基金,17.37
270007,广发大盘成长混合,混合型-灵活,2007-06-13,1733640987.68,广发基金,17.34
002179,华安事件驱动量化混合A,混合型-灵活,2016-12-14,1733351615.94,华安基金,17.33
517330,长江保护ETF易方达,指数型-股票,2021-11-26,1731237282.1,易方达基金,17.31
008764,天弘越南市场股票发起(QDII)C,QDII-普通股票,2020-01-20,1729934696.03,天弘基金,17.3
004075,交银医药创新股票A,股票型,2017-03-23,1728248041.37,交银施罗德基金,17.28
020989,南方恒生科技ETF发起联接(QDII)C,指数型-海外股票,2024-05-21,1727833083.24,南方基金,17.28
517300,沪港深300ETF国寿,指数型-股票,2021-02-04,1725777107.59,国寿安保基金,17.26
040007,华安中小盘成长混合,混合型-偏股,2007-04-10,1725165368.95,华安基金,17.25
012839,东方红智华三年持有混合A,混合型-偏股,2021-08-18,1723201738.88,东方红资产管理,17.23
010977,华夏鸿阳6个月持有期混合A,混合型-偏股,2021-06-01,1719437943.6,华夏基金,17.19
001553,天弘中证证券保险C,指数型-股票,2015-06-30,1718733013.37,天弘基金,17.19
180010,银华优质增长混合,混合型-偏股,2006-06-09,1716671362.75,银华基金,17.17
513800,日本东证指数ETF南方,指数型-海外股票,2019-06-12,1715856664.7,南方基金,17.16
021894,易方达半导体设备ETF联接C,指数型-股票,2024-11-26,1714465372.36,易方达基金,17.14
019828,鹏华国证石油天然气ETF联接C,指数型-股票,2024-05-07,1712008066.15,鹏华基金,17.12
519671,银河沪深300价值指数A,指数型-股票,2009-12-28,1710501895.12,银河基金,17.11
012608,信澳领先智选混合,混合型-偏股,2021-06-30,1709994634.74,信达澳亚基金,17.1
517160,长江保护ETF南方,指数型-股票,2021-11-26,1707257795.97,南方基金,17.07
009777,中欧阿尔法混合C,混合型-偏股,2020-08-20,1706309727.49,中欧基金,17.06
161728,招商瑞智优选混合(LOF),混合型-灵活,2018-07-05,1703841044.44,招商基金,17.04
003032,平安医疗健康混合A,混合型-偏股,2017-11-24,1703137083.2,平安基金,17.03
022456,招商中证A500ETF发起式联接C,指数型-股票,2024-11-05,1703005015.22,招商基金,17.03
000541,华商创新成长混合发起式A,混合型-灵活,2014-03-18,1700655825.99,华商基金,17.01
159601,A50ETF华夏,指数型-股票,2021-11-01,1699369506.73,华夏基金,16.99
167002,平安鼎越混合(LOF),混合型-灵活,2016-09-20,1699033522.07,平安基金,16.99
017900,鹏华医药科技股票C,股票型,2023-02-17,1698403724.04,鹏华基金,16.98
288002,华夏收入混合,混合型-偏股,2005-11-17,1697178009.45,华夏基金,16.97
050004,博时精选混合A,混合型-偏股,2004-06-22,1696100610.33,博时基金,16.96
024240,华夏智胜优选混合发起式D,混合型-偏股,2025-05-15,1694609954.76,华夏基金,16.95
159381,创业板人工智能ETF华夏,指数型-股票,2025-03-14,1691543700.49,华夏基金,16.92
009994,嘉实创新先锋混合A,混合型-偏股,2020-10-20,1689609030.61,嘉实基金,16.9
009664,汇添富医疗积极成长一年持有混合A,混合型-偏股,2020-08-21,1687435391.49,汇添富基金,16.87
013304,易方达中证科创创业50联接A,指数型-股票,2021-08-24,1685659367.64,易方达基金,16.86
510150,消费ETF招商,指数型-股票,2010-12-08,1682725576.98,招商基金,16.83
513850,美国50ETF易方达,指数型-海外股票,2023-11-06,1681647610.68,易方达基金,16.82
320005,诺安价值增长混合A,混合型-偏股,2006-11-21,1678021710.89,诺安基金,16.78
163804,中银收益混合A,混合型-灵活,2006-10-11,1675510650.42,中银基金,16.76
020876,中欧景气精选混合A,混合型-偏股,2024-04-23,1674518113.07,中欧基金,16.75
013478,华宝中证金融科技主题ETF发起式联接C,指数型-股票,2021-11-25,1673839557.45,华宝基金,16.74
000893,工银创新动力股票,股票型,2014-12-11,1673671467.04,工银瑞信基金,16.74
019924,华泰柏瑞中证2000指数增强C,指数型-股票,2024-01-12,1672889595.38,华泰柏瑞基金,16.73
011615,工银科创50ETF联接C,指数型-股票,2021-03-05,1672165764.84,工银瑞信基金,16.72
515010,证券ETF华夏,指数型-股票,2019-09-17,1671924452.62,华夏基金,16.72
006529,中欧匠心两年持有期混合A,混合型-偏股,2019-06-11,1670956923.87,中欧基金,16.71
167301,方正富邦中证保险A,指数型-股票,2015-07-31,1668996512.23,方正富邦基金,16.69
588890,科创芯片ETF南方,指数型-股票,2024-04-15,1668805693.12,南方基金,16.69
159750,港股科技50ETF招商,指数型-海外股票,2022-01-26,1668060091.29,招商基金,16.68
001165,中欧琪和灵活配置混合C,混合型-灵活,2015-04-07,1667826080.6,中欧基金,16.68
159745,建材ETF国泰,指数型-股票,2021-06-09,1663961386.4,国泰基金,16.64
040005,华安宏利混合A,混合型-偏股,2006-09-06,1662471445.88,华安基金,16.62
014156,国泰海通中证500指数增强C,指数型-股票,2021-12-15,1660796624.25,国泰海通资管,16.61
010305,华夏创新驱动混合A,混合型-偏股,2020-10-27,1659600887.49,华夏基金,16.6
513000,日经225ETF易方达,指数型-海外股票,2019-06-12,1656777073.17,易方达基金,16.57
519778,交银经济新动力混合A,混合型-灵活,2016-10-20,1656554231.64,交银施罗德基金,16.57
005275,中欧创新成长灵活配置混合A,混合型-灵活,2018-03-26,1656411760.86,中欧基金,16.56
007120,睿远成长价值混合C,混合型-偏股,2019-03-26,1655748127.17,睿远基金,16.56
020501,广发中证港股通非银ETF发起式联接C,指数型-股票,2024-01-30,1653919034.03,广发基金,16.54
001245,工银生态环境股票A,股票型,2015-06-02,1652836593.45,工银瑞信基金,16.53
001230,鹏华医药科技股票A,股票型,2015-06-02,1652798851.94,鹏华基金,16.53
019547,招商纳斯达克100ETF发起式联接(QDII)A,指数型-海外股票,2023-11-29,1652462441.44,招商基金,16.52
010003,景顺长城电子信息产业股票A,股票型,2020-09-09,1649163166.88,景顺长城基金,16.49
070003,嘉实稳健混合,混合型-偏股,2003-07-09,1647952858.91,嘉实基金,16.48
008065,汇添富中盘积极成长混合A,混合型-偏股,2020-03-13,1645710274.26,汇添富基金,16.46
010333,华夏核心资产混合A,混合型-偏股,2021-01-28,1644948537.12,华夏基金,16.45
014254,信澳智远三年持有期混合A,混合型-偏股,2022-01-25,1643933753.88,信达澳亚基金,16.44
016374,华泰柏瑞新金融地产混合C,混合型-灵活,2022-08-04,1642077851.31,华泰柏瑞基金,16.42
001910,泰康新机遇混合,混合型-灵活,2015-12-08,1638371643.84,泰康基金,16.38
011145,华安汇宏精选混合C,混合型-偏股,2021-03-26,1635796770.92,华安基金,16.36
160213,国泰纳斯达克100指数,指数型-海外股票,2010-04-29,1635642613.56,国泰基金,16.36
004241,中欧时代先锋股票C,股票型,2017-01-19,1634563979.18,中欧基金,16.35
014423,汇丰晋信研究精选混合,混合型-偏股,2022-01-21,1633367149.9,汇丰晋信基金,16.33
016786,鹏华中证1000指数增强C,指数型-股票,2022-12-26,1633144887.37,鹏华基金,16.33
018738,博时标普500ETF联接E(人民币),指数型-海外股票,2023-07-04,1631355846.72,博时基金,16.31
017043,汇添富品质价值混合,混合型-偏股,2022-12-12,1627398574.1,汇添富基金,16.27
000336,农银研究精选混合,混合型-灵活,2013-11-05,1626257921.95,农银汇理基金,16.26
539001,建信纳斯达克100指数(QDII)A人民币,指数型-海外股票,2010-09-14,1623617451.6,建信基金,16.24
012751,建信纳斯达克100指数(QDII)A美元现汇,指数型-海外股票,2021-09-22,1623617451.6,建信基金,16.24
011169,建信臻选混合,混合型-偏股,2021-03-02,1623548958.82,建信基金,16.24
016707,华夏有色金属ETF联接A,指数型-股票,2022-10-18,1622847632.54,华夏基金,16.23
513030,德国ETF华安,指数型-海外股票,2014-08-08,1622460723.92,华安基金,16.22
018729,华夏智胜新锐股票C,股票型,2023-07-07,1621682820.27,华夏基金,16.22
159732,消费电子ETF华夏,指数型-股票,2021-08-12,1620771160.19,华夏基金,16.21
007718,中银创新医疗混合A,混合型-偏股,2019-11-13,1618820129.22,中银基金,16.19
519692,交银成长混合A,混合型-偏股,2006-10-23,1618200125.22,交银施罗德基金,16.18
519003,海富通收益增长混合,混合型-灵活,2004-03-12,1614309398.71,海富通基金,16.14
018490,万家中证工业有色金属主题ETF发起式联接C,指数型-股票,2023-06-08,1610980449.1,万家基金,16.11
012001,中泰星宇价值成长混合A,混合型-偏股,2021-06-02,1610456777.37,中泰证券(上海)资管,16.1
160632,鹏华酒A,指数型-股票,2015-04-29,1610157683.2,鹏华基金,16.1
002808,泓德优势领航混合,混合型-灵活,2016-12-21,1610063446.67,泓德基金,16.1
013776,中泰兴为价值精选混合A,混合型-偏股,2022-01-18,1608486578.81,中泰证券(上海)资管,16.08
100039,富国通胀通缩主题轮动混合A,混合型-偏股,2010-05-12,1608313125.83,富国基金,16.08
162607,景顺长城资源垄断混合(LOF)A,混合型-偏股,2006-01-26,1607913873.41,景顺长城基金,16.08
000242,景顺长城策略精选灵活配置混合A,混合型-灵活,2013-08-07,1604917755.86,景顺长城基金,16.05
014412,招商核心竞争力混合A,混合型-偏股,2022-04-13,1604583808.5,招商基金,16.05
050026,博时医疗保健行业混合A,混合型-偏股,2012-08-28,1599669003.65,博时基金,16.0
159880,有色ETF鹏华,指数型-股票,2021-03-08,1598316942.65,鹏华基金,15.98
017469,嘉实上证科创板芯片ETF发起联接A,指数型-股票,2022-12-07,1597790133.87,嘉实基金,15.98
563080,中证A50ETF易方达,指数型-股票,2024-03-06,1595467834.24,易方达基金,15.95
506006,汇添富科创板2年定开混合,混合型-偏股,2020-07-28,1595104521.86,汇添富基金,15.95
159957,创业板ETF华夏,指数型-股票,2017-12-08,1590726415.18,华夏基金,15.91
310358,申万菱信新经济混合A,混合型-灵活,2006-12-06,1590691510.45,申万菱信基金,15.91
001072,华安智能装备主题股票A,股票型,2015-04-24,1590074957.11,华安基金,15.9
169105,东方红睿华沪港深混合(LOF)A,混合型-灵活,2016-08-04,1590052179.78,东方红资产管理,15.9
501018,南方原油A,QDII-商品,2016-06-15,1587128099.87,南方基金,15.87
002363,华安安康灵活配置混合A,混合型-灵活,2016-02-01,1587054217.33,华安基金,15.87
006105,宏利印度股票(QDII)A,QDII-普通股票,2019-01-30,1586777163.72,宏利基金,15.87
020412,永赢中证沪深港黄金产业股票ETF发起联接C,指数型-股票,2024-02-01,1583995530.97,永赢基金,15.84
159671,稀有金属ETF工银,指数型-股票,2023-02-17,1582386089.63,工银瑞信基金,15.82
016535,嘉实纳斯达克100ETF发起联接(QDII)C美元现汇,指数型-海外股票,2022-09-15,1578315119.03,嘉实基金,15.78
016533,嘉实纳斯达克100ETF发起联接(QDII)C人民币,指数型-海外股票,2022-09-15,1578315119.03,嘉实基金,15.78
520900,港股通红利ETF广发,指数型-股票,2024-06-26,1577881557.74,广发基金,15.78
004751,广发鑫和C,混合型-灵活,2018-01-16,1576455221.95,广发基金,15.76
004685,金元顺安元启灵活配置混合,混合型-灵活,2017-11-14,1575687738.75,金元顺安基金,15.76
018561,中信保诚多策略混合(LOF)C,混合型-灵活,2023-05-24,1575473894.21,中信保诚基金,15.75
022439,华泰柏瑞中证A500ETF联接C,指数型-股票,2024-11-12,1573969365.81,华泰柏瑞基金,15.74
166006,中欧行业成长混合(LOF)A,混合型-偏股,2009-12-30,1572974645.11,中欧基金,15.73
020357,华夏半导体材料设备ETF联接C,指数型-股票,2024-01-23,1569777068.72,华夏基金,15.7
021000,南方纳斯达克100指数发起(QDII)I,指数型-海外股票,2024-03-19,1569124773.38,南方基金,15.69
011301,易方达智造优势混合C,混合型-偏股,2021-01-26,1568797173.86,易方达基金,15.69
016238,华夏数字经济龙头混合发起式C,混合型-偏股,2022-08-05,1567235593.67,华夏基金,15.67
009052,易方达中证红利ETF联接发起式C,指数型-股票,2020-07-08,1561692595.11,易方达基金,15.62
007995,华夏中证500指数增强C,指数型-股票,2020-03-25,1560179876.18,华夏基金,15.6
009993,嘉实前沿创新混合,混合型-偏股,2020-09-14,1556556624.27,嘉实基金,15.57
000008,嘉实中证500ETF联接A,指数型-股票,2013-03-22,1555763508.55,嘉实基金,15.56
008143,工银黄金ETF联接C,指数型-其他,2020-05-21,1553549696.62,工银瑞信基金,15.54
159360,A500ETF天弘,指数型-股票,2024-11-20,1550338441.76,天弘基金,15.5
320001,诺安平衡混合A,混合型-偏股,2004-05-21,1550176694.93,诺安基金,15.5
007455,富国蓝筹精选股票(QDII)人民币,QDII-普通股票,2019-08-02,1549845051.16,富国基金,15.5
010583,富国蓝筹精选股票(QDII)美元,QDII-普通股票,2020-11-09,1549845051.16,富国基金,15.5
519771,交银优择回报灵活配置混合C,混合型-灵活,2016-04-22,1548828558.8,交银施罗德基金,15.49
004237,中欧新蓝筹混合C,混合型-偏股,2017-01-12,1547378864.89,中欧基金,15.47
013466,博时智选量化多因子股票C,股票型,2021-11-02,1547351611.98,博时基金,15.47
018495,融通产业趋势臻选股票C,股票型,2023-05-18,1545426296.85,融通基金,15.45
501050,华夏上证50AH优选指数A,指数型-股票,2016-10-27,1543103457.39,华夏基金,15.43
010710,安信医药健康股票C,股票型,2021-01-12,1543073882.95,安信基金,15.43
018413,大成竞争优势混合C,混合型-偏股,2023-05-11,1541299649.0,大成基金,15.41
008063,汇添富大盘核心资产混合A,混合型-偏股,2020-01-08,1540932299.28,汇添富基金,15.41
019053,华商元亨混合C,混合型-灵活,2023-08-16,1539765118.87,华商基金,15.4
011236,摩根行业睿选股票A,股票型,2021-02-26,1537269046.08,摩根基金(中国),15.37
560260,医疗ETF广发,指数型-股票,2023-09-06,1536303346.98,广发基金,15.36
561580,央企红利ETF华泰柏瑞,指数型-股票,2023-05-18,1535475810.77,华泰柏瑞基金,15.35
005763,中欧电子信息产业沪港深股票C,股票型,2018-04-23,1534347909.73,中欧基金,15.34
513200,港股通医药ETF易方达,指数型-股票,2022-01-19,1532939117.95,易方达基金,15.33
001753,红土创新新兴产业混合A,混合型-灵活,2015-09-23,1531285390.24,红土创新基金,15.31
540003,汇丰晋信动态策略混合A,混合型-灵活,2007-04-09,1530487516.7,汇丰晋信基金,15.3
750001,安信灵活配置混合A,混合型-灵活,2012-06-20,1529205806.86,安信基金,15.29
021550,博时中证红利低波动100ETF联接A,指数型-股票,2024-07-19,1529079897.6,博时基金,15.29
009909,嘉实动力先锋混合A,混合型-偏股,2020-11-23,1526781503.53,嘉实基金,15.27
003305,前海开源沪港深核心资源混合C,混合型-灵活,2016-10-17,1526540398.28,前海开源基金,15.27
012344,嘉实领先优势混合A,混合型-偏股,2021-06-09,1525542097.04,嘉实基金,15.26
017493,东方红新动力混合C,混合型-灵活,2022-12-05,1524464003.0,东方红资产管理,15.24
519035,富国天博创新主题混合,混合型-偏股,2007-04-27,1524354972.37,富国基金,15.24
159840,锂电池ETF工银,指数型-股票,2021-08-05,1522650045.88,工银瑞信基金,15.23
159681,创业板50ETF鹏华,指数型-股票,2022-12-21,1522554892.84,鹏华基金,15.23
010791,海富通均衡甄选混合C,混合型-偏股,2021-01-26,1521102204.05,海富通基金,15.21
202005,南方成份精选混合A,混合型-偏股,2007-05-14,1520991263.31,南方基金,15.21
588300,科创创业50ETF招商,指数型-股票,2021-06-25,1520726409.34,招商基金,15.21
561550,中证500增强ETF华泰柏瑞,指数型-股票,2021-12-02,1517777263.79,华泰柏瑞基金,15.18
161130,易方达纳斯达克100ETF联接(QDII-LOF)A(人民币),指数型-海外股票,2017-06-23,1517364655.44,易方达基金,15.17
003722,易方达纳斯达克100ETF联接(QDII-LOF)A(美元现汇),指数型-海外股票,2017-06-23,1517364655.44,易方达基金,15.17
005276,中欧创新成长灵活配置混合C,混合型-灵活,2018-03-26,1514458560.66,中欧基金,15.14
007605,嘉实沪深300红利低波动ETF联接A,指数型-股票,2019-12-09,1512636904.88,嘉实基金,15.13
560350,中证A50ETF摩根,指数型-股票,2024-03-05,1512276941.34,摩根基金(中国),15.12
513290,纳指生物科技ETF汇添富,指数型-海外股票,2022-08-15,1511686389.83,汇添富基金,15.12
012417,招商国证生物医药指数(LOF)C,指数型-股票,2021-05-18,1509733673.61,招商基金,15.1
159667,工业母机ETF国泰,指数型-股票,2022-10-12,1508968392.03,国泰基金,15.09
022468,国泰海通中证A500指数增强C,指数型-股票,2024-12-17,1508335343.47,国泰海通资管,15.08
005870,鹏华沪深300指数增强A,指数型-股票,2018-05-25,1506043366.94,鹏华基金,15.06
501081,中欧科创主题混合(LOF)A,混合型-偏股,2019-06-28,1506032132.34,中欧基金,15.06
001112,东方红中国优势混合,混合型-灵活,2015-04-07,1505306565.67,东方红资产管理,15.05
005939,工银新能源汽车混合A,混合型-偏股,2018-11-14,1503780772.73,工银瑞信基金,15.04
213003,宝盈策略增长混合,混合型-偏股,2007-01-19,1501830720.46,宝盈基金,15.02
159790,碳中和ETF华夏,指数型-股票,2021-07-30,1500255171.51,华夏基金,15.0
005161,华商上游产业股票A,股票型,2017-12-27,1499413078.05,华商基金,14.99
070001,嘉实成长收益混合A,混合型-偏股,2002-11-05,1499099908.8,嘉实基金,14.99
009704,南方景气驱动混合A,混合型-偏股,2020-08-04,1498165147.37,南方基金,14.98
004674,富国新机遇灵活配置混合A,混合型-灵活,2017-11-14,1498026647.04,富国基金,14.98
010372,大成成长进取混合C,混合型-偏股,2020-11-30,1496050131.01,大成基金,14.96
006593,博道中证500增强A,指数型-股票,2019-01-03,1495220373.77,博道基金,14.95
588710,科创半导体设备ETF华泰柏瑞,指数型-股票,2025-05-26,1495185011.41,华泰柏瑞基金,14.95
008528,华泰柏瑞质量成长A,混合型-偏股,2020-03-18,1495084865.56,华泰柏瑞基金,14.95
006736,国投瑞银先进制造混合,混合型-偏股,2019-01-25,1493701647.08,国投瑞银基金,14.94
160625,鹏华中证800证券保险指数(LOF)A,指数型-股票,2014-05-05,1493003925.25,鹏华基金,14.93
014330,国联优势产业混合C,混合型-偏股,2022-01-25,1492916268.9,国联基金,14.93
003986,申万菱信中证500指数优选增强A,指数型-股票,2017-01-10,1491811132.25,申万菱信基金,14.92
001668,汇添富全球移动互联混合(QDII)人民币A,QDII-混合灵活,2017-01-25,1490861677.42,汇添富基金,14.91
000209,中信保诚新兴产业混合A,混合型-偏股,2013-07-17,1488313879.75,中信保诚基金,14.88
519029,华夏稳增混合,混合型-灵活,2006-08-09,1487605931.86,华夏基金,14.88
163803,中银持续增长混合A,混合型-偏股,2006-03-17,1486989916.41,中银基金,14.87
515400,大数据ETF富国,指数型-股票,2021-01-07,1486915785.62,富国基金,14.87
010236,广发电子信息传媒股票C,股票型,2020-09-24,1486842545.55,广发基金,14.87
013147,汇添富碳中和主题混合A,混合型-偏股,2021-09-14,1486571213.91,汇添富基金,14.87
160723,嘉实原油(QDII-LOF),QDII-商品,2017-04-20,1485334026.73,嘉实基金,14.85
015690,富国中小盘精选混合C,混合型-偏股,2022-06-14,1485292136.96,富国基金,14.85
010483,交银启道混合,混合型-偏股,2021-01-28,1484135662.37,交银施罗德基金,14.84
006603,嘉实互融精选股票A,股票型,2019-02-28,1483986138.67,嘉实基金,14.84
010264,鹏华成长智选混合A,混合型-偏股,2020-10-19,1483485374.28,鹏华基金,14.83
011128,华安精致生活混合A,混合型-偏股,2021-03-09,1482283593.88,华安基金,14.82
007722,天弘标普500发起(QDII-FOF)C,QDII-FOF,2019-09-24,1480349700.96,天弘基金,14.8
001985,富国低碳新经济混合A,混合型-偏股,2015-12-18,1475923202.77,富国基金,14.76
016313,富国研究精选灵活配置混合C,混合型-灵活,2022-08-23,1474535881.92,富国基金,14.75
013269,交银瑞和三年持有期混合,混合型-偏股,2022-03-02,1473988352.49,交银施罗德基金,14.74
501009,汇添富中证生物科技指数(LOF)A,指数型-股票,2016-12-22,1473619280.63,汇添富基金,14.74
017953,汇添富中证1000指数增强A,指数型-股票,2023-05-19,1471917278.34,汇添富基金,14.72
010846,南方卓越优选3个月持有期混合A,混合型-偏股,2021-02-09,1470522568.18,南方基金,14.71
010936,交银均衡成长一年混合A,混合型-偏股,2021-02-01,1469796977.4,交银施罗德基金,14.7
519770,交银优择回报灵活配置混合A,混合型-灵活,2016-04-22,1469594885.65,交银施罗德基金,14.7
001810,中欧潜力价值灵活配置混合A,混合型-灵活,2015-09-30,1466333566.73,中欧基金,14.66
023298,汇添富中证A500指数增强A,指数型-股票,2025-03-27,1465960898.91,汇添富基金,14.66
013021,建信兴润一年持有混合,混合型-偏股,2021-08-24,1465915907.67,建信基金,14.66
010336,中欧悦享生活混合A,混合型-偏股,2021-01-07,1464668199.93,中欧基金,14.65
001467,华富永鑫灵活配置混合C,混合型-灵活,2015-06-15,1463163676.64,华富基金,14.63
011117,富国沪港深业绩驱动混合型C,混合型-偏股,2020-12-29,1462860034.33,富国基金,14.63
017750,国投瑞银景气驱动混合C,混合型-偏股,2023-03-14,1461617190.7,国投瑞银基金,14.62
159583,通信ETF富国,指数型-股票,2024-06-28,1461554224.07,富国基金,14.62
512020,A500ETF鹏华,指数型-股票,2024-11-21,1460111197.5,鹏华基金,14.6
011021,汇添富互联网核心资产六个月持有混合A,混合型-偏股,2021-01-25,1458934375.07,汇添富基金,14.59
159638,高端装备ETF嘉实,指数型-股票,2022-08-05,1457040807.0,嘉实基金,14.57
519001,银华价值优选混合,混合型-偏股,2005-09-27,1456128755.79,银华基金,14.56
020010,国泰金牛创新成长混合,混合型-偏股,2007-05-18,1450799788.03,国泰基金,14.51
020901,招商成长量化选股股票A,股票型,2024-05-31,1450435825.88,招商基金,14.5
010787,华安优势企业混合A,混合型-偏股,2020-12-30,1449853343.22,华安基金,14.5
161125,易方达标普500指数人民币A,指数型-海外股票,2016-12-02,1447473162.35,易方达基金,14.47
003718,易方达标普500指数美元汇A,指数型-海外股票,2016-12-02,1447473162.35,易方达基金,14.47
159647,中药ETF鹏华,指数型-股票,2022-07-20,1445857356.62,鹏华基金,14.46
159588,石油ETF景顺,指数型-股票,2024-05-23,1444539286.23,景顺长城基金,14.45
007733,南方智锐混合A,混合型-偏股,2019-09-18,1441992381.41,南方基金,14.42
510380,沪深300ETF国寿,指数型-股票,2018-01-19,1437577469.35,国寿安保基金,14.38
589800,科创综指ETF易方达,指数型-股票,2025-02-25,1437485998.25,易方达基金,14.37
006879,华安智能生活混合A,混合型-偏股,2019-05-08,1435052281.1,华安基金,14.35
022270,中信保诚周期优选混合C,混合型-偏股,2024-11-05,1432345618.19,中信保诚基金,14.32
010723,中欧价值成长混合A,混合型-偏股,2020-12-16,1432118044.55,中欧基金,14.32
516860,金融科技ETF博时,指数型-股票,2021-09-24,1431373191.36,博时基金,14.31
017970,摩根海外稳健配置混合(QDII-FOF)人民币A,QDII-FOF,2023-05-23,1430748809.68,摩根基金(中国),14.31
017971,摩根海外稳健配置混合(QDII-FOF)美元现汇,QDII-FOF,2023-05-23,1430748809.68,摩根基金(中国),14.31
017972,摩根海外稳健配置混合(QDII-FOF)美元现钞,QDII-FOF,2023-05-23,1430748809.68,摩根基金(中国),14.31
260104,景顺长城内需增长混合A,混合型-偏股,2004-06-25,1429903258.62,景顺长城基金,14.3
005395,泓德臻远回报混合,混合型-灵活,2018-05-04,1429816196.83,泓德基金,14.3
159758,红利质量ETF华夏,指数型-股票,2021-12-20,1429698754.73,华夏基金,14.3
517400,黄金股ETF国泰,指数型-股票,2024-04-24,1429115727.03,国泰基金,14.29
007493,朱雀产业臻选混合A,混合型-偏股,2019-06-27,1425495249.97,朱雀基金,14.25
016665,天弘全球高端制造混合(QDII)C,QDII-混合偏股,2023-04-26,1424760314.86,天弘基金,14.25
005576,华泰柏瑞新金融地产混合A,混合型-灵活,2018-03-08,1424120514.99,华泰柏瑞基金,14.24
161610,融通领先成长混合(LOF)A,混合型-偏股,2007-04-30,1423049783.62,融通基金,14.23
022084,华安中证有色金属矿业主题ETF发起式联接C,指数型-股票,2024-09-26,1420859872.68,华安基金,14.21
159847,医疗ETF易方达,指数型-股票,2021-07-08,1420295261.87,易方达基金,14.2
015596,国泰国证有色金属行业指数(LOF)C,指数型-股票,2022-05-17,1419942668.32,国泰基金,14.2
019305,摩根标普500指数(QDII)人民币C,指数型-海外股票,2023-09-01,1418005719.16,摩根基金(中国),14.18
016971,华夏恒生生物科技ETF发起式联接(QDII)C,指数型-海外股票,2022-11-22,1417471473.69,华夏基金,14.17
588400,科创创业ETF嘉实,指数型-股票,2021-06-25,1415524691.08,嘉实基金,14.16
010361,嘉实品质优选股票A,股票型,2021-05-25,1415297482.57,嘉实基金,14.15
018230,易方达全球优质企业混合(QDII)C(人民币份额),QDII-混合偏股,2023-10-31,1414689878.23,易方达基金,14.15
018232,易方达全球优质企业混合(QDII)C(美元现汇份额),QDII-混合偏股,2023-10-31,1414689878.23,易方达基金,14.15
001371,富国沪港深价值混合A,混合型-灵活,2015-06-24,1414444465.75,富国基金,14.14
001691,南方香港成长灵活配置混合,QDII-混合灵活,2015-09-30,1414286442.77,南方基金,14.14
588730,科创人工智能ETF易方达,指数型-股票,2025-01-16,1413336135.71,易方达基金,14.13
006649,汇安多因子混合C,混合型-偏股,2019-04-30,1412840591.61,汇安基金,14.13
011035,嘉实中证稀土产业ETF联接A,指数型-股票,2021-08-03,1412650697.03,嘉实基金,14.13
009391,汇添富优质成长混合A,混合型-偏股,2020-05-25,1411624256.18,汇添富基金,14.12
013797,博时优质鑫选一年持有期混合A,混合型-偏股,2021-11-03,1410223242.21,博时基金,14.1
000727,融通健康产业灵活配置混合A/B,混合型-灵活,2014-12-25,1407406221.54,融通基金,14.07
013171,华夏恒生互联网科技业ETF联接(QDII)A,指数型-海外股票,2021-09-14,1406033801.56,华夏基金,14.06
014943,鹏华中证细分化工产业主题ETF联接C,指数型-股票,2022-03-08,1405931752.27,鹏华基金,14.06
001704,国投瑞银进宝灵活配置混合,混合型-灵活,2015-08-26,1405629864.72,国投瑞银基金,14.06
450004,国富深化价值混合A,混合型-偏股,2008-07-03,1405414751.3,国海富兰克林基金,14.05
159837,生物科技ETF易方达,指数型-股票,2021-01-14,1405365875.97,易方达基金,14.05
020009,国泰金鹏蓝筹混合,混合型-灵活,2006-09-29,1405066421.73,国泰基金,14.05
260110,景顺长城精选蓝筹混合,混合型-偏股,2007-06-18,1405053940.18,景顺长城基金,14.05
008281,国泰CES半导体芯片行业ETF联接A,指数型-股票,2019-11-22,1400940407.23,国泰基金,14.01
014497,诺安研究优选混合C,混合型-偏股,2021-12-22,1398774021.35,诺安基金,13.99
110012,易方达科汇灵活配置混合,混合型-灵活,2008-10-09,1398060818.95,易方达基金,13.98
013811,广发科创50ETF发起式联接C,指数型-股票,2021-10-20,1397959936.43,广发基金,13.98
000457,摩根核心成长股票A,股票型,2014-02-10,1397640487.19,摩根基金(中国),13.98
588830,科创新能源ETF鹏华,指数型-股票,2024-07-31,1395870325.39,鹏华基金,13.96
024239,华夏全球科技先锋混合(QDII)C,QDII-混合偏股,2025-05-13,1394178881.98,华夏基金,13.94
160225,国泰国证新能源汽车指数A,指数型-股票,2015-08-27,1393986835.4,国泰基金,13.94
014345,鹏华中证500指数增强C,指数型-股票,2022-01-11,1393743182.31,鹏华基金,13.94
024159,大成港股通机遇混合A,混合型-偏股,2025-05-20,1389937817.54,大成基金,13.9
019374,广发睿杰精选混合发起式A1,混合型-偏股,2023-11-24,1388743846.3,广发基金,13.89
483003,工银精选平衡混合,混合型-偏股,2006-07-13,1385583134.98,工银瑞信基金,13.86
018345,华夏中证机器人ETF发起式联接C,指数型-股票,2023-05-31,1385146619.53,华夏基金,13.85
270021,广发聚瑞混合A,混合型-偏股,2009-06-16,1382135384.63,广发基金,13.82
515710,食品饮料ETF华宝,指数型-股票,2020-12-24,1381774811.26,华宝基金,13.82
015389,宝盈转型动力混合C,混合型-灵活,2022-04-01,1380876402.87,宝盈基金,13.81
530000,上证50ETF天弘,指数型-股票,2024-09-04,1380329515.22,天弘基金,13.8
159329,沙特ETF南方,指数型-海外股票,2024-07-05,1379320605.92,南方基金,13.79
516350,芯片ETF易方达,指数型-股票,2021-12-15,1376078667.74,易方达基金,13.76
040001,华安创新混合,混合型-平衡,2001-09-21,1375933198.7,华安基金,13.76
006608,泓德研究优选混合,混合型-偏股,2019-05-27,1374981682.92,泓德基金,13.75
159581,红利ETF万家,指数型-股票,2024-03-06,1374747771.38,万家基金,13.75
018209,富国精准医疗混合C,混合型-灵活,2023-04-27,1374011075.77,富国基金,13.74
159221,现金流ETF嘉实,指数型-股票,2025-04-30,1373352624.31,嘉实基金,13.73
012079,信澳新能源精选混合A,混合型-偏股,2021-05-25,1372835512.48,信达澳亚基金,13.73
004513,海富通沪深300指数增强A,指数型-股票,2017-05-10,1372617112.34,海富通基金,13.73
014728,易方达成长动力混合C,混合型-偏股,2022-02-08,1369625518.11,易方达基金,13.7
005551,汇安成长优选混合C,混合型-灵活,2018-02-13,1369517459.39,汇安基金,13.7
011957,鹏华新能源精选混合C,混合型-偏股,2021-07-21,1368820124.68,鹏华基金,13.69
009504,富国上海金ETF联接A,指数型-其他,2020-07-24,1368267679.85,富国基金,13.68
161720,招商中证全指证券公司指数(LOF)A,指数型-股票,2014-11-13,1366543808.87,招商基金,13.67
012852,嘉实远见先锋一年持有期混合A,混合型-偏股,2021-08-31,1366512389.6,嘉实基金,13.67
002708,大摩健康产业混合A,混合型-偏股,2016-06-30,1366340709.15,摩根士丹利基金,13.66
014328,格林新兴产业混合C,混合型-偏股,2022-03-08,1365638523.34,格林基金,13.66
000696,汇添富环保行业股票,股票型,2014-09-16,1364128344.01,汇添富基金,13.64
018099,方正富邦中证保险C,指数型-股票,2023-03-27,1362616773.74,方正富邦基金,13.63
022448,国泰中证A500ETF发起联接A,指数型-股票,2024-11-08,1359982460.18,国泰基金,13.6
008378,兴全社会价值三年持有混合,混合型-偏股,2019-12-26,1357147862.04,兴证全球基金,13.57
007045,博道沪深300增强C,指数型-股票,2019-04-26,1354298118.34,博道基金,13.54
014439,博时恒生科技ETF发起式联接(QDII)C,指数型-海外股票,2021-12-21,1352088317.83,博时基金,13.52
005765,中欧明睿新常态混合C,混合型-偏股,2018-03-14,1351494912.2,中欧基金,13.51
010549,富国均衡策略混合,混合型-偏股,2020-11-23,1350927847.44,富国基金,13.51
007413,长城中证500指数增强C,指数型-股票,2019-05-09,1350528161.25,长城基金,13.51
159688,恒生互联网ETF华安,指数型-海外股票,2023-01-17,1347974630.05,华安基金,13.48
010062,南方行业精选一年混合A,混合型-偏股,2020-10-27,1347286416.95,南方基金,13.47
003940,银华盛世精选灵活配置混合发起式A,混合型-灵活,2016-12-22,1346392051.99,银华基金,13.46
589000,科创综指ETF华夏,指数型-股票,2025-02-26,1345918431.6,华夏基金,13.46
015053,东方红医疗升级股票发起C,股票型,2022-03-29,1345525420.96,东方红资产管理,13.46
013426,贝莱德中国新视野混合A,混合型-偏股,2021-09-07,1341746001.75,贝莱德基金管理,13.42
006002,工银医药健康股票A,股票型,2018-07-30,1340695412.12,工银瑞信基金,13.41
160106,南方高增长混合(LOF),混合型-偏股,2005-07-13,1340601633.94,南方基金,13.41
008955,交银创新领航混合,混合型-偏股,2020-02-27,1339131095.13,交银施罗德基金,13.39
000698,宝盈科技30混合,混合型-灵活,2014-08-13,1337712766.93,宝盈基金,13.38
009896,广发港股通成长精选股票A,股票型,2020-09-10,1336964958.55,广发基金,13.37
000006,西部利得量化成长混合A,混合型-偏股,2019-03-19,1336557025.05,西部利得基金,13.37
169109,东方红睿和三年持有混合A,混合型-偏股,2021-12-02,1335901631.21,东方红资产管理,13.36
516670,畜牧养殖ETF招商,指数型-股票,2021-03-18,1334901729.96,招商基金,13.35
010990,南方有色金属ETF联接E,指数型-股票,2020-12-18,1333501937.71,南方基金,13.34
016873,广发远见智选混合A,混合型-偏股,2022-11-22,1330669080.65,广发基金,13.31
001016,华夏沪深300指数增强C,指数型-股票,2015-02-10,1324988105.71,华夏基金,13.25
019000,万家趋势领先混合C,混合型-偏股,2024-02-01,1324106464.27,万家基金,13.24
018325,国泰海通创新成长混合发起A,混合型-偏股,2023-05-16,1323635398.05,国泰海通资管,13.24
588930,科创人工智能ETF银华,指数型-股票,2025-01-06,1322957812.85,银华基金,13.23
202002,南方稳健成长贰号混合,混合型-偏股,2006-07-25,1321546714.49,南方基金,13.22
001075,宝盈转型动力混合A,混合型-灵活,2015-04-29,1320756414.69,宝盈基金,13.21
010416,华泰柏瑞质量精选混合C,混合型-偏股,2021-03-31,1320390238.67,华泰柏瑞基金,13.2
506003,富国科创板两年定开混合,混合型-偏股,2020-07-29,1319837911.73,富国基金,13.2
019260,富国恒生红利ETF联接A,指数型-股票,2023-09-12,1319566394.47,富国基金,13.2
001832,易方达瑞恒灵活配置混合,混合型-灵活,2018-01-10,1316430761.78,易方达基金,13.16
015904,广发新能源精选股票A,股票型,2022-11-29,1315506339.96,广发基金,13.16
021605,富国消费精选30股票C,股票型,2024-06-06,1312200798.73,富国基金,13.12
010141,朱雀企业优选A,股票型,2020-09-23,1311928731.09,朱雀基金,13.12
009644,东方阿尔法优势产业混合A,混合型-偏股,2020-06-28,1311198473.28,东方阿尔法基金,13.11
013006,摩根景气甄选混合A,混合型-偏股,2021-08-31,1311076379.59,摩根基金(中国),13.11
018823,国金智享量化选股混合A,混合型-偏股,2023-08-22,1310412130.97,国金基金,13.1
016848,中欧高端装备股票发起C,股票型,2022-11-14,1310391302.35,中欧基金,13.1
360001,光大量化股票A,股票型,2004-08-27,1309567828.8,光大保德信基金,13.1
007832,博道伍佰智航股票C,股票型,2019-09-26,1307858092.89,博道基金,13.08
161040,富国创业板两年定开混合,混合型-偏股,2020-07-14,1307723471.63,富国基金,13.08
001802,易方达瑞财混合I,混合型-灵活,2016-02-04,1307447307.57,易方达基金,13.07
000370,广发全球医疗保健美元现汇(QDII)A,指数型-海外股票,2013-12-10,1307413448.48,广发基金,13.07
000369,广发全球医疗保健指数人民币(QDII)A,指数型-海外股票,2013-12-10,1307413448.48,广发基金,13.07
021740,前海开源黄金ETF联接C,指数型-其他,2024-06-19,1306271810.45,前海开源基金,13.06
010422,海富通消费优选混合C,混合型-偏股,2021-04-14,1305701117.13,海富通基金,13.06
019086,工银价值精选混合C,混合型-偏股,2024-04-29,1305028429.02,工银瑞信基金,13.05
001050,汇添富中证500指数增强A,指数型-股票,2015-02-16,1303423323.85,汇添富基金,13.03
013528,嘉实中证细分化工产业主题ETF发起联接C,指数型-股票,2022-09-22,1302930839.08,嘉实基金,13.03
001170,宏利复兴混合A,混合型-灵活,2015-04-21,1301650963.59,宏利基金,13.02
022425,广发中证A500ETF联接C,指数型-股票,2024-11-05,1301301960.14,广发基金,13.01
005660,嘉实资源精选股票A,股票型,2018-10-22,1301153494.17,嘉实基金,13.01
016055,博时纳斯达克100ETF发起式联接(QDII)A人民币,指数型-海外股票,2022-07-26,1300942480.44,博时基金,13.01
016056,博时纳斯达克100ETF发起式联接(QDII)A美元现汇,指数型-海外股票,2022-07-26,1300942480.44,博时基金,13.01
012148,国投瑞银产业趋势混合A,混合型-偏股,2021-06-09,1300305333.15,国投瑞银基金,13.0
516640,芯片ETF富国,指数型-股票,2021-08-19,1298940724.25,富国基金,12.99
013680,华安品质甄选混合A,混合型-偏股,2022-07-20,1297925160.98,华安基金,12.98
159202,恒生互联网ETF万家,指数型-海外股票,2025-04-02,1297386334.48,万家基金,12.97
520830,沙特ETF华泰柏瑞,指数型-海外股票,2024-07-05,1297048295.27,华泰柏瑞基金,12.97
019919,招商中证2000指数增强C,指数型-股票,2024-01-02,1295104366.95,招商基金,12.95
014192,广发先进制造股票发起式C,股票型,2022-03-01,1293787835.83,广发基金,12.94
018940,长城景气成长混合C,混合型-偏股,2023-09-12,1292712825.81,长城基金,12.93
159731,石化ETF华夏,指数型-股票,2021-12-02,1292699550.73,华夏基金,12.93
257020,国联安精选混合,混合型-偏股,2005-12-28,1291649196.97,国联安基金,12.92
014597,华泰柏瑞富利混合C,混合型-灵活,2021-12-22,1287094887.98,华泰柏瑞基金,12.87
020232,嘉实互融精选股票C,股票型,2023-12-12,1284813022.76,嘉实基金,12.85
011068,华宝资源优选混合C,混合型-偏股,2020-12-23,1284517984.78,华宝基金,12.85
000577,安信价值精选股票A,股票型,2014-04-21,1284500346.81,安信基金,12.85
010481,汇添富高质量成长精选2年持有混合,混合型-偏股,2020-12-02,1284297121.74,汇添富基金,12.84
015159,申万菱信智能驱动股票C,股票型,2022-02-25,1281740371.57,申万菱信基金,12.82
000411,景顺长城优质成长股票A,股票型,2014-01-02,1280510397.82,景顺长城基金,12.81
213008,宝盈资源优选混合,混合型-偏股,2008-04-15,1280232608.17,宝盈基金,12.8
010364,鹏华空天军工指数(LOF)C,指数型-股票,2020-10-27,1279458773.18,鹏华基金,12.79
017489,嘉实信息产业股票发起式C,股票型,2022-12-16,1279437785.92,嘉实基金,12.79
000950,易方达证券保险ETF联接A,指数型-股票,2015-01-22,1279187262.9,易方达基金,12.79
009193,富国红利精选混合(QDII)美元,QDII-混合偏股,2020-04-23,1278866406.45,富国基金,12.79
009108,富国红利精选混合(QDII)人民币,QDII-混合偏股,2020-04-23,1278866406.45,富国基金,12.79
202015,南方沪深300ETF联接A,指数型-股票,2009-03-25,1277322199.42,南方基金,12.77
000968,广发养老指数A,指数型-股票,2015-02-13,1277089128.84,广发基金,12.77
022455,招商中证A500ETF发起式联接A,指数型-股票,2024-11-05,1276502161.8,招商基金,12.77
005680,财通资管价值成长混合A,混合型-灵活,2019-03-25,1273664822.72,财通资管,12.74
007044,博道沪深300增强A,指数型-股票,2019-04-26,1273128222.45,博道基金,12.73
019548,招商纳斯达克100ETF发起式联接(QDII)C,指数型-海外股票,2023-11-29,1272984483.67,招商基金,12.73
162719,广发道琼斯石油指数人民币A,指数型-海外股票,2017-02-28,1270060472.25,广发基金,12.7
006679,广发道琼斯石油指数美元现汇A,指数型-海外股票,2019-01-28,1270060472.25,广发基金,12.7
013127,汇添富恒生科技ETF联接发起式(QDII)A,指数型-海外股票,2021-10-26,1267662355.62,汇添富基金,12.68
588180,科创50ETF国联安,指数型-股票,2021-06-24,1267452739.12,国联安基金,12.67
001852,融通中国风1号灵活配置混合A/B,混合型-灵活,2016-02-03,1261714361.91,融通基金,12.62
016600,万家品质生活混合C,混合型-灵活,2022-09-15,1260173569.59,万家基金,12.6
023408,华宝创业板人工智能ETF发起式联接C,指数型-股票,2025-02-14,1259102160.49,华宝基金,12.59
011823,易方达产业升级混合C,混合型-偏股,2021-07-23,1258186730.36,易方达基金,12.58
020902,招商成长量化选股股票C,股票型,2024-05-31,1257240758.71,招商基金,12.57
021458,易方达恒生红利低波ETF联接C,指数型-股票,2024-07-02,1257231783.57,易方达基金,12.57
020105,易方达石油化工ETF联接C,指数型-股票,2024-01-05,1257206941.38,易方达基金,12.57
011614,工银科创50ETF联接A,指数型-股票,2021-03-05,1257113418.95,工银瑞信基金,12.57
001122,鹏华弘利混合A,混合型-灵活,2015-03-12,1256051532.45,鹏华基金,12.56
163113,申万菱信中证申万证券行业指数(LOF)A,指数型-股票,2014-03-13,1255809641.34,申万菱信基金,12.56
008545,泓德丰润三年持有期混合,混合型-偏股,2020-01-15,1254917355.64,泓德基金,12.55
000362,国泰聚信价值优势混合A,混合型-灵活,2013-12-17,1254622971.24,国泰基金,12.55
000652,博时裕隆灵活配置混合A,混合型-灵活,2014-06-03,1253862045.62,博时基金,12.54
009402,交银启明混合A,混合型-偏股,2020-05-27,1253852620.55,交银施罗德基金,12.54
001736,圆信永丰优加生活,股票型,2015-10-28,1253808501.16,圆信永丰基金,12.54
012428,华夏核心制造混合A,混合型-偏股,2021-06-22,1252184481.35,华夏基金,12.52
012570,建信恒生科技指数发起(QDII)A,指数型-海外股票,2022-09-21,1251479228.57,建信基金,12.51
008297,广发价值优势混合,混合型-偏股,2020-03-02,1251446569.24,广发基金,12.51
010298,汇添富品牌驱动六个月持有混合,混合型-偏股,2020-10-19,1250855692.16,汇添富基金,12.51
588350,科创创业50ETF鹏扬,指数型-股票,2022-10-26,1250367006.56,鹏扬基金,12.5
270001,广发聚富混合,混合型-灵活,2003-12-03,1250357045.81,广发基金,12.5
481009,工银沪深300指数A,指数型-股票,2009-03-05,1249675543.71,工银瑞信基金,12.5
011246,嘉实阿尔法优选混合A,混合型-偏股,2021-03-16,1248869855.16,嘉实基金,12.49
021662,国富亚洲机会股票(QDII)C,QDII-普通股票,2024-09-12,1248679493.17,国海富兰克林基金,12.49
016067,鹏华新能源汽车混合A,混合型-偏股,2022-07-26,1248530387.41,鹏华基金,12.49
516080,创新药ETF易方达,指数型-股票,2021-02-03,1248167483.89,易方达基金,12.48
015967,永赢半导体产业智选混合发起A,混合型-偏股,2022-09-22,1248035311.25,永赢基金,12.48
001955,中欧养老产业混合A,混合型-偏股,2016-05-13,1247668905.14,中欧基金,12.48
019093,金鹰科技创新股票C,股票型,2023-08-14,1247075840.65,金鹰基金,12.47
270028,广发制造业精选混合A,混合型-偏股,2011-09-20,1246452000.52,广发基金,12.46
100055,富国全球科技互联网股票(QDII)A,QDII-普通股票,2011-07-13,1246393138.43,富国基金,12.46
006594,博道中证500增强C,指数型-股票,2019-01-03,1246379158.2,博道基金,12.46
007882,易方达证券保险ETF联接C,指数型-股票,2019-08-20,1245460657.27,易方达基金,12.45
159887,银行ETF富国,指数型-股票,2021-05-12,1245340709.58,富国基金,12.45
159215,A500ETF平安,指数型-股票,2025-03-26,1245257536.13,平安基金,12.45
000172,华泰柏瑞量化增强混合A,混合型-偏股,2013-08-02,1245064511.66,华泰柏瑞基金,12.45
000176,嘉实沪深300指数研究增强A,指数型-股票,2014-12-26,1244348577.44,嘉实基金,12.44
001113,南方大数据100A,指数型-股票,2015-04-24,1244123749.41,南方基金,12.44
007464,交银创业板50指数A,指数型-股票,2019-11-20,1243126031.64,交银施罗德基金,12.43
001322,东吴新趋势价值线混合,混合型-灵活,2015-07-01,1243093964.68,东吴基金,12.43
009033,建信上海金ETF联接A,指数型-其他,2020-08-05,1242708976.52,建信基金,12.43
000991,工银战略转型股票A,股票型,2015-02-16,1242669991.59,工银瑞信基金,12.43
006624,中泰玉衡价值优选混合A,混合型-灵活,2019-03-20,1242339812.7,中泰证券(上海)资管,12.42
006075,博时标普500ETF联接C,指数型-海外股票,2018-06-07,1240593892.55,博时基金,12.41
013499,博时标普500ETF联接美元汇(QDII)C,指数型-海外股票,2021-09-07,1240593892.55,博时基金,12.41
020671,易方达科创芯片ETF联接C,指数型-股票,2024-01-31,1240483406.03,易方达基金,12.4
015829,永赢新能源智选混合发起C,混合型-偏股,2022-06-17,1240038451.76,永赢基金,12.4
210002,金鹰红利价值混合A,混合型-灵活,2008-12-04,1238031004.97,金鹰基金,12.38
010385,华安汇嘉精选混合A,混合型-偏股,2020-10-30,1237089935.75,华安基金,12.37
516090,新能源ETF易方达,指数型-股票,2021-03-11,1236325796.21,易方达基金,12.36
003293,易方达科瑞混合,混合型-灵活,2017-01-03,1235178960.94,易方达基金,12.35
160633,鹏华中证全指证券公司指数(LOF)A,指数型-股票,2015-05-06,1234029379.2,鹏华基金,12.34
018392,南方上海金ETF联接C,指数型-其他,2023-07-25,1233969781.91,南方基金,12.34
010612,万家战略发展产业混合C,混合型-偏股,2021-01-13,1233818697.58,万家基金,12.34
012857,汇添富中证主要消费ETF联接C,指数型-股票,2021-07-09,1233594926.36,汇添富基金,12.34
002137,诺安利鑫灵活配置混合A,混合型-灵活,2015-12-02,1233390678.36,诺安基金,12.33
015795,天弘创业板指数增强C,指数型-股票,2022-08-18,1233271281.13,天弘基金,12.33
020398,中银港股通医药混合发起C,混合型-偏股,2023-12-29,1231306862.35,中银基金,12.31
001665,平安鑫安混合C,混合型-灵活,2015-12-11,1229807340.59,平安基金,12.3
013305,易方达中证科创创业50联接C,指数型-股票,2021-08-24,1227814133.63,易方达基金,12.28
007450,兴全多维价值混合C,混合型-偏股,2019-06-12,1227158641.84,兴证全球基金,12.27
001711,安信新趋势混合C,混合型-灵活,2016-12-09,1226901486.54,安信基金,12.27
010608,华泰柏瑞质量领先混合A,混合型-偏股,2021-01-20,1226899701.83,华泰柏瑞基金,12.27
486002,工银全球精选股票(QDII),QDII-普通股票,2010-05-25,1226572957.43,工银瑞信基金,12.27
005940,工银新能源汽车混合C,混合型-偏股,2018-11-14,1226444747.33,工银瑞信基金,12.26
001770,前海开源嘉鑫混合C,混合型-灵活,2016-12-26,1222425915.93,前海开源基金,12.22
011479,广发诚享混合A,混合型-偏股,2021-02-08,1222251910.83,广发基金,12.22
019876,广发均衡成长混合A,混合型-偏股,2024-04-23,1221368732.0,广发基金,12.21
100060,富国高新技术产业混合,混合型-偏股,2012-06-27,1220239171.6,富国基金,12.2
011499,富国沪深300基本面精选股票C,股票型,2021-06-01,1220176057.64,富国基金,12.2
015683,景顺长城科技创新混合C,混合型-偏股,2022-04-29,1220107839.12,景顺长城基金,12.2
004263,华安沪港深机会灵活配置混合,混合型-灵活,2017-05-10,1217945538.71,华安基金,12.18
001247,华泰柏瑞新利混合A,混合型-灵活,2015-04-28,1217355374.21,华泰柏瑞基金,12.17
012346,易方达港股通成长混合A,混合型-偏股,2021-08-31,1216404719.75,易方达基金,12.16
005661,嘉实资源精选股票C,股票型,2018-10-22,1215802028.76,嘉实基金,12.16
007340,南方科技创新混合A,混合型-偏股,2019-05-06,1215298146.5,南方基金,12.15
004343,南方创业板ETF联接C,指数型-股票,2017-02-23,1214998564.96,南方基金,12.15
011371,华商远见价值A,混合型-偏股,2021-06-16,1214771710.66,华商基金,12.15
011690,招商品质发现混合A,混合型-偏股,2021-08-31,1214440018.02,招商基金,12.14
006888,诺德新生活混合C,混合型-偏股,2019-03-28,1214065202.84,诺德基金,12.14
010410,长城品质成长混合A,混合型-偏股,2020-12-30,1212227874.19,长城基金,12.12
010363,信澳匠心臻选两年持有期混合,混合型-偏股,2020-10-30,1211978830.99,信达澳亚基金,12.12
023881,兴全商业模式混合(LOF)C,混合型-偏股,2025-04-08,1208836827.84,兴证全球基金,12.09
015868,国泰海通中证1000指数增强C,指数型-股票,2022-08-16,1207880398.1,国泰海通资管,12.08
011518,嘉实价值臻选混合A,混合型-偏股,2021-04-27,1207119275.13,嘉实基金,12.07
007460,华安成长创新混合A,混合型-偏股,2019-06-27,1205996649.01,华安基金,12.06
005904,华泰保兴成长优选A,混合型-偏股,2018-06-07,1205935429.77,华泰保兴基金,12.06
001186,富国文体健康股票A,股票型,2015-05-06,1205528571.84,富国基金,12.06
003494,富国天惠成长混合(LOF)C,混合型-偏股,2017-03-23,1203834893.66,富国基金,12.04
012588,南方港股通优势企业混合A,混合型-偏股,2021-07-21,1201391161.66,南方基金,12.01
270010,广发沪深300ETF联接A,指数型-股票,2008-12-30,1200882175.77,广发基金,12.01
003378,泰康策略优选混合,混合型-灵活,2016-11-28,1200487500.16,泰康基金,12.0
160607,鹏华价值优势混合(LOF),混合型-偏股,2006-07-18,1200107385.66,鹏华基金,12.0
012475,平安优质企业混合A,混合型-偏股,2021-07-19,1198941108.74,平安基金,11.99
009542,银华富利精选混合A,混合型-偏股,2020-08-13,1198447459.75,银华基金,11.98
016464,兴全合瑞混合A,混合型-偏股,2022-09-07,1197911397.65,兴证全球基金,11.98
660001,农银行业成长混合,混合型-偏股,2008-08-04,1196223779.09,农银汇理基金,11.96
007497,中庚价值灵动灵活配置混合,混合型-灵活,2019-07-16,1195883224.58,中庚基金,11.96
019933,工银国证港股通科技ETF发起式联接A,指数型-股票,2024-05-28,1195707057.77,工银瑞信基金,11.96
159698,粮食ETF鹏华,指数型-股票,2023-07-26,1192856653.92,鹏华基金,11.93
018257,国泰海通沪深300指数增强发起A,指数型-股票,2023-04-19,1192575601.48,国泰海通资管,11.93
563760,全指现金流ETF中银,指数型-股票,2025-05-21,1192399759.06,中银基金,11.92
160610,鹏华动力增长混合(LOF),混合型-灵活,2007-01-09,1191455559.5,鹏华基金,11.91
011264,中欧新趋势混合X,混合型-偏股,2021-07-12,1190663420.58,中欧基金,11.91
520550,港股红利低波ETF招商,指数型-股票,2025-01-15,1190214926.24,招商基金,11.9
001171,工银养老产业股票A,股票型,2015-04-28,1188989962.17,工银瑞信基金,11.89
562550,绿电ETF华夏,指数型-股票,2023-03-07,1188740512.32,华夏基金,11.89
012314,南方行业领先混合,混合型-偏股,2021-08-02,1188317208.55,南方基金,11.88
008021,华富中证人工智能产业ETF联接C,指数型-股票,2020-04-23,1187616921.86,华富基金,11.88
516880,光伏ETF银华,指数型-股票,2021-01-05,1187050101.95,银华基金,11.87
017836,信澳匠心回报混合C,混合型-偏股,2023-09-22,1186205987.63,信达澳亚基金,11.86
159996,家电ETF国泰,指数型-股票,2020-02-27,1185107570.73,国泰基金,11.85
005730,国泰江源优势精选混合A,混合型-灵活,2018-03-19,1182743887.94,国泰基金,11.83
020465,招商中证半导体产业ETF发起式联接C,指数型-股票,2024-01-26,1182548769.94,招商基金,11.83
016496,景顺长城中证港股通科技ETF发起联接C,指数型-股票,2022-09-01,1180825683.9,景顺长城基金,11.81
010554,华安新兴消费混合A,混合型-偏股,2020-12-11,1180379563.33,华安基金,11.8
017093,景顺长城纳斯达克科技ETF联接(QDII)C人民币,指数型-海外股票,2022-12-09,1180302846.89,景顺长城基金,11.8
110002,易方达策略成长混合,混合型-偏股,2003-12-09,1180193073.78,易方达基金,11.8
000962,天弘中证500ETF联接A,指数型-股票,2015-01-20,1179213649.23,天弘基金,11.79
004746,易方达上证50增强C,指数型-股票,2017-06-06,1178761520.08,易方达基金,11.79
004512,海富通沪深300指数增强C,指数型-股票,2017-05-10,1178595573.13,海富通基金,11.79
001557,天弘中证500指数增强C,指数型-股票,2015-06-30,1178020541.87,天弘基金,11.78
011136,广发盛兴混合A,混合型-偏股,2021-02-02,1177833726.98,广发基金,11.78
011636,富国港股通策略精选混合C,混合型-偏股,2021-05-25,1177248424.74,富国基金,11.77
022454,嘉实中证A500ETF联接C,指数型-股票,2024-11-12,1177061719.06,嘉实基金,11.77
010849,易方达竞争优势企业混合C,混合型-偏股,2021-01-20,1175128202.06,易方达基金,11.75
009645,东方阿尔法优势产业混合C,混合型-偏股,2020-06-28,1175098672.13,东方阿尔法基金,11.75
010454,交银内需增长一年持有混合,混合型-偏股,2020-12-11,1174858733.89,交银施罗德基金,11.75
015867,国泰海通中证1000指数增强A,指数型-股票,2022-08-16,1174639268.16,国泰海通资管,11.75
003187,嘉实安益混合C,混合型-灵活,2016-08-25,1174269811.09,嘉实基金,11.74
022004,博道大盘成长股票C,股票型,2024-11-26,1173950121.16,博道基金,11.74
003958,安信量化精选沪深300增强C,指数型-股票,2017-03-16,1172989227.44,安信基金,11.73
159908,创业板ETF博时,指数型-股票,2011-06-10,1172129926.52,博时基金,11.72
160611,鹏华优质治理混合(LOF)A,混合型-偏股,2007-04-25,1171865692.71,鹏华基金,11.72
017057,嘉实国证绿色电力ETF发起联接C,指数型-股票,2022-11-04,1171807494.77,嘉实基金,11.72
021182,中欧价值精选混合C,混合型-偏股,2024-05-21,1170979672.96,中欧基金,11.71
014224,大成聚优成长混合A,混合型-偏股,2022-01-19,1170909299.98,大成基金,11.71
011338,兴全合远两年持有混合A,混合型-偏股,2021-04-27,1168631287.58,兴证全球基金,11.69
010737,易方达沪深300指数增强C,指数型-股票,2020-12-30,1167806525.4,易方达基金,11.68
501311,嘉实港股通新经济指数A,指数型-股票,2019-01-14,1167472022.53,嘉实基金,11.67
008327,东财通信C,指数型-股票,2020-01-20,1166638188.29,东财基金,11.67
013910,兴业兴睿两年持有混合A,混合型-偏股,2021-12-21,1166448417.26,兴业基金,11.66
010088,工银优质成长混合A,混合型-偏股,2020-11-24,1165863863.64,工银瑞信基金,11.66
010815,农银新兴消费股票,股票型,2021-03-03,1164501600.6,农银汇理基金,11.65
010020,华夏线上经济主题精选混合,混合型-偏股,2020-08-26,1164450834.47,华夏基金,11.64
001044,嘉实新消费股票A,股票型,2015-03-23,1164292629.42,嘉实基金,11.64
014978,华安纳斯达克100ETF联接(QDII)C,指数型-海外股票,2022-02-22,1164209120.51,华安基金,11.64
000409,鹏华环保产业股票,股票型,2014-03-07,1163865059.6,鹏华基金,11.64
590003,中邮核心优势灵活配置混合A,混合型-灵活,2009-10-28,1163382795.33,中邮基金,11.63
007300,国联安中证半导体ETF联接A,指数型-股票,2019-06-26,1162810651.88,国联安基金,11.63
004616,中欧电子信息产业沪港深股票A,股票型,2017-07-07,1160918792.35,中欧基金,11.61
016237,华夏数字经济龙头混合发起式A,混合型-偏股,2022-08-05,1159536886.48,华夏基金,11.6
012700,易方达中证全指证券公司ETF联接C,指数型-股票,2022-03-02,1159332806.72,易方达基金,11.59
161027,富国中证全指证券公司指数(LOF)A,指数型-股票,2015-03-27,1156606979.67,富国基金,11.57
002258,大成国企改革灵活配置混合A,混合型-灵活,2017-09-21,1156347250.05,大成基金,11.56
377010,摩根阿尔法混合A,混合型-偏股,2005-10-11,1156340539.87,摩根基金(中国),11.56
007029,易方达中证500ETF联接发起式C,指数型-股票,2019-03-20,1155894989.5,易方达基金,11.56
530005,建信优化配置混合A,混合型-灵活,2007-03-01,1155129801.07,建信基金,11.55
010110,广发医药健康混合A,混合型-偏股,2020-10-21,1154600995.03,广发基金,11.55
000960,招商医药健康产业股票,股票型,2015-01-30,1153531710.35,招商基金,11.54
163822,中银主题策略混合A,混合型-偏股,2012-07-25,1153091299.51,中银基金,11.53
005544,银华瑞和灵活配置混合A,混合型-灵活,2018-04-26,1152188220.66,银华基金,11.52
007690,国投瑞银新能源混合C,混合型-偏股,2019-11-18,1151725316.39,国投瑞银基金,11.52
000136,民生加银策略精选混合A,混合型-灵活,2013-06-07,1150763679.5,民生加银基金,11.51
516100,金融科技ETF华夏,指数型-股票,2021-07-13,1150512594.64,华夏基金,11.51
017731,嘉实全球产业升级股票发起式(QDII)C,QDII-普通股票,2023-02-09,1149841652.91,嘉实基金,11.5
090003,大成蓝筹稳健混合A,混合型-灵活,2004-06-03,1149578352.61,大成基金,11.5
012613,创金合信产业智选混合A,混合型-偏股,2021-07-28,1149389586.11,创金合信基金,11.49
012738,广发创新药ETF联接C,指数型-股票,2021-07-07,1147720895.72,广发基金,11.48
008314,摩根慧选成长股票A,股票型,2020-01-22,1147563171.47,摩根基金(中国),11.48
014193,汇添富中证芯片产业指数增强发起式A,指数型-股票,2021-12-02,1147430676.68,汇添富基金,11.47
010143,交银施罗德启欣混合,混合型-偏股,2020-10-28,1147398467.68,交银施罗德基金,11.47
006038,大成景恒混合C,混合型-偏股,2018-06-26,1146840887.09,大成基金,11.47
016701,银华海外数字经济量化选股混合发起式(QDII)A,QDII-混合偏股,2023-03-15,1146412051.05,银华基金,11.46
217021,招商优势企业混合A,混合型-偏股,2012-02-01,1145146427.44,招商基金,11.45
003956,南方产业智选股票A,股票型,2017-01-25,1144608510.7,南方基金,11.45
588230,科创200ETF华泰柏瑞,指数型-股票,2024-12-16,1142703780.8,华泰柏瑞基金,11.43
000913,农银医疗保健股票,股票型,2015-02-10,1141888722.34,农银汇理基金,11.42
007760,景顺长城沪港深红利成长低波指数C,指数型-股票,2019-09-06,1141196278.4,景顺长城基金,11.41
001349,富国改革动力混合,混合型-偏股,2015-05-20,1138930435.15,富国基金,11.39
010388,易方达医药生物股票C,股票型,2020-11-04,1138803545.26,易方达基金,11.39
005314,万家中证1000指数增强C,指数型-股票,2018-01-30,1138734483.63,万家基金,11.39
010299,南方产业升级混合A,混合型-偏股,2020-12-07,1131663890.74,南方基金,11.32
450003,国富潜力组合混合A,混合型-偏股,2007-03-22,1130750415.53,国海富兰克林基金,11.31
001631,天弘中证食品饮料ETF联接A,指数型-股票,2015-07-29,1130430641.99,天弘基金,11.3
011643,嘉实时代先锋三年持有混合A,混合型-偏股,2021-07-27,1130292560.67,嘉实基金,11.3
010409,富国消费精选30股票A,股票型,2020-11-05,1129549774.68,富国基金,11.3
159997,电子ETF天弘,指数型-股票,2020-02-27,1129440745.36,天弘基金,11.29
162711,广发中证500ETF联接A,指数型-股票,2009-11-26,1129299979.79,广发基金,11.29
159751,港股通科技ETF鹏华,指数型-股票,2021-12-10,1129291888.3,鹏华基金,11.29
510590,中证500ETF平安,指数型-股票,2018-03-23,1129205193.0,平安基金,11.29
159741,恒生科技ETF嘉实,指数型-海外股票,2021-05-26,1127244616.31,嘉实基金,11.27
008546,南方产业优势两年混合A,混合型-偏股,2020-08-14,1126647682.31,南方基金,11.27
110019,易方达深证100ETF联接A,指数型-股票,2009-12-01,1125259352.12,易方达基金,11.25
007130,中庚小盘价值股票,股票型,2019-04-03,1124952836.51,中庚基金,11.25
015915,永赢医药创新智选混合发起A,混合型-偏股,2022-11-22,1124873882.21,永赢基金,11.25
021034,易方达储能电池ETF联接C,指数型-股票,2024-04-23,1124327159.24,易方达基金,11.24
004069,南方中证全指证券公司ETF联接A,指数型-股票,2017-03-08,1123916861.24,南方基金,11.24
588770,科创信息ETF摩根,指数型-股票,2025-03-14,1123166927.35,摩根基金(中国),11.23
519690,交银稳健配置混合,混合型-灵活,2006-06-14,1122736643.39,交银施罗德基金,11.23
005491,兴全合宜混合(LOF)C,混合型-灵活,2020-01-31,1121190331.31,兴证全球基金,11.21
539002,建信新兴市场混合(QDII)A,QDII-混合偏股,2011-06-21,1120266688.0,建信基金,11.2
012365,广发中证光伏产业指数C,指数型-股票,2021-07-06,1120093863.23,广发基金,11.2
013435,大成景气精选六个月持有混合A,混合型-偏股,2021-10-28,1119923107.75,大成基金,11.2
070032,嘉实优化红利混合A,混合型-偏股,2012-06-26,1119247047.25,嘉实基金,11.19
021030,汇添富国证港股通创新药ETF发起式联接A,指数型-股票,2024-04-19,1117834885.01,汇添富基金,11.18
021528,财通成长优选混合C,混合型-灵活,2024-05-28,1117386832.69,财通基金,11.17
016243,广发成长领航一年持有混合A,混合型-偏股,2023-03-10,1116191022.57,广发基金,11.16
021580,华夏人工智能ETF联接D,指数型-股票,2024-05-31,1114316699.62,华夏基金,11.14
501219,华夏智胜先锋股票(LOF)A,股票型,2021-12-15,1113024344.8,华夏基金,11.13
019916,富国医药创新股票A,股票型,2024-03-12,1112232430.8,富国基金,11.12
159599,芯片ETF东财,指数型-股票,2024-04-19,1111192947.71,东财基金,11.11
020258,鹏华优选价值股票C,股票型,2023-12-13,1111177196.1,鹏华基金,11.11
952004,国泰海通君得明混合A,混合型-偏股,2019-08-30,1110997939.31,国泰海通资管,11.11
022463,富国中证A500ETF发起式联接A,指数型-股票,2024-11-11,1107306018.13,富国基金,11.07
018927,南方中证电池ETF联接C,指数型-股票,2023-12-05,1107194484.28,南方基金,11.07
013887,华商新能源汽车混合C,混合型-偏股,2021-11-17,1106410530.09,华商基金,11.06
166023,中欧瑞丰灵活配置混合(LOF)A,混合型-灵活,2017-07-31,1105915124.95,中欧基金,11.06
340008,兴全有机增长混合,混合型-灵活,2009-03-25,1105752315.07,兴证全球基金,11.06
011924,嘉实港股互联网产业核心资产A,混合型-偏股,2021-08-18,1105284059.96,嘉实基金,11.05
016311,中欧优质企业混合A,混合型-偏股,2022-08-23,1104789994.57,中欧基金,11.05
001051,华夏上证50ETF联接A,指数型-股票,2015-03-17,1104692474.9,华夏基金,11.05
007127,博道远航混合C,混合型-偏股,2019-04-30,1104214639.26,博道基金,11.04
164701,汇添富黄金及贵金属(QDII-LOF-FOF)A,QDII-商品,2011-08-31,1104184169.56,汇添富基金,11.04
012155,汇添富成长先锋六个月持有混合A,混合型-偏股,2021-08-03,1103824636.88,汇添富基金,11.04
022332,广发同远回报混合A,混合型-偏股,2025-03-06,1103059194.53,广发基金,11.03
012351,万家元贞量化选股股票C,股票型,2023-03-14,1102937672.68,万家基金,11.03
010592,南方医药创新股票A,股票型,2021-03-02,1102346467.89,南方基金,11.02
008020,华富中证人工智能产业ETF联接A,指数型-股票,2020-04-23,1102184091.99,华富基金,11.02
016020,招商中证电池主题ETF联接C,指数型-股票,2022-07-12,1101610872.58,招商基金,11.02
011123,汇添富ESG可持续成长股票C,股票型,2021-06-10,1100218798.64,汇添富基金,11.0
673010,西部利得新动向混合A,混合型-灵活,2011-08-18,1099748452.39,西部利得基金,11.0
011162,博时港股通领先趋势混合A,混合型-偏股,2021-02-09,1099696851.32,博时基金,11.0
021778,广发纳指100ETF联接(QDII)人民币F,指数型-海外股票,2024-08-14,1099383152.02,广发基金,10.99
180003,银华-道琼斯88指数,指数型-其他,2004-08-11,1098667655.88,银华基金,10.99
008187,淳厚信睿混合C,混合型-偏股,2020-02-12,1098403323.46,淳厚基金,10.98
022739,申万菱信新能源汽车主题灵活配置混合C,混合型-灵活,2024-12-09,1097913029.51,申万菱信基金,10.98
015454,中欧中证500指数增强C,指数型-股票,2022-05-06,1097237574.96,中欧基金,10.97
020482,招商中证机器人ETF发起联接C,指数型-股票,2024-01-19,1095693864.32,招商基金,10.96
018168,国泰有色矿业ETF联接C,指数型-股票,2023-08-11,1095432649.37,国泰基金,10.95
023036,中欧资源精选混合发起A,混合型-偏股,2025-01-21,1094850131.0,中欧基金,10.95
159358,中证A500ETF大成,指数型-股票,2024-11-22,1093980640.85,大成基金,10.94
001054,工银新金融股票A,股票型,2015-03-19,1093612604.32,工银瑞信基金,10.94
008988,大成科技创新混合A,混合型-偏股,2020-04-29,1093496313.32,大成基金,10.93
020437,宝盈医疗健康沪港深股票C,股票型,2023-12-26,1093443035.31,宝盈基金,10.93
003359,大成360互联网+大数据100C,指数型-股票,2017-01-18,1092352429.6,大成基金,10.92
011177,博时汇融回报一年持有混合A,混合型-偏股,2021-01-20,1092325596.64,博时基金,10.92
001000,中欧明睿新起点混合,混合型-偏股,2015-01-29,1091790341.23,中欧基金,10.92
013346,富荣信息技术混合C,混合型-偏股,2021-10-28,1090855213.23,富荣基金,10.91
010378,广发价值核心混合C,混合型-偏股,2021-01-22,1090733285.79,广发基金,10.91
001422,景顺长城安享回报混合A,混合型-灵活,2015-06-15,1089359798.05,景顺长城基金,10.89
014996,中欧量化先锋混合C,混合型-偏股,2022-02-16,1088758310.64,中欧基金,10.89
512700,银行ETF南方,指数型-股票,2017-06-28,1088508715.13,南方基金,10.89
159871,有色ETF银华,指数型-股票,2021-03-10,1087364822.32,银华基金,10.87
015881,中欧小盘成长混合C,混合型-偏股,2022-06-28,1085925720.21,中欧基金,10.86
112002,易方达策略成长二号混合,混合型-偏股,2006-08-16,1084407246.95,易方达基金,10.84
165531,中信保诚多策略混合(LOF)A,混合型-灵活,2017-06-16,1084143746.82,中信保诚基金,10.84
015945,易方达国防军工混合C,混合型-偏股,2022-06-21,1083225012.1,易方达基金,10.83
017488,嘉实信息产业股票发起式A,股票型,2022-12-16,1083129247.03,嘉实基金,10.83
159692,证券ETF东财,指数型-股票,2023-05-05,1082768863.71,东财基金,10.83
008418,惠升惠泽混合A,混合型-灵活,2019-12-17,1081679735.18,惠升基金,10.82
159356,A500ETF万家,指数型-股票,2024-11-22,1081566485.3,万家基金,10.82
011364,南方兴润价值一年持有混合C,混合型-灵活,2021-02-03,1081460732.47,南方基金,10.81
010659,民生加银质量领先混合A,混合型-偏股,2020-12-17,1080893665.59,民生加银基金,10.81
014591,广发瑞誉一年持有期混合A,混合型-偏股,2022-01-19,1079860616.26,广发基金,10.8
240010,华宝行业精选混合,混合型-偏股,2007-06-14,1079150922.42,华宝基金,10.79
017304,华安景气领航混合C,混合型-偏股,2023-04-27,1078625331.55,华安基金,10.79
008284,易方达全球医药行业混合发起式(QDII)A(人民币),QDII-混合偏股,2020-01-20,1077697364.46,易方达基金,10.78
008285,易方达全球医药行业混合发起式(QDII)A(美元现汇),QDII-混合偏股,2020-01-20,1077697364.46,易方达基金,10.78
008261,招商研究优选股票A,股票型,2020-04-21,1077274782.67,招商基金,10.77
011093,永赢宏泽一年定开混合,混合型-灵活,2021-03-09,1077187878.28,永赢基金,10.77
000251,工银金融地产混合A,混合型-偏股,2013-08-26,1076914581.21,工银瑞信基金,10.77
010178,大成企业能力驱动混合A,混合型-偏股,2021-01-19,1076389410.83,大成基金,10.76
001592,天弘创业板ETF联接A,指数型-股票,2015-07-08,1076148757.78,天弘基金,10.76
011578,汇丰晋信核心成长A,混合型-偏股,2021-05-24,1075404734.35,汇丰晋信基金,10.75
011357,华泰柏瑞品质成长混合A,混合型-偏股,2021-03-03,1075230097.44,华泰柏瑞基金,10.75
006345,景顺长城集英两年定开混合,混合型-偏股,2019-04-16,1074391323.41,景顺长城基金,10.74
160726,嘉实瑞享定期混合,混合型-灵活,2018-08-03,1074240339.21,嘉实基金,10.74
007887,东方红启元三年持有混合B,混合型-灵活,2019-09-26,1073989390.81,东方红资产管理,10.74
501016,国泰中证申万证券行业指数(LOF)A,指数型-股票,2017-04-27,1073645627.2,国泰基金,10.74
003765,广发创业板ETF发起式联接A,指数型-股票,2017-05-25,1073517987.69,广发基金,10.74
121003,国投瑞银核心企业混合,混合型-偏股,2006-04-19,1073511282.91,国投瑞银基金,10.74
006555,浦银安盛全球智能科技(QDII)A,QDII-普通股票,2019-01-29,1073210836.63,浦银安盛基金,10.73
009995,嘉实创新先锋混合C,混合型-偏股,2020-10-20,1072744971.74,嘉实基金,10.73
011271,汇添富价值成长均衡投资混合A,混合型-偏股,2021-02-05,1072696916.47,汇添富基金,10.73
588460,科创50增强ETF鹏华,指数型-股票,2022-12-01,1072528087.25,鹏华基金,10.73
010673,兴全中证800六个月持有指数A,指数型-股票,2021-02-09,1072216176.03,兴证全球基金,10.72
502000,西部利得中证500指数增强(LOF)A,指数型-股票,2015-04-15,1072069422.53,西部利得基金,10.72
519181,万家和谐增长混合A,混合型-灵活,2006-11-30,1070530631.05,万家基金,10.71
019261,富国恒生红利ETF联接C,指数型-股票,2023-09-12,1069618850.03,富国基金,10.7
000173,汇添富美丽30混合A,混合型-偏股,2013-06-25,1068675514.28,汇添富基金,10.69
003015,中金沪深300指数增强A,指数型-股票,2016-07-22,1068576796.35,中金基金,10.69
020503,汇丰晋信新动力混合C,混合型-偏股,2024-01-29,1068220765.57,汇丰晋信基金,10.68
007592,华夏价值精选混合A,混合型-偏股,2020-01-10,1066728081.69,华夏基金,10.67
017175,天弘国证绿色电力指数发起C,指数型-股票,2023-07-07,1064471220.66,天弘基金,10.64
010996,招商品质升级混合A,混合型-偏股,2021-03-05,1064206188.72,招商基金,10.64
020011,国泰沪深300指数A,指数型-股票,2007-11-11,1061563394.89,国泰基金,10.62
290011,泰信中小盘精选混合,混合型-偏股,2011-10-26,1061323184.89,泰信基金,10.61
004424,汇添富文体娱乐混合A,混合型-偏股,2018-06-21,1061068603.02,汇添富基金,10.61
162006,长城久富混合(LOF)A,混合型-偏股,2007-02-12,1060595093.27,长城基金,10.61
012350,万家元贞量化选股股票A,股票型,2023-03-14,1060552927.58,万家基金,10.61
159607,中概互联网ETF嘉实,指数型-海外股票,2021-11-24,1060326506.98,嘉实基金,10.6
001725,汇添富高端制造股票A,股票型,2017-03-20,1060313109.29,汇添富基金,10.6
160613,鹏华盛世创新混合(LOF)A,混合型-偏股,2008-10-10,1059711163.67,鹏华基金,10.6
019633,国泰半导体设备ETF联接C,指数型-股票,2023-09-26,1058356561.6,国泰基金,10.58
010214,中欧互联网先锋混合C,混合型-偏股,2020-10-12,1057139306.97,中欧基金,10.57
004320,前海开源沪港深乐享生活,混合型-灵活,2017-05-12,1056740464.56,前海开源基金,10.57
005538,中航新起航灵活配置混合C,混合型-灵活,2018-04-23,1056015766.34,中航基金,10.56
110015,易方达行业领先混合,混合型-偏股,2009-03-26,1054310512.36,易方达基金,10.54
004812,中欧先进制造股票A,股票型,2018-01-19,1054232982.79,中欧基金,10.54
159310,芯片ETF天弘,指数型-股票,2024-04-18,1054171141.76,天弘基金,10.54
009878,平安低碳经济混合A,混合型-偏股,2020-08-10,1053758086.63,平安基金,10.54
022811,人保中证A500指数增强A,指数型-股票,2025-03-28,1053561021.1,人保资产,10.54
160314,华夏行业混合(LOF),混合型-偏股,2007-11-22,1053101464.04,华夏基金,10.53
090004,大成精选增值混合A,混合型-灵活,2004-12-15,1052308245.9,大成基金,10.52
016616,国泰估值优势混合(LOF)C,混合型-偏股,2022-09-09,1051866798.06,国泰基金,10.52
022328,宏利高端装备股票C,股票型,2025-01-16,1051032832.86,宏利基金,10.51
019144,东财景气驱动混合发起式C,混合型-偏股,2024-01-23,1050213229.76,东财基金,10.5
004194,招商中证1000指数增强A,指数型-股票,2017-03-03,1047733099.09,招商基金,10.48
010685,工银前沿医疗股票C,股票型,2020-11-23,1047602395.85,工银瑞信基金,10.48
005114,平安沪深300指数量化C,指数型-股票,2017-12-26,1047554045.54,平安基金,10.48
017992,华泰柏瑞致远混合C,混合型-偏股,2023-05-24,1046997879.16,华泰柏瑞基金,10.47
007465,交银创业板50指数C,指数型-股票,2019-11-20,1046708698.2,交银施罗德基金,10.47
530003,建信优选成长混合A,混合型-偏股,2006-09-08,1046653532.03,建信基金,10.47
110033,易方达恒生国企ETF联接现钞A,指数型-海外股票,2012-08-21,1045297937.79,易方达基金,10.45
110031,易方达恒生国企ETF联接A,指数型-海外股票,2012-08-21,1045297937.79,易方达基金,10.45
110032,易方达恒生国企ETF联接现汇A,指数型-海外股票,2012-08-21,1045297937.79,易方达基金,10.45
159547,红利低波ETF华夏,指数型-股票,2024-01-25,1043713999.42,华夏基金,10.44
010341,招商产业精选股票A,股票型,2020-12-16,1042599710.53,招商基金,10.43
012043,鹏华酒C,指数型-股票,2021-04-14,1041201454.03,鹏华基金,10.41
159680,中证1000增强ETF招商,指数型-股票,2022-11-18,1041064587.98,招商基金,10.41
002340,富国价值优势混合A,混合型-偏股,2016-04-08,1040986907.86,富国基金,10.41
000948,华夏沪港通恒生ETF联接A,指数型-股票,2015-01-13,1040416221.26,华夏基金,10.4
011635,富国港股通策略精选混合A,混合型-偏股,2021-05-25,1039916699.9,富国基金,10.4
019670,广发港股创新药ETF联接(QDII)A,指数型-海外股票,2023-10-31,1039666487.0,广发基金,10.4
009394,银华同力精选混合,混合型-偏股,2020-06-16,1039418469.64,银华基金,10.39
012582,交银品质增长一年混合A,混合型-偏股,2021-07-23,1039274180.24,交银施罗德基金,10.39
519300,大成沪深300指数A,指数型-股票,2006-04-06,1039176048.55,大成基金,10.39
007872,金信稳健策略混合A,混合型-灵活,2019-12-13,1037661883.54,金信基金,10.38
519694,交银蓝筹混合,混合型-偏股,2007-08-08,1035629393.33,交银施罗德基金,10.36
040004,华安宝利配置混合,混合型-偏股,2004-08-24,1035625638.98,华安基金,10.36
512510,中证500ETF华泰柏瑞,指数型-股票,2015-05-13,1035525380.81,华泰柏瑞基金,10.36
018966,汇添富纳斯达克100ETF发起式联接(QDII)人民币A,指数型-海外股票,2023-08-02,1035381093.19,汇添富基金,10.35
013275,富国中证煤炭指数(LOF)C,指数型-股票,2021-08-19,1034726070.17,富国基金,10.35
016710,泉果旭源三年持有期混合C,混合型-偏股,2022-10-18,1034419706.02,泉果基金,10.34
513730,东南亚科技ETF华泰柏瑞,指数型-海外股票,2023-11-15,1034329116.08,华泰柏瑞基金,10.34
009007,兴全沪港深两年持有混合,混合型-偏股,2020-05-22,1034214075.0,兴证全球基金,10.34
021432,景顺长城精锐成长混合C,混合型-偏股,2025-01-24,1033761332.78,景顺长城基金,10.34
161022,富国创业板ETF联接A,指数型-股票,2013-09-12,1033331825.84,富国基金,10.33
005450,华夏稳盛灵活配置混合,混合型-灵活,2018-01-17,1032273804.59,华夏基金,10.32
516130,消费龙头ETF华宝,指数型-股票,2021-09-28,1032001697.27,华宝基金,10.32
012533,嘉实价值驱动一年持有期混合A,混合型-偏股,2021-07-27,1031234968.57,嘉实基金,10.31
004750,广发鑫和A,混合型-灵活,2018-01-16,1031222440.75,广发基金,10.31
009646,南方核心成长混合A,混合型-偏股,2020-07-16,1030807942.54,南方基金,10.31
017290,中欧科创主题混合(LOF)C,混合型-偏股,2022-11-22,1030380064.28,中欧基金,10.3
011189,建信智汇优选一年持有期混合(MOM),混合型-偏股,2021-01-26,1030277934.9,建信基金,10.3
009549,汇添富中盘价值精选混合C,混合型-偏股,2020-07-08,1029992327.5,汇添富基金,10.3
005844,东方人工智能主题混合A,混合型-偏股,2018-06-07,1029380244.16,东方基金,10.29
159592,A50ETF银华,指数型-股票,2024-03-06,1029085657.9,银华基金,10.29
005764,中欧潜力价值灵活配置混合C,混合型-灵活,2018-03-14,1028953096.15,中欧基金,10.29
011834,大成投资严选六月持有混合A,混合型-偏股,2021-07-16,1028622943.42,大成基金,10.29
023299,汇添富中证A500指数增强C,指数型-股票,2025-03-27,1028590618.35,汇添富基金,10.29
004235,中欧价值智选混合C,混合型-灵活,2017-01-19,1027352943.83,中欧基金,10.27
161606,融通行业景气混合A,混合型-灵活,2004-04-29,1026481412.66,融通基金,10.26
011188,信澳星奕混合A,混合型-偏股,2021-01-22,1026287092.86,信达澳亚基金,10.26
001164,中欧琪和灵活配置混合A,混合型-灵活,2015-04-07,1026041253.85,中欧基金,10.26
011790,建信创新驱动混合,混合型-偏股,2021-08-10,1025218694.36,建信基金,10.25
011839,天弘中证人工智能A,指数型-股票,2021-08-17,1023300562.67,天弘基金,10.23
481010,工银中小盘混合,混合型-偏股,2010-02-10,1023091543.89,工银瑞信基金,10.23
006158,博时荣享回报混合A,混合型-灵活,2018-08-23,1023051582.61,博时基金,10.23
014344,鹏华中证500指数增强A,指数型-股票,2022-01-11,1022952360.12,鹏华基金,10.23
014725,广发成长动力三年持有混合A,混合型-偏股,2022-07-26,1020494478.3,广发基金,10.2
002165,汇添富达欣混合C,混合型-灵活,2015-12-02,1018999685.57,汇添富基金,10.19
020001,国泰金鹰增长混合,混合型-灵活,2002-05-08,1018923100.42,国泰基金,10.19
020608,南方中证机器人ETF发起联接C,指数型-股票,2024-03-13,1018613014.19,南方基金,10.19
513350,标普油气ETF富国,指数型-海外股票,2023-11-20,1018331845.44,富国基金,10.18
016465,兴全合瑞混合C,混合型-偏股,2022-09-07,1018188464.26,兴证全球基金,10.18
009618,交银启汇混合A,混合型-偏股,2020-07-07,1017024763.16,交银施罗德基金,10.17
000714,诺安稳健回报混合A,混合型-灵活,2014-09-15,1016923737.41,诺安基金,10.17
006098,华宝券商ETF联接A,指数型-股票,2018-06-27,1016726071.17,华宝基金,10.17
023598,景顺长城中证港股通创新药ETF联接C,指数型-股票,2025-03-14,1016309805.37,景顺长城基金,10.16
009950,财通资管均衡价值一年持有期混合,混合型-偏股,2020-11-23,1016285352.04,财通资管,10.16
159526,机器人ETF嘉实,指数型-股票,2024-04-16,1015958060.07,嘉实基金,10.16
160325,华夏创业板两年定开混合,混合型-偏股,2020-07-24,1015901437.47,华夏基金,10.16
004234,中欧数据挖掘多因子混合C,混合型-灵活,2017-01-19,1015574291.85,中欧基金,10.16
002450,平安睿享文娱混合A,混合型-灵活,2016-03-29,1015416546.44,平安基金,10.15
017192,天弘中证工业有色金属主题ETF发起联接A,指数型-股票,2023-05-30,1014071147.26,天弘基金,10.14
005968,创金合信工业周期股票A,股票型,2018-05-17,1012640035.28,创金合信基金,10.13
519087,新华优选分红混合A,混合型-灵活,2005-09-16,1009814582.24,新华基金,10.1
014135,中欧金安量化混合A,混合型-偏股,2022-01-20,1006768718.51,中欧基金,10.07
017826,兴全欣越混合A,混合型-偏股,2023-03-17,1005963124.88,兴证全球基金,10.06
070019,嘉实价值优势混合A,混合型-偏股,2010-06-07,1004470762.23,嘉实基金,10.04
001224,中邮新思路灵活配置混合A,混合型-灵活,2015-11-11,1004013646.97,中邮基金,10.04
516520,智能驾驶ETF华泰柏瑞,指数型-股票,2021-02-09,1002641266.48,华泰柏瑞基金,10.03
013176,海富通碳中和混合C,混合型-偏股,2021-09-24,1002538918.11,海富通基金,10.03
004753,广发中证传媒ETF联接C,指数型-股票,2018-01-02,1001496350.97,广发基金,10.01
022464,富国中证A500ETF发起式联接C,指数型-股票,2024-11-11,999801350.6,富国基金,10.0
012390,中欧产业前瞻混合A,混合型-偏股,2021-06-16,999562228.77,中欧基金,10.0
005530,汇添富沪深300指数增强A,指数型-股票,2018-03-23,998963071.07,汇添富基金,9.99
000534,长盛高端装备混合A,混合型-灵活,2014-03-25,998186188.49,长盛基金,9.98
513080,法国ETF华安,指数型-海外股票,2020-05-29,997832960.68,华安基金,9.98
010460,兴业研究精选混合A,混合型-偏股,2020-11-25,996939992.87,兴业基金,9.97
017607,华泰柏瑞轮动精选混合C,混合型-偏股,2023-05-05,996559294.69,华泰柏瑞基金,9.97
023638,国泰A股电网设备ETF联接A,指数型-股票,2025-03-24,996141891.01,国泰基金,9.96
013291,富国沪深300指数增强C,指数型-股票,2021-08-24,995374328.41,富国基金,9.95
012630,广发国证半导体芯片ETF联接C,指数型-股票,2021-08-09,994852970.51,广发基金,9.95
017551,南方景气前瞻混合A,混合型-偏股,2023-03-14,994141513.25,南方基金,9.94
018036,长城全球新能源车股票发起式(QDII)C,QDII-普通股票,2023-04-21,993174029.27,长城基金,9.93
021842,国富全球科技互联混合(QDII)人民币C,QDII-混合偏股,2024-07-25,992778594.46,国海富兰克林基金,9.93
010286,海富通成长价值混合A,混合型-偏股,2020-12-17,992674151.06,海富通基金,9.93
014771,中泰红利优选一年持有混合发起,混合型-偏股,2022-03-24,992512912.15,中泰证券(上海)资管,9.93
003175,华泰柏瑞多策略混合A,混合型-灵活,2016-09-29,990515755.61,华泰柏瑞基金,9.91
016068,鹏华新能源汽车混合C,混合型-偏股,2022-07-26,989860204.41,鹏华基金,9.9
150103,银河银泰混合,混合型-偏股,2004-03-30,988744387.26,银河基金,9.89
013943,华宝中证稀有金属指数增强发起C,指数型-股票,2021-12-15,988539459.28,华宝基金,9.89
012445,华富新能源股票型发起式A,股票型,2021-06-29,987982684.54,华富基金,9.88
011275,交银成长动力一年持有混合A,混合型-偏股,2021-06-11,986979033.36,交银施罗德基金,9.87
014202,天弘中证1000指数增强C,指数型-股票,2022-01-04,986107681.67,天弘基金,9.86
070099,嘉实优质企业混合,混合型-偏股,2007-12-08,985695043.43,嘉实基金,9.86
040002,华安中国A股增强指数,指数型-股票,2002-11-08,985374326.75,华安基金,9.85
159300,沪深300ETF富国,指数型-股票,2024-05-23,985173452.65,富国基金,9.85
003957,安信量化精选沪深300增强A,指数型-股票,2017-03-16,985090157.4,安信基金,9.85
000061,华夏盛世混合,混合型-偏股,2009-12-11,984974530.22,华夏基金,9.85
010094,交银产业机遇混合,混合型-偏股,2020-09-24,984240299.94,交银施罗德基金,9.84
008555,华商龙头优势混合,混合型-偏股,2020-05-22,981863022.73,华商基金,9.82
510410,资源ETF博时,指数型-股票,2012-04-10,981700798.02,博时基金,9.82
021608,南方上证科创板芯片ETF发起联接C,指数型-股票,2024-07-08,981263337.39,南方基金,9.81
016466,国泰海通量化选股混合发起A,混合型-偏股,2022-08-18,978098201.31,国泰海通资管,9.78
013533,广发科技创新混合C,混合型-偏股,2021-09-10,976751090.33,广发基金,9.77
012538,华宝中证细分化工产业主题ETF联接C,指数型-股票,2021-06-24,976519995.39,华宝基金,9.77
519918,华夏兴和混合A,混合型-灵活,2014-05-30,976498382.95,华夏基金,9.76
014207,华安产业精选混合A,混合型-偏股,2021-12-29,976310111.33,华安基金,9.76
016704,兴业品质睿选混合发起式C,混合型-偏股,2024-08-20,975665293.47,兴业基金,9.76
010678,中欧均衡成长混合A,混合型-偏股,2020-12-11,974443806.96,中欧基金,9.74
005994,国投瑞银中证500指数量化增强A,指数型-股票,2018-08-01,973837429.35,国投瑞银基金,9.74
010599,汇添富高质量成长30一年混合A,混合型-偏股,2021-02-09,973400110.72,汇添富基金,9.73
166025,中欧远见两年定开混合A,混合型-偏股,2019-04-24,972745409.55,中欧基金,9.73
012130,景顺长城先进智造混合A,混合型-偏股,2021-08-23,971629955.85,景顺长城基金,9.72
015599,国泰国证航天军工指数(LOF)C,指数型-股票,2022-05-19,969622417.24,国泰基金,9.7
002091,华泰柏瑞新利混合C,混合型-灵活,2015-11-19,969381611.95,华泰柏瑞基金,9.69
007734,南方智锐混合C,混合型-偏股,2019-09-18,969285588.05,南方基金,9.69
011164,富国兴远优选12个月持有混合A,混合型-偏股,2021-03-02,968557648.81,富国基金,9.69
519909,华安安顺灵活配置混合A,混合型-灵活,2014-05-12,968404019.18,华安基金,9.68
011854,招商中证消费龙头指数增强C,指数型-股票,2021-05-25,967881948.67,招商基金,9.68
159699,恒生消费ETF广发,指数型-海外股票,2023-08-10,967847173.07,广发基金,9.68
015245,南华丰汇混合A,混合型-偏股,2022-02-28,967054960.76,南华基金,9.67
320013,诺安全球黄金,QDII-商品,2011-01-13,966952048.62,诺安基金,9.67
588120,科创100ETF国泰,指数型-股票,2023-09-06,966757960.76,国泰基金,9.67
004813,中欧先进制造股票C,股票型,2018-01-19,965929502.67,中欧基金,9.66
006314,国联策略优选混合A,混合型-偏股,2019-05-08,965542318.61,国联基金,9.66
019190,华商品质价值混合C,混合型-偏股,2024-04-02,964712937.14,华商基金,9.65
011126,富国互联科技股票C,股票型,2020-12-30,963948164.81,富国基金,9.64
011460,鹏华创新成长混合A,混合型-偏股,2021-03-09,962784409.92,鹏华基金,9.63
012382,宏利新兴景气龙头混合A,混合型-偏股,2021-10-25,962742132.46,宏利基金,9.63
159713,稀土ETF富国,指数型-股票,2021-08-05,962322745.29,富国基金,9.62
161131,易方达科润混合(LOF),混合型-偏股,2018-07-05,962263410.88,易方达基金,9.62
022522,中欧农业产业混合发起C,混合型-偏股,2024-12-17,961737991.69,中欧基金,9.62
162209,宏利市值优选混合A,混合型-偏股,2007-08-03,961295677.95,宏利基金,9.61
001476,中银智能制造股票A,股票型,2015-06-19,961232465.89,中银基金,9.61
090001,大成价值增长混合A,混合型-灵活,2002-11-11,961168709.02,大成基金,9.61
630001,华商领先企业混合,混合型-灵活,2007-05-15,961142598.91,华商基金,9.61
001405,东方红策略精选混合A,混合型-灵活,2015-06-05,960118790.85,东方红资产管理,9.6
005402,广发资源优选股票A,股票型,2017-12-14,955097448.35,广发基金,9.55
022083,华安中证有色金属矿业主题ETF发起式联接A,指数型-股票,2024-09-26,953939725.08,华安基金,9.54
512580,环保ETF广发,指数型-股票,2017-01-25,953876492.04,广发基金,9.54
001743,诺安优选回报混合A,混合型-灵活,2016-09-22,953648506.78,诺安基金,9.54
512600,消费ETF嘉实,指数型-股票,2014-06-13,953141444.96,嘉实基金,9.53
159327,半导体设备ETF万家,指数型-股票,2024-07-24,952469690.58,万家基金,9.52
007817,国泰中证全指通信设备ETF联接A,指数型-股票,2019-09-03,951993359.67,国泰基金,9.52
013681,华安品质甄选混合C,混合型-偏股,2022-07-20,949913453.51,华安基金,9.5
001256,泓德优选成长混合,混合型-偏股,2015-05-21,949579266.31,泓德基金,9.5
022438,华泰柏瑞中证A500ETF联接A,指数型-股票,2024-11-12,949066224.82,华泰柏瑞基金,9.49
159939,信息技术ETF广发,指数型-股票,2015-01-08,948725894.25,广发基金,9.49
517900,银行AH优选ETF招商,指数型-股票,2022-03-15,948573654.37,招商基金,9.49
012753,建信纳斯达克100指数(QDII)C美元现汇,指数型-海外股票,2021-09-22,948536032.15,建信基金,9.49
012752,建信纳斯达克100指数(QDII)C人民币,指数型-海外股票,2021-09-22,948536032.15,建信基金,9.49
000263,工银信息产业混合A,混合型-偏股,2013-11-11,948483204.82,工银瑞信基金,9.48
022445,景顺长城中证A500ETF联接C,指数型-股票,2024-11-06,947752826.18,景顺长城基金,9.48
000739,平安新鑫先锋A,混合型-灵活,2015-01-29,946614321.86,平安基金,9.47
240004,华宝动力组合混合A,混合型-偏股,2005-11-17,946602305.85,华宝基金,9.47
001801,汇添富达欣混合A,混合型-灵活,2015-12-02,946280386.4,汇添富基金,9.46
001594,天弘中证银行ETF联接A,指数型-股票,2015-07-08,945366183.25,天弘基金,9.45
009092,富国新材料新能源混合A,混合型-偏股,2020-06-24,943994832.87,富国基金,9.44
005233,广发睿毅领先混合A,混合型-偏股,2017-12-14,943541590.01,广发基金,9.44
510320,沪深300ETF中金,指数型-股票,2025-04-16,940634262.7,中金基金,9.41
017366,泰康新锐成长混合C,混合型-偏股,2022-12-09,940512851.16,泰康基金,9.41
008970,睿远均衡价值三年持有混合C,混合型-偏股,2020-02-21,940350898.56,睿远基金,9.4
010887,南方消费升级混合A,混合型-偏股,2021-01-14,940305994.63,南方基金,9.4
021490,中航趋势领航混合发起C,混合型-偏股,2024-06-18,940250256.74,中航基金,9.4
012970,鹏华国证半导体芯片ETF联接C,指数型-股票,2021-08-24,939756089.66,鹏华基金,9.4
017303,华安景气领航混合A,混合型-偏股,2023-04-27,938597764.09,华安基金,9.39
011041,天弘国证生物医药ETF发起式联接C,指数型-股票,2021-01-27,937687249.19,天弘基金,9.38
011278,华夏内需驱动混合A,混合型-偏股,2021-02-09,937149991.86,华夏基金,9.37
010524,银华中证5G通信主题ETF联接C,指数型-股票,2021-01-04,936485183.99,银华基金,9.36
022718,永赢锐见进取混合C,混合型-偏股,2025-01-23,935486168.25,永赢基金,9.35
003411,鹏华弘康灵活配置混合A,混合型-灵活,2016-09-29,935408170.8,鹏华基金,9.35
470007,汇添富上证综合指数A,指数型-股票,2009-07-01,935166091.01,汇添富基金,9.35
110030,易方达沪深300量化增强A,指数型-股票,2012-07-05,935065428.85,易方达基金,9.35
012888,工银兴瑞一年持有期混合A,混合型-偏股,2021-09-15,934064128.52,工银瑞信基金,9.34
012768,华夏中证动漫游戏ETF发起式联接A,指数型-股票,2021-08-31,931590002.09,华夏基金,9.32
019449,摩根日本精选股票(QDII)C,QDII-普通股票,2023-09-08,930335092.66,摩根基金(中国),9.3
020972,易方达机器人ETF联接A,指数型-股票,2024-05-21,929854055.07,易方达基金,9.3
519017,大成积极成长混合A,混合型-偏股,2007-01-16,929793314.46,大成基金,9.3
023567,德邦高端装备混合发起式C,混合型-偏股,2025-03-14,927981565.82,德邦基金,9.28
018999,万家趋势领先混合A,混合型-偏股,2024-02-01,926542798.71,万家基金,9.27
012123,招商金安成长严选混合,混合型-偏股,2021-06-10,926332647.42,招商基金,9.26
002685,中欧丰泓沪港深混合A,混合型-灵活,2016-11-08,925285949.74,中欧基金,9.25
010180,华夏科技龙头两年持有混合,混合型-偏股,2020-10-26,925232270.77,华夏基金,9.25
012064,圆信永丰兴诺一年持有期混合,混合型-灵活,2021-08-12,923867644.11,圆信永丰基金,9.24
008060,景顺长城价值边际灵活配置混合A,混合型-灵活,2020-08-31,923803112.51,景顺长城基金,9.24
163807,中银优选灵活配置混合A,混合型-灵活,2009-04-03,922515581.27,中银基金,9.23
588330,双创50ETF华宝,指数型-股票,2021-06-29,922363924.28,华宝基金,9.22
017730,嘉实全球产业升级股票发起式(QDII)A,QDII-普通股票,2023-02-09,922344874.59,嘉实基金,9.22
021526,南华丰汇混合C,混合型-偏股,2024-05-28,921049304.21,南华基金,9.21
010714,东方红远见价值混合A,混合型-偏股,2021-04-12,920077813.95,东方红资产管理,9.2
012526,广发盛锦混合A,混合型-偏股,2021-08-30,920073541.44,广发基金,9.2
003396,东方红优享红利混合A,混合型-灵活,2016-10-31,919781101.2,东方红资产管理,9.2
005734,华夏沪港通恒生ETF联接C,指数型-股票,2018-03-08,917960981.84,华夏基金,9.18
210009,金鹰核心资源混合A,混合型-偏股,2012-05-23,917137492.38,金鹰基金,9.17
400003,东方精选混合,混合型-灵活,2006-01-11,916688799.81,东方基金,9.17
011148,南方军工改革灵活配置混合C,混合型-灵活,2021-01-15,916540696.09,南方基金,9.17
022755,易方达科鑫量化选股股票发起式C,股票型,2024-12-11,916301244.12,易方达基金,9.16
100056,富国低碳环保混合,混合型-偏股,2011-08-10,915962914.75,富国基金,9.16
010969,华夏安阳6个月持有期混合A,混合型-偏股,2021-03-30,915446244.86,华夏基金,9.15
013220,中欧新兴价值一年持有混合A,混合型-偏股,2021-09-06,914864747.44,中欧基金,9.15
260116,景顺长城核心竞争力混合A,混合型-偏股,2011-12-20,914757126.97,景顺长城基金,9.15
021181,中欧价值精选混合A,混合型-偏股,2024-05-21,913712406.59,中欧基金,9.14
010004,景顺长城电子信息产业股票C,股票型,2020-09-09,913708085.73,景顺长城基金,9.14
501092,交银瑞思混合(LOF),混合型-偏股,2020-02-21,913308398.94,交银施罗德基金,9.13
014243,富国新材料新能源混合C,混合型-偏股,2021-12-09,912693698.85,富国基金,9.13
013233,华夏中证500指数智选增强A,指数型-股票,2021-08-11,912451966.31,华夏基金,9.12
000654,华商新锐产业混合,混合型-灵活,2014-07-24,911972995.86,华商基金,9.12
159866,日经ETF工银,指数型-海外股票,2021-03-24,911357702.06,工银瑞信基金,9.11
001500,泓德远见回报混合,混合型-灵活,2015-08-24,911262132.45,泓德基金,9.11
161601,融通新蓝筹混合,混合型-偏股,2002-09-13,911183133.49,融通基金,9.11
002132,广发鑫享灵活配置混合A,混合型-灵活,2016-01-15,911112475.27,广发基金,9.11
011069,工银成长精选混合A,混合型-偏股,2021-03-25,910911268.11,工银瑞信基金,9.11
022754,易方达科鑫量化选股股票发起式A,股票型,2024-12-11,910715569.98,易方达基金,9.11
021500,景顺长城优质成长股票C,股票型,2024-05-16,910558012.17,景顺长城基金,9.11
015740,国泰中证港股通科技ETF发起联接C,指数型-股票,2022-06-07,910211041.96,国泰基金,9.1
159320,电网设备ETF广发,指数型-股票,2024-12-12,909864751.23,广发基金,9.1
588020,科创成长ETF易方达,指数型-股票,2023-08-23,909800049.58,易方达基金,9.1
022442,工银中证A500ETF联接A,指数型-股票,2024-11-26,909293879.71,工银瑞信基金,9.09
010770,天弘中证农业主题ETF联接C,指数型-股票,2021-01-22,909231086.66,天弘基金,9.09
010874,泰康品质生活混合A,混合型-偏股,2020-12-30,909072373.87,泰康基金,9.09
011611,华泰柏瑞上证科创板50成份ETF联接C,指数型-股票,2021-03-04,909000493.33,华泰柏瑞基金,9.09
202007,南方隆元产业主题混合,混合型-偏股,2007-11-09,908972109.76,南方基金,9.09
257010,国联安小盘精选混合,混合型-灵活,2004-04-12,908800525.39,国联安基金,9.09
020003,国泰金龙行业混合,混合型-灵活,2003-12-05,908676074.78,国泰基金,9.09
008272,大成优势企业混合C,混合型-偏股,2019-12-24,907947012.5,大成基金,9.08
570008,诺德周期策略混合,混合型-偏股,2012-03-21,907860181.57,诺德基金,9.08
515150,一带一路ETF富国,指数型-股票,2019-11-06,907246786.27,富国基金,9.07
021533,天弘半导体设备指数C,指数型-股票,2024-06-04,906664364.49,天弘基金,9.07
001069,华泰柏瑞消费成长混合,混合型-灵活,2015-05-20,906584505.44,华泰柏瑞基金,9.07
005760,富国周期优势混合A,混合型-偏股,2018-07-10,901507871.67,富国基金,9.02
002851,南方品质优选灵活配置混合A,混合型-灵活,2016-08-01,900689066.89,南方基金,9.01
012571,建信恒生科技指数发起(QDII)C,指数型-海外股票,2022-09-21,899748292.47,建信基金,9.0
020628,汇添富科创芯片ETF联接A,指数型-股票,2024-03-12,899265030.36,汇添富基金,8.99
020900,天弘中证全指通信设备指数发起C,指数型-股票,2024-04-15,897980966.31,天弘基金,8.98
008850,景顺长城价值稳进定开混合,混合型-灵活,2020-07-31,897457628.27,景顺长城基金,8.97
012688,长安成长优选混合A,混合型-偏股,2021-08-12,895582362.68,长安基金,8.96
019173,摩根纳斯达克100指数(QDII)人民币C,指数型-海外股票,2023-09-25,894373933.82,摩根基金(中国),8.94
010490,鹏华高质量增长混合A,混合型-偏股,2020-11-18,892137858.97,鹏华基金,8.92
202027,南方高端装备混合A,混合型-偏股,2012-09-25,891723046.79,南方基金,8.92
011130,广发兴诚混合C,混合型-偏股,2021-01-06,890350649.95,广发基金,8.9
001667,南方转型增长混合A,混合型-灵活,2016-08-17,888899796.49,南方基金,8.89
014317,广发价值领航一年持有混合A,混合型-偏股,2022-06-02,888857125.55,广发基金,8.89
009376,景顺长城成长领航混合,混合型-偏股,2020-05-28,888401933.03,景顺长城基金,8.88
501060,中金中证优选300指数(LOF)A,指数型-股票,2018-08-30,887622275.15,中金基金,8.88
003016,中金中证500指数增强A,指数型-股票,2016-07-22,887449114.35,中金基金,8.87
007713,华富科技动能混合A,混合型-偏股,2019-11-06,885505498.04,华富基金,8.86
001301,大成睿景灵活配置混合C,混合型-灵活,2015-05-26,884911120.4,大成基金,8.85
398021,中海能源策略混合,混合型-灵活,2007-03-13,884697062.71,中海基金,8.85
011820,兴业兴智一年持有期混合A,混合型-偏股,2021-05-10,883927235.68,兴业基金,8.84
022437,摩根中证A500ETF联接C,指数型-股票,2024-11-11,883712050.48,摩根基金(中国),8.84
006249,华夏创业板ETF联接C,指数型-股票,2018-08-14,883095750.95,华夏基金,8.83
014039,交银启诚混合C,混合型-偏股,2021-12-08,882574087.49,交银施罗德基金,8.83
200008,长城品牌优选混合A,混合型-偏股,2007-08-06,882039609.54,长城基金,8.82
022714,万家新兴蓝筹C,混合型-灵活,2024-11-27,881994228.19,万家基金,8.82
012234,华安聚弘精选混合A,混合型-偏股,2021-08-27,880963616.9,华安基金,8.81
018967,汇添富纳斯达克100ETF发起式联接(QDII)人民币C,指数型-海外股票,2023-08-02,880554643.35,汇添富基金,8.81
159839,生物医药ETF汇添富,指数型-股票,2021-02-01,880030736.44,汇添富基金,8.8
501188,汇添富核心精选混合(LOF),混合型-灵活,2018-07-05,879314490.91,汇添富基金,8.79
671030,西部利得事件驱动股票A,股票型,2018-09-26,879211993.01,西部利得基金,8.79
513890,恒生科技ETF摩根,指数型-海外股票,2021-12-17,878320200.13,摩根基金(中国),8.78
003026,安信新价值混合A,混合型-灵活,2016-08-19,878271184.53,安信基金,8.78
550002,中信保诚精萃成长混合A,混合型-偏股,2006-11-27,877761840.3,中信保诚基金,8.78
016370,信澳业绩驱动混合A,混合型-偏股,2022-08-25,876235427.65,信达澳亚基金,8.76
015566,万家精选混合C,混合型-偏股,2022-04-25,875308181.22,万家基金,8.75
012886,华夏中证光伏产业ETF发起式联接C,指数型-股票,2021-08-17,874298216.89,华夏基金,8.74
019034,易方达高端制造混合发起式C,混合型-偏股,2023-11-15,873703224.11,易方达基金,8.74
012907,鹏扬中证科创创业50ETF联接A,指数型-股票,2021-07-16,873525100.49,鹏扬基金,8.74
002834,华夏新锦绣混合C,混合型-灵活,2016-08-24,872695852.49,华夏基金,8.73
008280,国泰中证煤炭ETF联接C,指数型-股票,2020-01-16,872125774.23,国泰基金,8.72
014319,德邦半导体产业混合发起式A,混合型-偏股,2021-12-28,871390631.82,德邦基金,8.71
020726,建信灵活配置混合C,混合型-灵活,2024-02-07,871146187.63,建信基金,8.71
017606,华泰柏瑞轮动精选混合A,混合型-偏股,2023-05-05,870973365.11,华泰柏瑞基金,8.71
502010,易方达中证全指证券公司指数(LOF)A,指数型-股票,2015-07-08,869773560.08,易方达基金,8.7
023521,博时上证科创板人工智能ETF发起式联接C,指数型-股票,2025-03-11,869522376.1,博时基金,8.7
012647,中欧洞见一年持有混合,混合型-偏股,2021-10-25,869178141.25,中欧基金,8.69
021513,富国港股通红利精选混合A,混合型-偏股,2024-08-13,868908215.87,富国基金,8.69
006780,广发稳健策略混合A,混合型-偏股,2019-03-07,868815052.01,广发基金,8.69
011925,嘉实港股互联网产业核心资产C,混合型-偏股,2021-08-18,868225852.88,嘉实基金,8.68
011174,中庚价值品质一年持有期混合,混合型-偏股,2021-01-19,868204032.7,中庚基金,8.68
513560,香港科技ETF兴银,指数型-股票,2023-01-31,867643338.39,兴银基金管理,8.68
016841,博道惠泰优选混合C,混合型-偏股,2023-01-18,867553764.77,博道基金,8.68
160420,华安创业板50指数A,指数型-股票,2015-07-06,866282034.36,华安基金,8.66
021967,西部利得均衡优选混合A,混合型-偏股,2025-01-24,866016369.56,西部利得基金,8.66
519185,万家精选混合A,混合型-偏股,2009-05-18,865953531.44,万家基金,8.66
005110,汇安多策略混合C,混合型-灵活,2017-11-22,865501388.03,汇安基金,8.66
015052,东方红医疗升级股票发起A,股票型,2022-03-29,865454038.82,东方红资产管理,8.65
481015,工银主题策略混合A,混合型-偏股,2011-10-24,865314200.26,工银瑞信基金,8.65
008854,南方内需增长两年股票A,股票型,2020-02-21,864632791.3,南方基金,8.65
012420,广发价值领先混合C,混合型-偏股,2021-05-21,864579887.14,广发基金,8.65
002987,广发沪深300ETF联接C,指数型-股票,2016-07-06,864538227.75,广发基金,8.65
202011,南方优选价值混合A,混合型-偏股,2008-06-18,864385299.72,南方基金,8.64
010500,中银创新医疗混合C,混合型-偏股,2020-10-30,864360092.5,中银基金,8.64
160216,国泰大宗商品(QDII-LOF)A,QDII-商品,2012-05-03,864064828.67,国泰基金,8.64
012434,银华多元回报一年持有期混合,混合型-偏股,2021-07-15,863332930.48,银华基金,8.63
070006,嘉实服务增值行业混合,混合型-灵活,2004-04-01,863226214.04,嘉实基金,8.63
016069,华商研究精选灵活配置C,混合型-灵活,2022-07-07,863154475.55,华商基金,8.63
159241,航空航天ETF天弘,指数型-股票,2025-05-21,862045895.55,天弘基金,8.62
019505,国泰海通中证1000优选股票发起A,股票型,2023-12-12,861579702.82,国泰海通资管,8.62
012621,诺安先锋混合C,混合型-偏股,2021-06-15,861512646.76,诺安基金,8.62
011405,银华稳健增长一年持有期混合,混合型-偏股,2021-02-03,860333916.02,银华基金,8.6
580001,东吴嘉禾优势精选混合A,混合型-灵活,2005-02-01,860152406.9,东吴基金,8.6
014766,中欧碳中和混合发起C,混合型-偏股,2022-03-04,859094243.0,中欧基金,8.59
159529,标普消费ETF景顺,指数型-海外股票,2024-01-24,858458116.02,景顺长城基金,8.58
014064,银华农业产业股票发起式C,股票型,2021-11-19,858255178.43,银华基金,8.58
159806,新能源车ETF国泰,指数型-股票,2020-03-10,857777456.4,国泰基金,8.58
014201,天弘中证1000指数增强A,指数型-股票,2022-01-04,857035798.76,天弘基金,8.57
007606,嘉实沪深300红利低波动ETF联接C,指数型-股票,2019-12-09,856578923.01,嘉实基金,8.57
001150,融通互联网传媒灵活配置混合,混合型-灵活,2015-04-16,856518957.45,融通基金,8.57
013451,博时凤凰领航混合C,混合型-偏股,2021-09-22,855473521.03,博时基金,8.55
021959,南方黄金股C,指数型-股票,2024-11-04,854605153.71,南方基金,8.55
002345,华夏高端制造混合A,混合型-灵活,2016-05-11,853227553.28,华夏基金,8.53
160910,大成创新成长混合(LOF)A,混合型-灵活,2007-06-12,851517555.06,大成基金,8.52
163208,诺安油气能源,QDII-普通股票,2011-09-27,851211099.74,诺安基金,8.51
015718,财通资管均衡臻选混合A,混合型-偏股,2022-11-15,850815170.54,财通资管,8.51
014438,博时恒生科技ETF发起式联接(QDII)A,指数型-海外股票,2021-12-21,849415638.03,博时基金,8.49
005313,万家中证1000指数增强A,指数型-股票,2018-01-30,848954040.41,万家基金,8.49
003304,前海开源沪港深核心资源混合A,混合型-灵活,2016-10-17,848109362.14,前海开源基金,8.48
016942,工银中证1000指数增强A,指数型-股票,2023-03-28,847976844.87,工银瑞信基金,8.48
010415,华泰柏瑞质量精选混合A,混合型-偏股,2021-03-31,847063940.62,华泰柏瑞基金,8.47
588780,科创芯片设计ETF国联安,指数型-股票,2024-12-11,846831883.33,国联安基金,8.47
016503,永赢新兴消费智选混合发起C,混合型-偏股,2022-12-08,845672600.26,永赢基金,8.46
006281,万家人工智能混合A,混合型-偏股,2019-01-25,845402753.48,万家基金,8.45
000165,国投瑞银策略精选混合,混合型-灵活,2013-09-27,844363367.58,国投瑞银基金,8.44
010947,中欧嘉选混合A,混合型-偏股,2021-03-10,843419912.09,中欧基金,8.43
020411,永赢中证沪深港黄金产业股票ETF发起联接A,指数型-股票,2024-02-01,842646979.66,永赢基金,8.43
520700,港股通创新药ETF万家,指数型-股票,2024-09-13,841760979.11,万家基金,8.42
001227,中邮信息产业灵活配置混合A,混合型-灵活,2015-05-14,841573420.65,中邮基金,8.42
007349,华夏科技创新混合A,混合型-偏股,2019-05-06,840450360.02,华夏基金,8.4
010111,广发医药健康混合C,混合型-偏股,2020-10-21,840376584.71,广发基金,8.4
161723,招商中证银行指数A,指数型-股票,2015-05-20,840360654.32,招商基金,8.4
001630,天弘中证计算机ETF联接C,指数型-股票,2015-07-29,840025720.89,天弘基金,8.4
014532,易方达MSCI中国A50互联互通ETF联接A,指数型-股票,2021-12-28,839294718.19,易方达基金,8.39
019240,华泰柏瑞中证1000指数增强A,指数型-股票,2023-09-19,838447812.47,华泰柏瑞基金,8.38
006048,长城中证500指数增强A,指数型-股票,2018-08-13,838441172.37,长城基金,8.38
004788,富荣沪深300指数增强A,指数型-股票,2018-02-11,838217181.6,富荣基金,8.38
516460,现金流ETF800鹏华,指数型-股票,2025-04-17,837893708.77,鹏华基金,8.38
378010,摩根成长先锋混合A,混合型-偏股,2006-09-20,837876298.7,摩根基金(中国),8.38
009864,招商景气优选股票A,股票型,2020-11-18,837561488.67,招商基金,8.38
159622,创新药ETF东财,指数型-股票,2023-04-21,837171249.35,东财基金,8.37
012940,中泰星元灵活配置混合C,混合型-灵活,2021-07-19,836872028.19,中泰证券(上海)资管,8.37
519981,长信标普100等权重指数人民币,指数型-海外股票,2011-03-30,836265376.01,长信基金,8.36
011706,长信标普100等权重指数美元,指数型-海外股票,2021-07-01,836265376.01,长信基金,8.36
001959,华商乐享互联灵活配置混合A,混合型-灵活,2015-12-18,836250136.16,华商基金,8.36
159867,养殖ETF鹏华,指数型-股票,2021-02-25,834108249.91,鹏华基金,8.34
022184,富国全球科技互联网股票(QDII)C,QDII-普通股票,2024-09-18,833960140.25,富国基金,8.34
002152,华宝核心优势混合A,混合型-灵活,2016-01-21,832097834.8,华宝基金,8.32
000793,工银高端制造股票,股票型,2014-10-22,832027168.38,工银瑞信基金,8.32
013430,交银趋势混合C,混合型-偏股,2021-08-27,832025863.8,交银施罗德基金,8.32
022327,宏利高端装备股票A,股票型,2025-01-16,831529041.8,宏利基金,8.32
001042,华夏领先股票,股票型,2015-05-15,831423613.69,华夏基金,8.31
016690,鹏华沪深300指数增强C,指数型-股票,2022-09-14,830806457.14,鹏华基金,8.31
022429,天弘中证A500ETF联接C,指数型-股票,2024-11-07,830616042.3,天弘基金,8.31
022427,泰康中证A500ETF联接C,指数型-股票,2024-10-29,829893116.57,泰康基金,8.3
003634,嘉实农业产业股票A,股票型,2016-12-07,829737242.84,嘉实基金,8.3
515020,银行ETF华夏,指数型-股票,2019-10-24,829563898.76,华夏基金,8.3
005959,财通新视野灵活配置混合C,混合型-灵活,2018-06-25,829255569.26,财通基金,8.29
160133,南方天元新产业股票(LOF),股票型,2014-07-03,828264561.22,南方基金,8.28
018132,博时中证有色金属矿业主题指数A,指数型-股票,2023-05-16,827607098.55,博时基金,8.28
589680,科创综指ETF鹏华,指数型-股票,2025-02-26,827490422.25,鹏华基金,8.27
159531,中证2000ETF南方,指数型-股票,2023-09-07,827252956.08,南方基金,8.27
160142,南方优势产业(LOF),混合型-灵活,2018-07-05,826756452.78,南方基金,8.27
460001,华泰柏瑞盛世中国混合,混合型-偏股,2005-04-27,826696358.99,华泰柏瑞基金,8.27
013534,鹏华沃鑫混合A,混合型-偏股,2021-12-21,826584189.84,鹏华基金,8.27
515630,证券保险ETF鹏华,指数型-股票,2020-02-28,825665218.14,鹏华基金,8.26
562930,软件ETF易方达,指数型-股票,2023-05-22,825426123.58,易方达基金,8.25
009869,嘉实产业先锋混合A,混合型-偏股,2020-07-21,824918732.08,嘉实基金,8.25
121005,国投瑞银创新动力混合,混合型-偏股,2006-11-15,824869625.96,国投瑞银基金,8.25
020603,易方达中证红利低波动ETF联接发起式C,指数型-股票,2024-03-12,824844046.97,易方达基金,8.25
018071,长信均衡优选混合A,混合型-偏股,2023-07-04,822695529.76,长信基金,8.23
169103,东方红睿轩三年持有混合,混合型-偏股,2016-01-20,822446959.93,东方红资产管理,8.22
001951,金鹰改革红利混合,混合型-灵活,2015-12-02,822343436.26,金鹰基金,8.22
009881,广发中证医疗ETF联接C,指数型-股票,2020-08-26,822282502.85,广发基金,8.22
014854,嘉实中证半导体指数增强发起式A,指数型-股票,2022-04-22,821370419.83,嘉实基金,8.21
005550,汇安成长优选混合A,混合型-灵活,2018-02-13,820765429.78,汇安基金,8.21
011309,富国消费主题混合C,混合型-偏股,2021-01-18,818268655.64,富国基金,8.18
470098,汇添富逆向投资混合A,混合型-偏股,2012-03-09,817924659.69,汇添富基金,8.18
008901,富国内需增长混合A,混合型-偏股,2020-03-26,817456365.5,富国基金,8.17
012255,富国高质量混合,混合型-偏股,2021-06-16,816840307.49,富国基金,8.17
022433,中欧中证A500指数发起C,指数型-股票,2024-11-04,816212301.25,中欧基金,8.16
022690,华安医药生物股票发起式A,股票型,2024-12-25,814661160.17,华安基金,8.15
159637,新能源车ETF东财,指数型-股票,2022-08-19,814626651.24,东财基金,8.15
240005,华宝多策略增长A,混合型-偏股,2004-05-11,813417054.84,华宝基金,8.13
952099,国泰海通君得鑫两年持有混合C,混合型-偏股,2020-01-06,813410566.15,国泰海通资管,8.13
121006,国投瑞银稳健增长混合,混合型-偏股,2008-06-11,813365488.78,国投瑞银基金,8.13
011956,鹏华新能源精选混合A,混合型-偏股,2021-07-21,813044370.11,鹏华基金,8.13
159359,A500ETF华安,指数型-股票,2024-11-19,812136264.01,华安基金,8.12
007114,永赢高端制造混合C,混合型-偏股,2019-11-01,811212772.91,永赢基金,8.11
004641,万家量化睿选混合A,混合型-灵活,2017-08-04,810571905.67,万家基金,8.11
159690,有色矿业ETF招商,指数型-股票,2023-06-21,810487376.06,招商基金,8.1
540010,汇丰晋信科技先锋股票,股票型,2011-07-27,808215799.6,汇丰晋信基金,8.08
015642,银华数字经济股票发起式C,股票型,2022-05-20,807445859.38,银华基金,8.07
690007,民生加银景气行业混合A,混合型-偏股,2011-11-22,807375420.5,民生加银基金,8.07
310318,申万菱信沪深300指数增强A,指数型-股票,2004-11-29,806716129.97,申万菱信基金,8.07
013450,博时凤凰领航混合A,混合型-偏股,2021-09-22,806697569.36,博时基金,8.07
660008,农银沪深300指数A,指数型-股票,2011-04-12,805580886.39,农银汇理基金,8.06
161631,融通人工智能指数(LOF)A,指数型-股票,2017-04-10,805221198.95,融通基金,8.05
021190,南方亚太精选ETF联接(QDII)C,指数型-海外股票,2024-05-21,804176312.17,南方基金,8.04
022426,泰康中证A500ETF联接A,指数型-股票,2024-10-29,804100093.33,泰康基金,8.04
014772,中泰红利价值一年持有混合发起,混合型-偏股,2022-03-24,803485644.03,中泰证券(上海)资管,8.03
019118,景顺长城纳斯达克科技ETF联接(QDII)E人民币,指数型-海外股票,2023-08-16,803209539.17,景顺长城基金,8.03
530001,建信恒久价值混合,混合型-偏股,2005-12-01,801134667.67,建信基金,8.01
006503,财通集成电路产业股票C,股票型,2018-11-29,799745597.83,财通基金,8.0
001416,嘉实事件驱动股票,股票型,2015-06-09,799723734.31,嘉实基金,8.0
501312,华宝海外科技股票(QDII-LOF)A,QDII-普通股票,2023-04-11,799386091.07,华宝基金,7.99
562960,绿色电力ETF易方达,指数型-股票,2023-04-03,799054543.46,易方达基金,7.99
020152,中信保诚景气优选混合C,混合型-偏股,2024-02-26,797953993.64,中信保诚基金,7.98
200002,长城久泰沪深300指数A,指数型-股票,2004-05-21,797818060.68,长城基金,7.98
019414,长城消费增值混合C,混合型-偏股,2023-09-22,797516184.59,长城基金,7.98
420001,天弘精选混合A,混合型-灵活,2005-10-08,796803899.35,天弘基金,7.97
010393,工银健康生活混合A,混合型-偏股,2020-11-09,795776072.75,工银瑞信基金,7.96
160716,嘉实基本面50指数(LOF)A,指数型-股票,2009-12-30,794449874.46,嘉实基金,7.94
005354,富国沪港深行业精选混合A,混合型-灵活,2017-12-11,794415076.19,富国基金,7.94
005543,银华心诚灵活配置混合A,混合型-灵活,2018-03-12,794076375.57,银华基金,7.94
011756,博时产业优选混合A,混合型-灵活,2021-07-20,794067632.54,博时基金,7.94
007448,长信沪深300指数增强C,指数型-股票,2019-05-16,791778303.07,长信基金,7.92
560150,红利低波ETF泰康,指数型-股票,2024-03-15,790859326.8,泰康基金,7.91
161121,易方达中证银行ETF联接(LOF)A,指数型-股票,2015-06-03,789997824.25,易方达基金,7.9
019319,汇添富国证2000指数增强C,指数型-股票,2023-11-07,788680569.12,汇添富基金,7.89
012723,平安中证光伏产业指数C,指数型-股票,2021-07-14,788387909.19,平安基金,7.88
013273,招商沪深300地产等权重指数C,指数型-股票,2021-08-12,788303651.44,招商基金,7.88
023325,路博迈中证A500指数增强A,指数型-股票,2025-03-20,787509081.12,路博迈基金(中国),7.88
007883,易方达医药ETF联接C,指数型-股票,2019-08-20,787087595.19,易方达基金,7.87
070013,嘉实研究精选混合,混合型-偏股,2008-05-27,787086621.41,嘉实基金,7.87
002236,大成360互联网+大数据100A,指数型-股票,2016-02-03,786322836.11,大成基金,7.86
012196,招商品质生活混合A,混合型-偏股,2021-06-02,786293242.34,招商基金,7.86
018258,国泰海通沪深300指数增强发起C,指数型-股票,2023-04-19,786253654.07,国泰海通资管,7.86
006532,华泰柏瑞量化阿尔法C,混合型-灵活,2018-10-16,785922155.04,华泰柏瑞基金,7.86
200007,长城安心回报混合A,混合型-灵活,2006-08-22,785886308.84,长城基金,7.86
001040,新华策略精选股票A,股票型,2015-03-31,785021489.08,新华基金,7.85
562880,电池ETF嘉实,指数型-股票,2021-07-13,784887195.23,嘉实基金,7.85
213001,宝盈鸿利收益灵活配置混合A,混合型-灵活,2002-10-08,783965065.11,宝盈基金,7.84
166009,中欧新动力混合(LOF)A,混合型-偏股,2011-02-10,783730882.79,中欧基金,7.84
009474,国泰致远优势混合,混合型-偏股,2020-07-16,782999883.63,国泰基金,7.83
001644,汇丰晋信智造先锋股票C,股票型,2015-09-30,782936007.06,汇丰晋信基金,7.83
012650,博时半导体主题混合A,混合型-偏股,2021-07-20,782282986.96,博时基金,7.82
012061,富国全球消费精选混合(QDII)美元,QDII-混合偏股,2021-07-30,781520475.0,富国基金,7.82
012060,富国全球消费精选混合(QDII)人民币A,QDII-混合偏股,2021-07-30,781520475.0,富国基金,7.82
014565,天弘创新药精选50ETF联接C,指数型-股票,2022-05-06,780188941.41,天弘基金,7.8
019125,博道红利智航股票C,股票型,2023-10-31,779351836.54,博道基金,7.79
013422,太平智行三个月定开混合发起式,混合型-偏股,2021-08-25,779049701.95,太平基金,7.79
398051,中海环保新能源混合,混合型-灵活,2010-12-09,778453571.76,中海基金,7.78
015839,广发招利混合C,混合型-偏股,2022-09-20,777929048.16,广发基金,7.78
004348,南方中证500ETF联接(LOF)C,指数型-股票,2017-02-23,777856008.75,南方基金,7.78
000363,国泰聚信价值优势混合C,混合型-灵活,2013-12-17,777484896.98,国泰基金,7.77
590001,中邮核心优选混合A,混合型-偏股,2006-09-28,777237456.03,中邮基金,7.77
013294,东方红智选三年持有混合A,混合型-偏股,2021-11-03,777140776.49,东方红资产管理,7.77
013465,博时智选量化多因子股票A,股票型,2021-11-02,776694439.37,博时基金,7.77
001885,中欧新蓝筹混合E,混合型-偏股,2015-10-08,776476761.81,中欧基金,7.76
159368,创业板新能源ETF华夏,指数型-股票,2025-03-14,776292923.22,华夏基金,7.76
162204,宏利行业精选混合A,混合型-偏股,2004-07-09,776276003.97,宏利基金,7.76
009011,华夏睿阳一年持有混合,混合型-偏股,2020-03-18,776179041.73,华夏基金,7.76
501062,南方瑞合定开混合(LOF),混合型-灵活,2018-09-06,774719544.32,南方基金,7.75
009098,景顺长城价值领航两年持有,混合型-偏股,2020-03-23,774300550.79,景顺长城基金,7.74
001643,汇丰晋信智造先锋股票A,股票型,2015-09-30,773549198.47,汇丰晋信基金,7.74
012862,汇添富中证电池主题ETF发起式联接A,指数型-股票,2021-08-11,773304460.12,汇添富基金,7.73
161129,易方达原油A类人民币,QDII-商品,2016-12-19,773147818.79,易方达基金,7.73
003322,易方达原油A类美元汇,QDII-商品,2016-12-19,773147818.79,易方达基金,7.73
501019,国泰国证航天军工指数(LOF)A,指数型-股票,2017-03-29,771159462.38,国泰基金,7.71
320006,诺安灵活配置混合,混合型-灵活,2008-05-20,770831462.01,诺安基金,7.71
159735,港股消费ETF银华,指数型-股票,2021-05-25,770077255.96,银华基金,7.7
012832,南方中证新能源ETF联接C,指数型-股票,2021-08-24,770045614.94,南方基金,7.7
009661,平安研究睿选混合A,混合型-偏股,2020-07-17,769363133.15,平安基金,7.69
021142,华夏港股通央企红利ETF联接A,指数型-股票,2024-04-16,768117124.23,华夏基金,7.68
012062,富国全球消费精选混合(QDII)人民币C,QDII-混合偏股,2021-07-30,768097528.73,富国基金,7.68
012660,华安新乐享灵活配置混合C,混合型-灵活,2021-06-17,767317947.22,华安基金,7.67
011167,景顺长城景气成长混合A,混合型-偏股,2021-06-15,766875901.06,景顺长城基金,7.67
001174,中欧瑾和灵活配置混合C,混合型-灵活,2015-04-13,766042391.38,中欧基金,7.66
673083,西部利得祥运混合C,混合型-灵活,2016-12-05,765965899.31,西部利得基金,7.66
000772,景顺长城中国回报混合A,混合型-灵活,2014-11-06,765908750.15,景顺长城基金,7.66
012725,国泰中证畜牧养殖ETF联接C,指数型-股票,2021-07-02,765737436.73,国泰基金,7.66
512560,军工ETF易方达,指数型-股票,2017-07-14,765413502.06,易方达基金,7.65
009571,鹏华匠心精选混合C,混合型-偏股,2020-07-10,764712134.59,鹏华基金,7.65
011584,大成港股精选混合(QDII)C,QDII-混合偏股,2021-05-06,764499728.59,大成基金,7.64
001126,摩根卓越制造股票A,股票型,2015-04-14,764021247.83,摩根基金(中国),7.64
512080,A500ETF中金,指数型-股票,2025-01-14,763971068.41,中金基金,7.64
168002,国寿安保策略精选混合A,混合型-偏股,2017-09-27,763907078.87,国寿安保基金,7.64
001406,东方红策略精选混合C,混合型-灵活,2015-06-05,763712331.59,东方红资产管理,7.64
019032,易方达环保主题混合C,混合型-灵活,2023-11-15,763102822.36,易方达基金,7.63
001548,天弘上证50ETF联接A,指数型-股票,2015-07-16,762468564.2,天弘基金,7.62
014585,银华心兴三年持有混合A,混合型-偏股,2022-01-20,762451516.12,银华基金,7.62
470028,汇添富社会责任混合A,混合型-偏股,2011-03-29,762371385.93,汇添富基金,7.62
017234,永赢睿恒混合A,混合型-偏股,2024-12-10,761177829.92,永赢基金,7.61
460005,华泰柏瑞价值增长混合A,混合型-偏股,2008-07-16,760788316.88,华泰柏瑞基金,7.61
013810,广发科创50ETF发起式联接A,指数型-股票,2021-10-20,759968529.69,广发基金,7.6
010109,富国价值增长混合A,混合型-偏股,2020-09-14,759913626.62,富国基金,7.6
022167,富国资源精选混合发起式C,混合型-偏股,2024-10-21,759799892.5,富国基金,7.6
011172,广发利鑫灵活配置混合C,混合型-灵活,2021-01-06,759619804.2,广发基金,7.6
050201,博时价值增长贰号混合,混合型-偏股,2006-09-27,758722090.19,博时基金,7.59
011513,天弘中证新能源车C,指数型-股票,2021-04-09,758560862.65,天弘基金,7.59
501025,鹏华中证香港银行指数(LOF)A,指数型-股票,2016-11-10,757835017.96,鹏华基金,7.58
398001,中海优质成长混合,混合型-灵活,2004-09-28,757712443.25,中海基金,7.58
013416,永赢中证全指医疗器械ETF发起联接C,指数型-股票,2021-11-22,757612833.49,永赢基金,7.58
001552,天弘中证证券保险A,指数型-股票,2015-06-30,756917830.77,天弘基金,7.57
010024,广发沪港深新起点股票C,股票型,2020-09-22,756591588.58,广发基金,7.57
512810,军工ETF华宝,指数型-股票,2016-08-05,756458886.03,华宝基金,7.56
008934,大成科技消费股票A,股票型,2020-07-16,756417858.3,大成基金,7.56
014199,建信沃信一年持有混合A,混合型-偏股,2022-01-19,756215862.01,建信基金,7.56
021757,中欧沪深300指数量化增强A,指数型-股票,2024-11-29,755899059.66,中欧基金,7.56
009010,华夏兴阳一年持有混合,混合型-偏股,2020-03-18,755854487.19,华夏基金,7.56
519039,长盛同德主题混合,混合型-偏股,2007-10-25,755325866.69,长盛基金,7.55
009601,招商科技动力3个月滚动持有股票A,股票型,2020-09-14,755257273.89,招商基金,7.55
020758,永赢融安混合C,混合型-偏股,2024-08-23,754075019.55,永赢基金,7.54
450010,国富策略回报混合A,混合型-灵活,2011-08-02,752919698.67,国海富兰克林基金,7.53
002593,富国美丽中国混合A,混合型-偏股,2016-05-19,752772507.21,富国基金,7.53
006259,汇添富红利增长混合A,混合型-偏股,2019-04-26,752742149.87,汇添富基金,7.53
161912,万家社会责任18个月定开A,混合型-偏股,2019-03-21,752716628.34,万家基金,7.53
011228,西部利得量化成长混合C,混合型-偏股,2021-01-13,751937833.85,西部利得基金,7.52
001008,工银国企改革股票,股票型,2015-01-27,751701544.45,工银瑞信基金,7.52
011251,华安聚嘉精选混合A,混合型-偏股,2021-03-19,751407049.85,华安基金,7.51
519670,银河行业混合A,混合型-偏股,2009-04-24,751283910.15,银河基金,7.51
013342,工银核心机遇混合C,混合型-偏股,2022-02-25,750684881.93,工银瑞信基金,7.51
512820,银行ETF汇添富,指数型-股票,2018-10-23,750294487.8,汇添富基金,7.5
016387,永赢低碳环保智选混合发起C,混合型-偏股,2022-10-17,749519240.2,永赢基金,7.5
006179,富国品质生活混合A,混合型-偏股,2019-03-20,749387752.89,富国基金,7.49
021760,中欧中证港股通创新药指数发起C,指数型-股票,2024-09-26,748852163.59,中欧基金,7.49
020065,西部利得科技创新混合C,混合型-偏股,2023-12-19,748712147.12,西部利得基金,7.49
260103,景顺长城动力平衡混合,混合型-灵活,2003-10-24,747930154.49,景顺长城基金,7.48
018122,永赢数字经济智选混合发起A,混合型-偏股,2023-04-10,747231856.19,永赢基金,7.47
012584,南方中国新兴经济9个月持有期混合(QDII)A,QDII-混合偏股,2021-08-10,746211469.87,南方基金,7.46
009491,宝盈创新驱动股票A,股票型,2020-08-10,745556203.53,宝盈基金,7.46
159612,标普500ETF国泰,指数型-海外股票,2022-05-09,745038475.55,国泰基金,7.45
013286,富国上证指数ETF联接C,指数型-股票,2021-08-24,744581501.76,富国基金,7.45
010104,景顺长城消费精选混合A,混合型-偏股,2020-09-24,744193411.02,景顺长城基金,7.44
000971,诺安新经济股票,股票型,2015-01-26,743955583.63,诺安基金,7.44
008121,万家自主创新混合C,混合型-偏股,2020-02-10,743932800.87,万家基金,7.44
022756,鹏扬中证A500指数增强A,指数型-股票,2025-03-04,743722264.68,鹏扬基金,7.44
004321,前海开源沪港深强国产业混合,混合型-灵活,2017-03-01,742173123.45,前海开源基金,7.42
001287,安信优势增长混合A,混合型-灵活,2015-05-20,742170122.56,安信基金,7.42
009873,中欧责任投资混合C,混合型-偏股,2020-09-10,741639430.65,中欧基金,7.42
501090,华宝中证消费龙头ETF联接A,指数型-股票,2019-12-19,741025427.65,华宝基金,7.41
021968,西部利得均衡优选混合C,混合型-偏股,2025-01-24,740754530.51,西部利得基金,7.41
159807,科技ETF易方达,指数型-股票,2020-03-16,740556709.68,易方达基金,7.41
012553,天弘芯片产业ETF联接C,指数型-股票,2021-07-21,740056322.24,天弘基金,7.4
015692,富国通胀通缩主题轮动混合C,混合型-偏股,2022-06-16,739138987.38,富国基金,7.39
018419,广发碳中和主题混合发起式C,混合型-偏股,2024-06-12,738978784.46,广发基金,7.39
012664,国寿安保沪港深300ETF联接C,指数型-股票,2022-02-25,738934994.81,国寿安保基金,7.39
009029,工银高质量成长混合A,混合型-偏股,2020-06-18,738861643.11,工银瑞信基金,7.39
013188,华夏能源革新股票C,股票型,2021-08-04,738749751.86,华夏基金,7.39
012284,光大健康优加混合A,混合型-偏股,2021-08-05,738207815.77,光大保德信基金,7.38
001869,招商制造业混合A,混合型-灵活,2015-12-02,736964281.15,招商基金,7.37
240009,华宝先进成长混合,混合型-偏股,2006-11-07,736683734.15,华宝基金,7.37
005312,万家经济新动能混合C,混合型-偏股,2018-02-07,736659298.55,万家基金,7.37
021634,招商中证香港科技ETF发起式联接(QDII)C,指数型-海外股票,2024-07-30,735957368.39,招商基金,7.36
014509,汇添富先进制造混合C,混合型-偏股,2022-03-02,735944837.72,汇添富基金,7.36
002036,安信优势增长混合C,混合型-灵活,2015-11-17,735687569.84,安信基金,7.36
590008,中邮战略新兴产业混合A,混合型-偏股,2012-06-12,733075689.05,中邮基金,7.33
017141,华宝中证有色金属ETF发起式联接C,指数型-股票,2022-12-13,732971175.79,华宝基金,7.33
012541,金鹰产业升级混合A,混合型-偏股,2021-07-19,732864489.01,金鹰基金,7.33
017483,财通资管数字经济混合发起式A,混合型-偏股,2022-12-26,731885689.16,财通资管,7.32
019877,广发均衡成长混合C,混合型-偏股,2024-04-23,731779636.17,广发基金,7.32
011121,广发兴诚混合A,混合型-偏股,2021-01-06,730174125.68,广发基金,7.3
021991,中加专精特新量化选股混合发起式C,混合型-偏股,2024-11-12,730096457.07,中加基金,7.3
011282,华夏消费龙头混合A,混合型-偏股,2021-02-03,729592873.36,华夏基金,7.3
011114,富国沪港深行业精选混合C,混合型-灵活,2020-12-30,729480872.02,富国基金,7.29
023895,天弘上证科创板综合指数增强A,指数型-股票,2025-04-22,729434291.28,天弘基金,7.29
011435,中欧研究精选混合A,混合型-偏股,2021-03-24,729272666.23,中欧基金,7.29
021363,易方达黄金股指数发起式C,指数型-股票,2024-10-29,729262313.38,易方达基金,7.29
003592,华泰柏瑞享利混合C,混合型-灵活,2016-12-29,728339675.22,华泰柏瑞基金,7.28
000945,华夏医疗健康混合A,混合型-灵活,2015-02-02,728100970.42,华夏基金,7.28
502056,广发中证医疗ETF联接(LOF)A,指数型-股票,2015-07-23,727076471.07,广发基金,7.27
006315,国联策略优选混合C,混合型-偏股,2019-05-08,726339545.44,国联基金,7.26
159388,创业板人工智能ETF国泰,指数型-股票,2025-03-26,726260217.11,国泰基金,7.26
017876,汇添富新能源精选混合发起式A,混合型-偏股,2023-03-17,726032173.25,汇添富基金,7.26
012119,工银核心优势混合A,混合型-偏股,2021-06-24,725846569.84,工银瑞信基金,7.26
501005,汇添富中证精准医疗指数(LOF)A,指数型-股票,2016-01-21,724783843.89,汇添富基金,7.25
257070,国联安优选行业混合,混合型-偏股,2011-05-23,723525437.17,国联安基金,7.24
017998,中欧融恒平衡混合A,混合型-灵活,2023-03-21,721766047.2,中欧基金,7.22
001442,易方达瑞信混合E,混合型-灵活,2018-01-30,721620219.54,易方达基金,7.22
004195,招商中证1000指数增强C,指数型-股票,2017-03-03,721579974.4,招商基金,7.22
539003,建信富时100指数(QDII)A人民币,指数型-海外股票,2012-06-26,721546501.68,建信基金,7.22
008707,建信富时100指数(QDII)A美元现汇,指数型-海外股票,2020-01-10,721546501.68,建信基金,7.22
005125,华宝标普中国A股红利机会ETF联接C,指数型-股票,2017-08-28,721027409.94,华宝基金,7.21
001705,泓德战略转型股票,股票型,2015-11-10,720766213.71,泓德基金,7.21
166027,中欧创业板两年定开混合A,混合型-偏股,2020-07-16,719713642.16,中欧基金,7.2
013622,华安智能装备主题股票C,股票型,2021-10-18,718567848.66,华安基金,7.19
159577,美国50ETF汇添富,指数型-海外股票,2024-02-05,718280611.06,汇添富基金,7.18
513700,港股通医药ETF鹏华,指数型-股票,2021-07-13,716988996.23,鹏华基金,7.17
002385,博时沪深300指数C,指数型-股票,2016-01-26,716545671.65,博时基金,7.17
001605,国富沪港深成长精选股票A,股票型,2016-01-20,715778553.72,国海富兰克林基金,7.16
004232,中欧价值发现混合C,混合型-偏股,2017-01-12,715746418.53,中欧基金,7.16
012082,博时数字经济混合A,混合型-偏股,2021-06-18,715214314.87,博时基金,7.15
002624,广发优企精选混合A,混合型-灵活,2016-08-04,714992935.19,广发基金,7.15
003822,中信建投轮换混合A,混合型-偏股,2019-01-17,713462632.85,中信建投基金,7.13
014007,华安制造升级一年持有混合A,混合型-偏股,2021-12-17,713279301.33,华安基金,7.13
161724,招商中证煤炭等权指数(LOF)A,指数型-股票,2015-05-20,713118489.29,招商基金,7.13
001702,东方创新科技混合,混合型-灵活,2015-09-08,712336406.26,东方基金,7.12
004139,中邮军民融合灵活配置混合A,混合型-灵活,2017-04-01,711053852.98,中邮基金,7.11
561230,中证A50ETF工银,指数型-股票,2024-03-06,710919352.05,工银瑞信基金,7.11
014191,广发先进制造股票发起式A,股票型,2022-03-01,710854995.8,广发基金,7.11
370027,摩根智选30混合A,混合型-偏股,2013-03-06,710389315.92,摩根基金(中国),7.1
008532,惠升惠民混合C,混合型-偏股,2020-03-05,710323228.72,惠升基金,7.1
015564,大成弘远回报一年持有混合A,混合型-偏股,2022-09-27,710231834.68,大成基金,7.1
014043,银华心怡灵活配置混合C,混合型-灵活,2021-11-10,709310127.45,银华基金,7.09
008592,天弘沪深300指数增强发起A,指数型-股票,2019-12-27,709068465.97,天弘基金,7.09
000849,汇丰晋信双核策略混合A,混合型-灵活,2014-11-26,708473175.75,汇丰晋信基金,7.08
008531,惠升惠民混合A,混合型-偏股,2020-03-05,707230273.23,惠升基金,7.07
519011,海富通精选混合,混合型-偏股,2003-08-22,706797658.22,海富通基金,7.07
010967,博道嘉丰混合A,混合型-偏股,2021-02-01,706633907.46,博道基金,7.07
519908,华夏兴华混合A,混合型-灵活,2013-04-12,706527185.06,华夏基金,7.07
000711,嘉实医疗保健股票,股票型,2014-08-13,706458090.92,嘉实基金,7.06
017560,华安上证科创板芯片ETF发起式联接C,指数型-股票,2022-12-27,706252602.24,华安基金,7.06
002270,东吴安盈量化混合A,混合型-灵活,2016-02-03,706235734.88,东吴基金,7.06
000368,汇添富沪深300安中指数A,指数型-股票,2013-11-06,706055597.25,汇添富基金,7.06
019189,华商品质价值混合A,混合型-偏股,2024-04-02,705785890.0,华商基金,7.06
161039,富国中证1000指数增强(LOF)A,指数型-股票,2018-05-31,705303500.69,富国基金,7.05
001549,天弘上证50ETF联接C,指数型-股票,2015-07-16,705149057.91,天弘基金,7.05
588900,科创100ETF南方,指数型-股票,2023-12-08,704509988.55,南方基金,7.05
010112,广发研究精选股票A,股票型,2020-11-04,704062520.29,广发基金,7.04
017415,中泰元和价值精选混合A,混合型-偏股,2023-02-17,702839874.84,中泰证券(上海)资管,7.03
519700,交银主题优选混合A,混合型-灵活,2010-06-30,702527563.34,交银施罗德基金,7.03
019524,华泰柏瑞纳斯达克100ETF发起式联接(QDII)A,指数型-海外股票,2023-10-19,701981153.92,华泰柏瑞基金,7.02
006392,中信保诚创新成长混合A,混合型-灵活,2019-01-30,701733103.77,中信保诚基金,7.02
009190,景顺长城核心优选一年持有混合,混合型-偏股,2020-05-08,700492911.22,景顺长城基金,7.0
012041,鹏华中证国防指数(LOF)C,指数型-股票,2021-04-14,699851028.43,鹏华基金,7.0
021620,天弘石油天然气指数C,指数型-股票,2024-07-05,699814561.58,天弘基金,7.0
021143,华夏港股通央企红利ETF联接C,指数型-股票,2024-04-16,699203818.15,华夏基金,6.99
000613,国寿安保沪深300ETF联接A,指数型-股票,2014-06-05,698275972.04,国寿安保基金,6.98
001225,中邮趋势精选灵活配置混合A,混合型-灵活,2015-05-27,697006959.91,中邮基金,6.97
159378,通用航空ETF永赢,指数型-股票,2025-01-02,696705053.83,永赢基金,6.97
014425,博时恒生医疗保健ETF发起式联接(QDII)C,指数型-海外股票,2021-12-28,696439540.04,博时基金,6.96
022444,景顺长城中证A500ETF联接A,指数型-股票,2024-11-06,696359256.59,景顺长城基金,6.96
520600,港股通汽车ETF广发,指数型-股票,2024-12-19,696353916.38,广发基金,6.96
562970,光伏ETF易方达,指数型-股票,2024-10-30,696109148.82,易方达基金,6.96
006887,诺德新生活混合A,混合型-偏股,2019-03-28,695805049.57,诺德基金,6.96
010963,信澳周期动力混合A,混合型-偏股,2020-12-30,695545699.99,信达澳亚基金,6.96
009199,万家价值优势一年持有期混合,混合型-偏股,2020-05-29,695387667.51,万家基金,6.95
150968,银河研究精选混合A,混合型-偏股,2017-07-27,695068408.25,银河基金,6.95
000215,广发趋势优选灵活配置混合A,混合型-灵活,2013-09-11,694579143.15,广发基金,6.95
021499,博时黄金ETF联接E,指数型-其他,2024-05-20,693536368.96,博时基金,6.94
014130,融通中证云计算与大数据主题指数(LOF)C,指数型-股票,2021-11-30,693482447.01,融通基金,6.93
003017,广发中证军工ETF联接A,指数型-股票,2016-09-26,693462477.33,广发基金,6.93
159552,中证2000增强ETF招商,指数型-股票,2024-06-19,693362777.0,招商基金,6.93
513220,中概互联ETF招商,指数型-海外股票,2022-07-04,693278712.14,招商基金,6.93
001550,天弘中证医药100A,指数型-股票,2015-06-30,693224854.0,天弘基金,6.93
013414,太平智远三个月定开股票发起式,股票型,2021-08-25,692657559.35,太平基金,6.93
009860,易方达中证银行ETF联接(LOF)C,指数型-股票,2020-08-07,692631930.86,易方达基金,6.93
008975,富国中证消费50ETF联接A,指数型-股票,2020-03-18,692198359.04,富国基金,6.92
002669,华商万众创新混合A,混合型-灵活,2016-06-28,691806938.83,华商基金,6.92
040015,华安动态灵活配置混合A,混合型-灵活,2009-12-22,691699540.97,华安基金,6.92
161715,招商大宗商品(LOF),指数型-股票,2012-06-28,691530601.82,招商基金,6.92
008712,景顺长城品质成长混合A,混合型-偏股,2020-01-03,691303296.89,景顺长城基金,6.91
630008,华商策略精选混合,混合型-灵活,2010-11-09,691059404.42,华商基金,6.91
005937,工银精选金融地产混合A,混合型-偏股,2018-11-14,691031178.31,工银瑞信基金,6.91
023103,圆信永丰医药健康C,混合型-偏股,2024-12-26,690738079.57,圆信永丰基金,6.91
011372,华商远见价值C,混合型-偏股,2021-06-16,690368775.52,华商基金,6.9
012412,汇泉策略优选混合A,混合型-偏股,2021-07-20,689821770.35,汇泉基金,6.9
006939,鹏华沪深300ETF联接(LOF)C,指数型-股票,2019-01-22,689551835.48,鹏华基金,6.9
164402,前海开源中航军工指数A,指数型-股票,2015-03-30,688903047.6,前海开源基金,6.89
023532,西部利得事件驱动股票C,股票型,2025-03-03,688541793.79,西部利得基金,6.89
002983,长信国防军工量化混合A,混合型-灵活,2017-01-05,687961455.6,长信基金,6.88
015198,汇添富移动互联股票C,股票型,2022-03-07,687691157.5,汇添富基金,6.88
010371,大成成长进取混合A,混合型-偏股,2020-11-30,687441947.19,大成基金,6.87
562950,消费电子ETF易方达,指数型-股票,2022-01-12,686726292.44,易方达基金,6.87
014544,汇添富中证沪港深云计算产业ETF联接C,指数型-股票,2021-12-28,686211637.91,汇添富基金,6.86
007139,富国民裕进取沪港深成长A,混合型-偏股,2019-05-21,685880734.24,富国基金,6.86
014415,招商中证畜牧养殖ETF联接C,指数型-股票,2022-04-19,684923822.59,招商基金,6.85
008971,大成纳斯达克100ETF联接(QDII)C,指数型-海外股票,2023-06-28,684749217.93,大成基金,6.85
011847,易方达商业模式优选混合A,混合型-偏股,2021-08-03,684086837.21,易方达基金,6.84
012228,景顺长城港股通全球竞争力C,混合型-偏股,2021-08-12,683508267.39,景顺长城基金,6.84
373010,摩根双息平衡混合A,混合型-灵活,2006-04-26,683203830.2,摩根基金(中国),6.83
009596,泰康创新成长混合A,混合型-偏股,2020-09-07,681652591.93,泰康基金,6.82
005919,天弘中证500ETF联接C,指数型-股票,2018-04-24,681619025.49,天弘基金,6.82
005914,景顺长城智能生活混合A,混合型-偏股,2019-01-31,680946263.88,景顺长城基金,6.81
000220,富国医疗保健行业混合A,混合型-偏股,2013-08-07,680397205.29,富国基金,6.8
001956,国联安科技动力,股票型,2016-01-26,680387481.42,国联安基金,6.8
018388,华泰柏瑞港股通红利ETF联接基金C,指数型-股票,2023-06-19,679306555.39,华泰柏瑞基金,6.79
019862,鹏华上证科创100ETF联接C,指数型-股票,2023-12-01,679292347.16,鹏华基金,6.79
014162,万家人工智能混合C,混合型-偏股,2021-11-19,677603924.48,万家基金,6.78
610001,信澳领先增长混合A,混合型-偏股,2007-03-08,677339689.65,信达澳亚基金,6.77
512720,计算机ETF国泰,指数型-股票,2019-07-11,677300728.29,国泰基金,6.77
006025,诺安优化配置混合A,混合型-偏股,2018-09-20,676800397.97,诺安基金,6.77
020005,国泰金马稳健混合A,混合型-灵活,2004-06-18,676461481.98,国泰基金,6.76
012785,鹏华品质精选混合A,混合型-偏股,2021-09-28,676271204.99,鹏华基金,6.76
589880,科创综指ETF建信,指数型-股票,2025-02-20,676244972.75,建信基金,6.76
007345,富国科技创新灵活配置混合,混合型-灵活,2019-05-06,675953272.16,富国基金,6.76
270008,广发核心精选混合,混合型-偏股,2008-07-16,675691696.4,广发基金,6.76
360006,光大新增长混合A,混合型-偏股,2006-09-14,675470325.08,光大保德信基金,6.75
014521,诺安利鑫灵活配置混合C,混合型-灵活,2021-12-22,675363906.07,诺安基金,6.75
022461,华商中证A500指数增强A,指数型-股票,2024-11-01,675148498.61,华商基金,6.75
009319,南方成长先锋混合C,混合型-偏股,2020-06-12,674799915.84,南方基金,6.75
014528,汇添富MSCI中国A50互联互通ETF联接A,指数型-股票,2022-01-11,674662150.12,汇添富基金,6.75
005644,广发沪港深龙头混合,混合型-偏股,2018-03-21,674484791.59,广发基金,6.74
019941,富国洞见价值股票A,股票型,2023-12-25,674301499.5,富国基金,6.74
001718,工银物流产业股票A,股票型,2016-03-01,674193395.6,工银瑞信基金,6.74
001915,宝盈医疗健康沪港深股票A,股票型,2015-12-02,672877308.64,宝盈基金,6.73
012124,博道盛彦混合A,混合型-偏股,2021-06-01,671591078.98,博道基金,6.72
020406,国泰中证油气产业ETF发起联接C,指数型-股票,2023-12-29,671577597.23,国泰基金,6.72
005303,嘉实医药健康股票A,股票型,2017-12-04,671180575.6,嘉实基金,6.71
009998,摩根慧见两年持有期混合,混合型-偏股,2020-09-17,670865853.83,摩根基金(中国),6.71
070027,嘉实周期优选混合,混合型-偏股,2011-12-08,670346644.64,嘉实基金,6.7
001724,申万菱信多策略灵活配置混合C,混合型-灵活,2015-07-23,669679257.77,申万菱信基金,6.7
001706,诺安积极回报混合A,混合型-灵活,2016-09-22,669403901.39,诺安基金,6.69
562310,沪深300成长ETF银华,指数型-股票,2022-09-01,669252470.72,银华基金,6.69
002891,华夏移动互联混合人民币,QDII-混合灵活,2016-12-14,669038331.13,华夏基金,6.69
002893,华夏移动互联混合美元现钞,QDII-混合灵活,2016-12-14,669038331.13,华夏基金,6.69
002892,华夏移动互联混合美元现汇,QDII-混合灵活,2016-12-14,669038331.13,华夏基金,6.69
018344,华夏中证机器人ETF发起式联接A,指数型-股票,2023-05-31,668876775.3,华夏基金,6.69
159207,高股息ETF广发,指数型-股票,2025-03-27,668707127.19,广发基金,6.69
501010,汇添富中证生物科技指数(LOF)C,指数型-股票,2016-12-22,668624568.43,汇添富基金,6.69
022951,华泰柏瑞中证红利低波ETF联接Y,指数型-股票,2024-12-13,668133949.0,华泰柏瑞基金,6.68
001712,东方红优势精选混合,混合型-灵活,2015-09-08,668007371.25,东方红资产管理,6.68
320022,诺安研究精选股票A,股票型,2012-12-10,667648509.35,诺安基金,6.68
159321,黄金股ETF华安,指数型-股票,2024-05-09,667519284.47,华安基金,6.68
012729,国泰中证动漫游戏ETF联接C,指数型-股票,2021-06-24,667449285.35,国泰基金,6.67
013817,汇添富中证光伏产业指数增强发起式C,指数型-股票,2021-10-26,666587222.78,汇添富基金,6.67
010429,中欧睿见混合A,混合型-偏股,2020-11-06,666053986.65,中欧基金,6.66
000477,广发主题领先混合A,混合型-灵活,2014-07-31,665714514.63,广发基金,6.66
159782,双创50ETF银华,指数型-股票,2021-06-29,665666427.76,银华基金,6.66
240008,华宝收益增长混合A,混合型-灵活,2006-06-15,665441292.21,华宝基金,6.65
012463,博时成长优势混合A,混合型-偏股,2021-08-03,664219453.05,博时基金,6.64
240001,华宝宝康消费品,混合型-平衡,2003-07-15,663920901.47,华宝基金,6.64
009914,富国成长动力混合A,混合型-偏股,2020-09-17,663824083.21,富国基金,6.64
022853,中航优选领航混合发起C,混合型-偏股,2024-12-24,663611622.83,中航基金,6.64
011488,申万菱信乐享混合A,混合型-偏股,2021-03-24,663232579.12,申万菱信基金,6.63
014292,嘉实产业领先混合A,混合型-偏股,2021-12-23,662516181.87,嘉实基金,6.63
563990,800现金流ETF富国,指数型-股票,2025-04-16,661210630.58,富国基金,6.61
160643,鹏华空天军工指数(LOF)A,指数型-股票,2017-06-13,660832272.76,鹏华基金,6.61
910028,东方红内需增长混合A,混合型-偏股,2021-06-01,660544850.01,东方红资产管理,6.61
217009,招商核心价值混合,混合型-偏股,2007-03-30,660343838.49,招商基金,6.6
005001,交银持续成长主题混合A,混合型-偏股,2018-01-12,660028057.52,交银施罗德基金,6.6
010160,广发高端制造股票C,股票型,2020-09-16,659947152.4,广发基金,6.6
001222,鹏华外延成长混合,混合型-灵活,2015-05-19,658491052.9,鹏华基金,6.58
005612,嘉实核心优势股票发起式,股票型,2018-02-01,658362949.03,嘉实基金,6.58
019624,泉果嘉源三年持有期混合A,混合型-偏股,2023-12-05,658236421.75,泉果基金,6.58
012149,国投瑞银产业趋势混合C,混合型-偏股,2021-06-09,658042656.47,国投瑞银基金,6.58
010275,嘉实优质精选混合A,混合型-偏股,2020-12-09,657934490.34,嘉实基金,6.58
012363,国泰中证全指证券公司ETF联接C,指数型-股票,2021-05-19,655637299.55,国泰基金,6.56
012193,泓德睿诚混合A,混合型-灵活,2021-08-26,655406500.0,泓德基金,6.55
011420,广发全球科技三个月定开混合(QDII)人民币A,QDII-混合偏股,2021-03-03,655284756.41,广发基金,6.55
011421,广发全球科技三个月定开混合(QDII)美元A,QDII-混合偏股,2021-03-03,655284756.41,广发基金,6.55
009989,华宝研究精选混合,混合型-偏股,2020-08-26,655246305.38,华宝基金,6.55
001551,天弘中证医药100C,指数型-股票,2015-06-30,654732068.63,天弘基金,6.55
005851,财通新视野灵活配置混合A,混合型-灵活,2018-06-25,654591781.83,财通基金,6.55
003318,景顺长城中证500行业中性低波动指数A,指数型-股票,2017-03-03,654198726.93,景顺长城基金,6.54
160916,大成优选混合(LOF)A,混合型-偏股,2012-07-27,654172590.25,大成基金,6.54
008928,宏利消费红利指数A,指数型-股票,2020-03-26,653915977.94,宏利基金,6.54
008986,广发上海金ETF联接A,指数型-其他,2020-08-05,653332359.72,广发基金,6.53
012239,惠升优势企业一年持有期混合,混合型-灵活,2021-07-06,653137331.32,惠升基金,6.53
516290,光伏ETF汇添富,指数型-股票,2021-08-09,652947476.45,汇添富基金,6.53
012008,易方达稳健回报混合A,混合型-平衡,2021-05-31,652471015.79,易方达基金,6.52
019392,嘉实匠心严选混合A,混合型-偏股,2024-02-06,652403578.23,嘉实基金,6.52
016058,博时纳斯达克100ETF发起式联接(QDII)C美元现汇,指数型-海外股票,2022-07-26,652292126.12,博时基金,6.52
016057,博时纳斯达克100ETF发起式联接(QDII)C人民币,指数型-海外股票,2022-07-26,652292126.12,博时基金,6.52
004707,景顺长城睿成混合A,混合型-灵活,2017-11-10,652228786.4,景顺长城基金,6.52
002833,华夏新锦绣混合A,混合型-灵活,2016-08-24,652161033.64,华夏基金,6.52
515190,中证500ETF中银证券,指数型-股票,2020-04-30,652141272.12,中银证券,6.52
005962,宝盈人工智能股票A,股票型,2018-08-15,651710030.23,宝盈基金,6.52
004497,前海开源多元策略混合C,混合型-灵活,2017-07-03,650770821.59,前海开源基金,6.51
020397,中银港股通医药混合发起A,混合型-偏股,2023-12-29,649882924.09,中银基金,6.5
160416,华安标普全球石油指数(LOF)A,指数型-海外股票,2012-03-29,649681838.48,华安基金,6.5
481004,工银稳健成长混合A,混合型-偏股,2006-12-06,649036385.81,工银瑞信基金,6.49
020988,南方恒生科技ETF发起联接(QDII)A,指数型-海外股票,2024-05-21,648140054.94,南方基金,6.48
018728,华夏智胜新锐股票A,股票型,2023-07-07,647909778.16,华夏基金,6.48
011143,创金合信新材料新能源股票C,股票型,2020-12-30,647887890.19,创金合信基金,6.48
006729,万家中证500指数增强A,指数型-股票,2019-05-23,646884031.05,万家基金,6.47
022269,中信保诚周期优选混合A,混合型-偏股,2024-11-05,646793098.55,中信保诚基金,6.47
009362,招商丰盈积极配置混合A,混合型-偏股,2020-07-29,646280506.56,招商基金,6.46
580008,东吴新产业精选股票A,股票型,2011-09-28,645289979.35,东吴基金,6.45
019348,富国匠心成长混合C,混合型-偏股,2024-04-30,644918921.48,富国基金,6.45
021512,景顺长城支柱产业混合C,混合型-偏股,2024-05-30,644535994.94,景顺长城基金,6.45
018963,国泰海通量化选股混合发起D,混合型-偏股,2023-08-01,644227969.08,国泰海通资管,6.44
019918,招商中证2000指数增强A,指数型-股票,2024-01-02,644162058.37,招商基金,6.44
017630,富国周期精选三年持有期混合A,混合型-偏股,2023-01-19,644118184.95,富国基金,6.44
012186,招商品质成长混合A,混合型-偏股,2021-09-23,643320072.44,招商基金,6.43
011866,广发价值增长混合A,混合型-偏股,2021-05-27,643281800.14,广发基金,6.43
010783,德邦沪港深龙头混合A,混合型-偏股,2020-12-14,642888728.25,德邦基金,6.43
012535,万家全球成长一年持有期混合(QDII)A,QDII-混合偏股,2021-09-22,642851188.75,万家基金,6.43
012892,安信优质企业三年持有混合A,混合型-偏股,2021-11-09,642547975.52,安信基金,6.43
011777,易方达稳健增长混合A,混合型-平衡,2021-04-27,642342303.28,易方达基金,6.42
005969,创金合信工业周期股票C,股票型,2018-05-17,642243711.86,创金合信基金,6.42
012589,南方港股通优势企业混合C,混合型-偏股,2021-07-21,641998815.79,南方基金,6.42
012208,华夏港股前沿经济混合(QDII)A,QDII-混合偏股,2021-06-18,641637216.1,华夏基金,6.42
010556,汇添富沪深300指数增强C,指数型-股票,2020-11-03,641498113.97,汇添富基金,6.41
012629,广发国证半导体芯片ETF联接A,指数型-股票,2021-08-09,641025719.68,广发基金,6.41
010865,泓德卓远混合C,混合型-偏股,2020-12-22,640807477.38,泓德基金,6.41
515750,科技50ETF富国,指数型-股票,2019-11-15,640714757.84,富国基金,6.41
007910,大成有色金属期货ETF联接A,指数型-其他,2019-10-30,640390935.12,大成基金,6.4
270025,广发行业领先混合A,混合型-偏股,2010-11-23,639885656.16,广发基金,6.4
009630,浦银安盛ESG责任投资混合A,混合型-偏股,2021-03-16,639192023.18,浦银安盛基金,6.39
008405,华泰紫金泰盈混合C,混合型-偏股,2020-01-21,638953794.78,华泰证券(上海)资产管理,6.39
014115,广发沪港深医药混合C,混合型-偏股,2021-12-29,638894597.01,广发基金,6.39
008681,鹏华价值成长混合,混合型-偏股,2020-02-10,638560708.49,鹏华基金,6.39
005299,万家成长优选混合A,混合型-灵活,2018-02-01,638329871.13,万家基金,6.38
019525,华泰柏瑞纳斯达克100ETF发起式联接(QDII)C,指数型-海外股票,2023-10-19,638229692.98,华泰柏瑞基金,6.38
240011,华宝大盘精选混合,混合型-偏股,2008-10-07,636950270.83,华宝基金,6.37
470008,汇添富策略回报混合,混合型-偏股,2009-12-22,636139734.57,汇添富基金,6.36
960033,农银消费主题混合H,混合型-偏股,2016-07-08,636024527.45,农银汇理基金,6.36
021183,平安中证A50ETF联接A,指数型-股票,2024-04-23,635974333.98,平安基金,6.36
000601,华宝创新优选混合,混合型-偏股,2014-05-14,635861278.39,华宝基金,6.36
018130,博时ESG量化选股混合A,混合型-偏股,2023-03-31,635362646.3,博时基金,6.35
020459,平安医药精选股票C,股票型,2024-06-18,635300230.79,平安基金,6.35
589520,科创人工智能ETF华宝,指数型-股票,2025-03-05,634395394.39,华宝基金,6.34
007911,大成有色金属期货ETF联接C,指数型-其他,2019-10-30,634314516.28,大成基金,6.34
021378,兴业中证港股通互联网ETF联接C,指数型-股票,2024-05-28,634292871.03,兴业基金,6.34
050008,博时第三产业混合,混合型-偏股,2007-04-12,634259956.3,博时基金,6.34
021514,富国港股通红利精选混合C,混合型-偏股,2024-08-13,633876548.84,富国基金,6.34
070021,嘉实主题新动力混合,混合型-偏股,2010-12-07,633732522.48,嘉实基金,6.34
011815,恒越优势精选混合A,混合型-偏股,2021-03-30,633455679.82,恒越基金,6.33
161222,国投瑞银瑞利混合(LOF)A,混合型-灵活,2015-02-05,633419992.81,国投瑞银基金,6.33
006215,平安500ETF联接C,指数型-股票,2018-09-05,633302414.18,平安基金,6.33
001039,嘉实先进制造股票,股票型,2015-04-24,633262222.29,嘉实基金,6.33
010885,长盛优势企业精选混合A,混合型-偏股,2021-02-02,632606628.69,长盛基金,6.33
011704,东方阿尔法产业先锋混合A,混合型-偏股,2021-07-21,632519065.1,东方阿尔法基金,6.33
017037,嘉实低碳精选混合发起式C,混合型-偏股,2022-12-13,632132920.43,嘉实基金,6.32
005812,鹏华产业精选混合A,混合型-灵活,2018-05-09,631841330.97,鹏华基金,6.32
024160,大成港股通机遇混合C,混合型-偏股,2025-05-20,631071648.64,大成基金,6.31
000690,前海开源大海洋混合,混合型-灵活,2014-07-31,630829702.58,前海开源基金,6.31
008923,建信医疗健康行业股票A,股票型,2021-12-28,630543349.19,建信基金,6.31
159968,中证500ETF博时,指数型-股票,2019-08-01,630526053.68,博时基金,6.31
020670,易方达科创芯片ETF联接A,指数型-股票,2024-01-31,629837470.69,易方达基金,6.3
960004,华夏兴华混合H,混合型-灵活,2015-07-02,629805425.02,华夏基金,6.3
010922,朱雀匠心一年持有,混合型-偏股,2020-12-21,629273020.59,朱雀基金,6.29
519727,交银成长30混合,混合型-偏股,2013-06-05,629251679.28,交银施罗德基金,6.29
000596,前海开源中证军工指数A,指数型-股票,2014-05-27,628984066.61,前海开源基金,6.29
005438,易方达易百智能量化策略C,混合型-灵活,2018-01-24,628323584.91,易方达基金,6.28
160615,鹏华沪深300ETF联接(LOF)A,指数型-股票,2009-04-03,627839382.15,鹏华基金,6.28
001807,易方达瑞智灵活配置混合E,混合型-灵活,2017-06-21,626122960.68,易方达基金,6.26
014460,平安品质优选混合A,混合型-偏股,2021-12-29,626067416.22,平安基金,6.26
163115,申万菱信中证军工指数(LOF)A,指数型-股票,2014-07-24,626026499.51,申万菱信基金,6.26
005399,长信量化价值驱动混合A,混合型-偏股,2018-08-09,625775757.5,长信基金,6.26
510170,大宗商品ETF国联安,指数型-股票,2010-11-26,625498819.39,国联安基金,6.25
516920,芯片ETF汇添富,指数型-股票,2021-07-27,625359763.41,汇添富基金,6.25
162415,华宝标普美国消费人民币A,指数型-海外股票,2016-03-18,625322933.24,华宝基金,6.25
002423,华宝标普美国消费美元,指数型-海外股票,2016-03-18,625322933.24,华宝基金,6.25
016297,中欧丰泰港股通混合A,混合型-偏股,2022-09-14,624822037.2,中欧基金,6.25
015450,华泰柏瑞多策略混合C,混合型-灵活,2022-03-23,624470893.41,华泰柏瑞基金,6.24
090019,大成景恒混合A,混合型-偏股,2012-06-15,624447272.17,大成基金,6.24
004192,招商中证500指数增强A,指数型-股票,2017-05-17,623621112.83,招商基金,6.24
009659,民生加银新动能一年定开混合A,混合型-偏股,2020-07-15,623517819.01,民生加银基金,6.24
000294,华安生态优先混合A,混合型-偏股,2013-11-28,623452639.72,华安基金,6.23
013141,中信保诚弘远混合A,混合型-偏股,2021-08-31,623379551.34,中信保诚基金,6.23
003823,中信建投轮换混合C,混合型-偏股,2019-01-17,623112791.97,中信建投基金,6.23
003624,创金合信资源股票发起式A,股票型,2016-11-02,623091627.89,创金合信基金,6.23
007803,兴全合泰混合C,混合型-偏股,2019-10-17,622392731.67,兴证全球基金,6.22
160219,国泰国证医药卫生行业指数A,指数型-股票,2013-08-29,622386844.39,国泰基金,6.22
009879,平安低碳经济混合C,混合型-偏股,2020-08-10,622149620.88,平安基金,6.22
008682,富国中证红利指数增强C,指数型-股票,2020-03-10,620806933.34,富国基金,6.21
006003,工银医药健康股票C,股票型,2018-07-30,620766433.45,工银瑞信基金,6.21
000127,农银行业领先混合,混合型-偏股,2013-06-25,620738697.28,农银汇理基金,6.21
023999,易方达上证科创板综合增强C,指数型-股票,2025-04-29,620560454.25,易方达基金,6.21
519756,交银国企改革灵活配置混合A,混合型-灵活,2015-06-10,620078201.02,交银施罗德基金,6.2
008262,招商研究优选股票C,股票型,2020-04-21,619957908.92,招商基金,6.2
360007,光大优势配置混合A,混合型-偏股,2007-08-24,619856626.58,光大保德信基金,6.2
012067,嘉实蓝筹优势混合A,混合型-偏股,2021-08-17,619515776.93,嘉实基金,6.2
012175,易方达稳健增利混合A,混合型-平衡,2021-07-20,618799809.63,易方达基金,6.19
016185,广发电力ETF联接A,指数型-股票,2022-07-19,618615596.1,广发基金,6.19
014023,宏利景气领航两年持有混合,混合型-偏股,2021-11-03,618022585.41,宏利基金,6.18
005055,华泰柏瑞量化阿尔法A,混合型-灵活,2017-09-26,617517197.06,华泰柏瑞基金,6.18
019830,华夏数字产业混合C,混合型-偏股,2024-03-25,617150956.57,华夏基金,6.17
006265,红土创新新科技股票A,股票型,2018-09-14,617135265.95,红土创新基金,6.17
003630,摩根全球多元配置(QDII-FOF)美元现钞,QDII-混合平衡,2016-12-19,616966070.14,摩根基金(中国),6.17
003629,摩根全球多元配置(QDII-FOF)人民币A,QDII-混合平衡,2016-12-19,616966070.14,摩根基金(中国),6.17
003631,摩根全球多元配置(QDII-FOF)美元现汇,QDII-混合平衡,2016-12-19,616966070.14,摩根基金(中国),6.17
005224,广发中证基建工程ETF联接C,指数型-股票,2018-02-01,616692188.41,广发基金,6.17
159615,恒生生物科技ETF南方,指数型-海外股票,2022-06-17,615902842.64,南方基金,6.16
515060,房地产ETF华夏,指数型-股票,2019-11-28,613978703.45,华夏基金,6.14
019363,大成至信回报三年定开放混合,混合型-偏股,2023-12-01,613974536.71,大成基金,6.14
012081,易方达中证500指数量化增强C,指数型-股票,2021-06-15,613734716.53,易方达基金,6.14
501077,富国创新企业灵活配置混合(LOF)A,混合型-灵活,2019-06-11,613594750.69,富国基金,6.14
001980,中欧量化驱动混合A,混合型-偏股,2018-05-16,613441100.97,中欧基金,6.13
519110,浦银安盛价值成长混合A,混合型-偏股,2008-04-16,613245967.68,浦银安盛基金,6.13
002229,华夏经济转型股票,股票型,2016-03-15,613068964.89,华夏基金,6.13
006257,信澳先进智造股票型A,股票型,2019-01-17,612969321.05,信达澳亚基金,6.13
005136,华安幸福生活混合A,混合型-偏股,2017-10-26,612684844.51,华安基金,6.13
012354,南方新能源产业趋势混合A,混合型-偏股,2021-08-25,612096368.03,南方基金,6.12
007844,华宝标普油气上游股票人民币C,指数型-海外股票,2020-01-15,612062497.67,华宝基金,6.12
516630,云计算ETF华夏,指数型-股票,2021-08-24,611160351.42,华夏基金,6.11
006165,建信中证1000指数增强A,指数型-股票,2018-11-22,610852488.45,建信基金,6.11
014057,富国金安均衡精选混合A,混合型-偏股,2021-12-14,610045799.97,富国基金,6.1
378006,摩根全球新兴市场混合(QDII),QDII-混合偏股,2011-01-30,609889822.87,摩根基金(中国),6.1
011583,大成港股精选混合(QDII)A,QDII-混合偏股,2021-05-06,609745486.98,大成基金,6.1
004355,嘉实丰和灵活配置混合A,混合型-灵活,2017-03-20,609677631.95,嘉实基金,6.1
562080,300现金流ETF华宝,指数型-股票,2025-04-07,609136206.97,华宝基金,6.09
006154,华安制造先锋混合A,混合型-偏股,2018-12-25,608713979.68,华安基金,6.09
457001,国富亚洲机会股票(QDII)A,QDII-普通股票,2012-02-22,608232077.86,国海富兰克林基金,6.08
009137,嘉实瑞和两年持有期混合,混合型-偏股,2020-04-09,607321998.09,嘉实基金,6.07
002387,工银沪港深股票A,股票型,2016-04-20,607265761.59,工银瑞信基金,6.07
011344,景顺长城融景一年持有混合A,混合型-偏股,2021-07-27,606722849.47,景顺长城基金,6.07
169107,东方红恒阳五年持有混合,混合型-偏股,2020-02-13,606504083.36,东方红资产管理,6.07
121002,国投瑞银景气行业混合,混合型-灵活,2004-04-29,606128094.72,国投瑞银基金,6.06
501305,汇添富港股红利ETF联接A,指数型-股票,2017-11-24,606043818.83,汇添富基金,6.06
002296,长城行业轮动混合A,混合型-灵活,2016-01-12,605795550.6,长城基金,6.06
563900,300自由现金流ETF摩根,指数型-股票,2025-04-24,605738138.48,摩根基金(中国),6.06
017999,中欧融恒平衡混合C,混合型-灵活,2023-03-21,605269416.0,中欧基金,6.05
001208,诺安低碳经济股票A,股票型,2015-05-12,604766110.17,诺安基金,6.05
022457,博时中证A500ETF联接A,指数型-股票,2024-10-30,604369293.35,博时基金,6.04
022453,嘉实中证A500ETF联接A,指数型-股票,2024-11-12,604291309.52,嘉实基金,6.04
519180,万家180指数A,指数型-股票,2003-03-15,604217495.06,万家基金,6.04
165516,中信保诚周期轮动混合(LOF)A,混合型-偏股,2012-05-07,603354063.87,中信保诚基金,6.03
023919,国泰富时现金流ETF联接A,指数型-股票,2025-04-29,603324050.59,国泰基金,6.03
019457,平安先进制造主题股票发起A,股票型,2023-10-24,603091435.31,平安基金,6.03
000190,中银新回报灵活配置混合A,混合型-灵活,2013-09-10,602994722.65,中银基金,6.03
004477,嘉实沪港深回报混合,混合型-偏股,2017-03-29,602720238.43,嘉实基金,6.03
000930,博时黄金I,指数型-其他,2014-12-18,602318232.26,博时基金,6.02
512090,MSCIA股ETF易方达,指数型-股票,2018-05-17,602300882.16,易方达基金,6.02
001764,广发沪港深新机遇股票,股票型,2016-05-27,602123905.81,广发基金,6.02
159305,储能电池ETF广发,指数型-股票,2024-09-18,601468952.01,广发基金,6.01
012651,博时半导体主题混合C,混合型-偏股,2021-07-20,601081918.6,博时基金,6.01
013945,交银中证海外中国互联网指数(LOF)C,指数型-海外股票,2023-06-12,601039879.83,交银施罗德基金,6.01
012975,西部利得碳中和混合发起A,混合型-偏股,2021-08-09,600304413.99,西部利得基金,6.0
009163,广发医疗保健股票C,股票型,2020-03-18,600209305.25,广发基金,6.0
001244,华泰柏瑞量化智慧混合A,混合型-灵活,2015-06-03,600181228.84,华泰柏瑞基金,6.0
010655,天弘医药创新C,混合型-偏股,2020-12-02,600155038.23,天弘基金,6.0
012502,银华安盛混合,混合型-偏股,2021-08-13,599624752.61,银华基金,6.0
010671,景顺长城大中华混合(QDII)A美元现汇,QDII-混合偏股,2020-12-08,599102697.39,景顺长城基金,5.99
262001,景顺长城大中华混合(QDII)A人民币,QDII-混合偏股,2011-09-22,599102697.39,景顺长城基金,5.99
502003,易方达中证军工(LOF)A,指数型-股票,2015-07-08,598784411.24,易方达基金,5.99
007494,朱雀产业臻选混合C,混合型-偏股,2019-06-27,598431804.39,朱雀基金,5.98
011296,汇添富优势行业一年持有混合A,混合型-偏股,2021-04-29,597467917.1,汇添富基金,5.97
011285,民生价值优选6个月持有股票A,股票型,2021-06-08,596922441.12,民生加银基金,5.97
005311,万家经济新动能混合A,混合型-偏股,2018-02-07,596545983.99,万家基金,5.97
022458,博时中证A500ETF联接C,指数型-股票,2024-10-30,596181103.77,博时基金,5.96
009846,国富港股通远见价值混合A,混合型-偏股,2020-08-18,595951392.63,国海富兰克林基金,5.96
020111,富国恒生港股通创新药及医疗保健ETF发起式联接C,指数型-股票,2023-12-05,595734324.85,富国基金,5.96
008188,前海开源稳健增长三年混合,混合型-偏股,2020-03-18,595678399.09,前海开源基金,5.96
003876,华宝沪深300增强策略ETF发起式联接A,指数型-股票,2016-12-09,595490976.33,华宝基金,5.95
008375,中欧启航三年混合A,混合型-偏股,2019-12-24,594584047.77,中欧基金,5.95
017650,中庚港股通价值股票,股票型,2023-01-11,594037887.24,中庚基金,5.94
310398,申万菱信沪深300价值指数A,指数型-股票,2010-02-11,593586574.53,申万菱信基金,5.94
008924,建信医疗健康行业股票C,股票型,2021-12-28,593457930.16,建信基金,5.93
014424,博时恒生医疗保健ETF发起式联接(QDII)A,指数型-海外股票,2021-12-28,592792493.75,博时基金,5.93
002096,博时新收益C,混合型-灵活,2016-02-04,592725548.85,博时基金,5.93
010611,万家战略发展产业混合A,混合型-偏股,2021-01-13,592627458.36,万家基金,5.93
910004,东方红启恒三年持有混合A,混合型-偏股,2021-04-21,592047437.53,东方红资产管理,5.92
005037,银华新能源新材料A,股票型,2017-09-15,591847867.03,银华基金,5.92
100029,富国天成红利混合,混合型-灵活,2008-05-28,591584442.66,富国基金,5.92
011568,鹏华产业升级混合A,混合型-偏股,2021-09-02,591447008.73,鹏华基金,5.91
008954,安信价值回报三年持有混合A,混合型-偏股,2020-02-26,591170535.34,安信基金,5.91
019165,汇添富有色金属ETF联接C,指数型-股票,2023-11-28,591060941.98,汇添富基金,5.91
233009,大摩多因子策略混合A,混合型-偏股,2011-05-17,589738679.82,摩根士丹利基金,5.9
162102,金鹰中小盘精选混合A,混合型-偏股,2004-05-27,589085502.17,金鹰基金,5.89
000513,富国高端制造行业股票A,股票型,2014-06-20,588557997.77,富国基金,5.89
010623,恒越成长精选混合C,混合型-偏股,2021-02-09,588105380.25,恒越基金,5.88
015121,汇添富医疗服务灵活配置混合C,混合型-灵活,2022-02-14,588066862.65,汇添富基金,5.88
159213,机器人ETF汇添富,指数型-股票,2025-04-21,587886398.71,汇添富基金,5.88
561300,沪深300增强ETF国泰,指数型-股票,2021-12-01,587845552.0,国泰基金,5.88
023647,广发科技智选股票发起式A,股票型,2025-04-17,587736337.22,广发基金,5.88
021225,华宝上证科创板芯片ETF发起式联接C,指数型-股票,2024-08-27,587725278.61,华宝基金,5.88
011631,东财有色增强C,指数型-股票,2021-03-16,587719751.73,东财基金,5.88
001249,易方达新利灵活配置混合,混合型-灵活,2015-04-30,587569151.92,易方达基金,5.88
000877,华泰柏瑞量化优选混合,混合型-灵活,2014-12-17,586848820.15,华泰柏瑞基金,5.87
159902,中小100ETF华夏,指数型-股票,2006-06-08,586752272.18,华夏基金,5.87
013389,华夏成长先锋一年持有混合A,混合型-偏股,2021-11-16,585613507.38,华夏基金,5.86
510980,上证指数ETF汇添富,指数型-股票,2023-11-22,584207627.02,汇添富基金,5.84
001433,易方达瑞景混合,混合型-灵活,2015-06-30,583422137.34,易方达基金,5.83
001710,安信新趋势混合A,混合型-灵活,2016-12-09,583347373.45,安信基金,5.83
159850,恒生国企ETF华夏,指数型-海外股票,2021-02-01,583288363.8,华夏基金,5.83
506001,万家科创板2年定开混合,混合型-偏股,2020-08-03,582724115.19,万家基金,5.83
002861,工银智能制造股票A,股票型,2017-06-21,582646725.57,工银瑞信基金,5.83
000313,华安沪深300增强C,指数型-股票,2013-09-27,582590517.35,华安基金,5.83
006282,摩根欧洲动力策略股票(QDII)A,QDII-普通股票,2018-10-31,582263011.82,摩根基金(中国),5.82
022428,天弘中证A500ETF联接A,指数型-股票,2024-11-07,582184058.95,天弘基金,5.82
007143,国投瑞银沪深300指数量化增强A,指数型-股票,2019-06-11,581884916.97,国投瑞银基金,5.82
159890,云计算ETF招商,指数型-股票,2021-03-25,581788488.51,招商基金,5.82
011212,富国稳健策略6个月持有混合A,混合型-偏股,2021-02-09,581623013.64,富国基金,5.82
013404,大成标普500等权重指数(QDII)A美元,指数型-海外股票,2021-09-07,580520403.47,大成基金,5.81
096001,大成标普500等权重指数(QDII)A人民币,指数型-海外股票,2011-03-23,580520403.47,大成基金,5.81
501011,汇添富中证中药ETF联接(LOF)A,指数型-股票,2016-12-29,580495018.2,汇添富基金,5.8
021503,景顺长城成长之星股票C,股票型,2024-05-17,580231289.0,景顺长城基金,5.8
160105,南方积极配置混合(LOF),混合型-灵活,2004-10-14,579768359.55,南方基金,5.8
010792,华安成长先锋混合A,混合型-偏股,2021-02-23,579705890.84,华安基金,5.8
516110,汽车ETF国泰,指数型-股票,2021-04-07,579205453.86,国泰基金,5.79
019354,易方达平衡视野混合A1,混合型-偏股,2023-12-04,579068295.79,易方达基金,5.79
501226,长城全球新能源车股票发起式(QDII)A,QDII-普通股票,2023-04-21,578495040.58,长城基金,5.78
012519,大成核心趋势混合A,混合型-偏股,2021-06-30,578461039.28,大成基金,5.78
011153,华宝新兴消费混合A,混合型-偏股,2021-03-18,578006729.4,华宝基金,5.78
002019,鹏华弘安混合C,混合型-灵活,2015-11-24,577426162.66,鹏华基金,5.77
020866,华安恒生港股通中国央企红利ETF发起式联接A,指数型-股票,2024-04-23,576515462.75,华安基金,5.77
163801,中银中国混合(LOF)A,混合型-灵活,2005-01-04,575897105.51,中银基金,5.76
161616,融通医疗保健行业混合A/B,混合型-偏股,2012-07-26,575213651.39,融通基金,5.75
005038,银华新能源新材料C,股票型,2017-09-15,574963903.31,银华基金,5.75
005262,鑫元欣享灵活配置混合A,混合型-灵活,2017-12-14,574813022.99,鑫元基金,5.75
001313,摩根智慧互联股票A,股票型,2015-06-09,574515469.54,摩根基金(中国),5.75
501087,交银瑞丰混合(LOF),混合型-偏股,2019-09-04,574153231.2,交银施罗德基金,5.74
260117,景顺长城支柱产业混合A,混合型-偏股,2012-11-20,573905563.61,景顺长城基金,5.74
009511,信澳研究优选混合A,混合型-偏股,2020-06-22,573526915.69,信达澳亚基金,5.74
022513,人保中证800指数增强A,指数型-股票,2024-12-23,573477579.29,人保资产,5.73
013911,兴业兴睿两年持有混合C,混合型-偏股,2021-12-21,572866494.88,兴业基金,5.73
009983,永赢港股通品质生活慧选混合A,混合型-偏股,2020-09-29,572793890.2,永赢基金,5.73
012929,银华中证光伏ETF发起式联接C,指数型-股票,2022-04-20,572729018.18,银华基金,5.73
012894,天弘中证科创创业50ETF联接A,指数型-股票,2021-07-16,572393525.42,天弘基金,5.72
160125,南方香港优选股票,QDII-普通股票,2011-09-26,572122984.8,南方基金,5.72
004855,广发中证全指汽车指数C,指数型-股票,2017-07-31,571712894.26,广发基金,5.72
010654,天弘医药创新A,混合型-偏股,2020-12-02,570931986.83,天弘基金,5.71
019035,易方达全球医药行业混合发起式(QDII)C(人民币),QDII-混合偏股,2023-11-15,569881877.55,易方达基金,5.7
019036,易方达全球医药行业混合发起式(QDII)C(美元现汇),QDII-混合偏股,2023-11-15,569881877.55,易方达基金,5.7
159707,地产ETF华宝,指数型-股票,2021-11-04,569827680.23,华宝基金,5.7
020315,嘉实前沿科技沪港深股票C,股票型,2023-12-14,569547048.13,嘉实基金,5.7
009990,华泰柏瑞品质优选A,混合型-偏股,2020-08-28,569069754.05,华泰柏瑞基金,5.69
159748,创新药ETF富国,指数型-股票,2021-11-24,568648636.47,富国基金,5.69
005113,平安沪深300指数量化A,指数型-股票,2017-12-26,568324995.17,平安基金,5.68
004789,富荣沪深300指数增强C,指数型-股票,2018-02-11,568240552.0,富荣基金,5.68
012389,信澳品质回报6个月持有混合,混合型-偏股,2021-08-23,568121931.93,信达澳亚基金,5.68
019736,宝盈纳斯达克100指数发起(QDII)A人民币,指数型-海外股票,2024-03-22,568119670.83,宝盈基金,5.68
019738,宝盈纳斯达克100指数发起(QDII)A美元现汇,指数型-海外股票,2024-03-22,568119670.83,宝盈基金,5.68
011486,博时创新精选混合A,混合型-偏股,2021-03-09,568103786.48,博时基金,5.68
161122,易方达中证万得生物科技指数(LOF)A,指数型-股票,2015-06-03,567821676.5,易方达基金,5.68
160517,博时中证银行ETF联接A,指数型-股票,2015-06-09,567041977.33,博时基金,5.67
512330,信息科技ETF南方,指数型-股票,2015-06-29,567032376.36,南方基金,5.67
007049,平安鑫安混合E,混合型-灵活,2019-02-19,566801158.12,平安基金,5.67
010326,博时消费创新混合A,混合型-偏股,2020-10-23,566575365.59,博时基金,5.67
001887,中欧价值智选混合E,混合型-灵活,2015-09-22,566523125.64,中欧基金,5.67
519170,浦银安盛增长动力混合A,混合型-灵活,2015-03-12,566456623.88,浦银安盛基金,5.66
000996,中银新动力股票A,股票型,2015-02-13,565952680.66,中银基金,5.66
159864,光伏ETF国泰,指数型-股票,2021-07-28,564919687.73,国泰基金,5.65
016298,中欧丰泰港股通混合C,混合型-偏股,2022-09-14,564897600.2,中欧基金,5.65
007519,东方阿尔法优选混合C,混合型-偏股,2019-09-12,564769979.14,东方阿尔法基金,5.65
012223,信澳成长精选混合A,混合型-偏股,2021-09-10,564460993.06,信达澳亚基金,5.64
022846,富国景气优选混合A,混合型-偏股,2025-03-18,563706952.06,富国基金,5.64
017074,嘉实清洁能源股票发起式C,股票型,2022-11-22,563616817.31,嘉实基金,5.64
202009,南方盛元红利混合,混合型-偏股,2008-03-21,563538573.97,南方基金,5.64
011930,华夏时代前沿一年持有混合A,混合型-偏股,2021-08-24,563417548.78,华夏基金,5.63
007193,恒越核心精选混合C,混合型-偏股,2019-04-10,562633629.87,恒越基金,5.63
010132,南方创新成长混合A,混合型-偏股,2020-09-18,562599561.49,南方基金,5.63
012748,华泰柏瑞远见智选混合A,混合型-偏股,2021-07-27,562466212.42,华泰柏瑞基金,5.62
010593,南方医药创新股票C,股票型,2021-03-02,562274240.75,南方基金,5.62
009960,银华多元机遇混合,混合型-偏股,2020-09-10,561135153.23,银华基金,5.61
014339,长江智能制造混合发起式A,混合型-偏股,2021-12-29,560996903.51,长江证券(上海)资管,5.61
008716,鹏华优质回报两年定开混合,混合型-偏股,2020-02-28,560957175.79,鹏华基金,5.61
519698,交银先锋混合A,混合型-偏股,2009-04-10,560901746.72,交银施罗德基金,5.61
016664,天弘全球高端制造混合(QDII)A,QDII-混合偏股,2023-04-26,560799206.31,天弘基金,5.61
022449,国泰中证A500ETF发起联接C,指数型-股票,2024-11-08,560404814.76,国泰基金,5.6
050010,博时特许价值混合A,混合型-偏股,2008-05-28,560278686.27,博时基金,5.6
501048,汇添富中证全指证券公司ETF联接(LOF)C,指数型-股票,2017-12-04,560100366.38,汇添富基金,5.6
560880,家电ETF广发,指数型-股票,2022-03-30,559745115.11,广发基金,5.6
008419,惠升惠泽混合C,混合型-灵活,2019-12-17,559045364.66,惠升基金,5.59
017094,易方达中证1000量化增强A,指数型-股票,2023-04-25,558873231.93,易方达基金,5.59
217005,招商先锋混合,混合型-偏股,2004-06-01,558828885.34,招商基金,5.59
159940,金融地产ETF广发,指数型-股票,2015-03-23,558777261.03,广发基金,5.59
014194,汇添富中证芯片产业指数增强发起式C,指数型-股票,2021-12-02,557649046.25,汇添富基金,5.58
160926,大成创业板两年定开混合A,混合型-偏股,2020-07-16,557490961.25,大成基金,5.57
515810,中证800ETF易方达,指数型-股票,2019-10-08,557215344.69,易方达基金,5.57
050024,博时上证自然资源ETF联接A,指数型-股票,2012-04-10,556802963.14,博时基金,5.57
008185,诺安研究优选混合A,混合型-偏股,2020-05-09,556626378.82,诺安基金,5.57
161613,融通创业板指数A,指数型-股票,2012-04-06,556142504.64,融通基金,5.56
159233,自由现金流ETF平安,指数型-股票,2025-05-21,556048681.05,平安基金,5.56
011450,招商企业优选混合A,混合型-偏股,2021-04-20,556034808.15,招商基金,5.56
008072,景顺长城创业板综指增强A,指数型-股票,2020-05-25,556015745.03,景顺长城基金,5.56
012227,景顺长城港股通全球竞争力A,混合型-偏股,2021-08-12,555218420.96,景顺长城基金,5.55
018816,方正富邦核心优势混合C,混合型-偏股,2024-01-15,554359194.4,方正富邦基金,5.54
013886,华商新能源汽车混合A,混合型-偏股,2021-11-17,554281889.0,华商基金,5.54
021823,景顺长城国证石油天然气ETF发起式联接基金C,指数型-股票,2024-07-23,554236680.91,景顺长城基金,5.54
160527,博时研究优选混合(LOF)A,混合型-灵活,2020-03-20,553669805.03,博时基金,5.54
022676,富国中证A500指数增强A,指数型-股票,2025-01-23,553384963.82,富国基金,5.53
011663,华安研究驱动混合A,混合型-偏股,2021-09-26,552758537.8,华安基金,5.53
012847,诺安积极回报混合C,混合型-灵活,2021-07-06,552311226.18,诺安基金,5.52
012188,华安优势龙头混合A,混合型-偏股,2021-11-16,552045270.39,华安基金,5.52
009794,太平智选一年定开股票,股票型,2020-08-14,551906797.61,太平基金,5.52
017847,国金中证1000指数增强C,指数型-股票,2023-03-22,551761441.04,国金基金,5.52
017095,易方达中证1000量化增强C,指数型-股票,2023-04-25,551632705.45,易方达基金,5.52
159899,软件ETF招商,指数型-股票,2021-06-18,551562938.31,招商基金,5.52
017881,工银精选回报混合A,混合型-偏股,2023-09-26,551224964.02,工银瑞信基金,5.51
159336,央企红利ETF融通,指数型-股票,2025-01-22,549781034.99,融通基金,5.5
014110,嘉实中证稀有金属主题ETF发起联接A,指数型-股票,2021-12-01,549690697.51,嘉实基金,5.5
004881,中银沪深300指数增强A,指数型-股票,2017-11-24,549414143.4,中银基金,5.49
011967,招商中证光伏产业ETF联接C,指数型-股票,2021-06-18,549323152.61,招商基金,5.49
012098,华夏成长机会一年持有混合,混合型-偏股,2021-07-29,548905356.26,华夏基金,5.49
159715,稀土ETF易方达,指数型-股票,2021-09-01,548566766.72,易方达基金,5.49
161031,富国中证工业4.0指数(LOF)A,指数型-股票,2015-06-15,548345147.35,富国基金,5.48
001986,前海开源人工智能主题混合A,混合型-灵活,2016-05-04,548251400.36,前海开源基金,5.48
159898,医疗器械ETF招商,指数型-股票,2021-05-27,547320954.73,招商基金,5.47
420003,天弘永定价值成长混合A,混合型-偏股,2008-12-02,547115391.9,天弘基金,5.47
011138,广发聚鸿六个月持有期混合A,混合型-偏股,2021-02-08,547115053.44,广发基金,5.47
001404,招商移动互联网产业股票基金A,股票型,2015-06-19,547102361.43,招商基金,5.47
481012,工银深证红利ETF联接A,指数型-股票,2010-11-09,546847082.81,工银瑞信基金,5.47
011104,光大智能汽车主题股票A,股票型,2021-02-09,546148817.69,光大保德信基金,5.46
009887,广发稳健优选六个月持有期混合A,混合型-平衡,2020-08-06,545938628.64,广发基金,5.46
020273,富国中证细分化工产业主题ETF发起式联接A,指数型-股票,2023-12-26,545495882.23,富国基金,5.45
001128,宝盈新兴产业混合A,混合型-灵活,2015-04-13,544274269.28,宝盈基金,5.44
519983,长信量化先锋混合A,混合型-偏股,2010-11-18,544125670.92,长信基金,5.44
000462,农银主题轮动混合A,混合型-灵活,2015-04-10,543963456.95,农银汇理基金,5.44
009623,长城创新驱动混合A,混合型-偏股,2020-06-23,543509926.75,长城基金,5.44
009023,鹏华稳健回报混合A,混合型-偏股,2020-03-27,542268715.26,鹏华基金,5.42
020180,金信深圳成长混合C,混合型-灵活,2023-11-29,542169899.19,金信基金,5.42
519091,新华泛资源优势混合,混合型-灵活,2009-07-13,540962632.06,新华基金,5.41
009805,国泰医药健康股票A,股票型,2020-08-27,540219337.08,国泰基金,5.4
014563,易方达品质动能三年持有混合C,混合型-偏股,2022-07-07,539801960.34,易方达基金,5.4
002124,广发新兴产业混合A,混合型-灵活,2016-01-29,539687893.28,广发基金,5.4
000634,富国天盛灵活配置基金,混合型-灵活,2014-04-30,539095391.17,富国基金,5.39
023182,太平中证红利指数A,指数型-股票,2025-01-24,538973961.16,太平基金,5.39
162213,宏利沪深300指数增强A,指数型-股票,2010-04-23,538575089.29,宏利基金,5.39
151001,银河稳健混合,混合型-偏股,2003-08-04,538476226.76,银河基金,5.38
160127,南方新兴消费增长股票(LOF)A,股票型,2012-03-13,538197992.91,南方基金,5.38
017860,景顺长城致远混合A,混合型-偏股,2023-02-28,538154902.63,景顺长城基金,5.38
022421,大成中证A500ETF发起式联接A,指数型-股票,2024-11-12,538154741.99,大成基金,5.38
006600,人保沪深300A,指数型-股票,2019-02-28,537069111.32,人保资产,5.37
519020,国泰金泰灵活配置混合A,混合型-灵活,2012-12-24,536795680.54,国泰基金,5.37
018735,华夏中证绿色电力ETF发起式联接C,指数型-股票,2023-07-25,535745138.07,华夏基金,5.36
370024,摩根核心优选混合A,混合型-偏股,2012-11-28,535173371.08,摩根基金(中国),5.35
011862,南方蓝筹成长混合A,混合型-偏股,2021-09-23,535146594.71,南方基金,5.35
013081,中信保诚中证800有色指数(LOF)C,指数型-股票,2021-08-26,534933929.33,中信保诚基金,5.35
017835,信澳匠心回报混合A,混合型-偏股,2023-09-22,534693541.85,信达澳亚基金,5.35
019087,工银中证稀有金属主题ETF发起式联接A,指数型-股票,2023-09-22,534292768.22,工银瑞信基金,5.34
159591,A50ETF富国,指数型-股票,2024-03-07,533510602.04,富国基金,5.34
019228,方正富邦金立方一年持有期混合E,混合型-偏股,2023-09-04,533339293.27,方正富邦基金,5.33
515250,智能汽车ETF富国,指数型-股票,2020-12-24,533264005.93,富国基金,5.33
018460,大成新锐产业混合C,混合型-偏股,2023-05-31,533026266.43,大成基金,5.33
013085,申万菱信乐同混合A,混合型-偏股,2021-09-06,532837170.83,申万菱信基金,5.33
200006,长城消费增值混合A,混合型-偏股,2006-04-06,532819438.02,长城基金,5.33
040018,华安香港精选股票(QDII),QDII-普通股票,2010-09-19,532739849.01,华安基金,5.33
561760,油气ETF博时,指数型-股票,2024-04-19,532595830.08,博时基金,5.33
009138,嘉实瑞成两年持有期混合A,混合型-偏股,2020-05-14,532571793.21,嘉实基金,5.33
012178,银华富饶精选三年持有期混合,混合型-偏股,2021-05-28,532442862.26,银华基金,5.32
017745,嘉实绿色主题股票发起式C,股票型,2023-02-17,530869749.64,嘉实基金,5.31
159568,港股互联网ETF博时,指数型-股票,2024-02-08,530846936.86,博时基金,5.31
011975,广发均衡回报混合A,混合型-平衡,2021-06-23,530551931.6,广发基金,5.31
021674,国泰黄金股ETF联接C,指数型-股票,2024-07-09,530176142.68,国泰基金,5.3
014413,招商核心竞争力混合C,混合型-偏股,2022-04-13,529979202.85,招商基金,5.3
001740,光大中国制造2025灵活配置混合A,混合型-灵活,2015-12-23,529802102.18,光大保德信基金,5.3
002079,前海开源中国稀缺资产混合C,混合型-灵活,2015-11-19,529738482.56,前海开源基金,5.3
010197,易方达核心优势股票C,股票型,2021-01-28,529143537.66,易方达基金,5.29
011373,招商前沿医疗保健股票A,股票型,2021-06-22,528951376.35,招商基金,5.29
011637,广发沪港深价值成长混合A,混合型-偏股,2021-06-22,528812179.77,广发基金,5.29
160719,嘉实黄金,QDII-商品,2011-08-04,528080734.81,嘉实基金,5.28
013385,信澳优势价值混合A,混合型-偏股,2021-12-03,527416881.09,信达澳亚基金,5.27
260111,景顺长城公司治理混合,混合型-偏股,2008-10-22,526802835.17,景顺长城基金,5.27
003501,宏利睿智稳健混合A,混合型-灵活,2016-11-23,526726609.66,宏利基金,5.27
023930,银华国证港股通创新药ETF发起式联接C,指数型-股票,2025-04-16,526559813.24,银华基金,5.27
001877,宝盈国家安全沪港深股票A,股票型,2016-01-20,526290766.32,宝盈基金,5.26
710001,富安达优势成长混合A,混合型-偏股,2011-09-21,525990690.01,富安达基金,5.26
019506,国泰海通中证1000优选股票发起C,股票型,2023-12-12,525461182.62,国泰海通资管,5.25
002083,新华鑫动力灵活配置混合A,混合型-灵活,2016-06-08,525202612.75,新华基金,5.25
515950,医药50ETF富国,指数型-股票,2020-03-16,524127501.33,富国基金,5.24
161914,万家创业板2年定期开放混合A,混合型-偏股,2020-08-14,523581542.24,万家基金,5.24
023101,国寿安保智慧生活股票C,股票型,2024-12-26,523520734.49,国寿安保基金,5.24
180001,银华优势企业混合,混合型-灵活,2002-11-13,523132786.02,银华基金,5.23
161628,融通中证云计算与大数据主题指数(LOF)A,指数型-股票,2015-07-01,522920692.26,融通基金,5.23
009804,国泰研究优势混合A,混合型-偏股,2020-09-29,522695498.4,国泰基金,5.23
002116,广发安享混合A,混合型-灵活,2016-02-22,522397221.75,广发基金,5.22
008208,博道嘉泰回报混合,混合型-灵活,2019-12-19,522365571.28,博道基金,5.22
012719,华夏新兴经济一年持有混合A,混合型-偏股,2021-07-27,522327314.9,华夏基金,5.22
008293,农银汇理创新医疗混合,混合型-偏股,2020-01-21,522313787.71,农银汇理基金,5.22
001618,天弘中证电子ETF联接C,指数型-股票,2015-07-29,522179017.17,天弘基金,5.22
014136,中欧金安量化混合C,混合型-偏股,2022-01-20,521858012.45,中欧基金,5.22
011206,创金合信竞争优势混合A,混合型-偏股,2021-01-25,521798008.68,创金合信基金,5.22
014283,华夏北交所精选两年定开混合发起式,混合型-偏股,2021-11-23,521064493.63,华夏基金,5.21
010163,财通资管价值精选一年持有混合A,混合型-偏股,2021-05-25,520996571.51,财通资管,5.21
561100,消费电子ETF富国,指数型-股票,2022-01-20,520717968.38,富国基金,5.21
015455,信澳周期动力混合C,混合型-偏股,2022-03-23,520464641.32,信达澳亚基金,5.2
588810,科创芯片ETF富国,指数型-股票,2024-12-30,520450579.07,富国基金,5.2
009683,汇添富创新增长一年定开混合A,混合型-偏股,2020-06-22,520143014.83,汇添富基金,5.2
011826,汇添富健康生活一年持有混合A,混合型-偏股,2021-03-25,519698562.31,汇添富基金,5.2
009180,嘉实中证主要消费ETF发起联接C,指数型-股票,2020-04-22,519413243.6,嘉实基金,5.19
022717,永赢锐见进取混合A,混合型-偏股,2025-01-23,519402376.72,永赢基金,5.19
006166,建信中证1000指数增强C,指数型-股票,2018-11-22,519253627.09,建信基金,5.19
013722,信澳景气优选混合C,混合型-偏股,2021-12-21,518878721.35,信达澳亚基金,5.19
014228,浦银安盛品质优选混合A,混合型-偏股,2021-12-28,518810273.14,浦银安盛基金,5.19
015285,国投瑞银产业转型一年持有混合A,混合型-偏股,2022-07-21,518766082.96,国投瑞银基金,5.19
010166,招商兴和优选1年持有期混合,混合型-偏股,2021-02-01,518054425.28,招商基金,5.18
006748,富国中证价值ETF联接A,指数型-股票,2018-12-25,517391617.42,富国基金,5.17
161729,招商瑞利灵活配置混合(LOF)A,混合型-灵活,2019-07-18,517102903.99,招商基金,5.17
005927,创金合信新能源汽车股票A,股票型,2018-05-08,517084298.73,创金合信基金,5.17
017204,华宝海外科技股票(QDII-LOF)C,QDII-普通股票,2023-04-11,516792107.99,华宝基金,5.17
001118,华宝事件驱动混合A,混合型-偏股,2015-04-08,516607490.96,华宝基金,5.17
007474,华夏创业板成长ETF联接A,指数型-股票,2019-06-26,515687537.73,华夏基金,5.16
004854,广发中证全指汽车指数A,指数型-股票,2017-07-31,515645337.58,广发基金,5.16
515390,沪深300ETF华安,指数型-股票,2019-12-13,515616532.66,华安基金,5.16
000612,华宝生态中国混合A,混合型-偏股,2014-06-13,515448480.81,华宝基金,5.15
003853,金鹰信息产业股票A,股票型,2017-03-10,514574780.52,金鹰基金,5.15
660005,农银中小盘混合,混合型-偏股,2010-03-25,514031462.42,农银汇理基金,5.14
009566,汇安泓阳三年持有期混合,混合型-偏股,2020-12-16,513935184.44,汇安基金,5.14
014880,天弘中证机器人ETF发起联接A,指数型-股票,2023-07-11,513762657.41,天弘基金,5.14
011805,嘉实优质核心两年持有混合A,混合型-偏股,2021-09-28,513336021.86,嘉实基金,5.13
019934,工银国证港股通科技ETF发起式联接C,指数型-股票,2024-05-28,513324522.36,工银瑞信基金,5.13
010064,圆信永丰兴研A,混合型-灵活,2020-09-23,513315893.96,圆信永丰基金,5.13
013247,交银瑞卓三年持有期混合,混合型-偏股,2021-09-24,513133451.63,交银施罗德基金,5.13
017511,鹏华稳健回报混合C,混合型-偏股,2022-12-07,512995998.41,鹏华基金,5.13
310308,申万菱信盛利精选混合A,混合型-偏股,2004-04-09,512908287.78,申万菱信基金,5.13
006969,圆信永丰高端制造A,混合型-偏股,2019-04-04,512812760.53,圆信永丰基金,5.13
519019,大成景阳领先混合A,混合型-偏股,2007-12-11,512762347.7,大成基金,5.13
007470,博道叁佰智航股票A,股票型,2019-06-05,512474815.1,博道基金,5.12
159333,港股央企红利ETF万家,指数型-股票,2024-08-21,512091059.71,万家基金,5.12
020236,施罗德中国动力股票A,股票型,2024-04-26,512060880.16,施罗德基金(中国),5.12
501225,景顺长城全球半导体芯片股票A(QDII-LOF)(人民币),QDII-普通股票,2023-03-30,511998158.59,景顺长城基金,5.12
016667,景顺长城全球半导体芯片股票A(QDII-LOF)(美元现汇),QDII-普通股票,2023-03-30,511998158.59,景顺长城基金,5.12
015508,兴业中证500指数增强C,指数型-股票,2022-06-07,511526334.95,兴业基金,5.12
589100,科创芯片ETF国泰,指数型-股票,2025-03-26,511034572.16,国泰基金,5.11
005437,易方达易百智能量化策略A,混合型-灵活,2018-01-24,511015077.57,易方达基金,5.11
910007,东方红启元三年持有混合A,混合型-灵活,2019-09-26,510835572.36,东方红资产管理,5.11
009693,富国积极成长一年定开混合,混合型-偏股,2020-06-15,510366474.11,富国基金,5.1
008935,大成科技消费股票C,股票型,2020-07-16,510180335.78,大成基金,5.1
519773,交银数据产业灵活配置混合A,混合型-灵活,2016-08-16,508866562.56,交银施罗德基金,5.09
159628,国证2000ETF万家,指数型-股票,2022-06-29,508841112.16,万家基金,5.09
005729,南方人工智能混合,混合型-偏股,2018-10-12,508700091.05,南方基金,5.09
020124,银华沪深股通精选混合C,混合型-偏股,2023-11-24,508534383.65,银华基金,5.09
012537,华宝中证细分化工产业主题ETF联接A,指数型-股票,2021-06-24,508445922.01,华宝基金,5.08
005028,鹏华研究精选灵活配置混合,混合型-灵活,2017-10-09,508436151.18,鹏华基金,5.08
001471,融通新能源灵活配置混合A,混合型-灵活,2015-06-29,508404844.06,融通基金,5.08
159909,TMT50ETF招商,指数型-股票,2011-06-27,508291447.34,招商基金,5.08
020458,平安医药精选股票A,股票型,2024-06-18,508067166.15,平安基金,5.08
001344,易方达医药ETF联接A,指数型-股票,2017-11-22,507725524.78,易方达基金,5.08
016935,景顺长城中证500指数增强C,指数型-股票,2022-10-27,507373633.83,景顺长城基金,5.07
016840,博道惠泰优选混合A,混合型-偏股,2023-01-18,506876250.69,博道基金,5.07
501078,广发科创主题灵活配置混合(LOF),混合型-灵活,2019-06-11,506320566.2,广发基金,5.06
562570,信创ETF华夏,指数型-股票,2024-04-19,506049481.44,华夏基金,5.06
022164,西部利得央企优选股票A,股票型,2024-12-10,505185866.26,西部利得基金,5.05
006502,财通集成电路产业股票A,股票型,2018-11-29,504978878.96,财通基金,5.05
016492,南方均衡成长混合A,混合型-偏股,2022-09-30,504859273.69,南方基金,5.05
011861,南方中证1000ETF发起联接C,指数型-股票,2021-09-27,504393685.0,南方基金,5.04
021893,易方达半导体设备ETF联接A,指数型-股票,2024-11-26,503993164.17,易方达基金,5.04
400032,东方主题精选混合,混合型-灵活,2015-03-23,503068491.15,东方基金,5.03
015679,景顺长城沪深300指数增强C,指数型-股票,2022-04-29,503046708.43,景顺长城基金,5.03
213002,宝盈泛沿海增长混合,混合型-偏股,2005-03-08,503044001.62,宝盈基金,5.03
010892,中银证券精选行业股票A,股票型,2021-01-20,502369966.56,中银证券,5.02
020104,易方达石油化工ETF联接A,指数型-股票,2024-01-05,502283345.25,易方达基金,5.02
588940,科创50ETF富国,指数型-股票,2025-05-21,502194007.78,富国基金,5.02
519021,国泰金鼎价值混合,混合型-灵活,2007-04-11,501669784.48,国泰基金,5.02
562510,旅游ETF华夏,指数型-股票,2021-12-21,501547228.78,华夏基金,5.02
007831,博道伍佰智航股票A,股票型,2019-09-26,501489934.29,博道基金,5.01
166011,中欧盛世成长混合(LOF)A,混合型-偏股,2012-03-29,501477553.11,中欧基金,5.01
010150,南方君信混合C,混合型-灵活,2020-09-07,500416170.19,南方基金,5.0
012003,招商价值成长混合A,混合型-偏股,2021-08-20,500290240.98,招商基金,5.0
159958,创业板ETF工银,指数型-股票,2017-12-25,500230658.56,工银瑞信基金,5.0
159602,中国A50ETF南方,指数型-股票,2021-10-29,500204117.59,南方基金,5.0
000942,广发信息技术联接A,指数型-股票,2015-01-29,499756369.18,广发基金,5.0
050021,博时创业板ETF联接A,指数型-股票,2011-06-10,498943933.57,博时基金,4.99
010274,嘉实价值长青混合C,混合型-偏股,2020-12-24,498827726.02,嘉实基金,4.99
010709,安信医药健康股票A,股票型,2021-01-12,498626345.5,安信基金,4.99
013310,华夏科创创业50ETF联接A,指数型-股票,2021-08-24,498567148.74,华夏基金,4.99
021981,安联中国精选混合A,混合型-偏股,2024-09-03,498411429.54,安联基金,4.98
004643,南方中证房地产ETF发起联接C,指数型-股票,2017-08-24,498386925.65,南方基金,4.98
008950,平安匠心优选混合C,混合型-偏股,2020-02-21,498028010.71,平安基金,4.98
012607,汇添富保鑫灵活配置混合C,混合型-灵活,2021-06-30,497596150.16,汇添富基金,4.98
009198,前海开源黄金ETF联接A,指数型-其他,2020-05-14,497395010.74,前海开源基金,4.97
213006,宝盈核心优势混合A,混合型-灵活,2009-03-17,497278183.9,宝盈基金,4.97
001541,汇添富民营新动力股票,股票型,2015-08-07,497013845.58,汇添富基金,4.97
159330,沪深300ETF东财,指数型-股票,2024-08-01,496935074.31,东财基金,4.97
011252,华安聚嘉精选混合C,混合型-偏股,2021-03-19,496807096.06,华安基金,4.97
016467,国泰海通量化选股混合发起C,混合型-偏股,2022-08-18,496781594.97,国泰海通资管,4.97
165513,中信保诚全球商品主题(QDII-FOF-LOF)A,QDII-商品,2011-12-20,496767133.78,中信保诚基金,4.97
161029,富国中证银行指数(LOF)A,指数型-股票,2015-04-30,496655288.93,富国基金,4.97
159903,深成ETF南方,指数型-股票,2009-12-04,496438141.23,南方基金,4.96
159590,软件ETF汇添富,指数型-股票,2024-10-28,496347491.78,汇添富基金,4.96
017950,景顺长城创业板50ETF联接C,指数型-股票,2023-03-17,496101509.84,景顺长城基金,4.96
010405,惠升医药健康6个月持有期混合,混合型-偏股,2020-12-22,496085581.32,惠升基金,4.96
019239,景顺长城创业板综指增强C,指数型-股票,2023-08-28,495669931.37,景顺长城基金,4.96
001984,摩根中国生物医药混合(QDII)A,QDII-混合偏股,2016-04-28,495644683.41,摩根基金(中国),4.96
003292,嘉实优势成长混合A,混合型-灵活,2016-12-01,494813030.51,嘉实基金,4.95
008150,嘉实远见企业精选两年持有期混合,混合型-偏股,2020-09-21,494619505.19,嘉实基金,4.95
005733,华夏上证50ETF联接C,指数型-股票,2018-03-08,494487107.74,华夏基金,4.94
010010,国投瑞银港股通6个月定开股票,股票型,2020-08-27,494019065.36,国投瑞银基金,4.94
460002,华泰柏瑞积极成长混合,混合型-灵活,2007-05-29,493647208.22,华泰柏瑞基金,4.94
018095,博时中证机器人指数发起式C,指数型-股票,2023-04-04,492379133.52,博时基金,4.92
021881,鑫元华证沪深港红利50指数A,指数型-股票,2024-09-24,492239113.58,鑫元基金,4.92
006371,长安鑫盈混合A,混合型-灵活,2019-07-18,492092766.1,长安基金,4.92
159747,香港科技ETF南方,指数型-海外股票,2021-07-02,491811274.5,南方基金,4.92
159752,新能源ETF申万菱信,指数型-股票,2021-07-20,491640895.84,申万菱信基金,4.92
005928,创金合信新能源汽车股票C,股票型,2018-05-08,491556432.29,创金合信基金,4.92
512220,TMTETF景顺,指数型-股票,2014-07-18,491427193.1,景顺长城基金,4.91
519191,万家新利灵活配置混合,混合型-灵活,2014-01-24,491296605.91,万家基金,4.91
012225,嘉实优势精选混合A,混合型-偏股,2021-06-29,491288226.5,嘉实基金,4.91
001239,长盛国企改革混合,混合型-灵活,2015-06-04,491097901.3,长盛基金,4.91
011203,永赢惠添益混合A,混合型-偏股,2021-03-16,490938336.13,永赢基金,4.91
009931,淳厚欣享一年持有期混合A,混合型-偏股,2020-09-15,490929958.56,淳厚基金,4.91
002446,广发利鑫灵活配置混合A,混合型-灵活,2016-03-21,490742094.72,广发基金,4.91
006020,广发沪深300指数增强A,指数型-股票,2018-06-29,490419739.98,广发基金,4.9
017669,大成卓远视野混合A,混合型-偏股,2024-06-12,489681025.85,大成基金,4.9
910022,东方红启航三年持有混合A,混合型-偏股,2020-10-29,489340035.92,东方红资产管理,4.89
008273,广发优质生活混合A,混合型-偏股,2020-03-25,489143621.08,广发基金,4.89
010744,工银灵动价值混合A,混合型-偏股,2020-12-25,488971758.72,工银瑞信基金,4.89
005453,前海开源医疗健康A,混合型-灵活,2018-01-19,488587897.21,前海开源基金,4.89
014420,中欧成长领航一年持有混合A,混合型-偏股,2022-01-13,488241790.84,中欧基金,4.88
159337,中证500ETF东财,指数型-股票,2024-09-02,488190031.84,东财基金,4.88
016244,广发成长领航一年持有混合C,混合型-偏股,2023-03-10,487826514.81,广发基金,4.88
023177,安信灵活配置混合C,混合型-灵活,2025-01-07,487643577.23,安信基金,4.88
004193,招商中证500指数增强C,指数型-股票,2017-05-17,487172869.95,招商基金,4.87
161032,富国中证煤炭指数(LOF)A,指数型-股票,2015-06-19,487110171.02,富国基金,4.87
560980,光伏龙头ETF广发,指数型-股票,2022-11-16,486747211.69,广发基金,4.87
006250,摩根动力精选混合A,混合型-偏股,2019-01-29,486448732.7,摩根基金(中国),4.86
006803,嘉实互通精选股票,股票型,2019-02-20,486197332.66,嘉实基金,4.86
001583,安信新常态股票A,股票型,2015-08-07,486123273.28,安信基金,4.86
007977,易方达黄金主题美元现汇A,QDII-商品,2019-10-11,485802570.99,易方达基金,4.86
161116,易方达黄金主题人民币A,QDII-商品,2011-05-06,485802570.99,易方达基金,4.86
016250,华夏远见成长一年持有混合A,混合型-偏股,2022-09-20,485801888.44,华夏基金,4.86
002350,华安安华灵活配置混合A,混合型-灵活,2016-02-03,485220040.84,华安基金,4.85
016486,中欧成长先锋混合C,混合型-偏股,2022-11-22,484689696.88,中欧基金,4.85
010812,中银战略新兴产业股票C,股票型,2020-12-11,484649054.68,中银基金,4.85
011556,富国民裕进取沪港深成长C,混合型-偏股,2021-03-08,484431103.78,富国基金,4.84
562600,医疗器械ETF华夏,指数型-股票,2023-11-23,484406728.57,华夏基金,4.84
015310,华泰柏瑞恒生科技ETF联接(QDII)A,指数型-海外股票,2022-08-23,484174232.78,华泰柏瑞基金,4.84
019578,摩根全球天然资源混合(QDII)C,QDII-混合偏股,2023-09-22,483941064.88,摩根基金(中国),4.84
519013,海富通风格优势混合,混合型-偏股,2006-10-19,483674031.36,海富通基金,4.84
014332,华泰柏瑞中证稀土产业ETF发起式联接C,指数型-股票,2021-12-14,483618658.88,华泰柏瑞基金,4.84
001217,易方达新收益混合C,混合型-灵活,2015-04-17,483278045.57,易方达基金,4.83
018014,长信中证1000指数增强C,指数型-股票,2023-04-20,483052529.8,长信基金,4.83
501306,汇添富港股红利ETF联接C,指数型-股票,2017-11-24,483046761.52,汇添富基金,4.83
005123,南方优享分红混合A,混合型-灵活,2017-12-06,482954499.2,南方基金,4.83
004716,中信保诚量化阿尔法股票A,股票型,2017-07-12,482926983.92,中信保诚基金,4.83
011237,摩根行业睿选股票C,股票型,2021-02-26,482904470.42,摩根基金(中国),4.83
588870,科创50ETF汇添富,指数型-股票,2025-01-20,482877236.78,汇添富基金,4.83
517110,创新药ETF国泰,指数型-股票,2021-09-08,482548447.24,国泰基金,4.83
159805,传媒ETF鹏华,指数型-股票,2020-03-06,482337323.11,鹏华基金,4.82
002031,华夏策略混合,混合型-灵活,2008-10-23,482247125.02,华夏基金,4.82
012985,平安优势回报1年持有混合A,混合型-偏股,2021-08-24,482162443.61,平安基金,4.82
000312,华安沪深300增强A,指数型-股票,2013-09-27,481911613.27,华安基金,4.82
560810,央企ESGETF融通,指数型-股票,2024-11-25,481827927.03,融通基金,4.82
010147,博道嘉兴一年持有期混合,混合型-偏股,2020-10-23,481741371.06,博道基金,4.82
021173,华安北证50成份指数发起式C,指数型-股票,2024-08-27,481725061.14,华安基金,4.82
006122,华安低碳生活混合A,混合型-偏股,2019-03-12,481493129.75,华安基金,4.81
515580,科技100ETF华泰柏瑞,指数型-股票,2019-09-27,481433541.39,华泰柏瑞基金,4.81
016847,中欧高端装备股票发起A,股票型,2022-11-14,481326876.14,中欧基金,4.81
011216,南方优质企业混合A,混合型-偏股,2021-03-10,480751053.36,南方基金,4.81
017854,易方达云计算ETF联接C,指数型-股票,2023-03-15,480441729.41,易方达基金,4.8
003579,中金沪深300指数增强C,指数型-股票,2016-11-28,480184640.04,中金基金,4.8
588990,科创芯片ETF博时,指数型-股票,2024-08-08,480051781.45,博时基金,4.8
021738,广发上海金ETF联接F,指数型-其他,2024-08-14,479604284.96,广发基金,4.8
009726,招商中证500等权重指数增强A,指数型-股票,2020-12-23,477895941.67,招商基金,4.78
022223,泉果消费机遇混合发起式A,混合型-偏股,2024-09-27,477839844.86,泉果基金,4.78
210004,金鹰稳健成长混合,混合型-偏股,2010-04-14,477653792.63,金鹰基金,4.78
005236,银华食品饮料量化股票发起式C,股票型,2017-11-09,477628775.11,银华基金,4.78
006381,华夏恒生ETF联接C,指数型-海外股票,2018-09-19,477232738.1,华夏基金,4.77
013610,中信保诚前瞻优势混合,混合型-偏股,2021-10-26,477168811.18,中信保诚基金,4.77
022665,鹏华中证A500ETF联接A,指数型-股票,2024-12-30,477122330.21,鹏华基金,4.77
018449,中欧瑾通灵活配置混合E,混合型-灵活,2023-05-05,476697839.8,中欧基金,4.77
006595,广发港股通优质增长混合A,混合型-偏股,2019-05-06,476389127.12,广发基金,4.76
013777,中泰兴为价值精选混合C,混合型-偏股,2022-01-18,476279646.0,中泰证券(上海)资管,4.76
002451,平安睿享文娱混合C,混合型-灵活,2016-03-29,476078339.92,平安基金,4.76
018177,华夏科创50指数增强A,指数型-股票,2023-07-25,475673529.62,华夏基金,4.76
563500,A500ETF华宝,指数型-股票,2024-11-22,475414217.38,华宝基金,4.75
020292,华夏科创100ETF联接C,指数型-股票,2024-01-23,475331048.64,华夏基金,4.75
016970,华夏恒生生物科技ETF发起式联接(QDII)A,指数型-海外股票,2022-11-22,475287482.46,华夏基金,4.75
016978,博时均衡优选混合A,混合型-偏股,2023-03-07,475274307.03,博时基金,4.75
519714,交银消费新驱动股票,股票型,2012-11-07,474955717.01,交银施罗德基金,4.75
005223,广发中证基建工程ETF联接A,指数型-股票,2018-02-01,474883049.76,广发基金,4.75
163302,大摩资源优选混合(LOF),混合型-灵活,2005-09-27,474783921.27,摩根士丹利基金,4.75
005449,华夏行业龙头混合,混合型-偏股,2018-03-07,474571566.83,华夏基金,4.75
013179,广发国证新能源车电池ETF联接A,指数型-股票,2021-08-16,474289303.18,广发基金,4.74
159569,港股红利低波ETF景顺,指数型-股票,2024-08-14,473898000.84,景顺长城基金,4.74
011436,中欧研究精选混合C,混合型-偏股,2021-03-24,473587588.41,中欧基金,4.74
159726,港股通高股息ETF华夏,指数型-股票,2021-11-11,473311783.89,华夏基金,4.73
012107,泓德瑞嘉三年持有期混合A,混合型-偏股,2021-05-25,473131179.0,泓德基金,4.73
519212,万家宏观择时多策略混合A,混合型-灵活,2017-03-30,473122169.34,万家基金,4.73
501189,嘉实产业优选混合(LOF)A,混合型-灵活,2018-07-05,472994538.78,嘉实基金,4.73
007353,工银科技创新混合,混合型-偏股,2019-05-06,472827046.74,工银瑞信基金,4.73
022895,易方达上证科创50联接Y,指数型-股票,2024-12-13,472741877.72,易方达基金,4.73
513280,恒生生物科技ETF汇添富,指数型-海外股票,2022-07-05,472449347.99,汇添富基金,4.72
020254,鹏华盛世创新混合(LOF)C,混合型-偏股,2023-12-13,472243556.38,鹏华基金,4.72
019874,广发稀有金属ETF联接A,指数型-股票,2023-12-26,472224224.15,广发基金,4.72
588150,科创50ETF南方,指数型-股票,2021-12-10,472217570.57,南方基金,4.72
501186,华夏兴融混合(LOF)A,混合型-灵活,2018-07-05,471761379.14,华夏基金,4.72
012080,易方达中证500指数量化增强A,指数型-股票,2021-06-15,471724396.05,易方达基金,4.72
001879,长城创业板指数增强A,指数型-股票,2017-06-01,471587741.47,长城基金,4.72
017126,华宝中证港股通互联网ETF发起联接C,指数型-股票,2022-12-06,471506306.87,华宝基金,4.72
007110,国投瑞银港股通混合A,混合型-偏股,2020-03-12,470666766.12,国投瑞银基金,4.71
011542,鹏华远见回报三年持有混合,混合型-偏股,2021-03-25,470351472.72,鹏华基金,4.7
562990,碳中和ETF易方达,指数型-股票,2022-07-11,470341444.12,易方达基金,4.7
161217,国投瑞银中证资源指数(LOF)A,指数型-股票,2011-07-21,469816615.77,国投瑞银基金,4.7
001278,前海开源清洁能源混合A,混合型-灵活,2015-06-16,469739405.5,前海开源基金,4.7
015282,华安恒生科技ETF发起式联接(QDII)A,指数型-海外股票,2022-04-19,469712095.32,华安基金,4.7
019062,易方达软件ETF联接C,指数型-股票,2023-10-10,469424135.91,易方达基金,4.69
002871,华夏智胜价值成长A,股票型,2016-08-09,469418511.93,华夏基金,4.69
410003,华富成长趋势混合A,混合型-偏股,2007-03-19,469262182.3,华富基金,4.69
011893,易方达长期价值混合A,混合型-偏股,2021-09-23,468916982.98,易方达基金,4.69
018412,易方达芯片ETF联接C,指数型-股票,2023-06-13,468887273.49,易方达基金,4.69
519606,国泰金鑫股票A,股票型,2014-09-15,468548268.56,国泰基金,4.69
011841,嘉实兴锐优选一年持有混合A,混合型-偏股,2021-12-06,468322195.0,嘉实基金,4.68
021482,华夏中证红利低波动ETF发起式联接A,指数型-股票,2024-07-02,468297013.52,华夏基金,4.68
014788,长城产业趋势混合A,混合型-偏股,2022-08-02,468171067.7,长城基金,4.68
011877,景顺长城医疗健康混合C,混合型-偏股,2021-08-18,468142240.75,景顺长城基金,4.68
002849,金信智能中国2025混合A,混合型-灵活,2016-07-01,468096414.43,金信基金,4.68
004745,长盛创新驱动混合A,混合型-灵活,2017-08-16,467892655.31,长盛基金,4.68
011201,财通优势行业轮动混合A,混合型-偏股,2021-02-09,467679205.05,财通基金,4.68
014404,中欧多元价值三年持有混合A,混合型-偏股,2022-01-26,467457572.06,中欧基金,4.67
011592,博时军工主题股票C,股票型,2021-02-24,467292826.92,博时基金,4.67
001064,广发中证环保ETF联接A,指数型-股票,2015-03-25,467027369.07,广发基金,4.67
050022,博时回报混合,混合型-灵活,2011-11-08,466760309.29,博时基金,4.67
660015,农银行业轮动混合A,混合型-偏股,2012-11-14,466411742.95,农银汇理基金,4.66
009897,广发港股通成长精选股票C,股票型,2020-09-10,466180602.86,广发基金,4.66
001148,申万菱信多策略灵活配置混合A,混合型-灵活,2015-03-31,465930873.22,申万菱信基金,4.66
017559,华安上证科创板芯片ETF发起式联接A,指数型-股票,2022-12-27,465890584.36,华安基金,4.66
011610,华泰柏瑞上证科创板50成份ETF联接A,指数型-股票,2021-03-04,465813316.33,华泰柏瑞基金,4.66
012407,永赢长远价值混合C,混合型-偏股,2021-09-13,465156387.39,永赢基金,4.65
513230,港股通消费ETF华夏,指数型-股票,2022-01-12,464766284.55,华夏基金,4.65
005742,南方成安优选混合,混合型-灵活,2018-04-19,464563703.32,南方基金,4.65
012260,广发睿明优质企业混合A,混合型-偏股,2021-07-29,464234960.13,广发基金,4.64
510710,上证50ETF博时,指数型-股票,2015-05-27,463928979.0,博时基金,4.64
014419,西部利得CES芯片指数增强C,指数型-股票,2021-12-23,463783556.72,西部利得基金,4.64
217027,招商央视财经50指数A,指数型-股票,2013-02-05,463774906.47,招商基金,4.64
000880,富国研究精选灵活配置混合A,混合型-灵活,2014-12-12,463708764.83,富国基金,4.64
021265,兴业聚利灵活配置混合C,混合型-灵活,2024-04-15,463198101.92,兴业基金,4.63
012483,前海开源优质龙头6个月持有混合A,混合型-偏股,2021-07-09,463097116.9,前海开源基金,4.63
001441,易方达瑞信混合I,混合型-灵活,2018-01-30,463030162.38,易方达基金,4.63
320011,诺安中小盘精选混合A,混合型-偏股,2010-04-28,462742139.03,诺安基金,4.63
001579,国泰大农业股票A,股票型,2017-06-15,462162465.68,国泰基金,4.62
004877,汇添富全球医疗混合(QDII)人民币,QDII-混合偏股,2017-08-16,461624196.03,汇添富基金,4.62
519026,海富通中小盘混合,混合型-偏股,2010-04-14,461614396.65,海富通基金,4.62
290014,泰信现代服务业混合,混合型-偏股,2013-02-07,461293040.11,泰信基金,4.61
510390,沪深300ETF平安,指数型-股票,2017-12-25,461220000.37,平安基金,4.61
000471,富国城镇发展股票,股票型,2014-01-28,461118590.89,富国基金,4.61
010421,海富通消费优选混合A,混合型-偏股,2021-04-14,461023315.32,海富通基金,4.61
001214,华泰柏瑞中证500ETF联接A,指数型-股票,2015-05-13,460764584.28,华泰柏瑞基金,4.61
501079,大成科创主题混合(LOF)A,混合型-偏股,2019-07-18,460618338.17,大成基金,4.61
018387,华泰柏瑞港股通红利ETF联接基金A,指数型-股票,2023-06-19,459723560.42,华泰柏瑞基金,4.6
005689,中银医疗保健混合A,混合型-灵活,2018-06-13,459719893.56,中银基金,4.6
001576,国泰智能装备股票A,股票型,2017-06-21,459689734.74,国泰基金,4.6
021047,平安港股通红利精选混合发起式C,混合型-偏股,2024-03-26,459487325.56,平安基金,4.59
000977,长城环保主题混合A,混合型-灵活,2015-04-08,459318400.16,长城基金,4.59
022749,平安港股通红利优选混合C,混合型-偏股,2024-12-27,459284735.99,平安基金,4.59
000573,天弘通利混合A,混合型-灵活,2014-03-14,459227909.76,天弘基金,4.59
009930,南方创新驱动混合C,混合型-偏股,2020-08-28,458831012.77,南方基金,4.59
005970,国泰消费优选股票,股票型,2019-01-17,458617326.21,国泰基金,4.59
450001,国富中国收益混合A,混合型-平衡,2005-06-01,458194544.89,国海富兰克林基金,4.58
018695,博道消费智航C,股票型,2023-06-20,458152657.73,博道基金,4.58
010330,东吴兴享成长混合A,混合型-偏股,2020-11-11,457818061.92,东吴基金,4.58
009681,南方创新精选一年定开混合A,混合型-偏股,2020-07-21,457414960.02,南方基金,4.57
013148,汇添富碳中和主题混合C,混合型-偏股,2021-09-14,457410758.6,汇添富基金,4.57
023402,广发全球精选股票(QDII)人民币F,QDII-普通股票,2025-02-18,457215967.57,广发基金,4.57
159525,红利低波ETF富国,指数型-股票,2024-05-07,457035565.4,富国基金,4.57
001837,前海开源沪港深蓝筹精选混合A,混合型-灵活,2015-12-08,456972036.54,前海开源基金,4.57
008294,朱雀企业优胜A,股票型,2020-05-22,456948544.31,朱雀基金,4.57
004231,中欧行业成长混合(LOF)C,混合型-偏股,2017-01-12,456773698.7,中欧基金,4.57
005268,鹏华优势企业,股票型,2017-11-29,456664753.67,鹏华基金,4.57
021074,华夏中证沪深港黄金产业股票ETF发起式联接A,指数型-股票,2024-05-08,455555156.31,华夏基金,4.56
010550,华商双擎领航混合,混合型-偏股,2020-11-23,455441301.14,华商基金,4.55
910009,东方红启程三年持有混合A,混合型-偏股,2021-03-29,454709614.89,东方红资产管理,4.55
002420,汇添富盈鑫混合A,混合型-灵活,2016-03-11,454645146.27,汇添富基金,4.55
000592,建信改革红利股票A,股票型,2014-05-14,454145003.94,建信基金,4.54
160516,博时证券公司ETF联接A,指数型-股票,2015-05-19,453607494.9,博时基金,4.54
563520,沪深300ETF永赢,指数型-股票,2024-11-08,452659429.04,永赢基金,4.53
161605,融通蓝筹成长混合A/B,混合型-灵活,2003-09-30,452485956.04,融通基金,4.52
159230,通用航空ETF华夏,指数型-股票,2025-05-21,452453263.27,华夏基金,4.52
000082,嘉实研究阿尔法股票A,股票型,2013-05-28,452274517.16,嘉实基金,4.52
009727,招商中证500等权重指数增强C,指数型-股票,2020-12-23,452197024.82,招商基金,4.52
001763,广发多策略混合,混合型-灵活,2015-12-09,452174937.05,广发基金,4.52
017941,国投瑞银国家安全混合C,混合型-灵活,2023-02-22,452169815.9,国投瑞银基金,4.52
023771,鹏华弘泰混合E,混合型-灵活,2025-03-24,451768876.95,鹏华基金,4.52
002408,中信建投医改混合A,混合型-灵活,2016-04-06,451496151.12,中信建投基金,4.51
008009,华商高端装备制造股票A,股票型,2019-12-10,451357842.76,华商基金,4.51
011152,国富兴海回报混合A,混合型-偏股,2021-03-30,450624488.76,国海富兰克林基金,4.51
002333,汇丰晋信沪港深C,股票型,2016-11-10,450620435.13,汇丰晋信基金,4.51
014605,嘉实中证光伏产业ETF发起联接C,指数型-股票,2022-01-25,450549359.11,嘉实基金,4.51
022443,工银中证A500ETF联接C,指数型-股票,2024-11-26,450035770.45,工银瑞信基金,4.5
515890,红利ETF博时,指数型-股票,2020-03-20,450009171.76,博时基金,4.5
562660,中证2000ETF华夏,指数型-股票,2023-09-06,449646621.41,华夏基金,4.5
010518,华夏先锋科技一年定开混合A,混合型-偏股,2021-03-15,449537302.59,华夏基金,4.5
023730,易方达上证科创板综合ETF联接C,指数型-股票,2025-04-08,449294697.93,易方达基金,4.49
000574,宝盈新价值混合A,混合型-灵活,2014-04-10,449283649.08,宝盈基金,4.49
550001,中信保诚四季红混合A,混合型-灵活,2006-04-29,449144979.99,中信保诚基金,4.49
016567,嘉实中证电池主题ETF发起联接C,指数型-股票,2022-09-21,449075032.25,嘉实基金,4.49
020982,华安国证机器人产业指数发起式C,指数型-股票,2024-03-26,449043681.17,华安基金,4.49
022450,银华中证A500ETF发起式联接A,指数型-股票,2024-11-13,448923790.71,银华基金,4.49
020384,金信转型创新成长混合发起式C,混合型-灵活,2023-12-20,448728965.46,金信基金,4.49
020829,东财北证50指数发起式C,指数型-股票,2024-06-25,448723634.86,东财基金,4.49
516220,化工ETF国泰,指数型-股票,2021-03-02,448690971.02,国泰基金,4.49
010201,农银汇理智增一年定开混合,混合型-偏股,2020-10-20,448450552.24,农银汇理基金,4.48
562850,央企能源ETF嘉实,指数型-股票,2023-07-27,448216967.49,嘉实基金,4.48
015202,汇添富全球移动互联混合(QDII)人民币C,QDII-混合灵活,2022-03-07,448198283.05,汇添富基金,4.48
240020,华宝医药生物混合A,混合型-偏股,2012-02-28,448085651.57,华宝基金,4.48
012643,招商中证红利ETF联接A,指数型-股票,2022-02-23,447604693.96,招商基金,4.48
021734,国富基本面优选混合C,混合型-偏股,2024-07-03,447259883.64,国海富兰克林基金,4.47
563700,红利价值ETF易方达,指数型-股票,2025-04-16,447035812.15,易方达基金,4.47
012477,富国匠心精选12个月持有混合A,混合型-偏股,2021-08-30,446701373.21,富国基金,4.47
014543,汇添富中证沪港深云计算产业ETF联接A,指数型-股票,2021-12-28,446412378.78,汇添富基金,4.46
012976,西部利得碳中和混合发起C,混合型-偏股,2021-08-09,446118137.2,西部利得基金,4.46
017974,易方达港股通优质增长混合C,混合型-偏股,2023-03-27,445564479.62,易方达基金,4.46
011335,银河医药混合A,混合型-偏股,2021-06-17,445518512.9,银河基金,4.46
515260,电子ETF华宝,指数型-股票,2020-07-17,445160882.26,华宝基金,4.45
018363,东方阿尔法瑞丰混合发起C,混合型-偏股,2023-05-12,444951530.61,东方阿尔法基金,4.45
005454,前海开源医疗健康C,混合型-灵活,2018-01-19,444081387.8,前海开源基金,4.44
002670,万家沪深300指数增强A,指数型-股票,2016-09-26,444035520.16,万家基金,4.44
563780,现金流全指ETF方正富邦,指数型-股票,2025-04-30,442938391.78,方正富邦基金,4.43
000988,嘉实全球互联网股票人民币,QDII-普通股票,2015-04-15,442296831.16,嘉实基金,4.42
014261,摩根沃享远见一年持有期混合A,混合型-偏股,2022-01-25,441894009.15,摩根基金(中国),4.42
003380,中信保诚至选混合C,混合型-灵活,2016-11-08,441674907.09,中信保诚基金,4.42
003593,国泰景气行业灵活配置混合,混合型-灵活,2017-03-20,441531648.15,国泰基金,4.42
022462,华商中证A500指数增强C,指数型-股票,2024-11-01,441397426.35,华商基金,4.41
010594,广发睿选三年持有期混合,混合型-偏股,2020-12-22,441342766.22,广发基金,4.41
206001,鹏华弘泰A,混合型-灵活,2002-05-24,440842181.57,鹏华基金,4.41
021865,中欧中证800研究智选混合发起C,混合型-偏股,2024-09-19,440158153.27,中欧基金,4.4
011817,银华阿尔法混合,混合型-偏股,2021-06-02,439539579.1,银华基金,4.4
011884,工银景气优选混合A,混合型-偏股,2021-07-23,439269811.21,工银瑞信基金,4.39
008177,建信高股息主题股票,股票型,2020-01-21,439255829.09,建信基金,4.39
019107,南方智信混合C,混合型-偏股,2023-09-26,439208103.09,南方基金,4.39
588210,科创100ETF易方达,指数型-股票,2023-11-08,439119383.33,易方达基金,4.39
022150,诺安精选价值混合C,混合型-偏股,2024-09-19,438755159.93,诺安基金,4.39
017223,富国中证电池主题ETF发起式联接C,指数型-股票,2022-11-29,438451658.35,富国基金,4.38
519158,新华趋势领航混合,混合型-偏股,2013-09-11,438259583.56,新华基金,4.38
005821,万家新机遇龙头企业混合A,混合型-灵活,2018-05-25,438219380.19,万家基金,4.38
006382,华夏中证500ETF联接C,指数型-股票,2018-09-19,438022222.25,华夏基金,4.38
019441,万家纳斯达克100指数发起式(QDII)A,指数型-海外股票,2023-09-27,437761521.03,万家基金,4.38
006905,泰康产业升级混合C,混合型-偏股,2019-05-17,437725972.2,泰康基金,4.38
020062,格林宏观回报混合A,混合型-偏股,2024-05-28,437719627.48,格林基金,4.38
009274,融通健康产业灵活配置混合C,混合型-灵活,2020-04-13,437563065.37,融通基金,4.38
021207,易方达中证A50ETF联接发起式C,指数型-股票,2024-04-23,437480468.59,易方达基金,4.37
017532,平安研究优选混合A,混合型-偏股,2023-03-21,437309404.56,平安基金,4.37
013661,华安研究领航混合A,混合型-偏股,2021-11-30,437017325.38,华安基金,4.37
002030,中信保诚新选混合B,混合型-灵活,2015-11-16,436908142.65,中信保诚基金,4.37
010622,恒越成长精选混合A,混合型-偏股,2021-02-09,436649419.12,恒越基金,4.37
159695,通信ETF嘉实,指数型-股票,2023-04-27,436570336.13,嘉实基金,4.37
021297,鹏华国证有色金属行业ETF发起式联接C,指数型-股票,2024-09-26,436399455.09,鹏华基金,4.36
005368,富国清洁能源产业混合A,混合型-灵活,2020-03-06,436354351.49,富国基金,4.36
001423,景顺长城安享回报混合C,混合型-灵活,2015-06-15,436273755.28,景顺长城基金,4.36
562000,A100ETF华宝,指数型-股票,2022-07-21,436006758.05,华宝基金,4.36
165313,建信优势动力混合(LOF),混合型-偏股,2013-03-19,435899029.22,建信基金,4.36
011821,兴业兴智一年持有期混合C,混合型-偏股,2021-05-10,435882116.65,兴业基金,4.36
022465,华安中证A500ETF发起式联接A,指数型-股票,2024-11-12,435797818.54,华安基金,4.36
100016,富国天源沪港深平衡混合A,混合型-灵活,2002-08-16,435772589.32,富国基金,4.36
021299,中欧北证50成份指数发起C,指数型-股票,2024-05-10,435692381.56,中欧基金,4.36
006266,永赢智能领先混合A,混合型-偏股,2019-03-26,435128595.66,永赢基金,4.35
006809,泰康香港银行指数A,指数型-股票,2019-04-16,434716694.08,泰康基金,4.35
009439,西部利得国企红利指数增强C,指数型-股票,2020-05-08,434703289.93,西部利得基金,4.35
015219,鹏扬产业智选一年持有混合A,混合型-偏股,2022-09-01,434573335.23,鹏扬基金,4.35
013392,广发港股通优质增长混合C,混合型-偏股,2021-08-19,434496976.2,广发基金,4.34
001746,易方达瑞富灵活配置混合E,混合型-灵活,2017-05-12,434420659.57,易方达基金,4.34
560800,数字经济ETF鹏扬,指数型-股票,2021-12-22,434368898.69,鹏扬基金,4.34
019216,天弘价值精选混合发起C,混合型-灵活,2023-08-23,434012806.69,天弘基金,4.34
000124,华宝服务优选混合,混合型-偏股,2013-06-27,433277342.8,华宝基金,4.33
001166,建信环保产业股票A,股票型,2015-04-22,432779790.92,建信基金,4.33
001974,景顺长城量化新动力股票A,股票型,2016-07-13,432745642.46,景顺长城基金,4.33
017086,嘉实ESG可持续投资混合A,混合型-偏股,2023-03-06,432478373.72,嘉实基金,4.32
012968,广发行业严选三年持有期混合C,混合型-偏股,2021-08-26,432334779.31,广发基金,4.32
001236,博时丝路主题股票A,股票型,2015-05-22,431991455.47,博时基金,4.32
012491,华商核心引力混合A,混合型-灵活,2021-07-28,431780210.7,华商基金,4.32
910006,东方红启盛三年持有混合A,混合型-偏股,2021-04-12,431692671.92,东方红资产管理,4.32
010452,广发瑞福精选混合A,混合型-偏股,2020-11-10,431630253.8,广发基金,4.32
008183,招商普盛全球配置(QDII-FOF)美元现钞,QDII-混合灵活,2020-01-19,431352714.3,招商基金,4.31
007729,招商普盛全球配置(QDII)人民币A,QDII-混合灵活,2020-01-19,431352714.3,招商基金,4.31
007975,招商普盛全球配置(QDII-FOF)美元现汇,QDII-混合灵活,2020-01-19,431352714.3,招商基金,4.31
022124,国寿安保策略精选混合C,混合型-偏股,2024-09-03,431204747.49,国寿安保基金,4.31
020026,国泰成长优选混合,混合型-偏股,2012-03-20,431093650.2,国泰基金,4.31
000978,景顺长城量化精选股票A,股票型,2015-02-04,430810165.06,景顺长城基金,4.31
510630,消费ETF华夏,指数型-股票,2013-03-28,430681328.21,华夏基金,4.31
023763,华夏恒生科技ETF发起式联接(QDII)D,指数型-海外股票,2025-03-28,430434719.61,华夏基金,4.3
159964,创业板ETF平安,指数型-股票,2019-03-15,429960561.16,平安基金,4.3
159596,A50ETF华宝,指数型-股票,2024-03-07,429903248.43,华宝基金,4.3
001766,摩根医疗健康股票A,股票型,2015-10-21,429884879.83,摩根基金(中国),4.3
013331,富国中证1000指数增强(LOF)C,指数型-股票,2021-08-19,429721530.91,富国基金,4.3
019778,鹏扬消费量化选股混合C,混合型-偏股,2023-12-19,429630115.24,鹏扬基金,4.3
161123,易方达中证万得并购重组(LOF),指数型-股票,2015-06-03,429413958.2,易方达基金,4.29
023632,景顺长城新兴产业混合A,混合型-偏股,2025-04-01,429407188.41,景顺长城基金,4.29
001070,建信信息产业股票A,股票型,2015-03-24,429368196.35,建信基金,4.29
019458,平安先进制造主题股票发起C,股票型,2023-10-24,428990290.07,平安基金,4.29
010413,财通资管宸瑞一年持有混合A,混合型-偏股,2021-01-20,428565872.87,财通资管,4.29
004190,招商沪深300指数增强A,指数型-股票,2017-02-10,428121575.84,招商基金,4.28
006904,泰康产业升级混合A,混合型-偏股,2019-05-17,428006763.11,泰康基金,4.28
501070,广发睿阳三年定开混合,混合型-偏股,2019-01-31,427885503.54,广发基金,4.28
004138,上银鑫达灵活配置混合A,混合型-灵活,2017-03-09,427824438.25,上银基金,4.28
009952,广发稳健回报混合C,混合型-平衡,2020-08-17,427787538.45,广发基金,4.28
009774,财通资管优选回报一年持有期混合,混合型-偏股,2020-09-02,427631672.01,财通资管,4.28
004848,中欧睿泓定开混合,混合型-灵活,2017-11-24,427410345.75,中欧基金,4.27
010587,鹏扬先进制造混合A,混合型-偏股,2021-02-02,427305720.66,鹏扬基金,4.27
510530,中证500ETF工银,指数型-股票,2019-10-17,427238678.49,工银瑞信基金,4.27
008715,景顺长城价值驱动一年持有混合,混合型-灵活,2021-07-19,426949876.48,景顺长城基金,4.27
014661,天弘黄金ETF联接A,指数型-其他,2022-03-02,426728309.97,天弘基金,4.27
589660,科创综指ETF南方,指数型-股票,2025-02-26,426537643.75,南方基金,4.27
007657,东方红中证竞争力指数A,指数型-股票,2019-07-31,426202093.58,东方红资产管理,4.26
012044,鹏华中证全指证券公司指数(LOF)C,指数型-股票,2021-04-14,426068290.61,鹏华基金,4.26
161815,银华抗通胀主题(QDII-FOF-LOF)A,QDII-商品,2010-12-06,426065898.73,银华基金,4.26
018309,招商社会责任混合A,混合型-偏股,2023-04-26,425684203.3,招商基金,4.26
006928,长城创业板指数增强C,指数型-股票,2019-01-29,425188822.34,长城基金,4.25
010425,国投瑞银开放视角精选混合A,混合型-偏股,2021-02-01,425044216.06,国投瑞银基金,4.25
016283,华泰柏瑞积极优选股票C,股票型,2022-07-21,424995387.68,华泰柏瑞基金,4.25
010536,泰康优势企业混合A,混合型-偏股,2020-12-22,424916198.19,泰康基金,4.25
011392,平安兴鑫回报一年定开混合,混合型-偏股,2021-03-23,424909911.0,平安基金,4.25
007553,中信建投医改混合C,混合型-灵活,2019-06-18,424878862.17,中信建投基金,4.25
008258,中银证券中证500ETF联接A,指数型-股票,2020-05-14,424634542.29,中银证券,4.25
023620,华夏中证A500指数增强C,指数型-股票,2025-04-15,424511210.52,华夏基金,4.25
018028,嘉实中证高端装备细分50ETF发起联接C,指数型-股票,2023-03-16,424452145.11,嘉实基金,4.24
012737,广发创新药ETF联接A,指数型-股票,2021-07-07,424304997.99,广发基金,4.24
015048,建信新能源行业股票C,股票型,2022-01-27,424281711.76,建信基金,4.24
012466,嘉实策略精选混合A,混合型-偏股,2021-11-02,424250918.33,嘉实基金,4.24
019194,融通产业趋势精选混合C,混合型-偏股,2023-08-22,424098212.87,融通基金,4.24
001298,金鹰民族新兴混合A,混合型-灵活,2015-06-02,423782001.88,金鹰基金,4.24
001181,南方改革机遇,混合型-灵活,2015-05-19,423570732.24,南方基金,4.24
011830,富国天恒混合A,混合型-偏股,2022-01-24,423317460.17,富国基金,4.23
001195,工银农业产业股票,股票型,2015-05-26,422826139.47,工银瑞信基金,4.23
004605,富国新活力灵活配置混合C,混合型-灵活,2017-06-01,422640785.42,富国基金,4.23
561170,绿色电力ETF富国,指数型-股票,2023-03-02,422438237.83,富国基金,4.22
560700,央企红利ETF广发,指数型-股票,2023-05-24,422276523.31,广发基金,4.22
022745,博道中证A500指数增强A,指数型-股票,2025-01-23,422188772.2,博道基金,4.22
010358,南方阿尔法混合C,混合型-偏股,2021-01-13,422129416.64,南方基金,4.22
002482,宝盈互联网沪港深混合,混合型-灵活,2016-06-16,421439070.89,宝盈基金,4.21
310328,申万菱信新动力混合A,混合型-偏股,2005-11-10,420903003.63,申万菱信基金,4.21
001421,南方量化成长股票A,股票型,2015-06-29,420800842.77,南方基金,4.21
021961,景顺长城中证国新港股通央企红利ETF联接A,指数型-股票,2024-09-27,420349319.77,景顺长城基金,4.2
012680,华泰柏瑞光伏ETF联接C,指数型-股票,2021-08-17,420185299.78,华泰柏瑞基金,4.2
021523,财通价值动量混合C,混合型-灵活,2024-05-28,419899384.82,财通基金,4.2
021958,南方黄金股A,指数型-股票,2024-11-04,419232970.46,南方基金,4.19
159858,创新药ETF南方,指数型-股票,2021-03-12,418428373.33,南方基金,4.18
006682,景顺长城中证500指数增强A,指数型-股票,2019-03-25,418345114.66,景顺长城基金,4.18
515160,MSCI中国ETF招商,指数型-股票,2020-02-03,418083665.11,招商基金,4.18
561990,沪深300增强ETF招商,指数型-股票,2021-12-02,417962035.75,招商基金,4.18
012184,大成创新趋势混合A,混合型-偏股,2021-05-25,417854818.47,大成基金,4.18
070022,嘉实领先成长混合,混合型-偏股,2011-05-31,417714580.65,嘉实基金,4.18
012842,易方达中证军工(LOF)C,指数型-股票,2021-07-19,417140534.51,易方达基金,4.17
006253,永赢消费主题C,混合型-灵活,2018-11-06,417087389.88,永赢基金,4.17
020500,广发中证港股通非银ETF发起式联接A,指数型-股票,2024-01-30,417084887.1,广发基金,4.17
217010,招商大盘蓝筹混合,混合型-偏股,2008-06-19,416996543.68,招商基金,4.17
017987,易方达国企主题混合A,混合型-偏股,2023-05-05,416727864.41,易方达基金,4.17
005152,农银沪深300指数C,指数型-股票,2018-03-21,416609900.24,农银汇理基金,4.17
016854,汇添富中证500指数增强C,指数型-股票,2022-10-12,416585244.86,汇添富基金,4.17
001125,博时互联网主题灵活配置混合,混合型-灵活,2015-04-28,416568721.47,博时基金,4.17
161607,融通巨潮100指数A(LOF),指数型-股票,2005-05-12,416399181.83,融通基金,4.16
019026,易方达金融行业股票发起式C,股票型,2023-10-18,416300375.66,易方达基金,4.16
159739,云计算ETF鹏华,指数型-股票,2021-11-03,416260412.03,鹏华基金,4.16
021536,天弘中证软件服务指数发起C,指数型-股票,2024-07-02,416231729.07,天弘基金,4.16
021362,易方达黄金股指数发起式A,指数型-股票,2024-10-29,415693183.72,易方达基金,4.16
008182,方正富邦信泓混合C,混合型-灵活,2019-11-05,415603837.46,方正富邦基金,4.16
001857,易方达现代服务业混合,混合型-灵活,2017-11-22,415280884.16,易方达基金,4.15
011626,嘉实匠心回报混合A,混合型-偏股,2021-03-30,415019091.16,嘉实基金,4.15
001898,易方达大健康混合,混合型-灵活,2017-09-27,414566557.35,易方达基金,4.15
017827,兴全欣越混合C,混合型-偏股,2023-03-17,414519158.33,兴证全球基金,4.15
501012,汇添富中证中药ETF联接(LOF)C,指数型-股票,2016-12-29,414501289.42,汇添富基金,4.15
517800,人工智能50ETF方正富邦,指数型-股票,2021-08-04,414291162.41,方正富邦基金,4.14
002903,广发中证500ETF联接C,指数型-股票,2016-06-15,414177814.56,广发基金,4.14
012778,中欧养老产业混合C,混合型-偏股,2021-06-30,414165570.48,中欧基金,4.14
007040,前海联合泳隆混合C,混合型-灵活,2019-02-22,413978449.37,前海联合,4.14
519769,交银优选回报灵活配置混合C,混合型-灵活,2016-04-22,413815380.81,交银施罗德基金,4.14
001268,富国国家安全主题混合A,混合型-偏股,2015-05-14,413365779.35,富国基金,4.13
019384,兴全可持续投资三年定开混合,混合型-偏股,2023-12-04,413279138.34,兴证全球基金,4.13
000020,景顺长城品质投资混合A,混合型-偏股,2013-03-19,412916575.91,景顺长城基金,4.13
019341,西部利得研究精选混合C,混合型-偏股,2024-03-26,412846624.1,西部利得基金,4.13
001542,国泰互联网+股票,股票型,2015-08-04,412423130.6,国泰基金,4.12
009330,鹏华成长价值混合A,混合型-偏股,2020-05-18,411873199.84,鹏华基金,4.12
159225,现金流ETF银华,指数型-股票,2025-04-09,411871668.16,银华基金,4.12
011565,富国周期优势混合C,混合型-偏股,2021-03-09,411822581.5,富国基金,4.12
023648,广发科技智选股票发起式C,股票型,2025-04-17,411644966.71,广发基金,4.12
014917,汇丰晋信时代先锋混合A,混合型-偏股,2022-06-08,411627335.74,汇丰晋信基金,4.12
016495,景顺长城中证港股通科技ETF发起联接A,指数型-股票,2022-09-01,411134008.1,景顺长城基金,4.11
005106,银华农业产业股票发起式A,股票型,2017-09-28,411126338.93,银华基金,4.11
019858,博时上证科创板100ETF联接C,指数型-股票,2023-12-01,410931710.58,博时基金,4.11
512250,A50ETF招商,指数型-股票,2025-04-03,410727685.93,招商基金,4.11
008347,中信建投甄选混合A,混合型-偏股,2019-12-23,410717874.49,中信建投基金,4.11
010235,广发资源优选股票C,股票型,2020-09-24,410322603.62,广发基金,4.1
161609,融通动力先锋混合A/B,混合型-偏股,2006-11-15,410190178.46,融通基金,4.1
017435,华宝中证沪港深新消费指数C,指数型-股票,2023-04-11,410109813.2,华宝基金,4.1
011585,博时产业慧选混合A,混合型-偏股,2021-03-23,409949828.16,博时基金,4.1
006615,工银战略新兴产业混合A,混合型-偏股,2019-04-24,409943226.56,工银瑞信基金,4.1
022866,博道沪深300指数量化增强A,指数型-股票,2025-01-21,409527741.14,博道基金,4.1
021087,鹏华国证粮食产业ETF发起式联接C,指数型-股票,2024-09-19,409364744.65,鹏华基金,4.09
501227,泓德红利优选混合(LOF)A,混合型-偏股,2025-04-29,409329677.42,泓德基金,4.09
013813,景顺长城景气进取混合C,混合型-偏股,2021-11-23,409120004.9,景顺长城基金,4.09
000742,国泰新经济灵活配置混合A,混合型-灵活,2014-09-16,409058074.28,国泰基金,4.09
011908,广发沪港深价值精选混合A,混合型-偏股,2021-05-25,408730018.53,广发基金,4.09
660004,农银策略价值混合,混合型-偏股,2009-09-29,408712050.81,农银汇理基金,4.09
012831,南方中证新能源ETF联接A,指数型-股票,2021-08-24,408619432.82,南方基金,4.09
002906,南方中证500量化增强A,指数型-股票,2016-11-23,407882278.53,南方基金,4.08
014793,华泰柏瑞匠心臻选混合C,混合型-偏股,2022-06-27,407867946.78,华泰柏瑞基金,4.08
001775,鹏华弘泰C,混合型-灵活,2015-08-14,407737372.63,鹏华基金,4.08
010888,南方消费升级混合C,混合型-偏股,2021-01-14,407700809.22,南方基金,4.08
017920,中欧中证1000指数增强C,指数型-股票,2023-03-02,407697395.41,中欧基金,4.08
018291,广发新兴成长混合C,混合型-灵活,2023-04-18,407595303.36,广发基金,4.08
501075,万家科创主题灵活配置混合(LOF)A,混合型-灵活,2019-06-12,407558565.87,万家基金,4.08
012449,广发睿毅领先混合C,混合型-偏股,2021-06-01,407525127.25,广发基金,4.08
022243,中邮军民融合灵活配置混合C,混合型-灵活,2024-09-27,407163437.03,中邮基金,4.07
009551,汇添富开放视野中国优势六个月持有股票C,股票型,2020-07-22,407011075.7,汇添富基金,4.07
011498,富国沪深300基本面精选股票A,股票型,2021-06-01,406703231.96,富国基金,4.07
012874,易方达中证全指证券公司指数(LOF)C,指数型-股票,2021-07-19,406403716.91,易方达基金,4.06
000270,建信灵活配置混合A,混合型-灵活,2013-09-03,406317255.33,建信基金,4.06
169102,东方红睿阳三年持有混合,混合型-偏股,2015-01-19,406177468.05,东方红资产管理,4.06
159843,食品饮料ETF招商,指数型-股票,2021-01-25,406096111.52,招商基金,4.06
002264,华夏乐享健康混合A,混合型-灵活,2016-08-03,405998675.2,华夏基金,4.06
011468,国富竞争优势三年持有期混合A,混合型-偏股,2021-05-14,405906610.97,国海富兰克林基金,4.06
022710,工银智能制造股票C,股票型,2024-11-26,405904056.34,工银瑞信基金,4.06
022804,中加中证A500指数增强发起式A,指数型-股票,2025-01-24,405758550.61,中加基金,4.06
019059,易方达绿色电力ETF联接C,指数型-股票,2023-09-12,405371649.64,易方达基金,4.05
160211,国泰中小盘成长混合(LOF),混合型-偏股,2009-10-19,404791078.89,国泰基金,4.05
013396,华夏新能源车龙头混合发起式C,混合型-偏股,2021-09-15,404344139.92,华夏基金,4.04
019164,汇添富有色金属ETF联接A,指数型-股票,2023-11-28,403957637.63,汇添富基金,4.04
589890,科创综指ETF景顺,指数型-股票,2025-02-26,403450916.01,景顺长城基金,4.03
002621,中欧消费主题股票A,股票型,2016-07-22,403319126.79,中欧基金,4.03
515110,一带一路ETF易方达,指数型-股票,2019-11-06,403242436.46,易方达基金,4.03
011165,富国兴远优选12个月持有混合C,混合型-偏股,2021-03-02,403111612.37,富国基金,4.03
015880,中欧小盘成长混合A,混合型-偏股,2022-06-28,402903059.26,中欧基金,4.03
011853,招商中证消费龙头指数增强A,指数型-股票,2021-05-25,402592178.21,招商基金,4.03
159366,港股医疗ETF永赢,指数型-股票,2025-04-02,402590239.85,永赢基金,4.03
011860,南方中证1000ETF发起联接A,指数型-股票,2021-09-27,402587577.71,南方基金,4.03
018483,鹏华创业板50ETF联接C,指数型-股票,2023-08-01,402400427.6,鹏华基金,4.02
017749,国投瑞银景气驱动混合A,混合型-偏股,2023-03-14,402322054.17,国投瑞银基金,4.02
011306,富国低碳新经济混合C,混合型-偏股,2021-01-18,402161793.22,富国基金,4.02
001677,中银战略新兴产业股票A,股票型,2015-11-26,401845275.68,中银基金,4.02
005310,广发电子信息传媒股票A,股票型,2017-12-11,401602013.0,广发基金,4.02
011630,东财有色增强A,指数型-股票,2021-03-16,400595736.48,东财基金,4.01
020255,中欧中证机器人指数发起A,指数型-股票,2024-01-17,400485343.1,中欧基金,4.0
020749,国联智选先锋股票C,股票型,2024-06-04,400422240.68,国联基金,4.0
019923,华泰柏瑞中证2000指数增强A,指数型-股票,2024-01-12,399890293.14,华泰柏瑞基金,4.0
588820,科创200ETF华夏,指数型-股票,2024-12-23,399737231.91,华夏基金,4.0
001580,南方利安C,混合型-灵活,2015-11-19,399359151.1,南方基金,3.99
011691,招商品质发现混合C,混合型-偏股,2021-08-31,399168232.81,招商基金,3.99
008138,富国龙头优势混合A,混合型-偏股,2020-01-14,399099761.62,富国基金,3.99
000327,南方潜力新蓝筹混合A,混合型-偏股,2015-05-29,399083709.12,南方基金,3.99
005741,南方君信混合A,混合型-灵活,2018-05-30,398918825.92,南方基金,3.99
161611,融通内需驱动混合A,混合型-偏股,2009-04-22,398427732.83,融通基金,3.98
012493,长信内需均衡混合A,混合型-偏股,2021-07-01,398238171.68,长信基金,3.98
020645,南方智弘混合A,混合型-偏股,2024-08-02,397958790.59,南方基金,3.98
006757,国泰中证生物医药ETF联接C,指数型-股票,2019-04-16,397937102.17,国泰基金,3.98
121008,国投瑞银成长优选混合,混合型-偏股,2008-01-10,397464642.17,国投瑞银基金,3.97
015641,银华数字经济股票发起式A,股票型,2022-05-20,397167990.63,银华基金,3.97
019360,汇添富积极优选三年定开混合,混合型-偏股,2023-11-14,397161993.05,汇添富基金,3.97
000824,圆信永丰双利A,混合型-灵活,2014-11-19,397100870.78,圆信永丰基金,3.97
009008,平安科技创新混合A,混合型-偏股,2020-03-06,396742135.63,平安基金,3.97
022436,摩根中证A500ETF联接A,指数型-股票,2024-11-11,396283910.15,摩根基金(中国),3.96
005244,国泰聚优价值灵活配置混合A,混合型-灵活,2017-11-15,396205966.95,国泰基金,3.96
023753,永赢信息产业智选混合发起A,混合型-偏股,2025-03-26,396126923.1,永赢基金,3.96
008655,招商科技创新混合A,混合型-偏股,2020-02-12,395703795.54,招商基金,3.96
519120,浦银安盛新兴产业混合A,混合型-灵活,2013-03-25,395341177.21,浦银安盛基金,3.95
010790,海富通均衡甄选混合A,混合型-偏股,2021-01-26,395215408.49,海富通基金,3.95
019150,国联国企改革混合C,混合型-灵活,2023-09-22,395195837.59,国联基金,3.95
012913,方正富邦趋势领航混合A,混合型-偏股,2021-09-23,395094912.02,方正富邦基金,3.95
015044,西部利得时代动力混合发起C,混合型-偏股,2022-05-31,395080970.49,西部利得基金,3.95
270050,广发新经济混合A,混合型-偏股,2013-02-06,394913230.66,广发基金,3.95
011981,国富匠心精选混合C,混合型-偏股,2021-11-30,394908804.25,国海富兰克林基金,3.95
022286,长城医药产业精选混合发起式A,混合型-偏股,2024-10-22,394788020.34,长城基金,3.95
022165,西部利得央企优选股票C,股票型,2024-12-10,394733041.53,西部利得基金,3.95
016936,博时中证1000指数增强A,指数型-股票,2023-04-13,394030031.74,博时基金,3.94
014062,景顺长城专精特新量化优选股票A,股票型,2021-11-25,393754490.22,景顺长城基金,3.94
018489,万家中证工业有色金属主题ETF发起式联接A,指数型-股票,2023-06-08,393723525.73,万家基金,3.94
008254,华宝致远混合(QDII)C,QDII-混合偏股,2019-11-27,393701515.2,华宝基金,3.94
009162,富国医药成长30股票A,股票型,2020-04-09,393595974.03,富国基金,3.94
009086,鹏华价值共赢两年持有期混合,混合型-偏股,2020-04-29,393577288.41,鹏华基金,3.94
010225,东方红启航三年持有混合B,混合型-偏股,2020-10-29,393176933.18,东方红资产管理,3.93
004423,华商研究精选灵活配置A,混合型-灵活,2017-05-24,393142288.72,华商基金,3.93
000854,鹏华养老产业股票,股票型,2014-12-02,393131346.75,鹏华基金,3.93
015561,长城双动力混合C,混合型-偏股,2022-04-15,392968033.23,长城基金,3.93
005457,景顺长城量化小盘股票A,股票型,2018-02-06,392870653.15,景顺长城基金,3.93
008415,国泰大制造两年持有期混合,混合型-偏股,2020-05-29,392760203.66,国泰基金,3.93
001140,工银总回报灵活配置混合A,混合型-灵活,2015-04-17,392654568.1,工银瑞信基金,3.93
008889,银华中证5G通信主题ETF联接A,指数型-股票,2020-05-28,392510184.04,银华基金,3.93
011046,富国优质企业混合A,混合型-偏股,2021-03-18,392504338.48,富国基金,3.93
010929,大成核心价值甄选混合A,混合型-偏股,2021-03-15,391640936.52,大成基金,3.92
005825,申万菱信智能驱动股票A,股票型,2018-06-13,391200913.8,申万菱信基金,3.91
080005,长盛量化红利混合A,混合型-偏股,2009-11-25,391161715.04,长盛基金,3.91
004496,前海开源多元策略混合A,混合型-灵活,2017-07-03,391081377.04,前海开源基金,3.91
010106,华夏核心科技6个月定开混合A,混合型-偏股,2020-09-18,390982972.29,华夏基金,3.91
012150,诺德价值发现一年持有混合,混合型-偏股,2021-06-01,390937643.95,诺德基金,3.91
021694,银华抗通胀主题(QDII-FOF-LOF)C,QDII-商品,2024-06-21,390887866.62,银华基金,3.91
017828,富国时代精选混合A,混合型-偏股,2023-03-28,390212277.63,富国基金,3.9
001806,易方达瑞智灵活配置混合I,混合型-灵活,2017-06-21,390008345.55,易方达基金,3.9
021162,天弘北证50成份指数发起C,指数型-股票,2024-10-11,389934640.06,天弘基金,3.9
010903,博时成长领航混合C,混合型-灵活,2021-01-21,389867448.86,博时基金,3.9
006733,博时创业板ETF联接C,指数型-股票,2018-12-10,389694751.62,博时基金,3.9
001881,中欧新趋势混合E,混合型-偏股,2015-10-08,389456570.47,中欧基金,3.89
007083,平安高端制造混合C,混合型-偏股,2019-04-24,389270491.76,平安基金,3.89
012710,华夏核心成长混合C,混合型-偏股,2021-12-03,389170503.63,华夏基金,3.89
000924,宝盈先进制造混合A,混合型-灵活,2014-12-17,389166614.34,宝盈基金,3.89
560500,500质量成长ETF鹏扬,指数型-股票,2021-08-04,388235340.59,鹏扬基金,3.88
008317,光大睿盈混合A,混合型-偏股,2021-09-01,388227240.46,光大保德信基金,3.88
011322,国泰智能装备股票C,股票型,2021-01-25,387541608.49,国泰基金,3.88
012373,富国稳健恒盛12个月持有混合A,混合型-偏股,2021-09-07,387352821.57,富国基金,3.87
003516,国泰融安多策略灵活配置混合A,混合型-灵活,2017-07-03,387102297.1,国泰基金,3.87
018013,长信中证1000指数增强A,指数型-股票,2023-04-20,386714275.7,长信基金,3.87
159551,机器人ETF国泰,指数型-股票,2023-11-08,386712748.98,国泰基金,3.87
020755,永赢融安混合A,混合型-偏股,2024-08-23,386327943.82,永赢基金,3.86
501082,博时科创主题灵活配置混合(LOF)A,混合型-灵活,2019-06-27,386000630.64,博时基金,3.86
022910,易方达中证科创创业50联接Y,指数型-股票,2024-12-13,385710522.2,易方达基金,3.86
020483,中欧中证芯片产业指数发起C,指数型-股票,2024-02-02,385190921.91,中欧基金,3.85
163813,中银全球策略(QDII-FOF)A,QDII-FOF,2011-03-03,385110955.07,中银基金,3.85
007835,国泰鑫睿混合,混合型-偏股,2019-11-13,385034686.89,国泰基金,3.85
001104,华安新丝路主题股票A,股票型,2015-04-09,384919108.79,华安基金,3.85
004719,景顺长城睿成混合C,混合型-灵活,2017-11-10,384408482.93,景顺长城基金,3.84
008174,国泰蓝筹精选混合A,混合型-偏股,2020-02-27,384248441.17,国泰基金,3.84
010016,华夏科技前沿6个月定开混合A,混合型-偏股,2020-09-01,384201303.01,华夏基金,3.84
000529,广发竞争优势混合A,混合型-灵活,2014-03-12,383944657.06,广发基金,3.84
009852,银华品质消费股票A,股票型,2020-11-11,383897831.29,银华基金,3.84
516810,农业ETF华夏,指数型-股票,2021-12-29,383881368.96,华夏基金,3.84
470888,汇添富香港优势精选混合(QDII)A,QDII-混合偏股,2010-06-25,383869071.55,汇添富基金,3.84
378546,摩根全球天然资源混合(QDII)A,QDII-混合偏股,2012-03-26,383580987.93,摩根基金(中国),3.84
019827,鹏华国证石油天然气ETF联接A,指数型-股票,2024-05-07,383565259.95,鹏华基金,3.84
377530,摩根行业轮动混合A,混合型-偏股,2010-01-28,383457941.16,摩根基金(中国),3.83
009984,鹏华启航混合,混合型-偏股,2020-09-24,383351603.83,鹏华基金,3.83
018225,大成策略回报混合C,混合型-偏股,2023-03-30,383347936.44,大成基金,3.83
005787,中欧新趋势混合C,混合型-偏股,2018-03-21,383286853.12,中欧基金,3.83
159665,半导体龙头ETF工银,指数型-股票,2022-12-22,383254558.86,工银瑞信基金,3.83
021851,中银沪深300指数增强E,指数型-股票,2024-07-12,382980025.86,中银基金,3.83
016558,安信洞见成长混合A,混合型-偏股,2022-12-13,382762553.52,安信基金,3.83
010994,博时创新经济混合A,混合型-偏股,2021-01-12,382605760.52,博时基金,3.83
162202,宏利周期混合,混合型-偏股,2003-04-25,382565834.56,宏利基金,3.83
012810,鹏华国证钢铁行业指数(LOF)C,指数型-股票,2021-07-19,382092913.89,鹏华基金,3.82
012173,国泰兴泽优选一年持有期混合A,混合型-偏股,2021-09-23,381511942.03,国泰基金,3.82
013221,中欧新兴价值一年持有混合C,混合型-偏股,2021-09-06,381479279.27,中欧基金,3.81
023367,海富通中证A500指数增强A,指数型-股票,2025-03-25,381257663.98,海富通基金,3.81
011921,富国均衡成长三年持有期混合A,混合型-偏股,2021-09-16,381168468.0,富国基金,3.81
070018,嘉实回报混合,混合型-灵活,2009-08-18,380959682.61,嘉实基金,3.81
006218,富国生物医药科技混合A,混合型-偏股,2019-03-12,380753384.3,富国基金,3.81
162208,宏利首选企业股票A,股票型,2006-12-01,380736087.44,宏利基金,3.81
008976,富国中证消费50ETF联接C,指数型-股票,2020-03-18,380622466.29,富国基金,3.81
008866,博时产业新趋势混合A,混合型-灵活,2020-02-17,380327671.5,博时基金,3.8
010116,民生加银新兴产业混合A,混合型-偏股,2020-09-18,380277687.89,民生加银基金,3.8
014508,汇添富先进制造混合A,混合型-偏股,2022-03-02,380180714.74,汇添富基金,3.8
000780,鹏华医疗保健股票,股票型,2014-09-23,380069172.86,鹏华基金,3.8
013431,华泰柏瑞景气汇选三年持有期混合A,混合型-偏股,2022-01-10,379936370.97,华泰柏瑞基金,3.8
003578,中金中证500指数增强C,指数型-股票,2016-11-28,379478312.0,中金基金,3.79
015709,摩根中国优势混合C,混合型-灵活,2022-05-13,379417486.7,摩根基金(中国),3.79
290002,泰信先行策略混合,混合型-灵活,2004-06-28,379376855.9,泰信基金,3.79
160603,鹏华普天收益混合,混合型-偏股,2003-07-12,379332540.76,鹏华基金,3.79
010694,万家内需增长一年持有混合,混合型-偏股,2021-03-02,379218409.74,万家基金,3.79
011506,建信高端装备股票A,股票型,2021-04-27,378956300.37,建信基金,3.79
017937,易方达中证医疗ETF联接发起式A,指数型-股票,2023-03-15,378869435.05,易方达基金,3.79
100053,富国上证指数ETF联接A,指数型-股票,2011-01-30,378600001.99,富国基金,3.79
012224,信澳成长精选混合C,混合型-偏股,2021-09-10,378587609.11,信达澳亚基金,3.79
000408,民生加银城镇化混合A,混合型-灵活,2013-12-12,378504565.5,民生加银基金,3.79
020646,南方智弘混合C,混合型-偏股,2024-08-02,378244806.75,南方基金,3.78
023902,博道上证科创板综合指数增强C,指数型-股票,2025-04-29,377975505.97,博道基金,3.78
023764,华夏恒生互联网科技业ETF发起式联接(QDII)D,指数型-海外股票,2025-03-28,377752775.22,华夏基金,3.78
015144,中欧智能制造混合C,混合型-偏股,2022-03-22,377356128.28,中欧基金,3.77
001759,嘉实成长增强混合,混合型-灵活,2016-11-10,377144186.18,嘉实基金,3.77
159572,创业板200ETF易方达,指数型-股票,2023-12-15,377038511.49,易方达基金,3.77
910005,东方红启兴三年持有混合A,混合型-偏股,2021-10-29,376882590.75,东方红资产管理,3.77
011186,信澳至诚精选混合A,混合型-偏股,2021-03-02,376686813.8,信达澳亚基金,3.77
010861,长信企业优选一年持有混合,混合型-灵活,2021-03-10,376664506.19,长信基金,3.77
000985,嘉实逆向策略股票,股票型,2015-02-02,376617169.73,嘉实基金,3.77
013395,华夏新能源车龙头混合发起式A,混合型-偏股,2021-09-15,376536542.29,华夏基金,3.77
001144,大成互联网思维混合A,混合型-灵活,2015-04-21,376459929.96,大成基金,3.76
240014,华宝中证A100ETF联接A,指数型-股票,2009-09-29,376446317.99,华宝基金,3.76
589600,科创综指ETF富国,指数型-股票,2025-02-28,376207059.97,富国基金,3.76
011579,汇丰晋信核心成长C,混合型-偏股,2021-05-24,376194154.8,汇丰晋信基金,3.76
007939,华夏网购精选混合C,混合型-灵活,2019-09-11,376070513.11,华夏基金,3.76
163808,中银中证A100指数增强,指数型-股票,2009-09-04,376036767.35,中银基金,3.76
003961,易方达瑞程灵活配置混合A,混合型-灵活,2016-12-15,375788221.0,易方达基金,3.76
013086,申万菱信乐同混合C,混合型-偏股,2021-09-06,375787590.22,申万菱信基金,3.76
018158,西部利得中证1000指数增强C,指数型-股票,2023-04-25,375658674.39,西部利得基金,3.76
011831,富国天恒混合C,混合型-偏股,2022-01-24,375651066.74,富国基金,3.76
021431,景顺长城精锐成长混合A,混合型-偏股,2025-01-24,375611429.17,景顺长城基金,3.76
021313,景顺长城沪港深精选股票C,股票型,2024-04-19,375517323.93,景顺长城基金,3.76
008706,建信富时100指数(QDII)C人民币,指数型-海外股票,2020-01-10,375178611.9,建信基金,3.75
008708,建信富时100指数(QDII)C美元现汇,指数型-海外股票,2020-01-10,375178611.9,建信基金,3.75
001210,天弘互联网混合A,混合型-灵活,2015-05-29,375110218.27,天弘基金,3.75
006730,万家中证500指数增强C,指数型-股票,2019-05-23,375063762.09,万家基金,3.75
240002,华宝宝康配置混合,混合型-灵活,2003-07-15,375048873.56,华宝基金,3.75
012724,国泰中证畜牧养殖ETF联接A,指数型-股票,2021-07-02,375039813.17,国泰基金,3.75
015879,富国中证农业主题ETF联接C,指数型-股票,2022-08-19,374900419.42,富国基金,3.75
020476,泰康半导体量化选股股票发起式A,股票型,2024-05-07,374801920.96,泰康基金,3.75
021875,路博迈资源精选股票发起A,股票型,2024-09-19,374161292.43,路博迈基金(中国),3.74
023829,万家中证半导体材料设备主题ETF发起式联接C,指数型-股票,2025-04-29,374075896.49,万家基金,3.74
010025,广发聚丰混合C,混合型-偏股,2020-09-25,374001493.93,广发基金,3.74
166020,中欧成长优选混合A,混合型-灵活,2013-08-21,373898260.95,中欧基金,3.74
021103,国寿安保沪深300ETF联接C,指数型-股票,2024-04-03,373875162.18,国寿安保基金,3.74
015387,中欧沪深300指数增强A,指数型-股票,2022-03-29,373592207.25,中欧基金,3.74
011649,易方达逆向投资混合A,混合型-偏股,2021-04-01,373531173.93,易方达基金,3.74
002084,新华鑫动力灵活配置混合C,混合型-灵活,2016-06-08,373264363.19,新华基金,3.73
016485,中欧成长先锋混合A,混合型-偏股,2022-11-22,372666615.35,中欧基金,3.73
008929,宏利消费红利指数C,指数型-股票,2020-03-26,371967203.91,宏利基金,3.72
004675,富国新机遇灵活配置混合C,混合型-灵活,2017-11-14,371752110.4,富国基金,3.72
012364,广发中证光伏产业指数A,指数型-股票,2021-07-06,371601930.37,广发基金,3.72
952009,国泰海通君得鑫两年持有混合A,混合型-偏股,2020-01-06,371411455.42,国泰海通资管,3.71
519644,银河智联混合A,混合型-灵活,2015-12-17,371152961.25,银河基金,3.71
017167,景顺长城策略精选灵活配置混合C,混合型-灵活,2022-11-16,370914457.77,景顺长城基金,3.71
014061,浦银安盛新兴产业混合C,混合型-灵活,2021-11-24,370542958.99,浦银安盛基金,3.71
000729,建信中小盘先锋股票A,股票型,2014-08-20,370539225.87,建信基金,3.71
160631,鹏华中证银行指数(LOF)A,指数型-股票,2015-04-17,370295335.35,鹏华基金,3.7
000800,华商未来主题混合,混合型-偏股,2014-10-14,370204555.19,华商基金,3.7
001874,前海开源沪港深价值精选混合,混合型-灵活,2016-11-18,369915621.86,前海开源基金,3.7
013597,招商中证全指证券公司指数(LOF)C,指数型-股票,2021-09-13,369811528.93,招商基金,3.7
513170,恒生央企ETF鹏华,指数型-海外股票,2024-04-10,369370175.94,鹏华基金,3.69
008264,南方ESG股票A,股票型,2019-12-19,369226773.44,南方基金,3.69
012492,华商核心引力混合C,混合型-灵活,2021-07-28,369088423.83,华商基金,3.69
018949,东方红睿华沪港深混合(LOF)C,混合型-灵活,2023-07-25,368936349.54,东方红资产管理,3.69
013596,招商中证煤炭等权指数(LOF)C,指数型-股票,2021-09-13,368876052.67,招商基金,3.69
002907,南方中证500量化增强C,指数型-股票,2016-11-23,368680402.13,南方基金,3.69
013096,安信远见成长混合C,混合型-偏股,2022-03-08,368300754.02,安信基金,3.68
012578,富国红利混合A,混合型-偏股,2021-12-21,368121646.78,富国基金,3.68
512120,医药ETF华安,指数型-股票,2013-12-04,367750251.87,华安基金,3.68
017949,景顺长城创业板50ETF联接A,指数型-股票,2023-03-17,367706957.71,景顺长城基金,3.68
040011,华安核心优选混合A,混合型-偏股,2008-10-22,367665438.64,华安基金,3.68
015896,天弘中证细分化工产业主题ETF联接A,指数型-股票,2022-06-17,367319157.05,天弘基金,3.67
006476,南方原油C,QDII-商品,2018-10-08,367309627.74,南方基金,3.67
018381,安信红利精选混合A,混合型-偏股,2023-11-14,367042860.97,安信基金,3.67
005885,金鹰信息产业股票C,股票型,2018-04-18,366882720.45,金鹰基金,3.67
399011,中海医疗保健主题股票A,股票型,2012-03-07,366772851.56,中海基金,3.67
159973,民企ETF弘毅远方,指数型-股票,2019-07-16,366530005.43,弘毅远方基金,3.67
501047,汇添富中证全指证券公司ETF联接(LOF)A,指数型-股票,2017-12-04,366385220.88,汇添富基金,3.66
022500,国泰中证全指通信设备ETF联接E,指数型-股票,2024-11-21,366271053.06,国泰基金,3.66
013341,工银核心机遇混合A,混合型-偏股,2022-02-25,365913922.67,工银瑞信基金,3.66
012885,华夏中证光伏产业ETF发起式联接A,指数型-股票,2021-08-17,365904618.88,华夏基金,3.66
016501,华夏半导体龙头混合发起C,混合型-偏股,2022-09-19,365883986.43,华夏基金,3.66
013616,广发睿智两年持有期混合发起式A,混合型-偏股,2022-10-18,365781371.45,广发基金,3.66
008190,国泰中证钢铁ETF联接C,指数型-股票,2020-01-20,365455970.99,国泰基金,3.65
017526,华夏北证50成份指数C,指数型-股票,2022-12-28,365164804.02,华夏基金,3.65
019597,银华惠享三年定期开放混合,混合型-偏股,2023-12-05,365160378.21,银华基金,3.65
015779,景顺长城价值边际灵活配置混合C,混合型-灵活,2022-06-02,364858863.87,景顺长城基金,3.65
008827,建信易盛郑商所能源化工期货ETF联接A,指数型-其他,2020-10-16,364833771.8,建信基金,3.65
161838,银华创业板两年定期开放混合,混合型-偏股,2020-08-07,364831523.47,银华基金,3.65
009562,工银全球股票(QDII)美元,QDII-普通股票,2021-04-06,364800326.2,工银瑞信基金,3.65
486001,工银全球股票(QDII)人民币,QDII-普通股票,2008-02-14,364800326.2,工银瑞信基金,3.65
009563,工银全球股票(QDII)港币,QDII-普通股票,2021-04-06,364800326.2,工银瑞信基金,3.65
001289,银华汇利灵活配置混合A,混合型-灵活,2015-05-14,364598790.06,银华基金,3.65
019994,创金合信北证50成份指数增强C,指数型-股票,2023-12-29,364384840.95,创金合信基金,3.64
015190,汇添富行业整合混合C,混合型-偏股,2022-03-07,364143798.37,汇添富基金,3.64
001744,诺安进取回报混合,混合型-灵活,2016-09-27,364006827.95,诺安基金,3.64
012844,工银瑞信恒兴6个月持有混合A,混合型-偏股,2021-08-17,363839315.15,工银瑞信基金,3.64
588280,科创50ETF华安,指数型-股票,2021-10-12,363578284.06,华安基金,3.64
588960,科创新能源ETF富国,指数型-股票,2025-02-06,363426582.97,富国基金,3.63
006648,汇安多因子混合A,混合型-偏股,2019-04-30,363007645.81,汇安基金,3.63
022930,易方达中证A500ETF联接Y,指数型-股票,2024-12-13,362996006.95,易方达基金,3.63
008179,同泰慧盈混合C,混合型-偏股,2019-11-26,362601023.36,同泰基金,3.63
018731,华夏招鑫鸿瑞混合C,混合型-偏股,2024-01-16,362127079.0,华夏基金,3.62
660012,农银消费主题混合A,混合型-偏股,2012-04-24,361891497.38,农银汇理基金,3.62
560170,央企科技ETF南方,指数型-股票,2023-06-21,361835772.2,南方基金,3.62
012557,中欧景气前瞻一年混合A,混合型-偏股,2021-08-13,361624567.59,中欧基金,3.62
011194,广发睿铭两年持有期混合A,混合型-偏股,2021-04-20,361545541.11,广发基金,3.62
162207,宏利效率优选混合(LOF),混合型-偏股,2006-05-12,361464776.57,宏利基金,3.61
014942,鹏华中证细分化工产业主题ETF联接A,指数型-股票,2022-03-08,361436464.8,鹏华基金,3.61
002697,中欧消费主题股票C,股票型,2016-07-22,360850634.67,中欧基金,3.61
161025,富国中证移动互联网指数(LOF)A,指数型-股票,2014-09-02,360628361.13,富国基金,3.61
009636,华泰柏瑞景气优选A,混合型-偏股,2020-06-17,360345243.85,华泰柏瑞基金,3.6
010956,天弘中证智能汽车指数发起式C,指数型-股票,2021-01-19,360047453.51,天弘基金,3.6
012347,易方达港股通成长混合C,混合型-偏股,2021-08-31,359788637.35,易方达基金,3.6
562890,A50ETF嘉实,指数型-股票,2024-03-07,359773445.56,嘉实基金,3.6
010469,圆信永丰聚优股票A,股票型,2021-04-16,359714942.06,圆信永丰基金,3.6
015383,长城久富混合(LOF)C,混合型-偏股,2022-03-22,359481414.43,长城基金,3.59
000866,华宝制造股票,股票型,2014-12-10,359290280.01,华宝基金,3.59
012877,富荣福耀混合C,混合型-偏股,2021-12-27,359000265.89,富荣基金,3.59
519089,新华优选成长混合,混合型-偏股,2008-07-25,358085631.37,新华基金,3.58
001361,景顺长城中证科技传媒通信150ETF联接A,指数型-股票,2015-06-15,358034173.24,景顺长城基金,3.58
015199,汇添富移动互联股票D,股票型,2022-03-07,357924970.54,汇添富基金,3.58
519033,海富通国策导向混合A,混合型-偏股,2011-11-16,357900904.57,海富通基金,3.58
024038,银华港股科技30联接C,指数型-股票,2025-04-25,357831148.22,银华基金,3.58
013552,汇添富成长领先混合A,混合型-偏股,2021-12-10,357797732.65,汇添富基金,3.58
019829,华夏数字产业混合A,混合型-偏股,2024-03-25,357443422.0,华夏基金,3.57
012544,嘉实中证新能源汽车指数C,指数型-股票,2021-08-18,357390312.42,嘉实基金,3.57
002160,南方驱动混合,混合型-灵活,2016-03-23,357370183.13,南方基金,3.57
004374,华泰保兴吉年丰混合发起A,混合型-偏股,2017-03-24,357259928.05,华泰保兴基金,3.57
161219,国投瑞银新兴产业混合(LOF)A,混合型-灵活,2011-12-13,357237645.3,国投瑞银基金,3.57
012908,鹏扬中证科创创业50ETF联接C,指数型-股票,2021-07-16,356908104.15,鹏扬基金,3.57
019088,工银中证稀有金属主题ETF发起式联接C,指数型-股票,2023-09-22,356678624.61,工银瑞信基金,3.57
012835,招商景气精选股票A,股票型,2021-07-20,356623566.26,招商基金,3.57
020840,南方中证半导体产业指数发起C,指数型-股票,2024-03-29,356078184.63,南方基金,3.56
017485,长盛高端装备混合C,混合型-灵活,2022-12-01,356030315.97,长盛基金,3.56
008382,融通产业趋势股票,股票型,2020-05-09,356003878.53,融通基金,3.56
007471,博道叁佰智航股票C,股票型,2019-06-05,355849433.17,博道基金,3.56
023565,易方达科创人工智能ETF联接C,指数型-股票,2025-05-06,355808521.52,易方达基金,3.56
002639,天弘价值精选混合发起A,混合型-灵活,2016-06-16,355763937.19,天弘基金,3.56
001469,广发中证全指金融地产联接A,指数型-股票,2015-07-09,355396951.09,广发基金,3.55
004905,华泰柏瑞生物医药混合A,混合型-灵活,2017-08-16,355267699.76,华泰柏瑞基金,3.55
010731,广发创新医疗两年持有混合A,混合型-偏股,2021-03-19,355236814.68,广发基金,3.55
121010,国投瑞银瑞源灵活配置混合A,混合型-灵活,2011-12-20,355145359.94,国投瑞银基金,3.55
009119,广发品质回报混合A,混合型-偏股,2020-06-09,354607656.1,广发基金,3.55
011843,民生加银内核驱动混合A,混合型-偏股,2021-05-07,354542969.32,民生加银基金,3.55
003291,信澳健康中国混合A,混合型-灵活,2017-08-18,354415297.47,信达澳亚基金,3.54
022432,中欧中证A500指数发起A,指数型-股票,2024-11-04,354387411.02,中欧基金,3.54
017520,汇添富北证50成份指数C,指数型-股票,2022-12-27,354268996.17,汇添富基金,3.54
021978,中欧中证细分化工产业主题指数发起C,指数型-股票,2024-09-20,354214342.75,中欧基金,3.54
012782,银华中证创新药产业ETF发起式联接C,指数型-股票,2021-12-30,354192281.38,银华基金,3.54
005963,宝盈人工智能股票C,股票型,2018-08-15,354056778.62,宝盈基金,3.54
159966,创业板价值ETF华夏,指数型-股票,2019-06-14,353899769.63,华夏基金,3.54
020867,华安恒生港股通中国央企红利ETF发起式联接C,指数型-股票,2024-04-23,353847705.21,华安基金,3.54
240017,华宝新兴产业混合,混合型-偏股,2010-12-07,353810041.36,华宝基金,3.54
019379,南方前瞻共赢三年定开混合,混合型-偏股,2023-11-23,353677367.75,南方基金,3.54
008480,永赢股息优选A,混合型-偏股,2020-03-25,353548948.77,永赢基金,3.54
001742,广发百发大数据精选混合E,混合型-灵活,2015-09-14,353372451.93,广发基金,3.53
020485,中欧中证全指软件开发指数发起C,指数型-股票,2024-03-04,353367890.49,中欧基金,3.53
020594,华夏软件龙头混合发起式C,混合型-偏股,2024-06-04,353286628.01,华夏基金,3.53
012322,东财云计算增强C,指数型-股票,2021-08-11,353230041.21,东财基金,3.53
023896,天弘上证科创板综合指数增强C,指数型-股票,2025-04-22,353186712.74,天弘基金,3.53
320014,诺安沪深300指数增强A,指数型-股票,2011-04-07,352907777.88,诺安基金,3.53
001484,天弘新价值混合A,混合型-灵活,2015-06-19,352822044.46,天弘基金,3.53
014325,国联安核心趋势一年持有混合A,混合型-偏股,2021-12-30,352773489.14,国联安基金,3.53
019512,摩根全球多元配置(QDII-FOF)人民币C,QDII-混合平衡,2023-09-15,352633368.67,摩根基金(中国),3.53
016561,永赢启源混合发起C,混合型-偏股,2023-08-28,352606989.27,永赢基金,3.53
003165,鹏华弘嘉混合A,混合型-灵活,2016-08-19,352526863.06,鹏华基金,3.53
016562,鹏华精选成长混合C,混合型-偏股,2022-08-31,352111714.26,鹏华基金,3.52
013895,宝盈成长精选混合A,混合型-偏股,2021-12-01,351816057.76,宝盈基金,3.52
562360,机器人ETF银华,指数型-股票,2021-09-22,351634147.82,银华基金,3.52
020291,华夏科创100ETF联接A,指数型-股票,2024-01-23,351556549.72,华夏基金,3.52
560003,益民创新优势混合A,混合型-灵活,2007-07-11,351445511.3,益民基金,3.51
008962,建信科技创新混合A,混合型-偏股,2020-02-17,351377249.92,建信基金,3.51
159768,房地产ETF银华,指数型-股票,2022-01-27,351321338.84,银华基金,3.51
006604,嘉实消费精选股票A,股票型,2019-04-03,351276686.42,嘉实基金,3.51
018178,华夏科创50指数增强C,指数型-股票,2023-07-25,350691977.11,华夏基金,3.51
009888,广发稳健优选六个月持有期混合C,混合型-平衡,2020-08-06,350475699.31,广发基金,3.5
015143,中欧智能制造混合A,混合型-偏股,2022-03-22,350289794.06,中欧基金,3.5
001927,华夏消费升级灵活配置混合A,混合型-灵活,2016-02-03,350201507.4,华夏基金,3.5
001678,英大国企改革A,股票型,2018-11-22,350043413.77,英大基金,3.5
021822,景顺长城国证石油天然气ETF发起式联接基金A,指数型-股票,2024-07-23,349789465.44,景顺长城基金,3.5
007895,嘉实价值成长混合,混合型-偏股,2019-09-10,349501313.72,嘉实基金,3.5
010769,天弘中证农业主题ETF联接A,指数型-股票,2021-01-22,349482378.37,天弘基金,3.49
019521,景顺长城价值发现混合A1,混合型-偏股,2023-10-31,349243004.74,景顺长城基金,3.49
159814,创业大盘ETF西部利得,指数型-股票,2020-06-19,349170453.84,西部利得基金,3.49
516200,证券ETF华安,指数型-股票,2021-03-09,348812257.75,华安基金,3.49
000039,农银高增长混合,混合型-偏股,2013-03-26,348676597.74,农银汇理基金,3.49
016234,财通景气行业混合C,混合型-偏股,2022-07-18,348657866.97,财通基金,3.49
013896,宝盈成长精选混合C,混合型-偏股,2021-12-01,348491373.35,宝盈基金,3.48
014208,华安产业精选混合C,混合型-偏股,2021-12-29,348051328.96,华安基金,3.48
217002,招商安泰平衡混合,混合型-平衡,2003-04-28,347889683.96,招商基金,3.48
004317,前海开源沪港深裕鑫C,混合型-灵活,2017-03-23,347648676.05,前海开源基金,3.48
012744,光大品质生活混合A,混合型-偏股,2021-07-19,347638996.34,光大保德信基金,3.48
004342,南方沪深300ETF联接C,指数型-股票,2017-02-23,347613784.01,南方基金,3.48
561700,电力ETF博时,指数型-股票,2022-07-01,347596272.26,博时基金,3.48
019776,鹏华产业精选混合C,混合型-灵活,2023-11-10,347374718.0,鹏华基金,3.47
016128,景顺长城中证红利低波动100ETF发起联接A,指数型-股票,2022-08-02,347367143.78,景顺长城基金,3.47
160143,南方创业板2年定期开放混合,混合型-偏股,2020-09-01,347197665.29,南方基金,3.47
516000,大数据ETF华夏,指数型-股票,2021-02-09,347096984.61,华夏基金,3.47
005675,易方达恒生国企ETF联接C,指数型-海外股票,2018-02-09,347047609.86,易方达基金,3.47
011837,鹏扬中国优质成长混合A,混合型-偏股,2021-06-08,346843366.55,鹏扬基金,3.47
010412,汇安均衡优选混合A,混合型-偏股,2021-02-09,346743859.39,汇安基金,3.47
000778,鹏华先进制造股票,股票型,2014-11-04,346717372.78,鹏华基金,3.47
001074,华泰柏瑞量化驱动混合A,混合型-灵活,2015-03-24,346284582.08,华泰柏瑞基金,3.46
022440,万家中证A500ETF发起式联接A,指数型-股票,2024-11-12,346251970.43,万家基金,3.46
008981,中邮科技创新精选混合C,混合型-偏股,2020-02-27,346230474.81,中邮基金,3.46
159606,中证500成长ETF易方达,指数型-股票,2021-12-17,346196844.16,易方达基金,3.46
013125,华夏食品饮料ETF联接A,指数型-股票,2021-10-26,346136415.44,华夏基金,3.46
020481,招商中证机器人ETF发起联接A,指数型-股票,2024-01-19,346019526.84,招商基金,3.46
017090,景顺长城能源基建混合C,混合型-偏股,2022-11-02,345154860.77,景顺长城基金,3.45
020442,易米远见价值一年定开混合A,混合型-偏股,2024-04-30,345111450.2,易米基金,3.45
021059,南方中证500ETF联接(LOF)I,指数型-股票,2024-04-08,345021195.85,南方基金,3.45
017821,招商优势企业混合C,混合型-偏股,2023-01-30,344922877.42,招商基金,3.45
501095,中银证券科技创新混合(LOF),混合型-偏股,2020-03-12,344885978.99,中银证券,3.45
019593,嘉实中证国新央企现代能源ETF联接C,指数型-股票,2023-12-25,344670664.23,嘉实基金,3.45
159315,黄金股ETF工银,指数型-股票,2024-05-30,344652311.88,工银瑞信基金,3.45
008590,天弘中证全指证券公司ETF联接A,指数型-股票,2019-12-20,344642937.8,天弘基金,3.45
012671,嘉实核心蓝筹混合A,混合型-偏股,2021-07-23,343933112.84,嘉实基金,3.44
005834,工银红利优享混合C,混合型-灵活,2018-12-25,343560209.21,工银瑞信基金,3.44
501006,汇添富中证精准医疗指数(LOF)C,指数型-股票,2016-01-21,343337501.65,汇添富基金,3.43
588110,科创成长ETF广发,指数型-股票,2023-08-23,343316495.44,广发基金,3.43
070039,嘉实中证500ETF联接C,指数型-股票,2018-09-13,343309763.18,嘉实基金,3.43
009867,工银创新精选一年定开混合A,混合型-偏股,2020-09-10,342593835.97,工银瑞信基金,3.43
519672,银河蓝筹混合A,混合型-偏股,2010-07-16,342484938.21,银河基金,3.42
017516,易方达北证50成份指数C,指数型-股票,2022-12-27,342332099.67,易方达基金,3.42
019329,国泰金盛回报混合C,混合型-偏股,2024-02-02,342323269.9,国泰基金,3.42
004243,广发道琼斯石油指数人民币C,指数型-海外股票,2017-02-28,342045099.2,广发基金,3.42
006680,广发道琼斯石油指数美元现汇C,指数型-海外股票,2019-01-28,342045099.2,广发基金,3.42
165309,建信沪深300指数(LOF),指数型-股票,2009-11-05,341971845.26,建信基金,3.42
015157,申万菱信行业轮动股票C,股票型,2022-03-01,341805366.91,申万菱信基金,3.42
005761,招商MSCI中国A股国际ETF联接A,指数型-股票,2018-04-13,341414624.75,招商基金,3.41
006868,华夏科技成长股票,股票型,2019-03-05,341181713.38,华夏基金,3.41
016440,华夏中证红利质量ETF发起式联接A,指数型-股票,2022-09-14,341021466.8,华夏基金,3.41
002364,华安安康灵活配置混合C,混合型-灵活,2016-02-01,340994486.88,华安基金,3.41
019362,富国核心优势混合发起式C,混合型-偏股,2023-12-01,340682747.58,富国基金,3.41
000614,华安德国(DAX)联接(QDII)A,指数型-海外股票,2014-08-12,340627614.23,华安基金,3.41
008133,华安优质生活混合,混合型-偏股,2020-02-27,340575274.73,华安基金,3.41
020075,财通资管创新成长混合A,混合型-偏股,2024-03-26,340162617.98,财通资管,3.4
007146,鹏华研究智选混合,混合型-偏股,2019-05-06,340150523.04,鹏华基金,3.4
000756,建信潜力新蓝筹股票A,股票型,2014-09-10,340001196.75,建信基金,3.4
159325,半导体ETF南方,指数型-股票,2024-10-31,339869022.79,南方基金,3.4
009360,招商创新增长混合A,混合型-偏股,2020-06-17,339795994.09,招商基金,3.4
630010,华商价值精选混合,混合型-偏股,2011-05-31,339653370.86,华商基金,3.4
000936,博时产业新动力混合A,混合型-灵活,2015-01-26,339616439.31,博时基金,3.4
022677,富国中证A500指数增强C,指数型-股票,2025-01-23,339572642.71,富国基金,3.4
206007,鹏华消费优选混合,混合型-偏股,2010-12-28,339317439.09,鹏华基金,3.39
018066,华夏标普500ETF发起式联接(QDII)A(美元),指数型-海外股票,2023-05-10,338959487.75,华夏基金,3.39
018064,华夏标普500ETF发起式联接(QDII)A(人民币),指数型-海外股票,2023-05-10,338959487.75,华夏基金,3.39
010824,天弘创新成长混合发起式A,混合型-偏股,2021-02-05,338728483.2,天弘基金,3.39
016556,万家量化睿选混合C,混合型-灵活,2022-08-25,338123602.77,万家基金,3.38
011113,富国军工主题混合C,混合型-偏股,2020-12-28,338042695.2,富国基金,3.38
013340,创金合信芯片产业股票发起C,股票型,2021-09-28,337956130.8,创金合信基金,3.38
017513,广发北证50成份指数C,指数型-股票,2022-12-28,337911785.23,广发基金,3.38
010161,广发瑞安精选股票A,股票型,2020-12-16,337742986.15,广发基金,3.38
023591,南方全球精选配置股票(QDII-FOF)C,QDII-普通股票,2025-03-03,337277752.58,南方基金,3.37
015481,中欧睿见混合C,混合型-偏股,2022-04-22,337137847.63,中欧基金,3.37
630005,华商动态阿尔法混合,混合型-灵活,2009-11-24,336540428.0,华商基金,3.37
013852,中信建投低碳成长混合C,混合型-偏股,2021-12-13,336458446.1,中信建投基金,3.36
019667,易方达中证创新药产业ETF联接发起式C,指数型-股票,2023-11-14,336260455.9,易方达基金,3.36
010715,财通资管消费升级一年持有A,混合型-偏股,2021-07-20,336089949.76,财通资管,3.36
000308,建信创新中国混合,混合型-偏股,2013-09-24,336037171.48,建信基金,3.36
010695,华夏磐益一年定开混合,混合型-偏股,2021-01-26,335961213.87,华夏基金,3.36
004752,广发中证传媒ETF联接A,指数型-股票,2018-01-02,335843071.83,广发基金,3.36
007992,华夏中证全指证券公司ETF联接A,指数型-股票,2020-04-03,335840300.7,华夏基金,3.36
090016,大成消费主题混合A,混合型-偏股,2011-11-08,335637230.13,大成基金,3.36
159582,半导体ETF博时,指数型-股票,2024-04-08,335265469.11,博时基金,3.35
001027,前海开源中证大农业指数增强A,指数型-股票,2015-02-13,335236027.21,前海开源基金,3.35
002872,华夏智胜价值成长C,股票型,2016-08-09,335053827.02,华夏基金,3.35
004148,圆信永丰多策略,混合型-偏股,2017-03-29,335005645.08,圆信永丰基金,3.35
501046,财通多策略福鑫定开混合,混合型-灵活,2017-10-23,334970132.48,财通基金,3.35
160616,鹏华中证500指数(LOF)A,指数型-股票,2010-02-05,334803079.36,鹏华基金,3.35
410001,华富竞争力优选混合A,混合型-灵活,2005-03-02,334745900.25,华富基金,3.35
009152,南方瑞盛三年混合A,混合型-偏股,2020-04-17,334627986.91,南方基金,3.35
013091,摩根均衡优选混合A,混合型-偏股,2021-09-27,334545641.01,摩根基金(中国),3.35
014933,南方医药保健灵活配置混合C,混合型-灵活,2022-01-27,334537364.16,南方基金,3.35
160919,大成产业升级股票(LOF)A,股票型,2014-12-26,334292483.66,大成基金,3.34
017645,博道中证1000指数增强C,指数型-股票,2023-08-25,334209617.57,博道基金,3.34
022680,华泰柏瑞恒生科技ETF联接(QDII)I,指数型-海外股票,2024-11-26,334029216.11,华泰柏瑞基金,3.34
022746,博道中证A500指数增强C,指数型-股票,2025-01-23,334008785.9,博道基金,3.34
013511,汇丰晋信低碳先锋股票C,股票型,2021-09-13,333999853.6,汇丰晋信基金,3.34
018121,万家北证50成份指数发起式C,指数型-股票,2023-05-05,333929401.18,万家基金,3.34
016892,鹏华中证中药ETF联接C,指数型-股票,2022-11-11,333902240.66,鹏华基金,3.34
165312,建信央视财经50指数(LOF),指数型-股票,2013-03-28,333620885.43,建信基金,3.34
540002,汇丰晋信龙腾混合A,混合型-偏股,2006-09-27,333507462.13,汇丰晋信基金,3.34
012421,华夏优加生活混合A,混合型-偏股,2021-09-23,333131788.92,华夏基金,3.33
515850,证券ETF富国,指数型-股票,2020-01-21,333103994.82,富国基金,3.33
014418,西部利得CES芯片指数增强A,指数型-股票,2021-12-23,332730433.83,西部利得基金,3.33
019942,富国洞见价值股票C,股票型,2023-12-25,332449017.62,富国基金,3.32
018926,南方中证电池ETF联接A,指数型-股票,2023-12-05,332011310.13,南方基金,3.32
018167,国泰有色矿业ETF联接A,指数型-股票,2023-08-11,331319569.73,国泰基金,3.31
519677,银河定投宝,指数型-股票,2014-03-14,331262801.11,银河基金,3.31
001143,华商量化进取混合,混合型-灵活,2015-04-09,331251944.7,华商基金,3.31
012568,天弘高端制造混合A,混合型-偏股,2021-07-14,330820759.96,天弘基金,3.31
004604,富国新活力灵活配置混合A,混合型-灵活,2017-06-01,330779088.18,富国基金,3.31
020899,天弘中证全指通信设备指数发起A,指数型-股票,2024-04-15,330668400.92,天弘基金,3.31
010852,中欧内需成长混合A,混合型-偏股,2021-08-03,330365527.5,中欧基金,3.3
002316,创金合信中证500指数增强C,指数型-股票,2015-12-31,330026269.01,创金合信基金,3.3
015290,格林高股息优选混合C,混合型-偏股,2022-11-15,329964887.37,格林基金,3.3
012057,鹏华品质成长混合A,混合型-偏股,2021-08-06,329718239.26,鹏华基金,3.3
515310,沪深300ETF汇添富,指数型-股票,2019-12-04,329370511.56,汇添富基金,3.29
018897,易方达消费电子ETF联接C,指数型-股票,2023-10-17,329311183.38,易方达基金,3.29
118002,易方达标普消费品指数A,指数型-海外股票,2012-06-04,329027164.43,易方达基金,3.29
000593,易方达标普消费品指数美元现汇A,指数型-海外股票,2014-03-28,329027164.43,易方达基金,3.29
161127,易方达标普生物科技人民币A,指数型-海外股票,2016-12-13,328951969.74,易方达基金,3.29
003720,易方达标普生物科技美元汇A,指数型-海外股票,2016-12-13,328951969.74,易方达基金,3.29
011530,泓德优质治理灵活配置混合,混合型-灵活,2021-03-23,328418647.23,泓德基金,3.28
001510,富国新动力灵活配置混合C,混合型-灵活,2015-08-04,328412819.13,富国基金,3.28
009705,南方景气驱动混合C,混合型-偏股,2020-08-04,328283059.66,南方基金,3.28
010338,国投瑞银远见成长混合A,混合型-偏股,2020-12-17,328264217.39,国投瑞银基金,3.28
005668,融通新能源汽车主题精选混合A,混合型-灵活,2018-06-15,328026566.85,融通基金,3.28
016810,信澳博见成长一年定期开放混合A,混合型-偏股,2023-05-17,327752721.85,信达澳亚基金,3.28
014377,东吴新能源汽车股票C,股票型,2022-01-25,327322376.89,东吴基金,3.27
001490,汇添富国企创新股票A,股票型,2015-07-10,327301586.54,汇添富基金,3.27
011402,汇添富成长精选混合C,混合型-偏股,2021-02-09,326861287.14,汇添富基金,3.27
007968,华泰柏瑞研究精选A,混合型-偏股,2019-11-19,326643247.0,华泰柏瑞基金,3.27
013365,汇添富产业升级混合A,混合型-偏股,2021-10-29,326473124.6,汇添富基金,3.26
005888,华夏新兴消费混合A,混合型-偏股,2018-11-07,326436201.21,华夏基金,3.26
011503,建信智能生活混合,混合型-偏股,2021-03-26,326292982.09,建信基金,3.26
018129,博时北证50成份指数发起式C,指数型-股票,2023-05-23,326278204.23,博时基金,3.26
010284,长城价值成长六个月持有期混合A,混合型-偏股,2021-03-16,326194537.27,长城基金,3.26
006196,华夏中证央企ETF联接A,指数型-股票,2018-11-14,326014458.13,华夏基金,3.26
011673,长城医药科技六个月持有混合A,混合型-偏股,2021-06-09,325689642.98,长城基金,3.26
019314,易方达中证港股通互联网ETF发起式联接C,指数型-股票,2023-09-21,325566421.73,易方达基金,3.26
012690,广发消费领先混合A,混合型-偏股,2021-08-24,325355062.75,广发基金,3.25
519022,国泰金泰灵活配置混合C,混合型-灵活,2015-11-17,325277716.15,国泰基金,3.25
161812,银华深证100指数(LOF),指数型-股票,2010-05-07,325188763.13,银华基金,3.25
501076,鹏华创新动力混合(LOF),混合型-灵活,2019-06-10,325142149.92,鹏华基金,3.25
020511,金鹰科技致远混合C,混合型-偏股,2024-03-19,325095933.33,金鹰基金,3.25
000969,前海开源大安全混合,混合型-灵活,2015-02-06,324600617.37,前海开源基金,3.25
021962,景顺长城中证国新港股通央企红利ETF联接C,指数型-股票,2024-09-27,324339351.84,景顺长城基金,3.24
160727,嘉实创业板两年定期混合,混合型-偏股,2021-02-10,324283470.59,嘉实基金,3.24
019357,大成兴远启航混合A,混合型-偏股,2025-03-11,324235995.34,大成基金,3.24
013126,华夏食品饮料ETF联接C,指数型-股票,2021-10-26,324142564.39,华夏基金,3.24
009697,华夏成长精选6个月定开混合A,混合型-偏股,2020-06-12,323910412.28,华夏基金,3.24
005738,长城智能产业混合A,混合型-灵活,2018-06-08,323488569.55,长城基金,3.23
959991,兴证资管金麒麟领先优势一年持有期混合A,混合型-偏股,2020-04-13,323421720.5,兴证资管,3.23
008819,农银汇理策略趋势混合,混合型-偏股,2020-03-13,323145489.31,农银汇理基金,3.23
519679,银河主题混合A,混合型-偏股,2012-09-21,323042474.77,银河基金,3.23
017145,华宝海外新能源汽车股票发起式(QDII)C,QDII-普通股票,2023-05-23,322637530.3,华宝基金,3.23
017978,信澳优享生活混合C,混合型-偏股,2023-03-14,322261214.98,信达澳亚基金,3.22
018730,华夏招鑫鸿瑞混合A,混合型-偏股,2024-01-16,322243999.69,华夏基金,3.22
160629,鹏华中证传媒指数(LOF)A,指数型-股票,2014-12-11,322242868.73,鹏华基金,3.22
589900,科创综指ETF博时,指数型-股票,2025-02-26,322172629.49,博时基金,3.22
004857,广发中证全指建筑材料指数C,指数型-股票,2017-08-02,322100533.57,广发基金,3.22
005549,富国成长优选三年定开混合,混合型-灵活,2018-01-31,321957802.7,富国基金,3.22
008786,长城健康生活混合A,混合型-灵活,2020-08-14,321526063.13,长城基金,3.22
159373,创业板50ETF嘉实,指数型-股票,2025-01-23,321514451.99,嘉实基金,3.22
020683,南方上证科创板100ETF联接A,指数型-股票,2024-06-24,321410301.66,南方基金,3.21
023551,银华上证科创板人工智能ETF发起式联接C,指数型-股票,2025-03-11,321351626.97,银华基金,3.21
001220,民生加银研究精选混合,混合型-灵活,2015-05-27,321027017.29,民生加银基金,3.21
022469,汇添富中证A500ETF联接A,指数型-股票,2024-12-10,320982163.68,汇添富基金,3.21
019124,博道红利智航股票A,股票型,2023-10-31,320952931.09,博道基金,3.21
014985,华安创业板50指数C,指数型-股票,2022-02-22,320907110.66,华安基金,3.21
379010,摩根中小盘混合A,混合型-偏股,2009-01-21,320864176.67,摩根基金(中国),3.21
001562,易方达瑞和灵活配置混合,混合型-灵活,2018-02-02,320768087.47,易方达基金,3.21
560360,软件ETF万家,指数型-股票,2024-06-13,320710256.35,万家基金,3.21
007665,永赢创业板指数发起式C,指数型-股票,2019-09-10,320505930.27,永赢基金,3.21
161907,红利ETF联接,指数型-股票,2011-03-17,320304085.22,万家基金,3.2
014305,华泰柏瑞中证500指数增强A,指数型-股票,2022-04-27,320016428.85,华泰柏瑞基金,3.2
007177,浙商智能行业优选混合A,混合型-偏股,2019-09-27,319940735.49,浙商基金,3.2
014530,华夏MSCI中国A50互联互通ETF发起式联接A,指数型-股票,2021-12-28,319755254.68,华夏基金,3.2
008619,永赢医药健康C,股票型,2020-05-20,319700110.59,永赢基金,3.2
014564,天弘创新药精选50ETF联接A,指数型-股票,2022-05-06,319667989.75,天弘基金,3.2
007993,华夏中证全指证券公司ETF联接C,指数型-股票,2020-04-03,319213645.79,华夏基金,3.19
013369,汇添富自主核心科技一年持有混合A,混合型-偏股,2022-02-21,319072279.27,汇添富基金,3.19
002935,泰康恒泰回报混合C,混合型-灵活,2016-07-13,318780415.85,泰康基金,3.19
481006,工银红利混合,混合型-偏股,2007-07-18,318535320.75,工银瑞信基金,3.19
022470,汇添富中证A500ETF联接C,指数型-股票,2024-12-10,318484999.83,汇添富基金,3.18
013116,华安文体健康混合C,混合型-灵活,2021-08-23,318310518.91,华安基金,3.18
010681,华夏新兴成长股票C,股票型,2021-01-15,318154183.81,华夏基金,3.18
012846,恒越蓝筹精选混合,混合型-偏股,2021-08-17,317979249.35,恒越基金,3.18
019371,富国远见精选三年定期开放混合,混合型-偏股,2023-12-04,317721803.09,富国基金,3.18
517390,云计算ETF天弘,指数型-股票,2021-12-10,317628524.24,天弘基金,3.18
023719,华夏上证科创板综合ETF联接A,指数型-股票,2025-04-08,316901378.22,华夏基金,3.17
001637,嘉实量化精选股票,股票型,2015-12-07,316698857.64,嘉实基金,3.17
012073,华安均衡优选混合A,混合型-偏股,2021-10-26,315213773.6,华安基金,3.15
010381,浙商智选价值混合A,混合型-偏股,2021-04-16,314987081.08,浙商基金,3.15
015719,财通资管均衡臻选混合C,混合型-偏股,2022-11-15,314894555.12,财通资管,3.15
015299,华夏纳斯达克100ETF发起式联接(QDII)A,指数型-海外股票,2022-04-14,314616238.77,华夏基金,3.15
015518,华夏纳斯达克100ETF发起式联接(QDII)A美元现汇,指数型-海外股票,2022-04-14,314616238.77,华夏基金,3.15
017856,华夏中证石化产业ETF发起式联接C,指数型-股票,2023-03-14,314544317.55,华夏基金,3.15
501022,银华鑫盛灵活配置混合(LOF)A,混合型-灵活,2016-10-14,314369211.18,银华基金,3.14
007207,华夏常阳三年定开混合,混合型-偏股,2019-09-20,314215509.63,华夏基金,3.14
159835,创新药ETF建信,指数型-股票,2021-03-11,314144956.85,建信基金,3.14
460009,华泰柏瑞量化先行混合A,混合型-偏股,2010-06-22,314040714.87,华泰柏瑞基金,3.14
014970,华安低碳生活混合C,混合型-偏股,2022-04-27,314006867.52,华安基金,3.14
017528,嘉实北证50成份指数C,指数型-股票,2022-12-21,313961816.28,嘉实基金,3.14
008980,中邮科技创新精选混合A,混合型-偏股,2020-02-27,313909274.62,中邮基金,3.14
012762,华泰柏瑞上证红利ETF联接C,指数型-股票,2021-11-15,313788623.3,华泰柏瑞基金,3.14
519767,交银科技创新灵活配置混合A,混合型-灵活,2016-05-05,313730269.67,交银施罗德基金,3.14
004784,招商稳健优选股票A,股票型,2017-09-20,313719930.61,招商基金,3.14
021633,招商中证香港科技ETF发起式联接(QDII)A,指数型-海外股票,2024-07-30,313690530.88,招商基金,3.14
006252,永赢消费主题A,混合型-灵活,2018-11-06,313684091.22,永赢基金,3.14
006921,南方智诚混合,混合型-偏股,2019-03-12,313676183.17,南方基金,3.14
018075,长盛航天海工混合C,混合型-灵活,2023-03-16,313627880.14,长盛基金,3.14
270022,广发内需增长混合A,混合型-灵活,2010-04-19,313518685.13,广发基金,3.14
001617,天弘中证电子ETF联接A,指数型-股票,2015-07-29,313393998.84,天弘基金,3.13
080012,长盛电子信息产业混合A,混合型-偏股,2012-03-27,313208934.98,长盛基金,3.13
019768,景顺长城科创50指数增强C,指数型-股票,2024-05-28,313192142.38,景顺长城基金,3.13
217001,招商安泰偏股混合,混合型-偏股,2003-04-28,313042723.89,招商基金,3.13
012197,招商品质生活混合C,混合型-偏股,2021-06-02,312946739.92,招商基金,3.13
018049,申万菱信数字产业股票型发起式C,股票型,2023-05-04,312773269.74,申万菱信基金,3.13
014765,中欧碳中和混合发起A,混合型-偏股,2022-03-04,312723114.16,中欧基金,3.13
501021,华宝港股通标普香港上市中国中小盘指数(LOF)A,指数型-股票,2016-06-24,312687390.16,华宝基金,3.13
005732,富国臻选成长灵活配置混合A,混合型-灵活,2018-08-15,312286456.3,富国基金,3.12
005474,泰康均衡优选混合A,混合型-偏股,2018-01-19,312017239.0,泰康基金,3.12
009539,兴业睿进混合A,混合型-偏股,2020-07-27,311913147.59,兴业基金,3.12
233006,大摩领先优势混合,混合型-偏股,2009-09-22,311865797.82,摩根士丹利基金,3.12
007475,华夏创业板成长ETF联接C,指数型-股票,2019-06-26,311405730.74,华夏基金,3.11
020267,宏利睿智成长混合A,混合型-偏股,2024-05-14,311304270.14,宏利基金,3.11
012153,博时研究慧选混合A,混合型-偏股,2021-06-08,310970635.59,博时基金,3.11
019361,富国核心优势混合发起式A,混合型-偏股,2023-12-01,310967212.31,富国基金,3.11
010645,富国全球健康生活主题混合(QDII)美元,QDII-混合偏股,2020-12-24,310950428.64,富国基金,3.11
010644,富国全球健康生活主题混合(QDII)人民币A,QDII-混合偏股,2020-12-24,310950428.64,富国基金,3.11
159560,芯片ETF景顺,指数型-股票,2023-11-09,310782063.64,景顺长城基金,3.11
002597,兴业成长动力混合A,混合型-灵活,2016-06-03,310731423.82,兴业基金,3.11
516770,游戏ETF华泰柏瑞,指数型-股票,2021-02-25,310534703.04,华泰柏瑞基金,3.11
373020,摩根双核平衡混合A,混合型-平衡,2008-05-21,310374376.41,摩根基金(中国),3.1
588240,科创200ETF鹏华,指数型-股票,2025-02-13,310272615.87,鹏华基金,3.1
004959,圆信永丰优悦生活混合,混合型-偏股,2018-01-29,310181090.72,圆信永丰基金,3.1
011813,融通创新动力混合A,混合型-偏股,2021-08-24,309778832.66,融通基金,3.1
007113,永赢高端制造混合A,混合型-偏股,2019-11-01,309641028.25,永赢基金,3.1
010562,永赢成长领航混合A,混合型-偏股,2020-12-01,309579671.93,永赢基金,3.1
013942,华宝中证稀有金属指数增强发起A,指数型-股票,2021-12-15,309553849.49,华宝基金,3.1
007230,兴全沪深300指数(LOF)C,指数型-股票,2019-06-05,309446079.92,兴证全球基金,3.09
001036,嘉实企业变革股票,股票型,2015-02-12,309398294.14,嘉实基金,3.09
020839,南方中证半导体产业指数发起A,指数型-股票,2024-03-29,309207904.35,南方基金,3.09
015152,东吴嘉禾优势精选混合C,混合型-灵活,2022-02-22,309023912.63,东吴基金,3.09
159738,云计算ETF华泰柏瑞,指数型-股票,2022-01-18,309009194.19,华泰柏瑞基金,3.09
014389,华安产业动力6个月持有混合A,混合型-偏股,2021-12-23,308664432.83,华安基金,3.09
159936,可选消费ETF广发,指数型-股票,2014-06-03,308484413.03,广发基金,3.08
013048,富国中证新能源汽车指数(LOF)C,指数型-股票,2021-07-19,308446945.01,富国基金,3.08
020692,博时中证全指通信设备指数发起式C,指数型-股票,2024-05-07,308433724.73,博时基金,3.08
010042,嘉实港股优势混合C,混合型-偏股,2021-01-19,308380295.69,嘉实基金,3.08
023407,华宝创业板人工智能ETF发起式联接A,指数型-股票,2025-02-14,308355883.13,华宝基金,3.08
011070,工银成长精选混合C,混合型-偏股,2021-03-25,308338804.92,工银瑞信基金,3.08
021046,平安港股通红利精选混合发起式A,混合型-偏股,2024-03-26,308262694.49,平安基金,3.08
007873,华宝科技ETF联接A,指数型-股票,2019-08-30,307826003.21,华宝基金,3.08
000259,农银区间收益混合,混合型-灵活,2013-08-21,307534312.12,农银汇理基金,3.08
164705,汇添富恒生指数(QDII-LOF)A,指数型-海外股票,2014-03-06,307242566.95,汇添富基金,3.07
006104,华泰柏瑞量化智慧混合C,混合型-灵活,2018-06-19,307236392.15,华泰柏瑞基金,3.07
015610,万家匠心致远一年持有期混合A,混合型-偏股,2022-08-09,306830783.53,万家基金,3.07
002199,前海开源中证军工指数C,指数型-股票,2015-11-30,306764832.16,前海开源基金,3.07
000535,长盛航天海工混合A,混合型-灵活,2014-03-11,306586908.85,长盛基金,3.07
006864,国联安核心资产策略混合,混合型-偏股,2020-11-18,306383409.46,国联安基金,3.06
487016,工银瑞信灵活配置混合A,混合型-灵活,2011-12-27,306351347.22,工银瑞信基金,3.06
023743,建信上证科创板综合ETF联接A,指数型-股票,2025-05-07,306271444.24,建信基金,3.06
020651,博时国证粮食产业指数发起式C,指数型-股票,2024-04-09,305986224.88,博时基金,3.06
008891,安信价值成长混合A,混合型-偏股,2020-03-18,305855682.11,安信基金,3.06
159208,航空航天ETF万家,指数型-股票,2025-04-28,305655179.59,万家基金,3.06
168204,国联中证煤炭指数(LOF)A,指数型-股票,2015-06-25,305631513.72,国联基金,3.06
015288,永赢优质生活混合C,混合型-偏股,2022-08-23,305608110.43,永赢基金,3.06
008359,华安医疗创新混合A,混合型-偏股,2020-04-15,305543941.91,华安基金,3.06
013133,创金合信文娱媒体股票发起C,股票型,2021-08-12,305501039.32,创金合信基金,3.06
005137,长信沪深300指数增强A,指数型-股票,2018-04-19,305440417.61,长信基金,3.05
159797,医疗器械ETF汇添富,指数型-股票,2022-04-28,305385335.3,汇添富基金,3.05
013132,创金合信文娱媒体股票发起A,股票型,2021-08-12,305266482.54,创金合信基金,3.05
001297,平安智慧中国混合,混合型-灵活,2015-06-09,304983359.46,平安基金,3.05
022674,中欧中证A500指数增强A,指数型-股票,2024-12-30,304469357.33,中欧基金,3.04
004454,前海开源盈鑫C,混合型-灵活,2017-03-21,304456620.66,前海开源基金,3.04
200012,长城中小盘成长混合A,混合型-偏股,2011-01-27,304455345.16,长城基金,3.04
159597,创业板成长ETF易方达,指数型-股票,2024-05-08,304403260.2,易方达基金,3.04
000545,中邮核心竞争力灵活配置混合,混合型-灵活,2014-04-23,304359832.1,中邮基金,3.04
011911,华夏消费优选混合A,混合型-偏股,2021-05-21,304205276.13,华夏基金,3.04
013004,国泰价值领航股票A,股票型,2021-09-07,304180260.52,国泰基金,3.04
021483,华夏中证红利低波动ETF发起式联接C,指数型-股票,2024-07-02,304121406.49,华夏基金,3.04
159982,中证500ETF鹏华,指数型-股票,2019-11-21,304073226.43,鹏华基金,3.04
024252,申万菱信中证红利指数A,指数型-股票,2025-05-26,304048866.86,申万菱信基金,3.04
021607,南方上证科创板芯片ETF发起联接A,指数型-股票,2024-07-08,303891802.35,南方基金,3.04
159586,计算机ETF南方,指数型-股票,2024-03-07,303820449.55,南方基金,3.04
519738,交银周期回报灵活配置混合A,混合型-灵活,2014-05-22,303815607.36,交银施罗德基金,3.04
001420,南方大数据300A,指数型-股票,2015-06-24,303786475.05,南方基金,3.04
008326,东财通信A,指数型-股票,2020-01-20,303771089.03,东财基金,3.04
012370,银华鑫利一年持有期混合,混合型-偏股,2021-07-23,303718239.62,银华基金,3.04
010386,华安汇嘉精选混合C,混合型-偏股,2020-10-30,303448156.59,华安基金,3.03
002900,南方中证500信息技术联接A,指数型-股票,2016-08-17,303352273.66,南方基金,3.03
013477,华宝中证金融科技主题ETF发起式联接A,指数型-股票,2021-11-25,303312811.43,华宝基金,3.03
017512,广发北证50成份指数A,指数型-股票,2022-12-28,303066034.73,广发基金,3.03
560580,电力ETF南方,指数型-股票,2023-04-27,302897529.73,南方基金,3.03
013313,富国中证科创创业50ETF联接A,指数型-股票,2021-08-24,302804479.99,富国基金,3.03
159220,港股通红利低波ETF华宝,指数型-股票,2025-04-29,302322589.73,华宝基金,3.02
001528,诺安先进制造股票A,股票型,2015-08-21,302305397.52,诺安基金,3.02
008671,银华科技创新混合A,混合型-偏股,2020-01-16,302153405.02,银华基金,3.02
015466,太平中证1000指数增强A,指数型-股票,2022-04-29,302104668.6,太平基金,3.02
019555,中银中证1000指数增强A,指数型-股票,2023-12-12,302100090.04,中银基金,3.02
001891,中欧成长优选混合E,混合型-灵活,2015-09-22,302096079.71,中欧基金,3.02
166024,中欧恒利三年定期开放混合,混合型-偏股,2017-11-01,301968040.35,中欧基金,3.02
021864,中欧中证800研究智选混合发起A,混合型-偏股,2024-09-19,301940843.17,中欧基金,3.02
011223,信澳星奕混合C,混合型-偏股,2021-01-22,301926523.92,信达澳亚基金,3.02
017522,富国北证50成份指数C,指数型-股票,2022-12-15,301315931.47,富国基金,3.01
021302,银河中证机器人指数发起式C,指数型-股票,2024-05-16,301251157.46,银河基金,3.01
012816,国泰致和混合A,混合型-偏股,2022-01-21,300727376.79,国泰基金,3.01
501065,汇添富经典成长定开混合,混合型-偏股,2018-12-05,300601788.33,汇添富基金,3.01
501083,银华科创主题灵活配置混合(LOF),混合型-灵活,2019-07-05,300440722.25,银华基金,3.0
023920,国泰富时现金流ETF联接C,指数型-股票,2025-04-29,300440048.9,国泰基金,3.0
015950,华夏蓝筹混合(LOF)C,混合型-灵活,2022-06-22,300159871.28,华夏基金,3.0
014533,易方达MSCI中国A50互联互通ETF联接C,指数型-股票,2021-12-28,300140498.3,易方达基金,3.0
018294,景顺长城国企价值混合A,混合型-偏股,2023-05-30,300115210.22,景顺长城基金,3.0
017647,易方达中证光伏产业ETF联接发起式C,指数型-股票,2023-04-11,300084284.88,易方达基金,3.0
013277,富国创业板ETF联接C,指数型-股票,2021-08-17,299918678.49,富国基金,3.0
015386,中银主题策略混合C,混合型-偏股,2022-03-16,299797084.3,中银基金,3.0
002233,工银丰收回报灵活配置混合C,混合型-灵活,2015-12-03,299759589.62,工银瑞信基金,3.0
001559,天弘医疗健康混合C,混合型-偏股,2015-06-30,299742732.62,天弘基金,3.0
160140,南方道琼斯美国精选A,指数型-海外股票,2017-10-26,299613653.31,南方基金,3.0
022979,华夏中证A500ETF联接Y,指数型-股票,2024-12-13,299535301.66,华夏基金,3.0
005197,工银沪港深精选混合A,混合型-灵活,2017-11-09,299339183.12,工银瑞信基金,2.99
006438,博时央调ETF联接A,指数型-股票,2018-11-14,299334879.6,博时基金,2.99
008276,财通资管价值发现混合A,混合型-偏股,2020-03-23,299250160.39,财通资管,2.99
001521,国寿安保成长优选股票A,股票型,2015-12-11,299230307.05,国寿安保基金,2.99
000538,诺安优势行业混合A,混合型-灵活,2014-03-13,298773348.83,诺安基金,2.99
008372,富国阿尔法两年持有期混合,混合型-偏股,2019-12-24,298527165.87,富国基金,2.99
007484,信澳核心科技混合A,混合型-偏股,2019-08-14,298321864.23,信达澳亚基金,2.98
023720,华夏上证科创板综合ETF联接C,指数型-股票,2025-04-08,298192775.14,华夏基金,2.98
021033,易方达储能电池ETF联接A,指数型-股票,2024-04-23,298152818.8,易方达基金,2.98
008958,嘉实回报精选股票,股票型,2020-03-06,298084892.64,嘉实基金,2.98
513360,教育ETF博时,指数型-海外股票,2021-06-08,297907513.04,博时基金,2.98
011740,博时成长精选混合A,混合型-偏股,2021-04-20,297896923.84,博时基金,2.98
004569,招商制造业混合C,混合型-灵活,2017-05-08,297340345.3,招商基金,2.97
019244,汇丰晋信龙腾混合C,混合型-偏股,2023-11-20,297305176.59,汇丰晋信基金,2.97
017736,融通明锐混合C,混合型-偏股,2023-04-18,297253387.94,融通基金,2.97
010418,财通景气行业混合A,混合型-偏股,2020-12-09,297108254.18,财通基金,2.97
202019,南方策略优化混合,混合型-偏股,2010-03-30,297069591.68,南方基金,2.97
008593,天弘沪深300指数增强发起C,指数型-股票,2019-12-27,296886892.86,天弘基金,2.97
012429,华夏核心制造混合C,混合型-偏股,2021-06-22,296844522.36,华夏基金,2.97
164905,交银国证新能源指数(LOF)A,指数型-股票,2015-03-26,296782994.44,交银施罗德基金,2.97
004925,长信低碳环保行业量化股票A,股票型,2017-11-09,296652012.55,长信基金,2.97
012703,华夏核心成长混合A,混合型-偏股,2021-12-03,296476601.35,华夏基金,2.96
590005,中邮核心主题混合A,混合型-偏股,2010-05-19,296395030.7,中邮基金,2.96
012556,长盛景气优选混合,混合型-偏股,2021-12-08,296376048.03,长盛基金,2.96
015675,鹏华中证传媒指数(LOF)C,指数型-股票,2022-05-10,296261870.49,鹏华基金,2.96
010389,易方达科益混合A,混合型-偏股,2020-11-02,296160979.18,易方达基金,2.96
009591,博时研究精选持有期混合A,混合型-灵活,2020-06-24,296035461.43,博时基金,2.96
020684,南方上证科创板100ETF联接C,指数型-股票,2024-06-24,295966389.44,南方基金,2.96
001651,工银新蓝筹股票A,股票型,2015-08-06,295853152.22,工银瑞信基金,2.96
012329,天弘中证新能源指数增强C,指数型-股票,2022-07-04,295679111.77,天弘基金,2.96
014840,招商裕华混合,混合型-偏股,2022-02-11,294191641.44,招商基金,2.94
005635,博时量化多策略股票A,股票型,2018-04-03,294045005.03,博时基金,2.94
563350,A50ETF华泰柏瑞,指数型-股票,2024-03-06,294020607.46,华泰柏瑞基金,2.94
017747,建信电子行业股票C,股票型,2023-04-11,293546423.58,建信基金,2.94
016943,工银中证1000指数增强C,指数型-股票,2023-03-28,293516722.51,工银瑞信基金,2.94
015388,中欧沪深300指数增强C,指数型-股票,2022-03-29,293161864.24,中欧基金,2.93
002332,汇丰晋信沪港深A,股票型,2016-11-10,293063372.07,汇丰晋信基金,2.93
018094,博时中证机器人指数发起式A,指数型-股票,2023-04-04,292877556.14,博时基金,2.93
018439,财通资管品质消费混合发起式C,混合型-偏股,2023-05-11,292866187.55,财通资管,2.93
000594,大摩进取优选股票,股票型,2014-05-29,292820407.47,摩根士丹利基金,2.93
159961,深100ETF方正富邦,指数型-股票,2018-11-02,292787157.36,方正富邦基金,2.93
013270,前海开源聚利一年持有混合A,混合型-偏股,2021-10-26,292582880.07,前海开源基金,2.93
501061,中金中证优选300指数(LOF)C,指数型-股票,2018-08-30,292503407.81,中金基金,2.93
050007,博时平衡配置混合,混合型-平衡,2006-05-31,292387759.77,博时基金,2.92
530006,建信核心精选混合,混合型-偏股,2008-11-25,292385691.88,建信基金,2.92
006810,泰康香港银行指数C,指数型-股票,2019-04-16,292043668.1,泰康基金,2.92
910021,东方红启华三年持有混合A,混合型-偏股,2021-04-22,291659391.97,东方红资产管理,2.92
160918,大成中小盘混合(LOF)A,混合型-偏股,2014-04-10,291457030.64,大成基金,2.91
012093,鹏华创新升级混合A,混合型-偏股,2021-06-18,291385417.79,鹏华基金,2.91
002574,招商瑞庆混合A,混合型-灵活,2016-08-24,291170536.21,招商基金,2.91
023525,广发制造智选股票发起式C,股票型,2025-03-12,290810009.84,广发基金,2.91
162720,广发创业板两年定开混合,混合型-偏股,2020-09-24,290601530.36,广发基金,2.91
003839,易方达瑞通灵活配置混合A,混合型-灵活,2016-12-07,290450705.55,易方达基金,2.9
020607,南方中证机器人ETF发起联接A,指数型-股票,2024-03-13,290292657.7,南方基金,2.9
012993,汇添富品牌力一年持有混合A,混合型-偏股,2022-03-01,289971497.16,汇添富基金,2.9
005506,前海开源中药股票C,股票型,2018-03-21,289669833.46,前海开源基金,2.9
020220,国联安沪深300指数增强A,指数型-股票,2024-01-23,289599661.47,国联安基金,2.9
021461,国投瑞银中证资源指数(LOF)C,指数型-股票,2024-05-10,289505080.46,国投瑞银基金,2.9
501091,嘉实欣荣混合(LOF)A,混合型-偏股,2020-01-20,289504481.73,嘉实基金,2.9
165310,建信沪深300指数增强(LOF)A,指数型-股票,2011-05-06,289486467.87,建信基金,2.89
011238,华安聚恒精选混合A,混合型-偏股,2021-03-18,289390891.4,华安基金,2.89
023449,上银资源精选混合发起式C,混合型-偏股,2025-03-21,289094479.68,上银基金,2.89
002562,泓德泓益量化混合A,混合型-偏股,2016-04-26,288793258.78,泓德基金,2.89
019857,博时上证科创板100ETF联接A,指数型-股票,2023-12-01,288742665.27,博时基金,2.89
022847,富国景气优选混合C,混合型-偏股,2025-03-18,288691142.08,富国基金,2.89
011239,华安聚恒精选混合C,混合型-偏股,2021-03-18,288662006.01,华安基金,2.89
014777,富国中证芯片产业ETF发起式联接C,指数型-股票,2022-01-18,288583489.95,富国基金,2.89
009865,招商景气优选股票C,股票型,2020-11-18,288548376.23,招商基金,2.89
012590,易方达中证全指证券公司ETF联接A,指数型-股票,2022-03-02,288411927.71,易方达基金,2.88
019058,易方达绿色电力ETF联接A,指数型-股票,2023-09-12,288366298.54,易方达基金,2.88
008396,博时中证500ETF联接A,指数型-股票,2019-12-30,288355644.83,博时基金,2.88
630011,华商主题精选混合,混合型-偏股,2012-05-31,288134146.2,华商基金,2.88
023585,中欧红利智选混合C,混合型-偏股,2025-04-08,288118620.4,中欧基金,2.88
009468,博时健康成长双周定期可赎回混合A,混合型-偏股,2020-06-17,287962152.35,博时基金,2.88
000309,大摩品质生活精选股票A,股票型,2013-10-29,287917028.17,摩根士丹利基金,2.88
017644,博道中证1000指数增强A,指数型-股票,2023-08-25,287726849.71,博道基金,2.88
512190,浙商之江凤凰ETF,指数型-股票,2019-08-05,287547999.34,浙商证券资管,2.88
011356,华泰柏瑞港股通时代机遇混合C,混合型-偏股,2021-05-07,287534725.84,华泰柏瑞基金,2.88
202212,南方平衡配置混合,混合型-灵活,2011-06-21,287379903.62,南方基金,2.87
010383,宝盈基础产业混合A,混合型-偏股,2021-02-02,287361341.47,宝盈基金,2.87
016937,博时中证1000指数增强C,指数型-股票,2023-04-13,287175697.04,博时基金,2.87
021735,景顺长城沪港深红利成长低波指数E,指数型-股票,2024-06-25,287119726.45,景顺长城基金,2.87
005700,工银新经济混合(QDII)美元,QDII-混合灵活,2018-05-10,286966510.43,工银瑞信基金,2.87
005699,工银新经济混合(QDII)人民币A,QDII-混合灵活,2018-05-10,286966510.43,工银瑞信基金,2.87
015971,华泰柏瑞景气驱动混合C,混合型-偏股,2022-09-28,286865382.31,华泰柏瑞基金,2.87
010555,华安新兴消费混合C,混合型-偏股,2020-12-11,286863067.77,华安基金,2.87
012917,平安优势领航1年持有混合A,混合型-偏股,2021-08-24,286805449.78,平安基金,2.87
008238,中泰沪深300增强A,指数型-股票,2020-04-01,286784983.75,中泰证券(上海)资管,2.87
010455,博时产业精选混合A,混合型-灵活,2020-11-06,286660349.79,博时基金,2.87
005805,华泰柏瑞医疗健康A,混合型-偏股,2018-06-25,286585219.76,华泰柏瑞基金,2.87
001178,前海开源再融资股票,股票型,2015-05-18,286567790.8,前海开源基金,2.87
012893,安信优质企业三年持有混合C,混合型-偏股,2021-11-09,286564294.33,安信基金,2.87
010202,天弘中证科技100指数增强发起A,指数型-股票,2020-10-28,286470081.6,天弘基金,2.86
018470,国富策略回报混合C,混合型-灵活,2023-05-18,286301187.2,国海富兰克林基金,2.86
012679,华泰柏瑞光伏ETF联接A,指数型-股票,2021-08-17,286232099.62,华泰柏瑞基金,2.86
501093,华夏翔阳两年定开混合,混合型-偏股,2020-03-06,286207161.32,华夏基金,2.86
016021,华安优嘉精选混合A,混合型-偏股,2022-08-30,285975206.24,华安基金,2.86
022473,兴全中证A500指数增强A,指数型-股票,2024-12-24,285694377.26,兴证全球基金,2.86
006128,银河和美生活混合A,混合型-偏股,2018-11-22,285638118.62,银河基金,2.86
023056,富国上证科创板50成份ETF联接C,指数型-股票,2025-01-21,285377633.33,富国基金,2.85
014187,华夏量化优选股票A,股票型,2021-12-14,285362057.35,华夏基金,2.85
160805,长盛同智优势混合(LOF),混合型-灵活,2007-01-05,285207038.86,长盛基金,2.85
001629,天弘中证计算机ETF联接A,指数型-股票,2015-07-29,284860910.42,天弘基金,2.85
013276,富国中证全指证券公司指数(LOF)C,指数型-股票,2021-08-17,284733310.62,富国基金,2.85
001231,银华泰利灵活配置混合A,混合型-灵活,2015-04-24,284668558.5,银华基金,2.85
004357,南方智慧混合,混合型-灵活,2017-03-27,284636418.2,南方基金,2.85
011868,中信建投远见回报混合A,混合型-偏股,2021-08-10,284468804.22,中信建投基金,2.84
018072,长信均衡优选混合C,混合型-偏股,2023-07-04,284259579.65,长信基金,2.84
023035,中欧恒生科技指数发起(QDII)C,指数型-海外股票,2025-01-14,284157084.87,中欧基金,2.84
018113,工银北证50成份指数C,指数型-股票,2023-04-27,284110849.13,工银瑞信基金,2.84
012765,广发大盘价值混合A,混合型-偏股,2021-12-07,284075436.83,广发基金,2.84
516270,新能源ETF华安,指数型-股票,2021-07-09,284054449.07,华安基金,2.84
014520,博时恒生高股息率ETF发起式联接C,指数型-股票,2022-01-10,284039804.29,博时基金,2.84
004598,南方中证银行ETF发起联接C,指数型-股票,2017-06-29,283927129.42,南方基金,2.84
006792,鹏华港美互联股票美元现汇,QDII-普通股票,2019-04-15,283789702.71,鹏华基金,2.84
160644,鹏华港美互联股票人民币,QDII-普通股票,2017-11-16,283789702.71,鹏华基金,2.84
020981,华安国证机器人产业指数发起式A,指数型-股票,2024-03-26,283607779.17,华安基金,2.84
018173,华泰柏瑞中证电力全指ETF发起式联接C,指数型-股票,2023-04-14,283323861.53,华泰柏瑞基金,2.83
000823,银华高端制造业混合A,混合型-灵活,2014-11-13,283167797.33,银华基金,2.83
005009,申万菱信行业轮动股票A,股票型,2017-09-29,283089315.67,申万菱信基金,2.83
009854,中加优势企业混合C,混合型-偏股,2020-08-13,283089279.33,中加基金,2.83
000663,国投瑞银美丽中国混合A,混合型-灵活,2014-06-24,282847432.24,国投瑞银基金,2.83
022005,广发恒生科技ETF联接(QDII)F,指数型-海外股票,2024-09-04,282514573.95,广发基金,2.83
519171,浦银安盛医疗健康混合A,混合型-灵活,2015-05-25,282513290.34,浦银安盛基金,2.83
015753,上银鑫达灵活配置混合C,混合型-灵活,2022-05-20,282384015.45,上银基金,2.82
010718,前海开源优质企业6个月持有混合C,混合型-偏股,2021-01-08,282142187.97,前海开源基金,2.82
013962,华夏创新视野一年持有混合A,混合型-偏股,2021-11-10,282090575.31,华夏基金,2.82
009857,博时价值臻选持有期混合A,混合型-灵活,2020-07-29,281659058.14,博时基金,2.82
002978,广发医药卫生联接C,指数型-股票,2016-07-06,281593783.89,广发基金,2.82
161035,富国中证医药主题指数增强A,指数型-股票,2016-11-11,281425812.36,富国基金,2.81
517120,创新药ETF华泰柏瑞,指数型-股票,2021-07-08,281348836.09,华泰柏瑞基金,2.81
000566,华泰柏瑞创新升级混合A,混合型-灵活,2014-05-06,281257365.07,华泰柏瑞基金,2.81
588950,科创50ETF景顺,指数型-股票,2025-01-15,280990215.69,景顺长城基金,2.81
005505,前海开源中药股票A,股票型,2018-03-21,280947720.0,前海开源基金,2.81
009859,银华乐享混合A,混合型-偏股,2020-12-23,280764014.18,银华基金,2.81
008793,博道嘉元混合A,混合型-偏股,2020-03-04,280673777.86,博道基金,2.81
009982,万家创业板指数增强C,指数型-股票,2021-01-26,280524693.04,万家基金,2.81
014068,工银瑞信悦享混合A,混合型-偏股,2021-12-17,280333745.79,工银瑞信基金,2.8
015693,鹏华中证800证券保险指数(LOF)C,指数型-股票,2022-05-20,280008956.83,鹏华基金,2.8
510800,上证50ETF建信,指数型-股票,2017-12-22,279952727.26,建信基金,2.8
013816,汇添富中证光伏产业指数增强发起式A,指数型-股票,2021-10-26,279698212.86,汇添富基金,2.8
016626,汇添富创新成长混合A,混合型-偏股,2022-12-14,279689547.53,汇添富基金,2.8
009300,西部利得中证500指数增强(LOF)C,指数型-股票,2020-04-13,279457408.81,西部利得基金,2.79
588700,科创医药ETF嘉实,指数型-股票,2023-12-27,279234191.69,嘉实基金,2.79
018382,安信红利精选混合C,混合型-偏股,2023-11-14,279171177.22,安信基金,2.79
013299,南方中证科创创业50ETF联接C,指数型-股票,2021-08-19,279045093.26,南方基金,2.79
018411,易方达芯片ETF联接A,指数型-股票,2023-06-13,278854216.12,易方达基金,2.79
010334,华夏核心资产混合C,混合型-偏股,2021-01-28,278298994.44,华夏基金,2.78
016372,信澳匠心严选一年持有混合A,混合型-偏股,2022-09-07,278283883.15,信达澳亚基金,2.78
160626,鹏华中证信息技术指数(LOF)A,指数型-股票,2014-05-05,278270546.0,鹏华基金,2.78
023715,华夏中证动漫游戏ETF发起式联接D,指数型-股票,2025-03-28,278251901.9,华夏基金,2.78
160627,鹏华策略优选灵活配置混合,混合型-灵活,2014-06-10,278114942.31,鹏华基金,2.78
159393,沪深300ETF万家,指数型-股票,2025-02-25,277924581.71,万家基金,2.78
501088,嘉实瑞虹三年定期混合,混合型-偏股,2019-09-04,277719617.76,嘉实基金,2.78
019020,易方达医疗保健行业混合C,混合型-偏股,2023-10-18,277626328.14,易方达基金,2.78
013415,永赢中证全指医疗器械ETF发起联接A,指数型-股票,2021-11-22,277555880.07,永赢基金,2.78
017518,招商北证50成份指数发起式C,指数型-股票,2022-12-22,277550479.83,招商基金,2.78
009210,中欧嘉和三年混合A,混合型-偏股,2020-05-28,277499378.99,中欧基金,2.77
023584,中欧红利智选混合A,混合型-偏股,2025-04-08,277265540.61,中欧基金,2.77
012579,富国红利混合C,混合型-偏股,2021-12-21,277208232.36,富国基金,2.77
020076,财通资管创新成长混合C,混合型-偏股,2024-03-26,276967894.35,财通资管,2.77
001037,国投瑞银锐意改革混合A,混合型-灵活,2015-03-31,276922563.02,国投瑞银基金,2.77
009631,浦银安盛ESG责任投资混合C,混合型-偏股,2021-03-16,276735562.51,浦银安盛基金,2.77
013991,中欧港股通精选一年持有混合A,混合型-偏股,2021-12-08,276555971.68,中欧基金,2.77
018448,中欧琪和灵活配置混合E,混合型-灵活,2023-05-05,276547209.44,中欧基金,2.77
002846,泓德泓华混合,混合型-灵活,2016-12-01,276468426.47,泓德基金,2.76
005711,永赢惠添利灵活配置混合,混合型-灵活,2018-05-31,276288630.3,永赢基金,2.76
160218,国泰国证房地产行业指数A,指数型-股票,2013-02-06,276281347.28,国泰基金,2.76
202213,南方核心竞争混合,混合型-偏股,2012-12-21,276200897.95,南方基金,2.76
159873,医疗设备ETF天弘,指数型-股票,2021-03-16,276096531.3,天弘基金,2.76
020969,中信保诚全球商品主题(QDII-FOF-LOF)C,QDII-商品,2024-03-15,275839648.89,中信保诚基金,2.76
012510,国富优质企业一年持有期混合A,混合型-偏股,2021-08-03,275806286.57,国海富兰克林基金,2.76
519015,海富通精选贰号混合,混合型-偏股,2007-04-09,275482183.54,海富通基金,2.75
014255,信澳智远三年持有期混合C,混合型-偏股,2022-01-25,275399198.67,信达澳亚基金,2.75
005615,摩根富时发达市场REITs指数(QDII)美汇,指数型-海外股票,2018-04-26,275130930.19,摩根基金(中国),2.75
005613,摩根富时发达市场REITs指数(QDII)人民币A,指数型-海外股票,2018-04-26,275130930.19,摩根基金(中国),2.75
005614,摩根富时发达市场REITs指数(QDII)美钞,指数型-海外股票,2018-04-26,275130930.19,摩根基金(中国),2.75
012187,招商品质成长混合C,混合型-偏股,2021-09-23,275081266.18,招商基金,2.75
008734,交银科锐科技创新混合A,混合型-偏股,2020-01-20,275067628.65,交银施罗德基金,2.75
011011,融通产业趋势精选混合A,混合型-偏股,2021-03-16,274928917.73,融通基金,2.75
012083,博时数字经济混合C,混合型-偏股,2021-06-18,274419457.63,博时基金,2.74
014340,长江智能制造混合发起式C,混合型-偏股,2021-12-29,273984042.57,长江证券(上海)资管,2.74
502023,鹏华国证钢铁行业指数(LOF)A,指数型-股票,2015-08-13,273970604.77,鹏华基金,2.74
011163,博时港股通领先趋势混合C,混合型-偏股,2021-02-09,273813931.88,博时基金,2.74
019328,国泰金盛回报混合A,混合型-偏股,2024-02-02,273786383.13,国泰基金,2.74
159656,沪深300成长ETF万家,指数型-股票,2022-12-28,273783160.24,万家基金,2.74
013035,富国中证军工指数(LOF)C,指数型-股票,2021-07-19,273732116.8,富国基金,2.74
019197,大成国企改革灵活配置混合C,混合型-灵活,2023-09-11,273706949.11,大成基金,2.74
015756,景顺长城景气成长混合C,混合型-偏股,2022-05-20,273600347.03,景顺长城基金,2.74
024003,汇添富国证自由现金流ETF联接C,指数型-股票,2025-05-13,273387644.58,汇添富基金,2.73
001103,前海开源工业革命4.0混合,混合型-灵活,2015-03-27,273255589.54,前海开源基金,2.73
257030,国联安优势混合,混合型-偏股,2007-01-24,273242853.11,国联安基金,2.73
002989,融通通乾研究精选灵活配置混合A,混合型-灵活,2016-08-12,273010798.06,融通基金,2.73
163209,诺安创业板指数增强(LOF)A,指数型-股票,2012-03-29,272938378.31,诺安基金,2.73
588360,科创创业ETF国泰,指数型-股票,2021-06-29,272646392.04,国泰基金,2.73
016895,中银卓越成长混合A,混合型-偏股,2023-05-05,272584731.04,中银基金,2.73
012332,上银鑫尚稳健回报6个月持有期混合A,混合型-平衡,2021-07-20,272489569.37,上银基金,2.72
010049,长城成长先锋混合A,混合型-偏股,2020-09-09,272298972.37,长城基金,2.72
009103,鹏扬红利优选混合C,混合型-偏股,2020-07-21,272172744.41,鹏扬基金,2.72
004476,景顺长城沪港深领先科技股票A,股票型,2017-07-07,272106566.51,景顺长城基金,2.72
009258,西部利得景瑞灵活配置混合C,混合型-灵活,2020-04-07,272054546.16,西部利得基金,2.72
561800,稀有金属ETF华富,指数型-股票,2021-08-11,271969921.2,华富基金,2.72
012637,国泰中证全指软件ETF联接C,指数型-股票,2021-06-24,271966195.21,国泰基金,2.72
010126,平安价值成长混合A,混合型-偏股,2020-09-24,271907285.28,平安基金,2.72
014306,华泰柏瑞中证500指数增强C,指数型-股票,2022-04-27,271809865.51,华泰柏瑞基金,2.72
159546,集成电路ETF国泰,指数型-股票,2023-10-11,271731739.73,国泰基金,2.72
000598,长盛生态环境混合A,混合型-灵活,2014-09-10,271471786.97,长盛基金,2.71
009063,财通智慧成长混合C,混合型-偏股,2020-04-03,271468653.34,财通基金,2.71
019959,湘财医药健康混合C,混合型-偏股,2023-12-26,271454514.62,湘财基金,2.71
021773,汇添富纳斯达克100ETF发起式联接(QDII)人民币E,指数型-海外股票,2024-07-03,271405200.79,汇添富基金,2.71
005776,中加转型动力混合C,混合型-灵活,2018-09-05,271281951.98,中加基金,2.71
011966,招商中证光伏产业ETF联接A,指数型-股票,2021-06-18,271224964.08,招商基金,2.71
007380,易方达上证50ETF联接基金C,指数型-股票,2019-09-09,271071912.18,易方达基金,2.71
003299,嘉实物流产业股票C,股票型,2016-12-29,271002955.55,嘉实基金,2.71
160638,鹏华中证一带一路主题指数(LOF)A,指数型-股票,2015-05-18,270848318.11,鹏华基金,2.71
588860,科创医药ETF工银,指数型-股票,2024-08-08,270844509.17,工银瑞信基金,2.71
589770,科创综指ETF招商,指数型-股票,2025-02-26,270833248.37,招商基金,2.71
014279,汇添富北交所创新精选两年定开混合A,混合型-偏股,2021-11-23,270444925.25,汇添富基金,2.7
001445,华安国企改革主题灵活配置混合A,混合型-灵活,2015-06-29,270427086.37,华安基金,2.7
021206,易方达中证A50ETF联接发起式A,指数型-股票,2024-04-23,270289552.19,易方达基金,2.7
010438,嘉实竞争力优选混合C,混合型-偏股,2021-02-24,270129510.87,嘉实基金,2.7
016022,华安优嘉精选混合C,混合型-偏股,2022-08-30,269922618.33,华安基金,2.7
010063,南方行业精选一年混合C,混合型-偏股,2020-10-27,269893677.41,南方基金,2.7
011876,景顺长城医疗健康混合A,混合型-偏股,2021-08-18,269881488.24,景顺长城基金,2.7
022422,大成中证A500ETF发起式联接C,指数型-股票,2024-11-12,269816914.13,大成基金,2.7
008860,民生加银龙头优选股票A,股票型,2020-03-10,269431243.7,民生加银基金,2.69
481008,工银大盘蓝筹混合,混合型-偏股,2008-08-04,269169830.98,工银瑞信基金,2.69
019789,鹏华优质治理混合(LOF)C,混合型-偏股,2023-11-14,269154650.71,鹏华基金,2.69
019773,东方红智享三年持有混合A,混合型-偏股,2024-02-07,269119957.45,东方红资产管理,2.69
690011,民生加银积极成长混合发起式,混合型-灵活,2013-01-31,269080775.57,民生加银基金,2.69
519755,交银多策略回报灵活配置混合A,混合型-灵活,2015-06-02,269047546.82,交银施罗德基金,2.69
002620,中邮未来新蓝筹混合,混合型-灵活,2017-08-04,268994585.81,中邮基金,2.69
005421,中欧嘉泽灵活配置混合,混合型-灵活,2018-01-26,268908600.91,中欧基金,2.69
013157,前海开源新经济混合C,混合型-灵活,2021-07-29,268820302.91,前海开源基金,2.69
210008,金鹰策略配置混合,混合型-偏股,2011-09-01,268805371.57,金鹰基金,2.69
960003,汇丰晋信动态策略混合H,混合型-灵活,2016-06-27,268660496.58,汇丰晋信基金,2.69
009958,长安鑫悦消费混合A,混合型-偏股,2020-09-18,268282901.26,长安基金,2.68
012761,华泰柏瑞上证红利ETF联接A,指数型-股票,2021-11-15,268272618.58,华泰柏瑞基金,2.68
021856,博时中证油气资源ETF发起式联接C,指数型-股票,2024-09-19,268258176.38,博时基金,2.68
217019,招商深证TMT50ETF联接A,指数型-股票,2011-06-27,267869849.16,招商基金,2.68
019351,招商远见回报3年定开混合,混合型-偏股,2023-12-04,267850316.18,招商基金,2.68
019103,景顺长城恒生消费ETF联接(QDII)C,指数型-海外股票,2023-10-31,267458685.38,景顺长城基金,2.67
004332,恒生沪港深新兴产业精选混合,混合型-偏股,2017-04-01,267267727.5,恒生前海基金,2.67
008704,广发高股息优享混合A,混合型-偏股,2020-01-20,267235893.99,广发基金,2.67
519766,交银荣鑫灵活配置混合A,混合型-灵活,2016-03-25,267150625.96,交银施罗德基金,2.67
001900,诺安精选价值混合A,混合型-偏股,2019-02-28,266885600.29,诺安基金,2.67
161721,招商沪深300地产等权重指数A,指数型-股票,2014-11-27,266848843.85,招商基金,2.67
004260,德邦稳盈增长灵活配置混合A,混合型-灵活,2017-03-10,266713871.47,德邦基金,2.67
006769,长城研究精选混合A,混合型-偏股,2019-08-14,266697850.37,长城基金,2.67
589630,科创综指ETF国泰,指数型-股票,2025-03-04,266626154.94,国泰基金,2.67
006248,华夏创业板ETF联接A,指数型-股票,2018-08-14,266523460.49,华夏基金,2.67
016631,易方达中证1000ETF联接C,指数型-股票,2023-01-18,266333555.66,易方达基金,2.66
001173,中欧瑾和灵活配置混合A,混合型-灵活,2015-04-13,266057957.78,中欧基金,2.66
006274,圆信永丰医药健康A,混合型-偏股,2018-11-29,266027951.3,圆信永丰基金,2.66
011710,中欧睿泽混合A,混合型-偏股,2021-09-23,265867431.42,中欧基金,2.66
012368,大摩优享六个月持有期混合A,混合型-偏股,2021-07-23,265845151.88,摩根士丹利基金,2.66
018578,摩根恒生科技ETF发起式联接(QDII)C,指数型-海外股票,2023-07-18,265765685.49,摩根基金(中国),2.66
013463,大成致远优势一年持有期混合A,混合型-偏股,2021-11-26,265651904.14,大成基金,2.66
001487,宝盈优势产业混合A,混合型-灵活,2015-08-25,265363077.43,宝盈基金,2.65
519768,交银优选回报灵活配置混合A,混合型-灵活,2016-04-22,265352057.55,交银施罗德基金,2.65
010898,银河产业动力混合A,混合型-偏股,2021-01-25,265350573.29,银河基金,2.65
020237,施罗德中国动力股票C,股票型,2024-04-26,265318518.76,施罗德基金(中国),2.65
910024,东方红启阳三年持有混合A,混合型-偏股,2021-03-15,265236966.3,东方红资产管理,2.65
019155,易方达全球配置混合(QDII)A(人民币),QDII-混合灵活,2023-09-05,265235005.19,易方达基金,2.65
019157,易方达全球配置混合(QDII)A(美元现汇),QDII-混合灵活,2023-09-05,265235005.19,易方达基金,2.65
013298,南方中证科创创业50ETF联接A,指数型-股票,2021-08-19,265046470.7,南方基金,2.65
005206,南方优选成长混合C,混合型-灵活,2017-12-01,264929193.12,南方基金,2.65
015558,万家中证红利ETF联接C,指数型-股票,2022-04-25,264871427.08,万家基金,2.65
000986,太平灵活配置,混合型-灵活,2015-02-10,264779875.58,太平基金,2.65
004391,平安转型创新混合C,混合型-灵活,2017-04-14,264779119.46,平安基金,2.65
460007,华泰柏瑞行业领先混合,混合型-偏股,2009-08-03,264700450.73,华泰柏瑞基金,2.65
002163,东方惠新灵活配置混合C,混合型-灵活,2015-11-20,264343792.39,东方基金,2.64
014163,富国港股通量化精选股票C,股票型,2021-12-07,264189078.25,富国基金,2.64
017919,中欧中证1000指数增强A,指数型-股票,2023-03-02,264090917.72,中欧基金,2.64
519993,长信增利动态策略混合,混合型-偏股,2006-11-09,264052164.11,长信基金,2.64
180013,银华领先策略混合,混合型-偏股,2008-08-20,264039483.67,银华基金,2.64
012154,博时研究慧选混合C,混合型-偏股,2021-06-08,263725901.41,博时基金,2.64
011125,富国文体健康股票C,股票型,2020-12-28,263560463.67,富国基金,2.64
007082,平安高端制造混合A,混合型-偏股,2019-04-24,263398600.16,平安基金,2.63
080001,长盛成长价值混合A,混合型-偏股,2002-09-18,263107487.89,长盛基金,2.63
159379,A500ETF融通,指数型-股票,2025-01-09,263080467.27,融通基金,2.63
013527,嘉实中证细分化工产业主题ETF发起联接A,指数型-股票,2022-09-22,263059201.03,嘉实基金,2.63
006299,恒越核心精选混合A,混合型-偏股,2018-11-15,262879182.19,恒越基金,2.63
010795,民生价值发现一年持有混合A,混合型-偏股,2021-03-05,262765164.56,民生加银基金,2.63
022981,天弘中证科创创业50ETF联接Y,指数型-股票,2024-12-13,262762374.96,天弘基金,2.63
017670,大成卓远视野混合C,混合型-偏股,2024-06-12,262702574.5,大成基金,2.63
005967,鹏华创新驱动混合A,混合型-偏股,2018-06-06,262674097.63,鹏华基金,2.63
519997,长信银利精选混合A,混合型-偏股,2005-01-17,262652123.17,长信基金,2.63
017991,华泰柏瑞致远混合A,混合型-偏股,2023-05-24,262347966.8,华泰柏瑞基金,2.62
000547,建信健康民生混合A,混合型-偏股,2014-03-21,262327462.57,建信基金,2.62
009009,平安科技创新混合C,混合型-偏股,2020-03-06,262310801.68,平安基金,2.62
517050,互联网ETF华泰柏瑞,指数型-股票,2021-01-25,262265695.8,华泰柏瑞基金,2.62
013316,嘉实中证科创创业50ETF发起联接C,指数型-股票,2021-08-24,262222256.46,嘉实基金,2.62
017938,易方达中证医疗ETF联接发起式C,指数型-股票,2023-03-15,262061912.4,易方达基金,2.62
016924,广发百发大数据价值混合C,混合型-灵活,2022-10-21,261847955.43,广发基金,2.62
017853,易方达云计算ETF联接A,指数型-股票,2023-03-15,261780070.72,易方达基金,2.62
010588,鹏扬先进制造混合C,混合型-偏股,2021-02-02,261723640.84,鹏扬基金,2.62
012456,鹏扬数字经济先锋混合A,混合型-偏股,2021-09-07,261509113.71,鹏扬基金,2.62
000990,嘉实全球互联网股票美元现钞,QDII-普通股票,2015-04-15,261472248.66,嘉实基金,2.61
000989,嘉实全球互联网股票美元现汇,QDII-普通股票,2015-04-15,261472248.66,嘉实基金,2.61
516620,影视ETF国泰,指数型-股票,2021-10-20,261426483.38,国泰基金,2.61
000955,南方产业活力,股票型,2015-01-27,261423089.23,南方基金,2.61
310388,申万菱信消费增长混合A,混合型-偏股,2009-06-12,261273989.34,申万菱信基金,2.61
022367,贝莱德沪深300指数增强C,指数型-股票,2024-11-26,261228651.44,贝莱德基金管理,2.61
000656,前海开源沪深300指数A,指数型-股票,2014-06-17,261152412.17,前海开源基金,2.61
180018,银华和谐主题混合,混合型-灵活,2009-04-27,260975278.48,银华基金,2.61
010806,东财中证新能源车ETF发起式联接C,指数型-股票,2020-12-16,260799401.57,东财基金,2.61
502013,长盛中证申万一带一路指数(LOF),指数型-股票,2015-05-29,260581567.99,长盛基金,2.61
013311,华夏科创创业50ETF联接C,指数型-股票,2021-08-24,260559066.07,华夏基金,2.61
588250,科创医药ETF鹏华,指数型-股票,2025-03-12,260469085.04,鹏华基金,2.6
016493,南方均衡成长混合C,混合型-偏股,2022-09-30,260412047.53,南方基金,2.6
014063,景顺长城专精特新量化优选股票C,股票型,2021-11-25,260211046.94,景顺长城基金,2.6
021882,鑫元华证沪深港红利50指数C,指数型-股票,2024-09-24,260073268.68,鑫元基金,2.6
001558,天弘医疗健康混合A,混合型-偏股,2015-06-30,259955043.52,天弘基金,2.6
017746,建信电子行业股票A,股票型,2023-04-11,259951431.17,建信基金,2.6
011040,天弘国证生物医药ETF发起式联接A,指数型-股票,2021-01-27,259949555.05,天弘基金,2.6
017458,长城创新驱动混合C,混合型-偏股,2022-11-30,259919326.99,长城基金,2.6
009277,融通行业景气混合C,混合型-灵活,2020-05-13,259735876.97,融通基金,2.6
159527,云计算ETF广发,指数型-股票,2024-01-22,259680488.96,广发基金,2.6
021758,中欧沪深300指数量化增强C,指数型-股票,2024-11-29,259652187.58,中欧基金,2.6
589860,科创综指ETF天弘,指数型-股票,2025-02-26,259564680.81,天弘基金,2.6
012815,宝盈新兴产业混合C,混合型-灵活,2021-07-02,259349865.32,宝盈基金,2.59
233007,大摩卓越成长混合,混合型-偏股,2010-05-18,259189985.39,摩根士丹利基金,2.59
021330,富国上证科创板100ETF发起式联接C,指数型-股票,2024-12-10,259183284.26,富国基金,2.59
003379,中信保诚至选混合A,混合型-灵活,2016-11-08,259134091.89,中信保诚基金,2.59
001314,易方达新益混合I,混合型-灵活,2015-06-16,259125060.38,易方达基金,2.59
004958,圆信永丰优享生活,混合型-灵活,2017-08-30,259105532.42,圆信永丰基金,2.59
660003,农银平衡双利混合,混合型-灵活,2009-04-08,258614448.06,农银汇理基金,2.59
007874,华宝科技ETF联接C,指数型-股票,2019-08-30,258546734.94,华宝基金,2.59
016129,景顺长城中证红利低波动100ETF发起联接C,指数型-股票,2022-08-02,258467380.91,景顺长城基金,2.58
159663,机床ETF华夏,指数型-股票,2022-10-12,258292526.44,华夏基金,2.58
023482,万家中证港股通创新药ETF发起式联接C,指数型-股票,2025-03-20,258269037.7,万家基金,2.58
007016,富国睿泽回报混合,混合型-偏股,2019-06-05,258102983.51,富国基金,2.58
519979,长信内需成长混合A,混合型-偏股,2011-10-20,258060856.62,长信基金,2.58
016462,华宝生态中国混合C,混合型-偏股,2022-08-17,257497125.56,华宝基金,2.57
001645,国泰大健康股票A,股票型,2016-02-03,257458250.27,国泰基金,2.57
516660,新能源车ETF华安,指数型-股票,2021-02-03,257344072.15,华安基金,2.57
011461,鹏华创新成长混合C,混合型-偏股,2021-03-09,257287863.86,鹏华基金,2.57
560680,消费ETF广发,指数型-股票,2022-10-19,257236053.5,广发基金,2.57
003835,鹏华沪深港新兴成长混合A,混合型-灵活,2016-12-02,257197726.36,鹏华基金,2.57
159639,碳中和ETF南方,指数型-股票,2022-07-11,256903717.87,南方基金,2.57
007538,永赢沪深300ETF发起联接A,指数型-股票,2019-07-09,256353180.23,永赢基金,2.56
000199,国泰量化策略收益混合A,混合型-偏股,2013-08-12,256351146.68,国泰基金,2.56
007379,易方达上证50ETF联接基金A,指数型-股票,2019-09-09,256334630.8,易方达基金,2.56
013332,富国中证500指数增强(LOF)C,指数型-股票,2021-08-19,256287846.24,富国基金,2.56
000126,招商安润灵活配置混合A,混合型-灵活,2013-04-19,256279781.02,招商基金,2.56
014519,博时恒生高股息率ETF发起式联接A,指数型-股票,2022-01-10,256189769.46,博时基金,2.56
007675,工银产业升级股票C,股票型,2019-12-25,255654330.26,工银瑞信基金,2.56
017851,交银启信混合发起C,混合型-偏股,2023-03-01,255536569.09,交银施罗德基金,2.56
015860,宝盈国证证券龙头指数发起C,指数型-股票,2022-07-12,255396559.56,宝盈基金,2.55
008404,华泰紫金泰盈混合A,混合型-偏股,2020-01-21,255317643.32,华泰证券(上海)资产管理,2.55
563060,央企50ETF易方达,指数型-股票,2025-05-08,255247180.46,易方达基金,2.55
011132,鹏扬沪深300质量成长低波动A,指数型-股票,2021-05-25,254966274.66,鹏扬基金,2.55
022366,贝莱德沪深300指数增强A,指数型-股票,2024-11-26,254798503.52,贝莱德基金管理,2.55
001966,圆信永丰兴源灵活配置混合C,混合型-灵活,2017-06-21,254641263.37,圆信永丰基金,2.55
009225,天弘中证中美互联网(QDII)A,指数型-海外股票,2020-05-27,254605072.61,天弘基金,2.55
010129,宝盈发展新动能股票C,股票型,2020-09-27,254391938.32,宝盈基金,2.54
519696,交银环球精选混合(QDII)A,QDII-混合偏股,2008-08-22,254333353.34,交银施罗德基金,2.54
022466,华安中证A500ETF发起式联接C,指数型-股票,2024-11-12,254244427.31,华安基金,2.54
005695,华安睿明两年定开混合A,混合型-灵活,2018-04-23,254162160.43,华安基金,2.54
016050,华商高端装备制造股票C,股票型,2022-07-07,254052362.66,华商基金,2.54
002064,华富产业升级灵活配置混合A,混合型-灵活,2017-05-08,254036754.95,华富基金,2.54
005481,银华瑞泰灵活配置混合,混合型-灵活,2018-02-08,254015600.21,银华基金,2.54
007107,太平MSCI香港价值增强A,指数型-股票,2019-07-31,253930215.89,太平基金,2.54
013166,东兴宸祥量化混合A,混合型-偏股,2022-01-28,253707488.8,东兴基金,2.54
017416,中泰元和价值精选混合C,混合型-偏股,2023-02-17,253698263.72,中泰证券(上海)资管,2.54
019737,宝盈纳斯达克100指数发起(QDII)C人民币,指数型-海外股票,2024-03-22,253693353.9,宝盈基金,2.54
019739,宝盈纳斯达克100指数发起(QDII)C美元现汇,指数型-海外股票,2024-03-22,253693353.9,宝盈基金,2.54
015970,华泰柏瑞景气驱动混合A,混合型-偏股,2022-09-28,253672200.19,华泰柏瑞基金,2.54
019522,景顺长城价值发现混合A2,混合型-偏股,2023-10-31,253392157.09,景顺长城基金,2.53
520580,新兴亚洲ETF招商,指数型-海外股票,2025-01-16,253244848.68,招商基金,2.53
017877,汇添富新能源精选混合发起式C,混合型-偏股,2023-03-17,253130038.62,汇添富基金,2.53
002181,华安大安全主题混合A,混合型-灵活,2017-08-23,253020126.85,华安基金,2.53
040016,华安行业轮动混合,混合型-偏股,2010-05-11,252972914.02,华安基金,2.53
022691,华安医药生物股票发起式C,股票型,2024-12-25,252926115.21,华安基金,2.53
024039,银华港股科技30联接I,指数型-股票,2025-04-25,252709146.36,银华基金,2.53
019156,易方达全球配置混合(QDII)C(人民币),QDII-混合灵活,2023-09-05,252665523.2,易方达基金,2.53
019158,易方达全球配置混合(QDII)C(美元现汇),QDII-混合灵活,2023-09-05,252665523.2,易方达基金,2.53
007925,平安鑫享混合E,混合型-灵活,2019-09-18,252659903.01,平安基金,2.53
019337,万家国企动力混合C,混合型-偏股,2024-03-20,252568150.35,万家基金,2.53
501209,银华富久食品饮料精选混合(LOF)A,混合型-偏股,2021-09-03,252375306.42,银华基金,2.52
019300,海富通国策导向混合D,混合型-偏股,2023-09-01,252313460.81,海富通基金,2.52
159916,基本面ETF建信,指数型-股票,2011-09-08,252170816.52,建信基金,2.52
013009,万家港股通精选混合A,混合型-偏股,2022-01-05,252138306.45,万家基金,2.52
163110,申万菱信量化小盘股票(LOF)A,股票型,2011-06-16,252106563.97,申万菱信基金,2.52
022371,鹏华弘泰混合D,混合型-灵活,2024-10-22,252070706.62,鹏华基金,2.52
022474,兴全中证A500指数增强C,指数型-股票,2024-12-24,252051633.11,兴证全球基金,2.52
016341,银河价值成长混合C,混合型-偏股,2022-11-09,251985587.46,银河基金,2.52
014986,东方核心动力混合C,混合型-偏股,2022-01-27,251870986.05,东方基金,2.52
519100,长盛中证A100指数,指数型-股票,2006-11-22,251685472.09,长盛基金,2.52
006021,广发沪深300指数增强C,指数型-股票,2018-06-29,251651160.63,广发基金,2.52
021095,东方低碳经济混合C,混合型-偏股,2025-03-04,251499977.79,东方基金,2.51
010875,泰康品质生活混合C,混合型-偏股,2020-12-30,251385826.65,泰康基金,2.51
001043,工银美丽城镇股票A,股票型,2015-03-26,251305631.2,工银瑞信基金,2.51
017787,万家宏观择时多策略混合C,混合型-灵活,2023-01-17,251160983.0,万家基金,2.51
360005,光大红利混合A,混合型-偏股,2006-03-24,251072496.04,光大保德信基金,2.51
011261,金鹰新能源混合C,混合型-偏股,2021-03-23,250969267.19,金鹰基金,2.51
003591,华泰柏瑞享利混合A,混合型-灵活,2016-12-29,250964386.43,华泰柏瑞基金,2.51
000354,长盛城镇化主题混合A,混合型-偏股,2013-11-12,250913031.29,长盛基金,2.51
022980,天弘中证红利低波动100联接Y,指数型-股票,2024-12-13,250787824.47,天弘基金,2.51
021594,上银数字经济混合发起式C,混合型-偏股,2024-08-06,250700709.98,上银基金,2.51
010335,华宝竞争优势混合A,混合型-偏股,2020-12-08,250678488.45,华宝基金,2.51
001749,招商中国机遇股票A,股票型,2018-02-08,250198099.36,招商基金,2.5
161227,国投瑞银深证100指数,指数型-股票,2015-08-14,250036782.35,国投瑞银基金,2.5
005905,华泰保兴成长优选C,混合型-偏股,2018-06-07,249886611.21,华泰保兴基金,2.5
018128,博时北证50成份指数发起式A,指数型-股票,2023-05-23,249770327.78,博时基金,2.5
009564,汇安消费龙头混合A,混合型-偏股,2020-08-11,249679924.83,汇安基金,2.5
180020,银华成长先锋混合,混合型-灵活,2010-10-08,249631548.73,银华基金,2.5
012437,德邦价值优选混合A,混合型-偏股,2021-08-12,249445938.63,德邦基金,2.49
021186,中信保诚中证500指数增强C,指数型-股票,2024-06-21,249332276.14,中信保诚基金,2.49
020639,广发半导体设备ETF联接A,指数型-股票,2024-03-05,249302610.57,广发基金,2.49
010563,永赢成长领航混合C,混合型-偏股,2020-12-01,249244699.69,永赢基金,2.49
012552,天弘芯片产业ETF联接A,指数型-股票,2021-07-21,249134622.33,天弘基金,2.49
011129,华安精致生活混合C,混合型-偏股,2021-03-09,249114996.81,华安基金,2.49
005640,平安300ETF联接C,指数型-股票,2018-04-04,248969501.13,平安基金,2.49
010779,西部利得量化优选一年持有A,混合型-偏股,2021-01-19,248767902.5,西部利得基金,2.49
019666,易方达中证创新药产业ETF联接发起式A,指数型-股票,2023-11-14,248713008.84,易方达基金,2.49
589980,科创100ETF汇添富,指数型-股票,2025-04-25,248690877.54,汇添富基金,2.49
159855,影视ETF银华,指数型-股票,2021-02-09,248690658.83,银华基金,2.49
001345,富国新收益灵活配置混合A,混合型-灵活,2015-05-26,248479083.0,富国基金,2.48
005004,交银品质升级混合A,混合型-偏股,2018-02-08,248360802.66,交银施罗德基金,2.48
018242,万家颐德一年持有期混合A,混合型-偏股,2023-05-05,248265659.83,万家基金,2.48
007731,民生加银持续成长混合A,混合型-偏股,2019-09-24,248255788.77,民生加银基金,2.48
017087,嘉实ESG可持续投资混合C,混合型-偏股,2023-03-06,248249630.2,嘉实基金,2.48
001304,建信鑫安回报灵活配置混合A,混合型-灵活,2015-05-14,248145843.22,建信基金,2.48
159669,绿色电力ETF国泰,指数型-股票,2022-12-29,248029894.74,国泰基金,2.48
561190,碳中和ETF富国,指数型-股票,2022-07-11,247841908.57,富国基金,2.48
002018,鹏华弘安混合A,混合型-灵活,2015-11-24,247516564.65,鹏华基金,2.48
016563,金鹰红利价值混合C,混合型-灵活,2022-08-24,247515676.7,金鹰基金,2.48
519651,银河转型混合A,混合型-灵活,2015-05-12,247497884.57,银河基金,2.47
630016,华商价值共享混合发起式,混合型-灵活,2013-03-18,247339610.66,华商基金,2.47
010352,诺安沪深300指数增强C,指数型-股票,2020-10-28,247280147.65,诺安基金,2.47
008279,国泰中证煤炭ETF联接A,指数型-股票,2020-01-16,246996501.75,国泰基金,2.47
022675,中欧中证A500指数增强C,指数型-股票,2024-12-30,246979767.68,中欧基金,2.47
019702,易方达上证科创板成长ETF联接发起式A,指数型-股票,2024-01-04,246859928.47,易方达基金,2.47
160813,长盛同盛成长优选(LOF),混合型-灵活,2014-11-05,246846081.66,长盛基金,2.47
005062,博时中证500指数增强A,指数型-股票,2017-09-26,246833204.9,博时基金,2.47
014238,东财中证新能源指数增强C,指数型-股票,2021-12-07,246673851.48,东财基金,2.47
560002,益民红利成长混合,混合型-偏股,2006-11-21,246666194.57,益民基金,2.47
020021,国泰金融ETF联接A,指数型-股票,2011-03-31,246574108.31,国泰基金,2.47
159331,红利港股ETF国泰,指数型-股票,2024-07-23,246561344.19,国泰基金,2.47
007523,汇添富内需增长股票A,股票型,2019-07-31,246540230.66,汇添富基金,2.47
563860,中证A500ETF海富通,指数型-股票,2025-01-22,246522478.45,海富通基金,2.47
005251,银华多元动力灵活配置混合,混合型-灵活,2017-12-14,246363847.96,银华基金,2.46
002051,诺安创新驱动混合C,混合型-灵活,2015-11-18,246346021.86,诺安基金,2.46
399001,中海上证50指数增强,指数型-股票,2010-03-25,246106483.15,中海基金,2.46
002863,金信深圳成长混合A,混合型-灵活,2016-12-22,246053477.91,金信基金,2.46
010442,东方红启盛三年持有混合B,混合型-偏股,2021-07-08,245818289.16,东方红资产管理,2.46
159954,恒生中国企业ETF南方,指数型-股票,2018-02-08,245749044.45,南方基金,2.46
013620,华安媒体互联网混合C,混合型-灵活,2021-10-18,245615481.07,华安基金,2.46
012262,华宝可持续发展混合A,混合型-偏股,2021-12-10,245573553.9,华宝基金,2.46
519156,新华行业灵活配置混合A,混合型-灵活,2013-06-05,245351643.18,新华基金,2.45
012174,国泰兴泽优选一年持有期混合C,混合型-偏股,2021-09-23,245342806.27,国泰基金,2.45
011131,富国沪港深价值混合C,混合型-灵活,2020-12-29,245310543.09,富国基金,2.45
519686,交银上证180公司治理联接,指数型-股票,2009-09-29,245203734.49,交银施罗德基金,2.45
010314,大摩内需增长混合A,混合型-偏股,2020-12-16,245024905.56,摩根士丹利基金,2.45
501066,东方红恒元五年持有混合,混合型-偏股,2018-11-02,244829907.46,东方红资产管理,2.45
501085,财通科创主题灵活配置混合(LOF),混合型-灵活,2019-07-11,244710122.44,财通基金,2.45
001028,华安物联网主题股票A,股票型,2015-03-17,244696961.66,华安基金,2.45
002315,创金合信沪深300指数增强C,指数型-股票,2015-12-31,244576356.23,创金合信基金,2.45
673110,西部利得新润混合A,混合型-灵活,2017-08-25,244425534.05,西部利得基金,2.44
023262,景顺长城资源垄断混合(LOF)C,混合型-偏股,2025-01-23,244221854.22,景顺长城基金,2.44
018391,南方上海金ETF联接A,指数型-其他,2023-07-25,244217152.58,南方基金,2.44
004945,长信中证500指数增强A,指数型-股票,2017-08-30,244053389.41,长信基金,2.44
016303,中信建投北交所精选两年定开混合A,混合型-偏股,2022-08-16,243870469.82,中信建投基金,2.44
501043,汇添富沪深300指数(LOF)A,指数型-股票,2017-09-06,243788909.92,汇添富基金,2.44
021619,天弘石油天然气指数A,指数型-股票,2024-07-05,243730877.88,天弘基金,2.44
020151,中信保诚景气优选混合A,混合型-偏股,2024-02-26,243503664.15,中信保诚基金,2.44
013123,汇添富精选核心优势一年持有混合A,混合型-偏股,2021-09-07,243494269.33,汇添富基金,2.43
006341,中金MSCI质量A,指数型-股票,2018-11-22,243380618.96,中金基金,2.43
008467,博道嘉瑞混合A,混合型-偏股,2019-12-30,243365150.59,博道基金,2.43
005522,华泰保兴吉年福定开混合,混合型-灵活,2017-12-28,243311742.3,华泰保兴基金,2.43
021902,广发主题领先混合C,混合型-灵活,2024-07-25,243308772.31,广发基金,2.43
013854,大成匠心卓越三年持有混合C,混合型-偏股,2022-06-07,243299996.97,大成基金,2.43
001192,摩根整合驱动混合A,混合型-灵活,2015-04-23,243164971.4,摩根基金(中国),2.43
013303,招商中证科创创业50ETF联接C,指数型-股票,2021-08-24,243118675.09,招商基金,2.43
011404,融通鑫新成长混合C,混合型-偏股,2021-10-08,242988517.35,融通基金,2.43
510010,180治理ETF交银,指数型-股票,2009-09-25,242757004.46,交银施罗德基金,2.43
017724,银华心质混合C,混合型-偏股,2023-03-30,242743905.57,银华基金,2.43
014915,财通匠心优选一年持有混合A,混合型-偏股,2022-04-07,242580098.35,财通基金,2.43
022309,国联沪深300指数增强A,指数型-股票,2024-11-26,242464735.19,国联基金,2.42
013274,长城优化升级混合C,混合型-偏股,2021-08-11,242268931.62,长城基金,2.42
010805,东财中证新能源车ETF发起式联接A,指数型-股票,2020-12-16,242125009.93,东财基金,2.42
020558,工银健康产业混合A,混合型-偏股,2024-09-06,241882088.21,工银瑞信基金,2.42
003715,宝盈消费主题混合,混合型-灵活,2017-01-04,241810891.59,宝盈基金,2.42
000339,长城医疗保健混合A,混合型-偏股,2014-02-28,241716168.14,长城基金,2.42
007303,京管泰富优势混合A,混合型-偏股,2023-11-17,241677863.51,北京京管泰富基金,2.42
519095,新华行业周期轮换混合A,混合型-偏股,2010-07-21,241572726.92,新华基金,2.42
010855,汇添富沪深300基本面增强指数C,指数型-股票,2021-01-20,241429369.0,汇添富基金,2.41
011733,银华瑞祥一年持有期混合,混合型-偏股,2021-04-29,241421702.37,银华基金,2.41
012484,前海开源优质龙头6个月持有混合C,混合型-偏股,2021-07-09,241419546.21,前海开源基金,2.41
005774,华夏产业升级混合A,混合型-偏股,2018-08-24,241402367.83,华夏基金,2.41
018995,景顺长城中国回报混合C,混合型-灵活,2023-08-04,241339781.83,景顺长城基金,2.41
010187,嘉实核心成长混合C,混合型-偏股,2020-10-28,241278170.23,嘉实基金,2.41
018295,景顺长城国企价值混合C,混合型-偏股,2023-05-30,241101825.8,景顺长城基金,2.41
009059,南方沪深300增强A,指数型-股票,2020-04-23,241038834.19,南方基金,2.41
016590,富国汽车智选混合A,混合型-偏股,2022-09-28,240907513.1,富国基金,2.41
001835,易方达瑞祥混合A,混合型-灵活,2018-01-19,240819861.58,易方达基金,2.41
159587,粮食ETF广发,指数型-股票,2024-08-08,240638927.92,广发基金,2.41
011466,兴业医疗保健混合A,混合型-偏股,2021-03-08,240549809.62,兴业基金,2.41
013312,工银主题策略混合C,混合型-偏股,2021-08-23,240306990.66,工银瑞信基金,2.4
011855,银华长荣混合A,混合型-偏股,2021-06-18,239915245.12,银华基金,2.4
008315,摩根慧选成长股票C,股票型,2020-01-22,239841699.4,摩根基金(中国),2.4
000717,融通转型三动力灵活配置混合A,混合型-灵活,2015-01-16,239605520.32,融通基金,2.4
021918,永赢港股通品质生活慧选混合C,混合型-偏股,2024-07-24,239600994.38,永赢基金,2.4
015633,中金景气驱动混合发起A,混合型-偏股,2022-05-05,239559574.3,中金基金,2.4
023852,富国上证科创板新能源ETF发起式联接C,指数型-股票,2025-04-29,239531917.66,富国基金,2.4
159824,新能源车ETF博时,指数型-股票,2020-12-10,239360537.89,博时基金,2.39
017894,汇添富纳斯达克生物科技ETF发起式联接(QDII)人民币A,指数型-海外股票,2023-03-14,239347904.92,汇添富基金,2.39
001908,国投瑞银境煊灵活配置混合C,混合型-灵活,2015-10-28,239176939.0,国投瑞银基金,2.39
012447,华夏互联网龙头混合A,混合型-偏股,2021-07-20,239096378.21,华夏基金,2.39
008656,招商科技创新混合C,混合型-偏股,2020-02-12,238702180.25,招商基金,2.39
014972,华安沪港深外延增长灵活配置混合C,混合型-灵活,2022-05-10,238644671.41,华安基金,2.39
014939,同泰产业升级混合C,混合型-偏股,2022-03-24,238552116.87,同泰基金,2.39
001152,融通新区域新经济灵活配置混合,混合型-灵活,2015-05-20,238527056.71,融通基金,2.39
009791,中欧创业板两年定开混合C,混合型-偏股,2020-07-16,238471494.06,中欧基金,2.38
013302,招商中证科创创业50ETF联接A,指数型-股票,2021-08-24,238457268.32,招商基金,2.38
002178,嘉实新起点混合C,混合型-灵活,2015-12-04,238425572.02,嘉实基金,2.38
011705,东方阿尔法产业先锋混合C,混合型-偏股,2021-07-21,238338055.2,东方阿尔法基金,2.38
515360,沪深300ETF方正富邦,指数型-股票,2019-09-24,238266215.75,方正富邦基金,2.38
019625,泉果嘉源三年持有期混合C,混合型-偏股,2023-12-05,238203545.94,泉果基金,2.38
001324,华宝新价值混合,混合型-灵活,2015-06-01,238166580.17,华宝基金,2.38
015100,华泰柏瑞低碳经济智选混合A,混合型-偏股,2022-08-02,238157905.55,华泰柏瑞基金,2.38
017646,易方达中证光伏产业ETF联接发起式A,指数型-股票,2023-04-11,238100435.97,易方达基金,2.38
019817,广发创业板ETF发起式联接E,指数型-股票,2023-10-24,238075010.07,广发基金,2.38
510130,上证中盘ETF易方达,指数型-股票,2010-03-29,237911987.32,易方达基金,2.38
008328,诺安新兴产业混合,混合型-偏股,2020-03-10,237754821.64,诺安基金,2.38
001466,华富永鑫灵活配置混合A,混合型-灵活,2015-06-15,237634552.97,华富基金,2.38
012473,大成成长回报六个月持有混合A,混合型-偏股,2021-08-03,237627332.75,大成基金,2.38
016019,招商中证电池主题ETF联接A,指数型-股票,2022-07-12,237424750.13,招商基金,2.37
005241,中欧时代智慧混合A,混合型-偏股,2018-01-25,237361112.46,中欧基金,2.37
013963,华夏创新视野一年持有混合C,混合型-偏股,2021-11-10,237291460.63,华夏基金,2.37
010755,博道睿见一年持有期混合,混合型-偏股,2020-12-08,237189793.71,博道基金,2.37
159910,基本面120ETF嘉实,指数型-股票,2011-08-01,237151181.7,嘉实基金,2.37
019313,易方达中证港股通互联网ETF发起式联接A,指数型-股票,2023-09-21,237147336.15,易方达基金,2.37
005228,汇添富港股通专注成长,混合型-偏股,2017-11-10,237121357.97,汇添富基金,2.37
009447,财通资管科技创新一年定开混合,混合型-偏股,2020-07-10,237063922.91,财通资管,2.37
516050,科技龙头ETF工银,指数型-股票,2021-01-21,236980253.54,工银瑞信基金,2.37
001285,易方达新鑫混合I,混合型-灵活,2015-05-14,236628617.43,易方达基金,2.37
016502,永赢新兴消费智选混合发起A,混合型-偏股,2022-12-08,236594367.1,永赢基金,2.37
012243,东方红内需增长混合B,混合型-偏股,2021-06-01,236515073.11,东方红资产管理,2.37
022211,人保红利智享混合A,混合型-偏股,2024-12-03,236359829.54,人保资产,2.36
015998,大成中证电池主题ETF发起式联接C,指数型-股票,2022-06-28,236354739.94,大成基金,2.36
009910,嘉实动力先锋混合C,混合型-偏股,2020-11-23,236218716.97,嘉实基金,2.36
017140,华宝中证有色金属ETF发起式联接A,指数型-股票,2022-12-13,236194231.93,华宝基金,2.36
159322,黄金股ETF平安,指数型-股票,2024-06-05,236127054.5,平安基金,2.36
009414,中银大健康股票A,股票型,2020-05-27,235986339.39,中银基金,2.36
013314,富国中证科创创业50ETF联接C,指数型-股票,2021-08-24,235815894.82,富国基金,2.36
011204,永赢惠添益混合C,混合型-偏股,2021-03-16,235791054.87,永赢基金,2.36
018919,华夏清洁能源龙头混合发起式C,混合型-偏股,2023-08-22,235753158.88,华夏基金,2.36
005636,博时量化多策略股票C,股票型,2018-04-03,235706361.92,博时基金,2.36
519116,浦银安盛沪深300指数增强A,指数型-股票,2010-12-10,235633698.74,浦银安盛基金,2.36
022590,中信保诚幸福消费混合C,混合型-偏股,2024-11-08,235555406.71,中信保诚基金,2.36
004347,南方中证500信息技术联接C,指数型-股票,2017-02-23,235490308.38,南方基金,2.35
013613,宝盈国家安全沪港深股票C,股票型,2021-09-24,235460040.83,宝盈基金,2.35
530015,建信深证基本面60ETF联接A,指数型-股票,2011-09-08,235396328.26,建信基金,2.35
007109,南方沪港深核心优势混合A,混合型-偏股,2020-12-25,235378546.99,南方基金,2.35
021279,永赢上证科创板100指数增强发起C,指数型-股票,2024-05-28,235318361.05,永赢基金,2.35
020894,景顺长城国证机器人ETF联接C,指数型-股票,2024-03-22,235266137.62,景顺长城基金,2.35
014203,鹏扬产业趋势一年持有混合A,混合型-偏股,2022-01-27,235232192.17,鹏扬基金,2.35
018131,博时ESG量化选股混合C,混合型-偏股,2023-03-31,235145169.51,博时基金,2.35
159822,新经济ETF银华,指数型-海外股票,2020-09-29,235117396.27,银华基金,2.35
019861,鹏华上证科创100ETF联接A,指数型-股票,2023-12-01,235003089.0,鹏华基金,2.35
501059,西部利得国企红利指数增强A,指数型-股票,2018-07-11,234918038.88,西部利得基金,2.35
001272,兴业聚利灵活配置混合A,混合型-灵活,2015-05-07,234873343.68,兴业基金,2.35
021184,平安中证A50ETF联接C,指数型-股票,2024-04-23,234608400.45,平安基金,2.35
159863,光伏ETF鹏华,指数型-股票,2021-02-22,234522942.04,鹏华基金,2.35
010203,天弘中证科技100指数增强发起C,指数型-股票,2020-10-28,234513173.23,天弘基金,2.35
501036,汇添富中证500ETF联接(LOF)A,指数型-股票,2017-08-10,234251696.0,汇添富基金,2.34
005300,万家成长优选混合C,混合型-灵活,2018-02-01,234202682.54,万家基金,2.34
019937,华安恒生互联网科技业ETF发起式联接(QDII)C,指数型-海外股票,2024-02-06,234154896.22,华安基金,2.34
015320,长江新兴产业混合A,混合型-偏股,2022-04-22,234111165.21,长江证券(上海)资管,2.34
013553,汇添富成长领先混合C,混合型-偏股,2021-12-10,233748926.85,汇添富基金,2.34
015016,华安德国(DAX)联接(QDII)C,指数型-海外股票,2022-02-22,233725182.46,华安基金,2.34
021979,兴全红利量化选股股票A,股票型,2024-10-31,233617975.62,兴证全球基金,2.34
610006,信澳产业升级混合A,混合型-偏股,2011-06-13,233402173.18,信达澳亚基金,2.33
561600,消费电子ETF平安,指数型-股票,2021-08-30,233371009.32,平安基金,2.33
017042,富国碳中和混合C,混合型-偏股,2023-02-24,233370464.39,富国基金,2.33
009234,鹏华优质企业混合A,混合型-偏股,2020-06-11,233068365.03,鹏华基金,2.33
009392,汇添富优质成长混合C,混合型-偏股,2020-05-25,232996313.43,汇添富基金,2.33
021551,博时中证红利低波动100ETF联接C,指数型-股票,2024-07-19,232988895.3,博时基金,2.33
000117,广发轮动配置混合,混合型-偏股,2013-05-28,232811889.72,广发基金,2.33
011078,诺德品质消费6个月持有混合,混合型-偏股,2021-02-10,232755274.38,诺德基金,2.33
001822,华商智能生活灵活配置混合A,混合型-灵活,2015-11-13,232698031.74,华商基金,2.33
001127,中银宏观策略混合A,混合型-灵活,2015-04-10,232672894.28,中银基金,2.33
006124,国联高股息混合C,混合型-偏股,2019-09-26,232644414.6,国联基金,2.33
011478,工银美丽城镇股票C,股票型,2021-02-09,232354052.72,工银瑞信基金,2.32
006308,汇添富全球消费混合(QDII)人民币A,QDII-混合偏股,2018-09-21,232143511.51,汇添富基金,2.32
010296,万家互联互通中国优势A,混合型-偏股,2020-11-04,232141426.6,万家基金,2.32
001009,摩根安全战略股票A,股票型,2015-02-26,232094082.72,摩根基金(中国),2.32
004505,博时新兴消费主题混合A,混合型-偏股,2017-06-05,231959435.23,博时基金,2.32
022925,易方达中证红利ETF联接发起式Y,指数型-股票,2024-12-13,231917320.26,易方达基金,2.32
450008,国富沪深300指数增强A,指数型-股票,2009-09-03,231836131.19,国海富兰克林基金,2.32
159757,电池ETF景顺,指数型-股票,2021-07-21,231572207.45,景顺长城基金,2.32
018777,金信精选成长混合C,混合型-偏股,2023-09-14,231542124.68,金信基金,2.32
015368,国泰海通领航成长一年持有混合发起A,混合型-偏股,2023-02-28,231516109.96,国泰海通资管,2.32
010349,诺安低碳经济股票C,股票型,2020-10-28,231295754.63,诺安基金,2.31
501071,泓德丰泽混合(LOF)A,混合型-偏股,2019-03-28,231150041.12,泓德基金,2.31
005810,南方瑞祥一年混合A,混合型-灵活,2018-05-10,231050489.51,南方基金,2.31
005143,国联沪港深大消费主题C,混合型-灵活,2017-11-16,230984030.23,国联基金,2.31
021584,中欧中证港股通央企红利指数发起(QDII)C,指数型-海外股票,2024-07-01,230952190.26,中欧基金,2.31
016550,永赢消费龙头智选混合发起C,混合型-偏股,2022-12-08,230950082.26,永赢基金,2.31
013142,华商乐享互联灵活配置混合C,混合型-灵活,2021-07-30,230811225.83,华商基金,2.31
012294,泰康优势精选三年持有期混合,混合型-偏股,2021-08-31,230699747.26,泰康基金,2.31
022805,中加中证A500指数增强发起式C,指数型-股票,2025-01-24,230697753.71,中加基金,2.31
398011,中海分红增利混合,混合型-灵活,2005-06-16,230494159.86,中海基金,2.3
008371,华安汇智精选两年持有混合,混合型-偏股,2019-12-18,230449586.83,华安基金,2.3
501302,南方恒指ETF联接(LOF)A,指数型-股票,2017-07-21,230380584.06,南方基金,2.3
007548,易方达ESG责任投资股票,股票型,2019-09-02,230327955.23,易方达基金,2.3
011447,长江新能源产业混合发起C,混合型-偏股,2021-04-14,230048357.83,长江证券(上海)资管,2.3
159767,电池龙头ETF兴银,指数型-股票,2021-08-06,229994260.85,兴银基金管理,2.3
040020,华安升级主题混合A,混合型-偏股,2011-04-22,229871016.73,华安基金,2.3
001139,华安新动力灵活配置混合A,混合型-灵活,2015-03-24,229794680.7,华安基金,2.3
010615,国金自主创新混合A,混合型-偏股,2021-01-20,229493509.45,国金基金,2.29
004191,招商沪深300指数增强C,指数型-股票,2017-02-10,229430796.49,招商基金,2.29
014414,招商中证畜牧养殖ETF联接A,指数型-股票,2022-04-19,229341276.98,招商基金,2.29
320015,诺安行业轮动混合A,混合型-偏股,2011-05-13,229287694.4,诺安基金,2.29
011403,融通鑫新成长混合A,混合型-偏股,2021-10-08,229005553.68,融通基金,2.29
018524,华泰紫金恒生互联网科技业指数型发起基金(QDII)C,指数型-海外股票,2023-06-28,228822724.05,华泰证券(上海)资产管理,2.29
002095,博时新收益A,混合型-灵活,2016-02-04,228774601.85,博时基金,2.29
011042,国泰价值先锋股票A,股票型,2021-03-09,228767081.44,国泰基金,2.29
018010,长盛电子信息产业混合C,混合型-偏股,2023-03-02,228391739.85,长盛基金,2.28
512550,富时A50ETF嘉实,指数型-股票,2017-07-03,228314173.61,嘉实基金,2.28
017174,天弘国证绿色电力指数发起A,指数型-股票,2023-07-07,228190397.45,天弘基金,2.28
014531,华夏MSCI中国A50互联互通ETF发起式联接C,指数型-股票,2021-12-28,228088494.35,华夏基金,2.28
673081,西部利得祥运混合A,混合型-灵活,2016-12-05,227938403.28,西部利得基金,2.28
519007,海富通强化回报混合,混合型-灵活,2006-05-25,227909880.6,海富通基金,2.28
004335,华宝新飞跃灵活配置混合,混合型-灵活,2017-02-27,227906372.24,华宝基金,2.28
018933,长盛城镇化主题混合C,混合型-偏股,2023-07-24,227831969.7,长盛基金,2.28
163805,中银动态策略混合A,混合型-偏股,2008-04-03,227707031.84,中银基金,2.28
021247,兴全红利混合A,混合型-偏股,2024-06-18,227699446.91,兴证全球基金,2.28
011598,信澳医药健康混合A,混合型-偏股,2021-04-09,227548356.97,信达澳亚基金,2.28
013561,国联匠心优选混合A,混合型-偏股,2021-11-02,227232753.2,国联基金,2.27
008283,易方达金融行业股票发起式A,股票型,2020-05-07,227094347.5,易方达基金,2.27
008961,华商科技创新混合,混合型-偏股,2020-03-06,226769610.0,华商基金,2.27
161033,富国中证智能汽车(LOF)A,指数型-股票,2016-02-16,226466591.84,富国基金,2.26
000029,富国宏观策略灵活配置混合A,混合型-灵活,2013-04-12,226386313.97,富国基金,2.26
000431,鹏华品牌传承混合,混合型-灵活,2014-01-28,226371466.04,鹏华基金,2.26
159856,互联网龙头ETF工银,指数型-股票,2021-01-22,226364020.11,工银瑞信基金,2.26
013234,华夏中证500指数智选增强C,指数型-股票,2021-08-11,226165247.4,华夏基金,2.26
020268,宏利睿智成长混合C,混合型-偏股,2024-05-14,225865137.02,宏利基金,2.26
519752,交银新回报灵活配置混合A,混合型-灵活,2015-05-15,225819176.77,交银施罗德基金,2.26
015395,招商体育文化休闲股票C,股票型,2022-03-16,225734106.7,招商基金,2.26
001188,鹏华改革红利股票,股票型,2015-04-28,225709830.83,鹏华基金,2.26
001504,南方利淘C,混合型-灵活,2015-06-18,225683368.45,南方基金,2.26
008253,华宝致远混合(QDII)A,QDII-混合偏股,2019-11-27,225557704.72,华宝基金,2.26
001198,东方惠新灵活配置混合A,混合型-灵活,2015-04-21,225527321.88,东方基金,2.26
009870,嘉实产业先锋混合C,混合型-偏股,2020-07-21,225518673.11,嘉实基金,2.26
005063,广发中证全指家用电器ETF联接A,指数型-股票,2017-09-13,225506282.02,广发基金,2.26
562860,疫苗ETF嘉实,指数型-股票,2023-02-16,225420283.1,嘉实基金,2.25
002060,东方新策略灵活配置混合C,混合型-灵活,2015-11-13,225412471.49,东方基金,2.25
017524,南方北证50成份指数发起C,指数型-股票,2022-12-23,225308400.54,南方基金,2.25
010728,中泰兴诚价值一年持有混合A,混合型-偏股,2021-02-08,225228522.91,中泰证券(上海)资管,2.25
020512,摩根海外稳健配置混合(QDII-FOF)人民币C,QDII-FOF,2024-01-05,225219986.95,摩根基金(中国),2.25
012126,宏利新能源股票A,股票型,2021-05-26,225216909.63,宏利基金,2.25
002148,国寿安保稳惠混合,混合型-灵活,2015-11-26,225079976.43,国寿安保基金,2.25
014466,工银行业优选混合A,混合型-偏股,2022-07-04,225050142.43,工银瑞信基金,2.25
021985,财通资管先进制造混合发起式A,混合型-偏股,2024-10-15,224794062.52,财通资管,2.25
014028,招商中证银行指数C,指数型-股票,2021-10-28,224725538.35,招商基金,2.25
014611,富国核心科技12个月持有混合A,混合型-偏股,2022-01-28,224682636.62,富国基金,2.25
000609,华商新量化混合A,混合型-灵活,2014-06-05,224629694.65,华商基金,2.25
015468,嘉实农业产业股票C,股票型,2022-03-28,224446931.36,嘉实基金,2.24
502053,长盛中证证券公司指数(LOF)A,指数型-股票,2015-08-13,224158280.55,长盛基金,2.24
006132,万家智造优势混合A,混合型-偏股,2018-08-28,224120581.94,万家基金,2.24
005075,富国研究量化精选混合A,混合型-偏股,2017-11-24,223996557.59,富国基金,2.24
009060,南方沪深300增强C,指数型-股票,2020-04-23,223990080.01,南方基金,2.24
015356,西部利得新润混合C,混合型-灵活,2022-03-11,223794763.97,西部利得基金,2.24
015040,国泰国证食品饮料行业(LOF)C,指数型-股票,2022-02-16,223757679.55,国泰基金,2.24
007550,东兴未来价值混合C,混合型-灵活,2019-07-26,223711996.86,东兴基金,2.24
011651,招商港股通核心精选股票A,股票型,2021-03-23,223542991.0,招商基金,2.24
019450,摩根欧洲动力策略股票(QDII)C,QDII-普通股票,2023-09-08,223397499.95,摩根基金(中国),2.23
011059,景顺长城成长龙头一年持有混合C,混合型-偏股,2021-02-05,223304372.87,景顺长城基金,2.23
519761,交银多策略回报灵活配置混合C,混合型-灵活,2015-11-19,223266892.94,交银施罗德基金,2.23
004640,华夏节能环保股票A,股票型,2017-08-11,223201145.49,华夏基金,2.23
014461,平安品质优选混合C,混合型-偏股,2021-12-29,223004468.01,平安基金,2.23
006087,华泰柏瑞中证500ETF联接C,指数型-股票,2018-06-13,222846142.0,华泰柏瑞基金,2.23
512770,战略新兴ETF华夏,指数型-股票,2018-07-13,222657356.82,华夏基金,2.23
016843,嘉实中证全指证券公司ETF发起联接C,指数型-股票,2022-10-20,222653979.01,嘉实基金,2.23
589080,科创综指ETF汇添富,指数型-股票,2025-02-26,222601034.23,汇添富基金,2.23
018443,汇添富成长领航混合C,混合型-偏股,2023-08-22,222580758.73,汇添富基金,2.23
001536,南方君选,混合型-灵活,2016-02-03,222538932.12,南方基金,2.23
005245,国泰聚优价值灵活配置混合C,混合型-灵活,2017-11-15,222515647.41,国泰基金,2.23
021102,国泰北证50成份指数发起C,指数型-股票,2024-11-19,222457363.3,国泰基金,2.22
012094,鹏华创新升级混合C,混合型-偏股,2021-06-18,222094784.7,鹏华基金,2.22
020712,华安三菱日联日经225ETF发起式联接(QDII)A,指数型-海外股票,2024-02-07,221860179.55,华安基金,2.22
510850,上证50ETF工银,指数型-股票,2018-12-07,221835212.95,工银瑞信基金,2.22
021224,华宝上证科创板芯片ETF发起式联接A,指数型-股票,2024-08-27,221762013.57,华宝基金,2.22
560110,中证1000ETF汇添富,指数型-股票,2022-07-29,221721710.19,汇添富基金,2.22
020015,国泰区位优势混合A,混合型-偏股,2009-05-27,221573948.51,国泰基金,2.22
013044,富国国家安全主题混合C,混合型-偏股,2021-07-16,221565453.08,富国基金,2.22
013485,尚正竞争优势混合发起A,混合型-偏股,2021-11-02,221465748.36,尚正基金,2.21
516070,低碳ETF易方达,指数型-股票,2021-04-15,221344181.54,易方达基金,2.21
013330,富国中证银行指数(LOF)C,指数型-股票,2021-08-19,221291203.32,富国基金,2.21
009660,民生加银新动能一年定开混合C,混合型-偏股,2020-07-15,221050953.64,民生加银基金,2.21
001237,博时上证50ETF联接A,指数型-股票,2015-05-27,220822528.12,博时基金,2.21
006687,方正富邦深证100ETF联接A,指数型-股票,2019-01-24,220715841.56,方正富邦基金,2.21
009988,信澳蓝筹精选股票A,股票型,2020-09-09,220605848.58,信达澳亚基金,2.21
673141,西部利得景程混合A,混合型-灵活,2018-06-20,220496528.31,西部利得基金,2.2
159885,碳中和ETF鹏华,指数型-股票,2021-04-06,220494554.64,鹏华基金,2.2
165525,中信保诚中证基建工程指数(LOF)A,指数型-股票,2015-08-06,220196449.95,中信保诚基金,2.2
561010,软件ETF华安,指数型-股票,2023-11-21,220195650.85,华安基金,2.2
011184,东方阿尔法招阳混合A,混合型-偏股,2021-03-17,220116100.66,东方阿尔法基金,2.2
010434,红土创新医疗保健股票A,股票型,2020-10-20,220025037.56,红土创新基金,2.2
009381,汇安核心资产混合A,混合型-偏股,2020-06-16,219885888.13,汇安基金,2.2
011061,广发安悦回报混合C,混合型-灵活,2020-12-21,219879842.69,广发基金,2.2
018482,鹏华创业板50ETF联接A,指数型-股票,2023-08-01,219784067.88,鹏华基金,2.2
016276,招商中证800指数增强A,指数型-股票,2022-08-23,219473064.79,招商基金,2.19
007368,浙商沪港深精选混合A,混合型-偏股,2019-06-27,219465654.74,浙商基金,2.19
017850,交银启信混合发起A,混合型-偏股,2023-03-01,219328661.07,交银施罗德基金,2.19
011645,国泰核心价值两年持有期股票A,股票型,2021-06-08,219027279.01,国泰基金,2.19
000326,南方中小盘成长股票A,股票型,2015-10-28,219021859.25,南方基金,2.19
004703,南方兴盛先锋混合A,混合型-偏股,2017-09-13,218751009.34,南方基金,2.19
022481,国泰中证动漫游戏ETF联接E,指数型-股票,2024-11-11,218706709.96,国泰基金,2.19
016703,兴业品质睿选混合发起式A,混合型-偏股,2024-08-20,218653243.25,兴业基金,2.19
022670,招商中证A500指数增强发起式A,指数型-股票,2024-12-24,218638078.39,招商基金,2.19
004986,鹏华策略回报混合,混合型-灵活,2017-09-06,218570207.06,鹏华基金,2.19
163503,天治核心成长混合(LOF),混合型-偏股,2006-01-20,218515006.59,天治基金,2.19
257060,国联安上证商品ETF联接A,指数型-股票,2010-12-01,218497976.42,国联安基金,2.18
005726,国泰价值精选灵活配置混合A,混合型-灵活,2018-08-08,218427332.19,国泰基金,2.18
001664,平安鑫安混合A,混合型-灵活,2015-12-11,218268111.89,平安基金,2.18
016500,华夏半导体龙头混合发起A,混合型-偏股,2022-09-19,218065051.29,华夏基金,2.18
011885,工银景气优选混合C,混合型-偏股,2021-07-23,217963279.17,工银瑞信基金,2.18
013621,华安智能生活混合C,混合型-偏股,2021-10-18,217954563.78,华安基金,2.18
519056,海富通内需热点混合,混合型-偏股,2013-12-19,217950652.16,海富通基金,2.18
022867,博道沪深300指数量化增强C,指数型-股票,2025-01-21,217600926.88,博道基金,2.18
563680,800现金流ETF汇添富,指数型-股票,2025-04-30,217544952.46,汇添富基金,2.18
021251,华夏中证全指医疗器械ETF发起式联接C,指数型-股票,2024-04-30,217534265.36,华夏基金,2.18
159370,创50ETF工银,指数型-股票,2025-01-10,217498371.62,工银瑞信基金,2.17
001111,中欧瑾泉灵活配置混合C,混合型-灵活,2015-03-16,217411692.49,中欧基金,2.17
016174,汇丰晋信策略优选混合A,混合型-偏股,2022-09-14,217330260.28,汇丰晋信基金,2.17
516390,新能源车ETF汇添富,指数型-股票,2021-06-03,217306014.62,汇添富基金,2.17
021990,中加专精特新量化选股混合发起式A,混合型-偏股,2024-11-12,217130953.59,中加基金,2.17
160419,华安中证全指证券公司ETF联接A,指数型-股票,2015-06-09,217123650.59,华安基金,2.17
020464,招商中证半导体产业ETF发起式联接A,指数型-股票,2024-01-26,217065728.54,招商基金,2.17
013280,宏利睿智稳健混合C,混合型-灵活,2021-10-12,216872976.79,宏利基金,2.17
009012,平安创业板ETF联接A,指数型-股票,2020-03-25,216720927.88,平安基金,2.17
003840,易方达瑞通灵活配置混合C,混合型-灵活,2016-12-07,216679962.95,易方达基金,2.17
021248,兴全红利混合C,混合型-偏股,2024-06-18,216538492.97,兴证全球基金,2.17
017519,汇添富北证50成份指数A,指数型-股票,2022-12-27,216410159.21,汇添富基金,2.16
011320,国泰上证综合ETF联接C,指数型-股票,2021-01-22,216404315.73,国泰基金,2.16
011833,西部利得人工智能主题指数增强C,指数型-股票,2021-06-08,216399800.78,西部利得基金,2.16
015794,天弘创业板指数增强A,指数型-股票,2022-08-18,216360023.81,天弘基金,2.16
018442,汇添富成长领航混合A,混合型-偏股,2023-08-22,216298004.58,汇添富基金,2.16
009057,博时科技创新混合A,混合型-偏股,2020-04-15,216142461.3,博时基金,2.16
012836,招商景气精选股票C,股票型,2021-07-20,216038507.35,招商基金,2.16
001382,易方达国企改革混合,混合型-偏股,2017-08-23,215773782.35,易方达基金,2.16
001970,泰信鑫选灵活配置混合A,混合型-灵活,2016-02-04,215762154.82,泰信基金,2.16
003166,鹏华弘嘉混合C,混合型-灵活,2016-08-19,215713322.74,鹏华基金,2.16
009477,中银上海金ETF联接A,指数型-其他,2020-09-29,215505981.38,中银基金,2.16
011567,富国消费升级混合C,混合型-偏股,2021-03-09,215499689.45,富国基金,2.15
014734,广发睿合混合A,混合型-偏股,2022-03-25,215360794.87,广发基金,2.15
001728,银华战略新兴定开混合,混合型-灵活,2015-08-27,215357877.79,银华基金,2.15
006487,广发中证1000ETF联接C,指数型-股票,2018-11-02,215319223.67,广发基金,2.15
014754,华安景气优选混合A,混合型-偏股,2022-06-02,215192290.37,华安基金,2.15
016450,南方新材料股票发起C,股票型,2023-03-21,215141165.48,南方基金,2.15
530680,上证180ETF兴业,指数型-股票,2024-12-25,215058695.05,兴业基金,2.15
017960,招商趋势领航混合A,混合型-偏股,2023-03-21,215047200.85,招商基金,2.15
023729,易方达上证科创板综合ETF联接A,指数型-股票,2025-04-08,214927757.63,易方达基金,2.15
021934,富国中证通信设备主题ETF发起式联接C,指数型-股票,2024-08-16,214872513.9,富国基金,2.15
003298,嘉实物流产业股票A,股票型,2016-12-29,214860653.01,嘉实基金,2.15
018653,万家国证2000指数增强A,指数型-股票,2023-09-26,214853874.68,万家基金,2.15
005659,南方恒生指数ETF联接C,指数型-股票,2018-03-09,214803587.87,南方基金,2.15
001468,广发改革混合,混合型-灵活,2015-07-27,214713544.63,广发基金,2.15
006724,工银深证红利ETF联接C,指数型-股票,2019-05-22,214589694.07,工银瑞信基金,2.15
017654,创金合信全球芯片产业股票发起(QDII)C,QDII-普通股票,2023-03-24,214497306.28,创金合信基金,2.14
013175,海富通碳中和混合A,混合型-偏股,2021-09-24,214252838.84,海富通基金,2.14
018156,创金合信全球医药生物股票发起(QDII)C,QDII-普通股票,2023-11-17,214240027.36,创金合信基金,2.14
002210,创金合信量化多因子股票A,股票型,2016-01-22,214189178.89,创金合信基金,2.14
022928,易方达沪深300ETF联接Y,指数型-股票,2024-12-13,214187918.13,易方达基金,2.14
006445,华夏海外聚享混合发起式(QDII-FOF)A人民币,QDII-混合平衡,2019-02-12,214101912.62,华夏基金,2.14
006446,华夏海外聚享混合发起式(QDII-FOF)A美元现汇,QDII-混合平衡,2019-02-12,214101912.62,华夏基金,2.14
006447,华夏海外聚享混合发起式(QDII-FOF)A美元现钞,QDII-混合平衡,2019-02-12,214101912.62,华夏基金,2.14
001375,金元顺安优质精选混合C,混合型-灵活,2015-06-02,214028118.02,金元顺安基金,2.14
015187,汇添富消费升级混合C,混合型-偏股,2022-03-07,213925075.03,汇添富基金,2.14
673100,西部利得沪深300指数增强A,指数型-股票,2017-03-21,213856644.0,西部利得基金,2.14
007275,银河沪深300指数增强A,指数型-股票,2019-08-29,213797322.06,银河基金,2.14
000870,嘉实新收益混合,混合型-灵活,2014-12-10,213791665.15,嘉实基金,2.14
016090,中泰玉衡价值优选混合C,混合型-灵活,2022-07-01,213729297.67,中泰证券(上海)资管,2.14
011195,广发睿铭两年持有期混合C,混合型-偏股,2021-04-20,213703777.67,广发基金,2.14
014275,易方达北交所精选两年定开混合A,混合型-偏股,2021-11-23,213651171.5,易方达基金,2.14
013010,万家港股通精选混合C,混合型-偏股,2022-01-05,213584023.76,万家基金,2.14
002746,汇添富多策略定开混合,混合型-灵活,2016-06-03,213565449.69,汇添富基金,2.14
012899,兴银中证科创创业50指数C,指数型-股票,2021-07-14,213398752.86,兴银基金管理,2.13
012969,鹏华国证半导体芯片ETF联接A,指数型-股票,2021-08-24,213279744.57,鹏华基金,2.13
006719,国融融盛龙头严选混合C,混合型-偏股,2019-05-29,213079816.0,国融基金,2.13
013196,招商中证新能源汽车指数C,指数型-股票,2021-08-27,213063956.99,招商基金,2.13
010847,南方卓越优选3个月持有期混合C,混合型-偏股,2021-02-09,212896089.75,南方基金,2.13
001577,嘉实低价策略股票,股票型,2015-07-27,212849564.75,嘉实基金,2.13
009669,长信量化价值驱动混合C,混合型-偏股,2020-06-09,212823580.01,长信基金,2.13
023619,华夏中证A500指数增强A,指数型-股票,2025-04-15,212747974.43,华夏基金,2.13
010616,国金自主创新混合C,混合型-偏股,2021-01-20,212721452.89,国金基金,2.13
009246,大摩ESG量化混合A,混合型-偏股,2020-07-16,212546100.64,摩根士丹利基金,2.13
021211,富国中证A50ETF发起式联接C,指数型-股票,2024-04-23,212543636.47,富国基金,2.13
159609,光伏ETF浦银,指数型-股票,2022-06-16,212442554.73,浦银安盛基金,2.12
009068,国泰中证新能源汽车ETF联接C,指数型-股票,2020-04-03,212436552.01,国泰基金,2.12
008127,广发趋势优选灵活配置混合C,混合型-灵活,2019-10-31,212408243.31,广发基金,2.12
561870,现金流全指ETF华富,指数型-股票,2025-04-29,212360201.74,华富基金,2.12
010470,圆信永丰聚优股票C,股票型,2021-04-16,212311252.83,圆信永丰基金,2.12
007804,申万菱信沪深300指数增强C,指数型-股票,2019-08-08,212287718.57,申万菱信基金,2.12
020735,东财有色增强E,指数型-股票,2024-02-21,212205621.79,东财基金,2.12
003231,创金合信医疗保健股票C,股票型,2016-08-30,212083671.39,创金合信基金,2.12
005391,工银创业板ETF联接C,指数型-股票,2018-03-21,212001317.68,工银瑞信基金,2.12
540012,汇丰晋信恒生龙头指数A,指数型-股票,2012-08-01,211981817.46,汇丰晋信基金,2.12
001570,南方利安A,混合型-灵活,2015-11-19,211877123.84,南方基金,2.12
004702,南方金融主题灵活配置混合A,混合型-灵活,2017-08-03,211846131.14,南方基金,2.12
019241,华泰柏瑞中证1000指数增强C,指数型-股票,2023-09-19,211830885.08,华泰柏瑞基金,2.12
009970,财通内需增长12个月定开混合,混合型-偏股,2020-08-07,211682866.98,财通基金,2.12
018558,易方达港股通医药ETF联接C,指数型-股票,2023-08-08,211437657.21,易方达基金,2.11
006486,广发中证1000ETF联接A,指数型-股票,2018-11-02,211436697.11,广发基金,2.11
007089,国投瑞银中证500指数量化增强C,指数型-股票,2019-03-14,211434551.62,国投瑞银基金,2.11
013417,博时核心资产精选混合A,混合型-偏股,2021-09-17,211278539.03,博时基金,2.11
020466,华泰柏瑞中证中央企业红利ETF发起式联接A,指数型-股票,2023-12-28,211238115.28,华泰柏瑞基金,2.11
510081,长盛动态精选混合,混合型-灵活,2004-05-21,211219472.36,长盛基金,2.11
015079,永赢成长远航一年持有混合A,混合型-偏股,2022-04-07,211207430.59,永赢基金,2.11
002801,泓德泓信混合,混合型-灵活,2016-06-01,211173168.82,泓德基金,2.11
008892,安信价值成长混合C,混合型-偏股,2020-03-18,210859714.37,安信基金,2.11
001183,南方利淘A,混合型-灵活,2015-04-17,210811216.22,南方基金,2.11
014024,华富卓越成长一年持有期混合A,混合型-偏股,2022-01-13,210757452.5,华富基金,2.11
009885,新华景气行业混合A,混合型-偏股,2020-09-27,210607017.83,新华基金,2.11
160724,嘉实沪深300ETF联接C,指数型-股票,2018-08-08,210319554.51,嘉实基金,2.1
000827,广发百发100指数E,指数型-股票,2014-10-30,209894930.89,广发基金,2.1
001342,易方达新享混合A,混合型-灵活,2015-05-29,209808322.23,易方达基金,2.1
002779,新疆前海联合新思路混合C,混合型-灵活,2016-11-11,209651227.09,前海联合,2.1
517080,沪港深500ETF汇添富,指数型-股票,2021-02-01,209531608.15,汇添富基金,2.1
005304,嘉实医药健康股票C,股票型,2017-12-04,209341593.94,嘉实基金,2.09
021562,天弘中证央企红利50指数发起C,指数型-股票,2024-07-02,209340538.26,天弘基金,2.09
014505,中银收益混合C,混合型-灵活,2021-12-29,209324164.92,中银基金,2.09
012374,富国稳健恒盛12个月持有混合C,混合型-偏股,2021-09-07,209233091.88,富国基金,2.09
016340,银河价值成长混合A,混合型-偏股,2022-11-09,209171645.56,银河基金,2.09
516550,农业ETF嘉实,指数型-股票,2021-03-30,209166129.67,嘉实基金,2.09
022950,华泰柏瑞上证科创板50成份ETF联接Y,指数型-股票,2024-12-13,209103219.52,华泰柏瑞基金,2.09
022385,华夏中证信息技术应用创新产业ETF发起式联接C,指数型-股票,2024-11-26,208983274.58,华夏基金,2.09
001306,中欧永裕混合A,混合型-偏股,2015-06-04,208875591.01,中欧基金,2.09
012520,大成核心趋势混合C,混合型-偏股,2021-06-30,208762689.01,大成基金,2.09
020723,国寿安保数字经济股票发起式C,股票型,2024-03-14,208619880.05,国寿安保基金,2.09
015729,朱雀碳中和三年持有混合发起,混合型-偏股,2022-09-07,208273696.82,朱雀基金,2.08
005269,华泰柏瑞港股通量化混合A,混合型-灵活,2017-12-20,208218336.97,华泰柏瑞基金,2.08
018157,西部利得中证1000指数增强A,指数型-股票,2023-04-25,208164686.02,西部利得基金,2.08
010204,中银港股通优势成长股票,股票型,2021-02-09,208003092.03,中银基金,2.08
000550,广发新动力混合A,混合型-偏股,2014-03-19,207919504.1,广发基金,2.08
512990,MSCIA股ETF华夏,指数型-股票,2015-02-12,207841282.18,华夏基金,2.08
005819,国泰优势行业混合A,混合型-偏股,2018-05-17,207790076.8,国泰基金,2.08
000805,中银新经济灵活配置混合A,混合型-灵活,2014-09-30,207752390.37,中银基金,2.08
008298,华夏中证银行ETF联接A,指数型-股票,2019-12-06,207736591.85,华夏基金,2.08
016461,华宝核心优势混合C,混合型-灵活,2022-08-24,207700454.5,华宝基金,2.08
000522,华润元大信息传媒科技混合A,混合型-偏股,2014-03-31,207662026.72,华润元大基金,2.08
012901,招商创业板指数增强C,指数型-股票,2021-11-16,207600082.93,招商基金,2.08
550015,中信保诚至远动力混合A,混合型-偏股,2012-12-12,207556183.65,中信保诚基金,2.08
019442,万家纳斯达克100指数发起式(QDII)C,指数型-海外股票,2023-09-27,207532841.03,万家基金,2.08
000939,中银研究精选灵活配置混合A,混合型-灵活,2014-12-23,207455694.11,中银基金,2.07
210011,金鹰灵活配置混合C,混合型-灵活,2012-11-29,207431995.25,金鹰基金,2.07
021711,南方周期优选混合发起A,混合型-偏股,2024-09-19,207337341.43,南方基金,2.07
013293,长城健康消费混合A,混合型-偏股,2021-11-25,207179496.99,长城基金,2.07
012426,南方价值臻选混合A,混合型-灵活,2021-06-21,207155190.31,南方基金,2.07
561570,油气ETF华泰柏瑞,指数型-股票,2024-10-09,207146834.16,华泰柏瑞基金,2.07
014859,大成慧心优选一年持有混合A,混合型-偏股,2023-01-18,207108957.16,大成基金,2.07
001319,农银信息传媒股票A,股票型,2015-06-24,207094346.89,农银汇理基金,2.07
019116,东财卓越成长混合发起式C,混合型-偏股,2023-12-28,207014543.19,东财基金,2.07
009665,汇添富医疗积极成长一年持有混合C,混合型-偏股,2020-08-21,206965157.59,汇添富基金,2.07
012697,同泰数字经济股票C,股票型,2021-07-26,206895836.01,同泰基金,2.07
019102,景顺长城恒生消费ETF联接(QDII)A,指数型-海外股票,2023-10-31,206818884.98,景顺长城基金,2.07
012800,宏利转型机遇股票C,股票型,2021-07-12,206732048.13,宏利基金,2.07
000963,兴业多策略混合,混合型-灵活,2015-01-23,206595178.73,兴业基金,2.07
021726,泓德智选启诚混合A,混合型-偏股,2025-03-18,206434670.43,泓德基金,2.06
588390,科创创业ETF博时,指数型-股票,2021-08-19,206420782.7,博时基金,2.06
005682,财通资管消费精选混合A,混合型-灵活,2018-04-02,206396916.27,财通资管,2.06
015784,中信建投中证1000指数增强A,指数型-股票,2022-06-28,206246816.24,中信建投基金,2.06
519760,交银新回报灵活配置混合C,混合型-灵活,2015-11-19,206151178.34,交银施罗德基金,2.06
159943,深证成指ETF大成,指数型-股票,2015-06-05,206031315.65,大成基金,2.06
001105,信澳转型创新股票A,股票型,2015-04-15,206009438.13,信达澳亚基金,2.06
002671,万家沪深300指数增强C,指数型-股票,2016-09-26,206002699.8,万家基金,2.06
020155,长盛量化红利混合C,混合型-偏股,2023-12-04,205940520.73,长盛基金,2.06
519759,交银周期回报灵活配置混合C,混合型-灵活,2015-11-19,205861562.8,交银施罗德基金,2.06
159392,航空ETF富国,指数型-股票,2025-04-30,205826367.82,富国基金,2.06
013960,万家新机遇成长一年持有期混合发起式A,混合型-偏股,2021-12-07,205747846.56,万家基金,2.06
160529,博时创业板两年定开混合,混合型-偏股,2020-09-03,205394101.61,博时基金,2.05
022003,博道大盘成长股票A,股票型,2024-11-26,205289351.5,博道基金,2.05
009913,中信保诚成长动力混合A,混合型-偏股,2020-09-09,205242722.52,中信保诚基金,2.05
021415,泰康红利低波ETF联接A,指数型-股票,2025-01-17,205183327.08,泰康基金,2.05
008397,博时中证500ETF联接C,指数型-股票,2019-12-30,205152243.03,博时基金,2.05
011196,摩根优势成长混合A,混合型-偏股,2021-05-14,205073127.3,摩根基金(中国),2.05
159718,港股医药ETF平安,指数型-股票,2021-12-16,205058551.18,平安基金,2.05
013958,华商鑫选回报一年持有混合A,混合型-偏股,2022-05-31,204895438.9,华商基金,2.05
016322,嘉实安益混合A,混合型-灵活,2022-08-05,204853602.88,嘉实基金,2.05
217016,招商深证100指数A,指数型-股票,2010-06-22,204770780.41,招商基金,2.05
010122,华泰柏瑞优势领航混合A,混合型-偏股,2020-09-24,204683034.89,华泰柏瑞基金,2.05
014318,广发价值领航一年持有混合C,混合型-偏股,2022-06-02,204575080.35,广发基金,2.05
014834,汇添富盈鑫混合D,混合型-灵活,2022-01-17,204563912.52,汇添富基金,2.05
001488,万家瑞丰灵活配置混合A,混合型-灵活,2015-06-19,204339948.02,万家基金,2.04
009981,万家创业板指数增强A,指数型-股票,2021-01-26,204338129.37,万家基金,2.04
159862,食品饮料ETF银华,指数型-股票,2021-10-26,204335871.49,银华基金,2.04
013446,东财中证芯片ETF发起式联接C,指数型-股票,2021-09-16,204324466.65,东财基金,2.04
020516,华泰柏瑞东南亚科技ETF发起式联接(QDII)C,指数型-海外股票,2024-01-23,204258313.26,华泰柏瑞基金,2.04
000073,摩根成长动力混合A,混合型-灵活,2013-05-15,204199128.86,摩根基金(中国),2.04
012127,宏利新能源股票C,股票型,2021-05-26,204140299.36,宏利基金,2.04
008399,华泰柏瑞中证科技ETF联接A,指数型-股票,2020-02-26,204075103.47,华泰柏瑞基金,2.04
014499,南方转型增长混合C,混合型-灵活,2021-12-24,204070477.28,南方基金,2.04
159565,汽车零部件ETF易方达,指数型-股票,2024-02-08,204064922.05,易方达基金,2.04
013427,贝莱德中国新视野混合C,混合型-偏股,2021-09-07,204039339.6,贝莱德基金管理,2.04
673073,西部利得新动力混合C,混合型-灵活,2016-11-17,204029602.37,西部利得基金,2.04
008481,永赢股息优选C,混合型-偏股,2020-03-25,203878957.07,永赢基金,2.04
019052,华泰柏瑞科技创新混合发起式C,混合型-偏股,2023-09-19,203831296.79,华泰柏瑞基金,2.04
008290,华安现代生活混合,混合型-偏股,2020-04-26,203622393.23,华安基金,2.04
002959,汇添富盈泰混合,混合型-灵活,2016-08-03,203427284.5,汇添富基金,2.03
002196,金鹰技术领先灵活配置混合C,混合型-灵活,2016-05-13,203255703.84,金鹰基金,2.03
008299,华夏中证银行ETF联接C,指数型-股票,2019-12-06,203121037.21,华夏基金,2.03
009326,广发稳健增长混合C,混合型-平衡,2020-05-20,203118049.14,广发基金,2.03
014232,博时专精特新主题混合A,混合型-偏股,2021-12-06,203057692.78,博时基金,2.03
014449,富国融丰两年定期开放混合A,混合型-偏股,2023-03-10,203007767.23,富国基金,2.03
001277,博时国企改革股票A,股票型,2015-05-20,202835923.25,博时基金,2.03
160624,鹏华消费领先混合,混合型-灵活,2013-12-23,202801050.22,鹏华基金,2.03
002770,安信新回报混合A,混合型-灵活,2016-05-09,202787852.28,安信基金,2.03
023652,富国上证科创板芯片ETF发起式联接C,指数型-股票,2025-03-31,202727382.82,富国基金,2.03
001628,招商体育文化休闲股票A,股票型,2015-08-18,202704985.26,招商基金,2.03
003846,汇安丰恒灵活配置混合C,混合型-灵活,2017-03-13,202701209.37,汇安基金,2.03
011133,鹏扬沪深300质量成长低波动C,指数型-股票,2021-05-25,202679647.02,鹏扬基金,2.03
007593,鹏扬中证500质量成长ETF联接A,指数型-股票,2019-08-29,202638211.6,鹏扬基金,2.03
020662,中加科技创新混合发起式C,混合型-偏股,2024-03-12,202637504.54,中加基金,2.03
017825,华安新材料主题股票发起式C,股票型,2023-11-14,202434174.85,华安基金,2.02
550009,中信保诚中小盘混合A,混合型-偏股,2010-02-10,202429640.04,中信保诚基金,2.02
610004,信澳中小盘混合A,混合型-偏股,2009-12-01,202210828.31,信达澳亚基金,2.02
014999,华泰保兴吉年盈混合A,混合型-偏股,2022-03-18,202190933.18,华泰保兴基金,2.02
010328,博时荣华灵活配置混合A,混合型-灵活,2020-11-10,202175052.97,博时基金,2.02
588010,科创新材料ETF博时,指数型-股票,2022-09-30,202118078.62,博时基金,2.02
011127,富国清洁能源产业混合C,混合型-灵活,2021-01-15,201943651.82,富国基金,2.02
502048,易方达上证50指数(LOF)A,指数型-股票,2015-04-15,201816700.85,易方达基金,2.02
016335,汇丰晋信动态策略混合C,混合型-灵活,2022-08-01,201657894.04,汇丰晋信基金,2.02
017472,国泰中证机床ETF发起联接C,指数型-股票,2022-12-13,201496775.87,国泰基金,2.01
516180,光伏ETF平安,指数型-股票,2021-02-09,201480793.43,平安基金,2.01
002657,招商安裕灵活配置混合A,混合型-灵活,2016-06-20,201306521.2,招商基金,2.01
007664,永赢创业板指数发起式A,指数型-股票,2019-09-10,200924626.05,永赢基金,2.01
019079,国富招瑞优选股票A,股票型,2024-02-07,200914120.28,国海富兰克林基金,2.01
019316,易方达中证新能源ETF联接发起式C,指数型-股票,2023-09-26,200839418.15,易方达基金,2.01
017846,国金中证1000指数增强A,指数型-股票,2023-03-22,200595483.02,国金基金,2.01
012131,景顺长城先进智造混合C,混合型-偏股,2021-08-23,200574739.85,景顺长城基金,2.01
004868,交银股息优化混合,混合型-偏股,2017-08-25,200462685.62,交银施罗德基金,2.0
011738,华安兴安优选一年持有混合A,混合型-平衡,2021-06-09,200458390.09,华安基金,2.0
020966,东吴科技创新混合A,混合型-偏股,2024-08-20,200440479.24,东吴基金,2.0
010031,华泰柏瑞生物医药混合C,混合型-灵活,2020-08-20,200235775.91,华泰柏瑞基金,2.0
009651,海富通成长甄选混合A,混合型-偏股,2020-09-27,200096010.12,海富通基金,2.0
010457,广发睿鑫混合A,混合型-偏股,2021-03-18,200066080.51,广发基金,2.0
